物品ID,数量范围,拥有这个类型战利品的战利品表,其他信息
minecraft:acacia_wood,1~4,dungeons_arise:chests/abandoned_temple/abandoned_temple_entrance,
minecraft:amethyst_shard,"2~4, 4~8","dungeons_arise:chests/bathhouse/bathhouse_normal
dungeons_arise:chests/greenwood_pub/greenwood_pub_normal",
minecraft:anvil,1,dungeons_arise:chests/foundry/foundry_passage_normal,
minecraft:apple,3~6,"dungeons_arise:chests/bathhouse/bathhouse_barrels
dungeons_arise:chests/bathhouse/bathhouse_normal",
minecraft:arrow,"4~8, 8~16","dungeons_arise:chests/abandoned_temple/abandoned_temple_entrance
dungeons_arise:chests/jungle_tree_house/jungle_tree_house_treasure",
minecraft:azalea_leaves,"1~2, 2, 2~3","dungeons_arise:chests/keep_kayra/keep_kayra_garden_normal
dungeons_arise:chests/keep_kayra/keep_kayra_garden_treasure
dungeons_arise:chests/keep_kayra/keep_kayra_normal
dungeons_arise:chests/keep_kayra/keep_kayra_treasure
dungeons_arise:chests/mushroom_village/mushroom_village_treasure",
minecraft:baked_potato,"12~18, 16~48, 1~8, 4~8","dungeons_arise:chests/illager_corsair/illager_corsair_supply
dungeons_arise:chests/illager_galley/illager_galley_supply
dungeons_arise:chests/merchant_campsite/merchant_campsite_supply
dungeons_arise:chests/mines_treasure_small
dungeons_arise:chests/mining_system/mining_system_barrels
dungeons_arise:chests/monastery/monastery_barrels
dungeons_arise:chests/mushroom_mines/mushroom_mines_ores
dungeons_arise:chests/mushroom_mines/mushroom_mines_tools
dungeons_arise:chests/mushroom_village/mushroom_village_barrels
dungeons_arise:chests/small_prairie_house/small_prairie_house_barrels
dungeons_arise:chests/undead_pirate_ship/undead_pirate_ship_supply
dungeons_arise_seven_seas:chests/pirate_junk/pirate_junk_supply
dungeons_arise_seven_seas:chests/unicorn_galleon/unicorn_galleon_supply
dungeons_arise_seven_seas:chests/victory_frigate/victory_frigate_supply",
minecraft:bamboo,"1~2, 1~3, 2~6","dungeons_arise:chests/bathhouse/bathhouse_normal
dungeons_arise:chests/infested_temple/infested_temple_room_bookshelf
dungeons_arise:chests/infested_temple/infested_temple_room_forge
dungeons_arise:chests/infested_temple/infested_temple_room_garden
dungeons_arise:chests/infested_temple/infested_temple_room_normal
dungeons_arise:chests/infested_temple/infested_temple_room_supply
dungeons_arise:chests/infested_temple/infested_temple_room_table
dungeons_arise:chests/merchant_campsite/merchant_campsite_supply",
minecraft:barrel,1~2,dungeons_arise:chests/greenwood_pub/greenwood_pub_normal,
minecraft:basalt,1~3,dungeons_arise:chests/foundry/foundry_passage_exterior,
minecraft:beef,8~12,"dungeons_arise_seven_seas:chests/pirate_junk/pirate_junk_supply
dungeons_arise_seven_seas:chests/unicorn_galleon/unicorn_galleon_supply
dungeons_arise_seven_seas:chests/victory_frigate/victory_frigate_supply",
minecraft:beetroot,"1~2, 1~3, 1~8, 3~6","dungeons_arise:chests/bathhouse/bathhouse_barrels
dungeons_arise:chests/bathhouse/bathhouse_normal
dungeons_arise:chests/infested_temple/infested_temple_room_bookshelf
dungeons_arise:chests/infested_temple/infested_temple_room_forge
dungeons_arise:chests/infested_temple/infested_temple_room_garden
dungeons_arise:chests/infested_temple/infested_temple_room_normal
dungeons_arise:chests/infested_temple/infested_temple_room_supply
dungeons_arise:chests/infested_temple/infested_temple_room_table
dungeons_arise:chests/merchant_campsite/merchant_campsite_supply
dungeons_arise:chests/thornborn_towers/thornborn_towers_rooms
dungeons_arise:chests/thornborn_towers/thornborn_towers_top_rooms",
minecraft:beetroot_soup,1,dungeons_arise:chests/merchant_campsite/merchant_campsite_supply,
minecraft:birch_sapling,"1, 1~3","dungeons_arise:chests/bandit_towers/bandit_towers_gardens
dungeons_arise:chests/thornborn_towers/thornborn_towers_rooms",
minecraft:blackstone,"1~2, 1~4","dungeons_arise:chests/foundry/foundry_chains
dungeons_arise:chests/foundry/foundry_passage_exterior",
minecraft:blaze_powder,"1~4, 4~8","dungeons_arise:chests/bandit_towers/bandit_towers_treasure
dungeons_arise:chests/foundry/foundry_lava_pit
dungeons_arise:chests/foundry/foundry_passage_normal
dungeons_arise:chests/keep_kayra/keep_kayra_normal
dungeons_arise:chests/keep_kayra/keep_kayra_treasure
dungeons_arise:chests/shiraz_palace/shiraz_palace_elite
dungeons_arise:chests/shiraz_palace/shiraz_palace_normal",
minecraft:blaze_rod,1~2,"dungeons_arise:chests/foundry/foundry_lava_pit
dungeons_arise:chests/foundry/foundry_passage_normal",
minecraft:blue_orchid,"1, 1~2, 1~3, 1~4, 2~3","dungeons_arise:chests/bandit_towers/bandit_towers_barrels
dungeons_arise:chests/bandit_towers/bandit_towers_gardens
dungeons_arise:chests/bandit_towers/bandit_towers_normal
dungeons_arise:chests/bandit_towers/bandit_towers_rooms
dungeons_arise:chests/bandit_towers/bandit_towers_treasure
dungeons_arise:chests/bandit_village/bandit_village_barrels
dungeons_arise:chests/bandit_village/bandit_village_normal
dungeons_arise:chests/bandit_village/bandit_village_supply
dungeons_arise:chests/bandit_village/bandit_village_tents
dungeons_arise:chests/keep_kayra/keep_kayra_normal
dungeons_arise:chests/keep_kayra/keep_kayra_treasure
dungeons_arise:chests/lighthouse/lighthouse_top
dungeons_arise:chests/monastery/monastery_bridges
dungeons_arise:chests/mushroom_house/mushroom_house_barrels
dungeons_arise:chests/mushroom_house/mushroom_house_normal
dungeons_arise:chests/mushroom_village/mushroom_village_treasure
dungeons_arise:chests/shiraz_palace/shiraz_palace_elite
dungeons_arise:chests/shiraz_palace/shiraz_palace_gardens
dungeons_arise:chests/shiraz_palace/shiraz_palace_library
dungeons_arise:chests/shiraz_palace/shiraz_palace_normal
dungeons_arise:chests/shiraz_palace/shiraz_palace_supply
dungeons_arise:chests/small_prairie_house/small_prairie_house_normal
dungeons_arise:chests/small_prairie_house/small_prairie_house_ruined
dungeons_arise:chests/thornborn_towers/thornborn_towers_barrels",
minecraft:bone,"12~16, 1~3, 1~4, 1~8, 4~8","dungeons_arise:chests/abandoned_temple/abandoned_temple_entrance
dungeons_arise:chests/abandoned_temple/abandoned_temple_map
dungeons_arise:chests/abandoned_temple/abandoned_temple_top
dungeons_arise:chests/illager_campsite/illager_campsite_supply
dungeons_arise:chests/illager_corsair/illager_corsair_treasure
dungeons_arise:chests/illager_galley/illager_galley_treasure
dungeons_arise:chests/jungle_tree_house/jungle_tree_house_treasure
dungeons_arise:chests/mushroom_house/mushroom_house_treasure
dungeons_arise:chests/plague_asylum/plague_asylum_cells
dungeons_arise:chests/plague_asylum/plague_asylum_normal
dungeons_arise:chests/small_blimp/small_blimp_treasure
dungeons_arise:chests/typhon/typhon_treasure
dungeons_arise:chests/undead_pirate_ship/undead_pirate_ship_treasure
dungeons_arise_seven_seas:chests/corsair_corvette/corsair_corvette_normal
dungeons_arise_seven_seas:chests/corsair_corvette/corsair_corvette_treasure
dungeons_arise_seven_seas:chests/pirate_junk/pirate_junk_normal
dungeons_arise_seven_seas:chests/pirate_junk/pirate_junk_treasure
dungeons_arise_seven_seas:chests/small_yacht/small_yacht_normal
dungeons_arise_seven_seas:chests/small_yacht/small_yacht_treasure
dungeons_arise_seven_seas:chests/unicorn_galleon/unicorn_galleon_normal
dungeons_arise_seven_seas:chests/unicorn_galleon/unicorn_galleon_treasure
dungeons_arise_seven_seas:chests/victory_frigate/victory_frigate_normal_lower
dungeons_arise_seven_seas:chests/victory_frigate/victory_frigate_normal_upper
dungeons_arise_seven_seas:chests/victory_frigate/victory_frigate_treasure",
minecraft:bone_meal,1~8,dungeons_arise:chests/jungle_tree_house/jungle_tree_house_treasure,
minecraft:book,"1, 1~16, 1~2, 1~4, 1~5, 1~8, 2~3, 3~6, 4~16","dungeons_arise:chests/aviary/aviary_normal
dungeons_arise:chests/aviary/aviary_treasure
dungeons_arise:chests/fishing_hut/fishing_hut_barrels
dungeons_arise:chests/foundry/foundry_normal
dungeons_arise:chests/foundry/foundry_treasure
dungeons_arise:chests/heavenly_challenger/heavenly_challenger_normal
dungeons_arise:chests/heavenly_challenger/heavenly_challenger_theater
dungeons_arise:chests/heavenly_challenger/heavenly_challenger_treasure
dungeons_arise:chests/heavenly_conqueror/heavenly_conqueror_barrels
dungeons_arise:chests/heavenly_conqueror/heavenly_conqueror_normal
dungeons_arise:chests/heavenly_conqueror/heavenly_conqueror_treasure
dungeons_arise:chests/heavenly_rider/heavenly_rider_barrels
dungeons_arise:chests/heavenly_rider/heavenly_rider_normal
dungeons_arise:chests/heavenly_rider/heavenly_rider_treasure
dungeons_arise:chests/illager_campsite/illager_campsite_tent
dungeons_arise:chests/illager_corsair/illager_corsair_treasure
dungeons_arise:chests/illager_galley/illager_galley_treasure
dungeons_arise:chests/infested_temple/infested_temple_top_treasure
dungeons_arise:chests/jungle_tree_house/jungle_tree_house_barrels
dungeons_arise:chests/jungle_tree_house/jungle_tree_house_normal
dungeons_arise:chests/keep_kayra/keep_kayra_garden_normal
dungeons_arise:chests/keep_kayra/keep_kayra_garden_treasure
dungeons_arise:chests/keep_kayra/keep_kayra_library_normal
dungeons_arise:chests/keep_kayra/keep_kayra_library_treasure
dungeons_arise:chests/keep_kayra/keep_kayra_treasure
dungeons_arise:chests/lighthouse/lighthouse_top
dungeons_arise:chests/merchant_campsite/merchant_campsite_map
dungeons_arise:chests/monastery/monastery_bridges
dungeons_arise:chests/monastery/monastery_map
dungeons_arise:chests/mushroom_house/mushroom_house_barrels
dungeons_arise:chests/mushroom_house/mushroom_house_normal
dungeons_arise:chests/mushroom_village/mushroom_village_barrels
dungeons_arise:chests/plague_asylum/plague_asylum_normal
dungeons_arise:chests/shiraz_palace/shiraz_palace_gardens
dungeons_arise:chests/shiraz_palace/shiraz_palace_library
dungeons_arise:chests/shiraz_palace/shiraz_palace_rooms
dungeons_arise:chests/shiraz_palace/shiraz_palace_supply
dungeons_arise:chests/small_blimp/small_blimp_treasure
dungeons_arise:chests/small_prairie_house/small_prairie_house_normal
dungeons_arise:chests/small_prairie_house/small_prairie_house_ruined
dungeons_arise:chests/thornborn_towers/thornborn_towers_barrels
dungeons_arise:chests/thornborn_towers/thornborn_towers_top_treasure
dungeons_arise:chests/typhon/typhon_treasure
dungeons_arise:chests/undead_pirate_ship/undead_pirate_ship_enchants
dungeons_arise:chests/undead_pirate_ship/undead_pirate_ship_treasure
dungeons_arise_seven_seas:chests/corsair_corvette/corsair_corvette_normal
dungeons_arise_seven_seas:chests/corsair_corvette/corsair_corvette_treasure
dungeons_arise_seven_seas:chests/pirate_junk/pirate_junk_normal
dungeons_arise_seven_seas:chests/pirate_junk/pirate_junk_treasure
dungeons_arise_seven_seas:chests/small_yacht/small_yacht_normal
dungeons_arise_seven_seas:chests/small_yacht/small_yacht_treasure
dungeons_arise_seven_seas:chests/unicorn_galleon/unicorn_galleon_normal
dungeons_arise_seven_seas:chests/unicorn_galleon/unicorn_galleon_treasure
dungeons_arise_seven_seas:chests/victory_frigate/victory_frigate_normal_lower
dungeons_arise_seven_seas:chests/victory_frigate/victory_frigate_normal_upper
dungeons_arise_seven_seas:chests/victory_frigate/victory_frigate_treasure","等级附魔
随机附魔"
minecraft:bow,1,"dungeons_arise:chests/abandoned_temple/abandoned_temple_map
dungeons_arise:chests/abandoned_temple/abandoned_temple_top
dungeons_arise:chests/bandit_towers/bandit_towers_gardens
dungeons_arise:chests/bandit_towers/bandit_towers_treasure
dungeons_arise:chests/ceryneian_hind/ceryneian_hind_treasure
dungeons_arise:chests/illager_campsite/illager_campsite_map
dungeons_arise:chests/jungle_tree_house/jungle_tree_house_treasure
dungeons_arise:chests/keep_kayra/keep_kayra_garden_normal
dungeons_arise:chests/keep_kayra/keep_kayra_library_treasure
dungeons_arise:chests/keep_kayra/keep_kayra_normal
dungeons_arise:chests/keep_kayra/keep_kayra_treasure
dungeons_arise:chests/mechanical_nest/mechanical_nest_equipment
dungeons_arise:chests/merchant_campsite/merchant_campsite_tent
dungeons_arise:chests/mushroom_house/mushroom_house_treasure
dungeons_arise:chests/plague_asylum/plague_asylum_cells
dungeons_arise:chests/shiraz_palace/shiraz_palace_elite
dungeons_arise:chests/shiraz_palace/shiraz_palace_normal
dungeons_arise:chests/thornborn_towers/thornborn_towers_top_treasure","等级附魔
随机附魔"
minecraft:bowl,1,"dungeons_arise_seven_seas:chests/corsair_corvette/corsair_corvette_barrels
dungeons_arise_seven_seas:chests/pirate_junk/pirate_junk_barrels
dungeons_arise_seven_seas:chests/small_yacht/small_yacht_barrels
dungeons_arise_seven_seas:chests/unicorn_galleon/unicorn_galleon_barrels
dungeons_arise_seven_seas:chests/victory_frigate/victory_frigate_barrels",
minecraft:bread,"12~28, 14~16, 1~16, 1~7, 4~8, 8~12","dungeons_arise:chests/bathhouse/bathhouse_barrels
dungeons_arise:chests/bathhouse/bathhouse_normal
dungeons_arise:chests/illager_corsair/illager_corsair_supply
dungeons_arise:chests/illager_galley/illager_galley_supply
dungeons_arise:chests/infested_temple/infested_temple_room_bookshelf
dungeons_arise:chests/infested_temple/infested_temple_room_forge
dungeons_arise:chests/infested_temple/infested_temple_room_garden
dungeons_arise:chests/infested_temple/infested_temple_room_normal
dungeons_arise:chests/infested_temple/infested_temple_room_supply
dungeons_arise:chests/infested_temple/infested_temple_room_table
dungeons_arise:chests/monastery/monastery_barrels
dungeons_arise:chests/mushroom_village/mushroom_village_barrels
dungeons_arise:chests/small_prairie_house/small_prairie_house_barrels
dungeons_arise:chests/thornborn_towers/thornborn_towers_barrels
dungeons_arise:chests/thornborn_towers/thornborn_towers_rooms
dungeons_arise:chests/thornborn_towers/thornborn_towers_top_rooms
dungeons_arise:chests/undead_pirate_ship/undead_pirate_ship_supply
dungeons_arise_seven_seas:chests/pirate_junk/pirate_junk_supply
dungeons_arise_seven_seas:chests/unicorn_galleon/unicorn_galleon_supply
dungeons_arise_seven_seas:chests/victory_frigate/victory_frigate_supply",
minecraft:brewing_stand,1,"dungeons_arise:chests/aviary/aviary_barrels
dungeons_arise:chests/foundry/foundry_passage_normal
dungeons_arise:chests/heavenly_challenger/heavenly_challenger_supply",
minecraft:brown_mushroom,"1~3, 1~6","dungeons_arise:chests/illager_corsair/illager_corsair_supply
dungeons_arise:chests/illager_galley/illager_galley_supply
dungeons_arise:chests/mines_treasure_big
dungeons_arise:chests/mines_treasure_small
dungeons_arise:chests/mining_system/mining_system_barrels
dungeons_arise:chests/mining_system/mining_system_treasure
dungeons_arise:chests/monastery/monastery_barrels
dungeons_arise:chests/mushroom_mines/mushroom_mines_ores
dungeons_arise:chests/mushroom_mines/mushroom_mines_tools
dungeons_arise:chests/mushroom_mines/mushroom_mines_treasure
dungeons_arise:chests/mushroom_village/mushroom_village_barrels
dungeons_arise:chests/shiraz_palace/shiraz_palace_towers
dungeons_arise:chests/small_prairie_house/small_prairie_house_barrels
dungeons_arise:chests/undead_pirate_ship/undead_pirate_ship_supply",
minecraft:bucket,1,"dungeons_arise:chests/monastery/monastery_bridges
dungeons_arise:chests/mushroom_house/mushroom_house_barrels
dungeons_arise:chests/small_prairie_house/small_prairie_house_ruined
dungeons_arise_seven_seas:chests/corsair_corvette/corsair_corvette_barrels
dungeons_arise_seven_seas:chests/pirate_junk/pirate_junk_barrels
dungeons_arise_seven_seas:chests/small_yacht/small_yacht_barrels
dungeons_arise_seven_seas:chests/unicorn_galleon/unicorn_galleon_barrels
dungeons_arise_seven_seas:chests/victory_frigate/victory_frigate_barrels",
minecraft:cake,1,"dungeons_arise:chests/bathhouse/bathhouse_barrels
dungeons_arise:chests/bathhouse/bathhouse_normal",
minecraft:carrot,"12~16, 1~4, 2~8","dungeons_arise:chests/bathhouse/bathhouse_barrels
dungeons_arise:chests/bathhouse/bathhouse_normal
dungeons_arise:chests/heavenly_conqueror/heavenly_conqueror_barrels
dungeons_arise:chests/heavenly_rider/heavenly_rider_barrels
dungeons_arise:chests/heavenly_rider/heavenly_rider_normal
dungeons_arise:chests/illager_campsite/illager_campsite_supply
dungeons_arise:chests/merchant_campsite/merchant_campsite_supply",
minecraft:cauldron,1~2,dungeons_arise:chests/greenwood_pub/greenwood_pub_normal,
minecraft:chain,"2~8, 3~5","dungeons_arise:chests/foundry/foundry_chains
dungeons_arise:chests/mechanical_nest/mechanical_nest_equipment
dungeons_arise:chests/mechanical_nest/mechanical_nest_normal",
minecraft:chainmail_boots,1,"dungeons_arise:chests/abandoned_temple/abandoned_temple_entrance
dungeons_arise:chests/abandoned_temple/abandoned_temple_map
dungeons_arise:chests/abandoned_temple/abandoned_temple_top
dungeons_arise:chests/giant_mushroom/red_giant_mushroom
dungeons_arise:chests/giant_mushroom/twin_giant_mushroom
dungeons_arise:chests/infested_temple/infested_temple_room_bookshelf
dungeons_arise:chests/infested_temple/infested_temple_room_forge
dungeons_arise:chests/infested_temple/infested_temple_room_garden
dungeons_arise:chests/infested_temple/infested_temple_room_normal
dungeons_arise:chests/infested_temple/infested_temple_room_supply
dungeons_arise:chests/infested_temple/infested_temple_room_table
dungeons_arise:chests/jungle_tree_house/jungle_tree_house_treasure
dungeons_arise:chests/mechanical_nest/mechanical_nest_equipment
dungeons_arise:chests/mines_treasure_medium
dungeons_arise:chests/mushroom_house/mushroom_house_normal
dungeons_arise:chests/mushroom_house/mushroom_house_treasure
dungeons_arise:chests/mushroom_mines/mushroom_mines_barrels
dungeons_arise:chests/small_prairie_house/small_prairie_house_normal
dungeons_arise:chests/thornborn_towers/thornborn_towers_barrels
dungeons_arise:chests/thornborn_towers/thornborn_towers_rooms
dungeons_arise:chests/thornborn_towers/thornborn_towers_top_rooms
dungeons_arise_seven_seas:chests/corsair_corvette/corsair_corvette_normal
dungeons_arise_seven_seas:chests/small_yacht/small_yacht_normal
dungeons_arise_seven_seas:chests/small_yacht/small_yacht_treasure","等级附魔
随机附魔"
minecraft:chainmail_chestplate,1,"dungeons_arise:chests/abandoned_temple/abandoned_temple_entrance
dungeons_arise:chests/abandoned_temple/abandoned_temple_map
dungeons_arise:chests/abandoned_temple/abandoned_temple_top
dungeons_arise:chests/giant_mushroom/red_giant_mushroom
dungeons_arise:chests/giant_mushroom/twin_giant_mushroom
dungeons_arise:chests/infested_temple/infested_temple_room_bookshelf
dungeons_arise:chests/infested_temple/infested_temple_room_forge
dungeons_arise:chests/infested_temple/infested_temple_room_garden
dungeons_arise:chests/infested_temple/infested_temple_room_normal
dungeons_arise:chests/infested_temple/infested_temple_room_supply
dungeons_arise:chests/infested_temple/infested_temple_room_table
dungeons_arise:chests/jungle_tree_house/jungle_tree_house_treasure
dungeons_arise:chests/mines_treasure_medium
dungeons_arise:chests/mushroom_house/mushroom_house_normal
dungeons_arise:chests/mushroom_house/mushroom_house_treasure
dungeons_arise:chests/mushroom_mines/mushroom_mines_barrels
dungeons_arise:chests/mushroom_village/mushroom_village_barrels
dungeons_arise:chests/plague_asylum/plague_asylum_cells
dungeons_arise:chests/scorched_mines/scorched_mines_barrels
dungeons_arise:chests/scorched_mines/scorched_mines_housing
dungeons_arise:chests/scorched_mines/scorched_mines_normal
dungeons_arise:chests/small_prairie_house/small_prairie_house_normal
dungeons_arise:chests/thornborn_towers/thornborn_towers_barrels
dungeons_arise:chests/thornborn_towers/thornborn_towers_rooms
dungeons_arise:chests/thornborn_towers/thornborn_towers_top_rooms
dungeons_arise_seven_seas:chests/corsair_corvette/corsair_corvette_normal
dungeons_arise_seven_seas:chests/small_yacht/small_yacht_normal
dungeons_arise_seven_seas:chests/small_yacht/small_yacht_treasure","等级附魔
随机附魔"
minecraft:chainmail_helmet,1,"dungeons_arise:chests/abandoned_temple/abandoned_temple_entrance
dungeons_arise:chests/abandoned_temple/abandoned_temple_map
dungeons_arise:chests/abandoned_temple/abandoned_temple_top
dungeons_arise:chests/giant_mushroom/red_giant_mushroom
dungeons_arise:chests/giant_mushroom/twin_giant_mushroom
dungeons_arise:chests/infested_temple/infested_temple_room_bookshelf
dungeons_arise:chests/infested_temple/infested_temple_room_forge
dungeons_arise:chests/infested_temple/infested_temple_room_garden
dungeons_arise:chests/infested_temple/infested_temple_room_normal
dungeons_arise:chests/infested_temple/infested_temple_room_supply
dungeons_arise:chests/infested_temple/infested_temple_room_table
dungeons_arise:chests/jungle_tree_house/jungle_tree_house_treasure
dungeons_arise:chests/mines_treasure_medium
dungeons_arise:chests/mushroom_house/mushroom_house_normal
dungeons_arise:chests/mushroom_house/mushroom_house_treasure
dungeons_arise:chests/mushroom_mines/mushroom_mines_barrels
dungeons_arise:chests/small_prairie_house/small_prairie_house_normal
dungeons_arise:chests/thornborn_towers/thornborn_towers_barrels
dungeons_arise:chests/thornborn_towers/thornborn_towers_rooms
dungeons_arise:chests/thornborn_towers/thornborn_towers_top_rooms
dungeons_arise_seven_seas:chests/corsair_corvette/corsair_corvette_normal
dungeons_arise_seven_seas:chests/small_yacht/small_yacht_normal
dungeons_arise_seven_seas:chests/small_yacht/small_yacht_treasure","等级附魔
随机附魔"
minecraft:chainmail_leggings,1,"dungeons_arise:chests/abandoned_temple/abandoned_temple_entrance
dungeons_arise:chests/abandoned_temple/abandoned_temple_map
dungeons_arise:chests/abandoned_temple/abandoned_temple_top
dungeons_arise:chests/giant_mushroom/red_giant_mushroom
dungeons_arise:chests/giant_mushroom/twin_giant_mushroom
dungeons_arise:chests/infested_temple/infested_temple_room_bookshelf
dungeons_arise:chests/infested_temple/infested_temple_room_forge
dungeons_arise:chests/infested_temple/infested_temple_room_garden
dungeons_arise:chests/infested_temple/infested_temple_room_normal
dungeons_arise:chests/infested_temple/infested_temple_room_supply
dungeons_arise:chests/infested_temple/infested_temple_room_table
dungeons_arise:chests/jungle_tree_house/jungle_tree_house_treasure
dungeons_arise:chests/mines_treasure_medium
dungeons_arise:chests/mushroom_house/mushroom_house_normal
dungeons_arise:chests/mushroom_house/mushroom_house_treasure
dungeons_arise:chests/mushroom_mines/mushroom_mines_barrels
dungeons_arise:chests/small_prairie_house/small_prairie_house_normal
dungeons_arise:chests/thornborn_towers/thornborn_towers_barrels
dungeons_arise:chests/thornborn_towers/thornborn_towers_rooms
dungeons_arise:chests/thornborn_towers/thornborn_towers_top_rooms","等级附魔
随机附魔"
minecraft:charcoal,"1, 12~16, 1~4, 1~8, 2~3, 4~12, 8~24","dungeons_arise:chests/illager_campsite/illager_campsite_map
dungeons_arise:chests/merchant_campsite/merchant_campsite_map
dungeons_arise:chests/merchant_campsite/merchant_campsite_tent
dungeons_arise:chests/plague_asylum/plague_asylum_barrels
dungeons_arise:chests/plague_asylum/plague_asylum_storage
dungeons_arise:chests/small_blimp/small_blimp_coal_storage
dungeons_arise:chests/small_blimp/small_blimp_redstone_chamber
dungeons_arise_seven_seas:chests/corsair_corvette/corsair_corvette_barrels
dungeons_arise_seven_seas:chests/pirate_junk/pirate_junk_barrels
dungeons_arise_seven_seas:chests/small_yacht/small_yacht_barrels
dungeons_arise_seven_seas:chests/unicorn_galleon/unicorn_galleon_barrels
dungeons_arise_seven_seas:chests/victory_frigate/victory_frigate_barrels",
minecraft:chorus_fruit,"1, 12~16, 1~3, 1~4, 1~8, 4~8","dungeons_arise:chests/heavenly_challenger/heavenly_challenger_theater
dungeons_arise:chests/heavenly_conqueror/heavenly_conqueror_barrels
dungeons_arise:chests/heavenly_conqueror/heavenly_conqueror_normal
dungeons_arise:chests/heavenly_rider/heavenly_rider_barrels
dungeons_arise:chests/heavenly_rider/heavenly_rider_normal
dungeons_arise:chests/illager_corsair/illager_corsair_supply
dungeons_arise:chests/illager_galley/illager_galley_supply
dungeons_arise:chests/lighthouse/lighthouse_top
dungeons_arise:chests/monastery/monastery_barrels
dungeons_arise:chests/mushroom_village/mushroom_village_barrels
dungeons_arise:chests/shiraz_palace/shiraz_palace_gardens
dungeons_arise:chests/shiraz_palace/shiraz_palace_library
dungeons_arise:chests/shiraz_palace/shiraz_palace_supply
dungeons_arise:chests/small_prairie_house/small_prairie_house_barrels
dungeons_arise:chests/undead_pirate_ship/undead_pirate_ship_enchants
dungeons_arise:chests/undead_pirate_ship/undead_pirate_ship_supply
dungeons_arise_seven_seas:chests/pirate_junk/pirate_junk_supply
dungeons_arise_seven_seas:chests/unicorn_galleon/unicorn_galleon_supply
dungeons_arise_seven_seas:chests/victory_frigate/victory_frigate_supply",
minecraft:clock,1,dungeons_arise:chests/monastery/monastery_map,
minecraft:coal,"1, 1~12, 1~2, 1~48, 1~8, 24~32, 2~4, 32~48, 4~12, 4~16, 4~6, 4~8, 6~8, 8~16, 8~24","dungeons_arise:chests/bathhouse/bathhouse_normal
dungeons_arise:chests/giant_mushroom/red_giant_mushroom
dungeons_arise:chests/giant_mushroom/twin_giant_mushroom
dungeons_arise:chests/illager_campsite/illager_campsite_map
dungeons_arise:chests/illager_corsair/illager_corsair_barrels
dungeons_arise:chests/illager_fort/illager_fort_barrels
dungeons_arise:chests/illager_galley/illager_galley_barrels
dungeons_arise:chests/illager_windmill/illager_windmill_barrels
dungeons_arise:chests/illager_windmill/illager_windmill_treasure
dungeons_arise:chests/merchant_campsite/merchant_campsite_map
dungeons_arise:chests/merchant_campsite/merchant_campsite_tent
dungeons_arise:chests/mines_treasure_medium
dungeons_arise:chests/mines_treasure_small
dungeons_arise:chests/mining_system/mining_system_barrels
dungeons_arise:chests/monastery/monastery_bridges
dungeons_arise:chests/mushroom_house/mushroom_house_barrels
dungeons_arise:chests/mushroom_house/mushroom_house_normal
dungeons_arise:chests/mushroom_mines/mushroom_mines_barrels
dungeons_arise:chests/mushroom_mines/mushroom_mines_ores
dungeons_arise:chests/mushroom_mines/mushroom_mines_tools
dungeons_arise:chests/plague_asylum/plague_asylum_barrels
dungeons_arise:chests/plague_asylum/plague_asylum_storage
dungeons_arise:chests/small_blimp/small_blimp_coal_storage
dungeons_arise:chests/small_blimp/small_blimp_redstone_chamber
dungeons_arise:chests/small_prairie_house/small_prairie_house_normal
dungeons_arise:chests/small_prairie_house/small_prairie_house_ruined
dungeons_arise:chests/thornborn_towers/thornborn_towers_barrels
dungeons_arise:chests/undead_pirate_ship/undead_pirate_ship_barrels",
minecraft:coal_block,1~3,dungeons_arise:chests/plague_asylum/plague_asylum_barrels,
minecraft:cobweb,"1, 1~2, 1~3, 1~5, 1~6, 1~8, 2~3","dungeons_arise:chests/bandit_towers/bandit_towers_barrels
dungeons_arise:chests/bandit_village/bandit_village_barrels
dungeons_arise:chests/bandit_village/bandit_village_normal
dungeons_arise:chests/bandit_village/bandit_village_supply
dungeons_arise:chests/bandit_village/bandit_village_tents
dungeons_arise:chests/ceryneian_hind/ceryneian_hind_treasure
dungeons_arise:chests/greenwood_pub/greenwood_pub_normal
dungeons_arise:chests/illager_corsair/illager_corsair_barrels
dungeons_arise:chests/illager_corsair/illager_corsair_treasure
dungeons_arise:chests/illager_galley/illager_galley_barrels
dungeons_arise:chests/illager_galley/illager_galley_treasure
dungeons_arise:chests/infested_temple/infested_temple_room_bookshelf
dungeons_arise:chests/infested_temple/infested_temple_room_forge
dungeons_arise:chests/infested_temple/infested_temple_room_garden
dungeons_arise:chests/infested_temple/infested_temple_room_normal
dungeons_arise:chests/infested_temple/infested_temple_room_supply
dungeons_arise:chests/infested_temple/infested_temple_room_table
dungeons_arise:chests/plague_asylum/plague_asylum_barrels
dungeons_arise:chests/plague_asylum/plague_asylum_normal
dungeons_arise:chests/shiraz_palace/shiraz_palace_elite
dungeons_arise:chests/shiraz_palace/shiraz_palace_normal
dungeons_arise:chests/thornborn_towers/thornborn_towers_rooms
dungeons_arise:chests/thornborn_towers/thornborn_towers_top_rooms
dungeons_arise:chests/typhon/typhon_treasure
dungeons_arise:chests/undead_pirate_ship/undead_pirate_ship_barrels
dungeons_arise:chests/undead_pirate_ship/undead_pirate_ship_treasure
dungeons_arise_seven_seas:chests/corsair_corvette/corsair_corvette_normal
dungeons_arise_seven_seas:chests/corsair_corvette/corsair_corvette_treasure
dungeons_arise_seven_seas:chests/pirate_junk/pirate_junk_normal
dungeons_arise_seven_seas:chests/pirate_junk/pirate_junk_treasure
dungeons_arise_seven_seas:chests/small_yacht/small_yacht_normal
dungeons_arise_seven_seas:chests/small_yacht/small_yacht_treasure
dungeons_arise_seven_seas:chests/unicorn_galleon/unicorn_galleon_normal
dungeons_arise_seven_seas:chests/unicorn_galleon/unicorn_galleon_treasure
dungeons_arise_seven_seas:chests/victory_frigate/victory_frigate_normal_lower
dungeons_arise_seven_seas:chests/victory_frigate/victory_frigate_normal_upper
dungeons_arise_seven_seas:chests/victory_frigate/victory_frigate_treasure",
minecraft:cocoa_beans,1~4,"dungeons_arise:chests/illager_fort/illager_fort_barrels
dungeons_arise:chests/illager_windmill/illager_windmill_treasure",
minecraft:cod,1~10,dungeons_arise:chests/fishing_hut/fishing_hut_barrels,
minecraft:comparator,"1, 6~12","dungeons_arise:chests/plague_asylum/plague_asylum_storage
dungeons_arise:chests/small_blimp/small_blimp_coal_storage
dungeons_arise:chests/small_blimp/small_blimp_redstone_chamber",
minecraft:compass,1,dungeons_arise:chests/monastery/monastery_map,
minecraft:cooked_beef,"3~6, 4~8","dungeons_arise:chests/bandit_towers/bandit_towers_supply
dungeons_arise:chests/bandit_village/bandit_village_supply",
minecraft:cooked_chicken,3~6,dungeons_arise:chests/bandit_towers/bandit_towers_supply,
minecraft:cooked_mutton,1~4,dungeons_arise:chests/bandit_village/bandit_village_supply,
minecraft:cooked_porkchop,"1~3, 2~5, 4~8","dungeons_arise:chests/bandit_village/bandit_village_supply
dungeons_arise:chests/infested_temple/infested_temple_top_treasure
dungeons_arise:chests/scorched_mines/scorched_mines_hub",
minecraft:cooked_rabbit,2~8,dungeons_arise:chests/bandit_village/bandit_village_supply,
minecraft:copper_ingot,10~25,dungeons_arise:chests/mechanical_nest/mechanical_nest_equipment,
minecraft:cornflower,1,"dungeons_arise:chests/shiraz_palace/shiraz_palace_gardens
dungeons_arise:chests/shiraz_palace/shiraz_palace_supply",
minecraft:crimson_fungus,1~5,dungeons_arise:chests/scorched_mines/scorched_mines_hub,
minecraft:crossbow,1,"dungeons_arise:chests/aviary/aviary_normal
dungeons_arise:chests/aviary/aviary_treasure
dungeons_arise:chests/bandit_towers/bandit_towers_treasure
dungeons_arise:chests/heavenly_challenger/heavenly_challenger_normal
dungeons_arise:chests/heavenly_challenger/heavenly_challenger_treasure
dungeons_arise:chests/illager_campsite/illager_campsite_map
dungeons_arise:chests/keep_kayra/keep_kayra_garden_normal
dungeons_arise:chests/keep_kayra/keep_kayra_library_treasure
dungeons_arise:chests/keep_kayra/keep_kayra_normal
dungeons_arise:chests/keep_kayra/keep_kayra_treasure
dungeons_arise:chests/mechanical_nest/mechanical_nest_equipment
dungeons_arise:chests/monastery/monastery_bridges
dungeons_arise:chests/mushroom_house/mushroom_house_barrels
dungeons_arise:chests/mushroom_house/mushroom_house_normal
dungeons_arise:chests/shiraz_palace/shiraz_palace_elite
dungeons_arise:chests/shiraz_palace/shiraz_palace_normal
dungeons_arise:chests/small_prairie_house/small_prairie_house_normal
dungeons_arise:chests/small_prairie_house/small_prairie_house_ruined
dungeons_arise:chests/thornborn_towers/thornborn_towers_barrels
dungeons_arise:chests/thornborn_towers/thornborn_towers_top_treasure",等级附魔
minecraft:cut_copper,10~20,"dungeons_arise:chests/mechanical_nest/mechanical_nest_equipment
dungeons_arise:chests/mechanical_nest/mechanical_nest_normal",
minecraft:dark_oak_log,2~4,"dungeons_arise_seven_seas:chests/corsair_corvette/corsair_corvette_barrels
dungeons_arise_seven_seas:chests/pirate_junk/pirate_junk_barrels
dungeons_arise_seven_seas:chests/small_yacht/small_yacht_barrels
dungeons_arise_seven_seas:chests/unicorn_galleon/unicorn_galleon_barrels
dungeons_arise_seven_seas:chests/victory_frigate/victory_frigate_barrels",
minecraft:dark_oak_sapling,"1~2, 1~3","dungeons_arise:chests/illager_campsite/illager_campsite_supply
dungeons_arise:chests/jungle_tree_house/jungle_tree_house_barrels
dungeons_arise:chests/jungle_tree_house/jungle_tree_house_normal",
minecraft:dark_oak_wood,1~4,dungeons_arise:chests/illager_campsite/illager_campsite_supply,
minecraft:dead_bush,"1, 1~3","dungeons_arise:chests/bandit_towers/bandit_towers_gardens
dungeons_arise:chests/bandit_towers/bandit_towers_normal
dungeons_arise:chests/bandit_towers/bandit_towers_rooms",
minecraft:diamond,"1, 12~16, 12~24, 1~2, 1~3, 1~4, 2~3, 2~4, 2~5, 2~6, 30~48, 3~12, 3~4, 3~5, 3~6, 4~16, 4~24, 4~5, 4~6, 4~8, 6~8, 8~12, 8~32","dungeons_arise:chests/aviary/aviary_barrels
dungeons_arise:chests/aviary/aviary_normal
dungeons_arise:chests/aviary/aviary_treasure
dungeons_arise:chests/bandit_towers/bandit_towers_gardens
dungeons_arise:chests/bandit_towers/bandit_towers_supply
dungeons_arise:chests/bandit_towers/bandit_towers_treasure
dungeons_arise:chests/bathhouse/bathhouse_normal
dungeons_arise:chests/ceryneian_hind/ceryneian_hind_treasure
dungeons_arise:chests/foundry/foundry_chains
dungeons_arise:chests/foundry/foundry_normal
dungeons_arise:chests/foundry/foundry_passage_normal
dungeons_arise:chests/foundry/foundry_treasure
dungeons_arise:chests/giant_mushroom/red_giant_mushroom
dungeons_arise:chests/giant_mushroom/twin_giant_mushroom
dungeons_arise:chests/greenwood_pub/greenwood_pub_normal
dungeons_arise:chests/heavenly_challenger/heavenly_challenger_normal
dungeons_arise:chests/heavenly_challenger/heavenly_challenger_theater
dungeons_arise:chests/heavenly_challenger/heavenly_challenger_treasure
dungeons_arise:chests/heavenly_conqueror/heavenly_conqueror_normal
dungeons_arise:chests/heavenly_conqueror/heavenly_conqueror_treasure
dungeons_arise:chests/heavenly_rider/heavenly_rider_treasure
dungeons_arise:chests/illager_corsair/illager_corsair_treasure
dungeons_arise:chests/illager_fort/illager_fort_normal
dungeons_arise:chests/illager_fort/illager_fort_treasure
dungeons_arise:chests/illager_galley/illager_galley_treasure
dungeons_arise:chests/illager_windmill/illager_windmill_treasure
dungeons_arise:chests/infested_temple/infested_temple_room_bookshelf
dungeons_arise:chests/infested_temple/infested_temple_room_forge
dungeons_arise:chests/infested_temple/infested_temple_room_garden
dungeons_arise:chests/infested_temple/infested_temple_room_normal
dungeons_arise:chests/infested_temple/infested_temple_room_supply
dungeons_arise:chests/infested_temple/infested_temple_room_table
dungeons_arise:chests/infested_temple/infested_temple_top_treasure
dungeons_arise:chests/jungle_tree_house/jungle_tree_house_treasure
dungeons_arise:chests/keep_kayra/keep_kayra_garden_normal
dungeons_arise:chests/keep_kayra/keep_kayra_garden_treasure
dungeons_arise:chests/keep_kayra/keep_kayra_library_normal
dungeons_arise:chests/keep_kayra/keep_kayra_library_treasure
dungeons_arise:chests/keep_kayra/keep_kayra_normal
dungeons_arise:chests/keep_kayra/keep_kayra_treasure
dungeons_arise:chests/mechanical_nest/mechanical_nest_equipment
dungeons_arise:chests/mechanical_nest/mechanical_nest_normal
dungeons_arise:chests/mechanical_nest/mechanical_nest_supply
dungeons_arise:chests/mechanical_nest/mechanical_nest_treasure
dungeons_arise:chests/mines_treasure_big
dungeons_arise:chests/mines_treasure_medium
dungeons_arise:chests/mining_system/mining_system_treasure
dungeons_arise:chests/mushroom_mines/mushroom_mines_barrels
dungeons_arise:chests/mushroom_mines/mushroom_mines_treasure
dungeons_arise:chests/mushroom_village/mushroom_village_treasure
dungeons_arise:chests/plague_asylum/plague_asylum_barrels
dungeons_arise:chests/plague_asylum/plague_asylum_normal
dungeons_arise:chests/plague_asylum/plague_asylum_treasure
dungeons_arise:chests/scorched_mines/scorched_mines_barrels
dungeons_arise:chests/scorched_mines/scorched_mines_housing
dungeons_arise:chests/scorched_mines/scorched_mines_hub
dungeons_arise:chests/scorched_mines/scorched_mines_normal
dungeons_arise:chests/scorched_mines/scorched_mines_treasure
dungeons_arise:chests/shiraz_palace/shiraz_palace_elite
dungeons_arise:chests/shiraz_palace/shiraz_palace_normal
dungeons_arise:chests/shiraz_palace/shiraz_palace_rooms
dungeons_arise:chests/shiraz_palace/shiraz_palace_towers
dungeons_arise:chests/shiraz_palace/shiraz_palace_treasure
dungeons_arise:chests/small_blimp/small_blimp_treasure
dungeons_arise:chests/thornborn_towers/thornborn_towers_rooms
dungeons_arise:chests/thornborn_towers/thornborn_towers_top_rooms
dungeons_arise:chests/thornborn_towers/thornborn_towers_top_treasure
dungeons_arise:chests/typhon/typhon_treasure
dungeons_arise:chests/undead_pirate_ship/undead_pirate_ship_barrels
dungeons_arise:chests/undead_pirate_ship/undead_pirate_ship_treasure
dungeons_arise_seven_seas:chests/corsair_corvette/corsair_corvette_normal
dungeons_arise_seven_seas:chests/corsair_corvette/corsair_corvette_treasure
dungeons_arise_seven_seas:chests/pirate_junk/pirate_junk_normal
dungeons_arise_seven_seas:chests/pirate_junk/pirate_junk_treasure
dungeons_arise_seven_seas:chests/small_yacht/small_yacht_treasure
dungeons_arise_seven_seas:chests/unicorn_galleon/unicorn_galleon_normal
dungeons_arise_seven_seas:chests/unicorn_galleon/unicorn_galleon_treasure
dungeons_arise_seven_seas:chests/victory_frigate/victory_frigate_normal_lower
dungeons_arise_seven_seas:chests/victory_frigate/victory_frigate_normal_upper
dungeons_arise_seven_seas:chests/victory_frigate/victory_frigate_treasure",
minecraft:diamond_axe,1,dungeons_arise:chests/mechanical_nest/mechanical_nest_equipment,随机附魔
minecraft:diamond_block,"1, 1~2, 2~4, 2~8","dungeons_arise:chests/foundry/foundry_normal
dungeons_arise:chests/foundry/foundry_treasure
dungeons_arise:chests/infested_temple/infested_temple_top_treasure
dungeons_arise:chests/mechanical_nest/mechanical_nest_treasure",
minecraft:diamond_boots,1,"dungeons_arise:chests/aviary/aviary_normal
dungeons_arise:chests/aviary/aviary_treasure
dungeons_arise:chests/bandit_towers/bandit_towers_treasure
dungeons_arise:chests/ceryneian_hind/ceryneian_hind_treasure
dungeons_arise:chests/heavenly_challenger/heavenly_challenger_normal
dungeons_arise:chests/heavenly_challenger/heavenly_challenger_treasure
dungeons_arise:chests/heavenly_conqueror/heavenly_conqueror_treasure
dungeons_arise:chests/heavenly_rider/heavenly_rider_treasure
dungeons_arise:chests/illager_fort/illager_fort_normal
dungeons_arise:chests/illager_fort/illager_fort_treasure
dungeons_arise:chests/infested_temple/infested_temple_top_treasure
dungeons_arise:chests/keep_kayra/keep_kayra_garden_normal
dungeons_arise:chests/keep_kayra/keep_kayra_garden_treasure
dungeons_arise:chests/keep_kayra/keep_kayra_library_treasure
dungeons_arise:chests/keep_kayra/keep_kayra_normal
dungeons_arise:chests/keep_kayra/keep_kayra_treasure
dungeons_arise:chests/mechanical_nest/mechanical_nest_equipment
dungeons_arise:chests/mines_treasure_big
dungeons_arise:chests/mining_system/mining_system_treasure
dungeons_arise:chests/mushroom_mines/mushroom_mines_treasure
dungeons_arise:chests/plague_asylum/plague_asylum_treasure
dungeons_arise:chests/scorched_mines/scorched_mines_treasure
dungeons_arise:chests/shiraz_palace/shiraz_palace_rooms
dungeons_arise:chests/shiraz_palace/shiraz_palace_towers
dungeons_arise:chests/shiraz_palace/shiraz_palace_treasure
dungeons_arise_seven_seas:chests/pirate_junk/pirate_junk_treasure
dungeons_arise_seven_seas:chests/unicorn_galleon/unicorn_galleon_treasure
dungeons_arise_seven_seas:chests/victory_frigate/victory_frigate_normal_lower
dungeons_arise_seven_seas:chests/victory_frigate/victory_frigate_treasure","等级附魔
自定义NBT
随机附魔"
minecraft:diamond_chestplate,1,"dungeons_arise:chests/aviary/aviary_normal
dungeons_arise:chests/aviary/aviary_treasure
dungeons_arise:chests/bandit_towers/bandit_towers_treasure
dungeons_arise:chests/heavenly_challenger/heavenly_challenger_normal
dungeons_arise:chests/heavenly_challenger/heavenly_challenger_treasure
dungeons_arise:chests/heavenly_conqueror/heavenly_conqueror_treasure
dungeons_arise:chests/heavenly_rider/heavenly_rider_treasure
dungeons_arise:chests/illager_fort/illager_fort_normal
dungeons_arise:chests/illager_fort/illager_fort_treasure
dungeons_arise:chests/infested_temple/infested_temple_top_treasure
dungeons_arise:chests/keep_kayra/keep_kayra_garden_normal
dungeons_arise:chests/keep_kayra/keep_kayra_garden_treasure
dungeons_arise:chests/keep_kayra/keep_kayra_library_treasure
dungeons_arise:chests/keep_kayra/keep_kayra_treasure
dungeons_arise:chests/mechanical_nest/mechanical_nest_equipment
dungeons_arise:chests/mines_treasure_big
dungeons_arise:chests/mining_system/mining_system_treasure
dungeons_arise:chests/mushroom_mines/mushroom_mines_treasure
dungeons_arise:chests/plague_asylum/plague_asylum_normal
dungeons_arise:chests/plague_asylum/plague_asylum_treasure
dungeons_arise:chests/scorched_mines/scorched_mines_treasure
dungeons_arise:chests/shiraz_palace/shiraz_palace_rooms
dungeons_arise:chests/shiraz_palace/shiraz_palace_towers
dungeons_arise:chests/shiraz_palace/shiraz_palace_treasure
dungeons_arise_seven_seas:chests/victory_frigate/victory_frigate_treasure",等级附魔
minecraft:diamond_helmet,1,"dungeons_arise:chests/aviary/aviary_normal
dungeons_arise:chests/aviary/aviary_treasure
dungeons_arise:chests/bandit_towers/bandit_towers_treasure
dungeons_arise:chests/ceryneian_hind/ceryneian_hind_treasure
dungeons_arise:chests/heavenly_challenger/heavenly_challenger_normal
dungeons_arise:chests/heavenly_conqueror/heavenly_conqueror_treasure
dungeons_arise:chests/heavenly_rider/heavenly_rider_treasure
dungeons_arise:chests/illager_fort/illager_fort_normal
dungeons_arise:chests/illager_fort/illager_fort_treasure
dungeons_arise:chests/keep_kayra/keep_kayra_garden_normal
dungeons_arise:chests/keep_kayra/keep_kayra_garden_treasure
dungeons_arise:chests/keep_kayra/keep_kayra_library_treasure
dungeons_arise:chests/keep_kayra/keep_kayra_normal
dungeons_arise:chests/keep_kayra/keep_kayra_treasure
dungeons_arise:chests/mechanical_nest/mechanical_nest_equipment
dungeons_arise:chests/mines_treasure_big
dungeons_arise:chests/mining_system/mining_system_treasure
dungeons_arise:chests/mushroom_mines/mushroom_mines_treasure
dungeons_arise:chests/plague_asylum/plague_asylum_treasure
dungeons_arise:chests/scorched_mines/scorched_mines_barrels
dungeons_arise:chests/scorched_mines/scorched_mines_housing
dungeons_arise:chests/scorched_mines/scorched_mines_normal
dungeons_arise:chests/scorched_mines/scorched_mines_treasure
dungeons_arise:chests/shiraz_palace/shiraz_palace_elite
dungeons_arise:chests/shiraz_palace/shiraz_palace_normal
dungeons_arise:chests/shiraz_palace/shiraz_palace_rooms
dungeons_arise:chests/shiraz_palace/shiraz_palace_towers
dungeons_arise:chests/shiraz_palace/shiraz_palace_treasure
dungeons_arise_seven_seas:chests/pirate_junk/pirate_junk_treasure
dungeons_arise_seven_seas:chests/unicorn_galleon/unicorn_galleon_treasure
dungeons_arise_seven_seas:chests/victory_frigate/victory_frigate_normal_lower
dungeons_arise_seven_seas:chests/victory_frigate/victory_frigate_treasure","等级附魔
随机附魔"
minecraft:diamond_leggings,1,"dungeons_arise:chests/aviary/aviary_normal
dungeons_arise:chests/aviary/aviary_treasure
dungeons_arise:chests/bandit_towers/bandit_towers_treasure
dungeons_arise:chests/ceryneian_hind/ceryneian_hind_treasure
dungeons_arise:chests/heavenly_challenger/heavenly_challenger_normal
dungeons_arise:chests/heavenly_challenger/heavenly_challenger_treasure
dungeons_arise:chests/heavenly_conqueror/heavenly_conqueror_treasure
dungeons_arise:chests/heavenly_rider/heavenly_rider_treasure
dungeons_arise:chests/illager_fort/illager_fort_normal
dungeons_arise:chests/illager_fort/illager_fort_treasure
dungeons_arise:chests/infested_temple/infested_temple_top_treasure
dungeons_arise:chests/keep_kayra/keep_kayra_garden_normal
dungeons_arise:chests/keep_kayra/keep_kayra_garden_treasure
dungeons_arise:chests/keep_kayra/keep_kayra_library_treasure
dungeons_arise:chests/keep_kayra/keep_kayra_treasure
dungeons_arise:chests/mechanical_nest/mechanical_nest_equipment
dungeons_arise:chests/mines_treasure_big
dungeons_arise:chests/mining_system/mining_system_treasure
dungeons_arise:chests/mushroom_mines/mushroom_mines_treasure
dungeons_arise:chests/plague_asylum/plague_asylum_treasure
dungeons_arise:chests/scorched_mines/scorched_mines_treasure
dungeons_arise:chests/shiraz_palace/shiraz_palace_elite
dungeons_arise:chests/shiraz_palace/shiraz_palace_normal
dungeons_arise:chests/shiraz_palace/shiraz_palace_rooms
dungeons_arise:chests/shiraz_palace/shiraz_palace_towers
dungeons_arise:chests/shiraz_palace/shiraz_palace_treasure
dungeons_arise_seven_seas:chests/victory_frigate/victory_frigate_treasure",等级附魔
minecraft:diamond_pickaxe,1,"dungeons_arise:chests/mechanical_nest/mechanical_nest_equipment
dungeons_arise:chests/mines_treasure_big
dungeons_arise:chests/mines_treasure_medium
dungeons_arise:chests/mining_system/mining_system_treasure
dungeons_arise:chests/mushroom_mines/mushroom_mines_barrels
dungeons_arise:chests/mushroom_mines/mushroom_mines_treasure
dungeons_arise:chests/scorched_mines/scorched_mines_barrels
dungeons_arise:chests/scorched_mines/scorched_mines_housing
dungeons_arise:chests/scorched_mines/scorched_mines_normal
dungeons_arise:chests/shiraz_palace/shiraz_palace_treasure","等级附魔
自定义NBT
随机附魔"
minecraft:diamond_sword,1,"dungeons_arise:chests/aviary/aviary_normal
dungeons_arise:chests/aviary/aviary_treasure
dungeons_arise:chests/heavenly_challenger/heavenly_challenger_normal
dungeons_arise:chests/heavenly_challenger/heavenly_challenger_treasure
dungeons_arise:chests/illager_fort/illager_fort_barrels
dungeons_arise:chests/illager_windmill/illager_windmill_barrels
dungeons_arise:chests/illager_windmill/illager_windmill_treasure
dungeons_arise:chests/infested_temple/infested_temple_top_treasure
dungeons_arise:chests/keep_kayra/keep_kayra_garden_normal
dungeons_arise:chests/keep_kayra/keep_kayra_garden_treasure
dungeons_arise:chests/keep_kayra/keep_kayra_library_treasure
dungeons_arise:chests/keep_kayra/keep_kayra_treasure
dungeons_arise:chests/mechanical_nest/mechanical_nest_equipment
dungeons_arise:chests/mushroom_village/mushroom_village_barrels
dungeons_arise:chests/shiraz_palace/shiraz_palace_elite
dungeons_arise:chests/shiraz_palace/shiraz_palace_normal",等级附魔
minecraft:emerald,"1, 12~18, 12~48, 1~2, 1~3, 1~8, 2~4, 2~5, 3~5, 3~8, 4~12, 4~16, 4~6, 4~8, 5~10, 6~10, 6~12, 7~16, 8~12, 8~14, 8~16, 8~32","dungeons_arise:chests/abandoned_temple/abandoned_temple_entrance
dungeons_arise:chests/abandoned_temple/abandoned_temple_map
dungeons_arise:chests/abandoned_temple/abandoned_temple_top
dungeons_arise:chests/greenwood_pub/greenwood_pub_normal
dungeons_arise:chests/heavenly_challenger/heavenly_challenger_treasure
dungeons_arise:chests/illager_corsair/illager_corsair_treasure
dungeons_arise:chests/illager_fort/illager_fort_barrels
dungeons_arise:chests/illager_galley/illager_galley_treasure
dungeons_arise:chests/illager_windmill/illager_windmill_barrels
dungeons_arise:chests/illager_windmill/illager_windmill_treasure
dungeons_arise:chests/infested_temple/infested_temple_room_bookshelf
dungeons_arise:chests/infested_temple/infested_temple_room_forge
dungeons_arise:chests/infested_temple/infested_temple_room_garden
dungeons_arise:chests/infested_temple/infested_temple_room_normal
dungeons_arise:chests/infested_temple/infested_temple_room_supply
dungeons_arise:chests/infested_temple/infested_temple_room_table
dungeons_arise:chests/jungle_tree_house/jungle_tree_house_treasure
dungeons_arise:chests/keep_kayra/keep_kayra_garden_normal
dungeons_arise:chests/keep_kayra/keep_kayra_garden_treasure
dungeons_arise:chests/keep_kayra/keep_kayra_library_normal
dungeons_arise:chests/keep_kayra/keep_kayra_library_treasure
dungeons_arise:chests/keep_kayra/keep_kayra_treasure
dungeons_arise:chests/mines_treasure_big
dungeons_arise:chests/mining_system/mining_system_treasure
dungeons_arise:chests/monastery/monastery_bridges
dungeons_arise:chests/mushroom_house/mushroom_house_barrels
dungeons_arise:chests/mushroom_house/mushroom_house_normal
dungeons_arise:chests/mushroom_house/mushroom_house_treasure
dungeons_arise:chests/mushroom_mines/mushroom_mines_treasure
dungeons_arise:chests/mushroom_village/mushroom_village_treasure
dungeons_arise:chests/plague_asylum/plague_asylum_cells
dungeons_arise:chests/plague_asylum/plague_asylum_normal
dungeons_arise:chests/shiraz_palace/shiraz_palace_gardens
dungeons_arise:chests/shiraz_palace/shiraz_palace_supply
dungeons_arise:chests/shiraz_palace/shiraz_palace_treasure
dungeons_arise:chests/small_blimp/small_blimp_treasure
dungeons_arise:chests/small_prairie_house/small_prairie_house_normal
dungeons_arise:chests/small_prairie_house/small_prairie_house_ruined
dungeons_arise:chests/thornborn_towers/thornborn_towers_barrels
dungeons_arise:chests/thornborn_towers/thornborn_towers_rooms
dungeons_arise:chests/thornborn_towers/thornborn_towers_top_rooms
dungeons_arise:chests/thornborn_towers/thornborn_towers_top_treasure
dungeons_arise:chests/typhon/typhon_treasure
dungeons_arise:chests/undead_pirate_ship/undead_pirate_ship_treasure
dungeons_arise_seven_seas:chests/corsair_corvette/corsair_corvette_normal
dungeons_arise_seven_seas:chests/corsair_corvette/corsair_corvette_treasure
dungeons_arise_seven_seas:chests/pirate_junk/pirate_junk_normal
dungeons_arise_seven_seas:chests/pirate_junk/pirate_junk_treasure
dungeons_arise_seven_seas:chests/small_yacht/small_yacht_normal
dungeons_arise_seven_seas:chests/small_yacht/small_yacht_treasure
dungeons_arise_seven_seas:chests/unicorn_galleon/unicorn_galleon_normal
dungeons_arise_seven_seas:chests/unicorn_galleon/unicorn_galleon_treasure
dungeons_arise_seven_seas:chests/victory_frigate/victory_frigate_normal_lower
dungeons_arise_seven_seas:chests/victory_frigate/victory_frigate_normal_upper
dungeons_arise_seven_seas:chests/victory_frigate/victory_frigate_treasure",
minecraft:emerald_block,"1, 2~4, 2~8","dungeons_arise:chests/foundry/foundry_normal
dungeons_arise:chests/foundry/foundry_treasure
dungeons_arise:chests/mechanical_nest/mechanical_nest_treasure
dungeons_arise:chests/shiraz_palace/shiraz_palace_elite",
minecraft:enchanted_golden_apple,"0~1, 1, 1~2","dungeons_arise:chests/aviary/aviary_barrels
dungeons_arise:chests/aviary/aviary_normal
dungeons_arise:chests/aviary/aviary_treasure
dungeons_arise:chests/heavenly_challenger/heavenly_challenger_normal
dungeons_arise:chests/heavenly_challenger/heavenly_challenger_supply
dungeons_arise:chests/heavenly_challenger/heavenly_challenger_treasure
dungeons_arise:chests/heavenly_conqueror/heavenly_conqueror_barrels
dungeons_arise:chests/heavenly_conqueror/heavenly_conqueror_normal
dungeons_arise:chests/heavenly_conqueror/heavenly_conqueror_treasure
dungeons_arise:chests/heavenly_rider/heavenly_rider_barrels
dungeons_arise:chests/heavenly_rider/heavenly_rider_normal
dungeons_arise:chests/heavenly_rider/heavenly_rider_treasure
dungeons_arise:chests/infested_temple/infested_temple_top_treasure
dungeons_arise:chests/keep_kayra/keep_kayra_garden_treasure
dungeons_arise:chests/mechanical_nest/mechanical_nest_treasure
dungeons_arise:chests/plague_asylum/plague_asylum_potions",
minecraft:ender_eye,"1, 1~2, 1~3, 1~8","dungeons_arise:chests/jungle_tree_house/jungle_tree_house_treasure
dungeons_arise:chests/mushroom_house/mushroom_house_treasure
dungeons_arise:chests/plague_asylum/plague_asylum_cells
dungeons_arise:chests/thornborn_towers/thornborn_towers_barrels
dungeons_arise:chests/undead_pirate_ship/undead_pirate_ship_enchants",
minecraft:ender_pearl,"1~2, 1~3, 1~8, 2~3, 2~4, 3~6","dungeons_arise:chests/abandoned_temple/abandoned_temple_entrance
dungeons_arise:chests/abandoned_temple/abandoned_temple_map
dungeons_arise:chests/abandoned_temple/abandoned_temple_top
dungeons_arise:chests/bandit_towers/bandit_towers_barrels
dungeons_arise:chests/bandit_towers/bandit_towers_normal
dungeons_arise:chests/bandit_towers/bandit_towers_rooms
dungeons_arise:chests/bandit_towers/bandit_towers_treasure
dungeons_arise:chests/bandit_village/bandit_village_barrels
dungeons_arise:chests/bandit_village/bandit_village_normal
dungeons_arise:chests/bandit_village/bandit_village_tents
dungeons_arise:chests/jungle_tree_house/jungle_tree_house_treasure
dungeons_arise:chests/keep_kayra/keep_kayra_garden_normal
dungeons_arise:chests/keep_kayra/keep_kayra_garden_treasure
dungeons_arise:chests/keep_kayra/keep_kayra_library_treasure
dungeons_arise:chests/keep_kayra/keep_kayra_normal
dungeons_arise:chests/keep_kayra/keep_kayra_treasure
dungeons_arise:chests/mushroom_house/mushroom_house_treasure
dungeons_arise:chests/plague_asylum/plague_asylum_cells
dungeons_arise:chests/shiraz_palace/shiraz_palace_elite
dungeons_arise:chests/shiraz_palace/shiraz_palace_normal
dungeons_arise:chests/thornborn_towers/thornborn_towers_barrels
dungeons_arise:chests/undead_pirate_ship/undead_pirate_ship_enchants",
minecraft:experience_bottle,"12~16, 12~32, 14~16, 1~2, 1~4, 24~32, 3~6, 4~12, 8~16","dungeons_arise:chests/aviary/aviary_normal
dungeons_arise:chests/aviary/aviary_treasure
dungeons_arise:chests/heavenly_challenger/heavenly_challenger_normal
dungeons_arise:chests/heavenly_challenger/heavenly_challenger_treasure
dungeons_arise:chests/illager_campsite/illager_campsite_map
dungeons_arise:chests/illager_fort/illager_fort_normal
dungeons_arise:chests/illager_fort/illager_fort_treasure
dungeons_arise:chests/infested_temple/infested_temple_top_treasure
dungeons_arise:chests/keep_kayra/keep_kayra_library_normal
dungeons_arise:chests/merchant_campsite/merchant_campsite_tent
dungeons_arise:chests/thornborn_towers/thornborn_towers_barrels
dungeons_arise:chests/thornborn_towers/thornborn_towers_top_treasure",
minecraft:feather,"1~4, 2~3","dungeons_arise:chests/jungle_tree_house/jungle_tree_house_treasure
dungeons_arise:chests/keep_kayra/keep_kayra_library_normal
dungeons_arise:chests/monastery/monastery_bridges
dungeons_arise:chests/mushroom_house/mushroom_house_barrels
dungeons_arise:chests/small_prairie_house/small_prairie_house_ruined",
minecraft:fermented_spider_eye,"1~4, 2~3, 2~4","dungeons_arise:chests/bandit_towers/bandit_towers_barrels
dungeons_arise:chests/bandit_towers/bandit_towers_normal
dungeons_arise:chests/bandit_towers/bandit_towers_rooms
dungeons_arise:chests/bandit_village/bandit_village_barrels
dungeons_arise:chests/bandit_village/bandit_village_normal
dungeons_arise:chests/bandit_village/bandit_village_tents
dungeons_arise:chests/greenwood_pub/greenwood_pub_barrels_hallways
dungeons_arise:chests/greenwood_pub/greenwood_pub_barrels_normal
dungeons_arise:chests/greenwood_pub/greenwood_pub_normal
dungeons_arise:chests/illager_windmill/illager_windmill_barrels",
minecraft:fire_charge,2~3,"dungeons_arise:chests/greenwood_pub/greenwood_pub_barrels_hallways
dungeons_arise:chests/greenwood_pub/greenwood_pub_barrels_normal",
minecraft:firework_rocket,1~16,dungeons_arise:chests/illager_fort/illager_fort_barrels,自定义NBT
minecraft:fishing_rod,1,dungeons_arise:chests/fishing_hut/fishing_hut_barrels,等级附魔
minecraft:flint,"1, 1~48, 1~6, 3~6","dungeons_arise:chests/illager_corsair/illager_corsair_barrels
dungeons_arise:chests/illager_galley/illager_galley_barrels
dungeons_arise:chests/plague_asylum/plague_asylum_barrels
dungeons_arise:chests/undead_pirate_ship/undead_pirate_ship_barrels
dungeons_arise_seven_seas:chests/corsair_corvette/corsair_corvette_barrels
dungeons_arise_seven_seas:chests/pirate_junk/pirate_junk_barrels
dungeons_arise_seven_seas:chests/small_yacht/small_yacht_barrels
dungeons_arise_seven_seas:chests/unicorn_galleon/unicorn_galleon_barrels
dungeons_arise_seven_seas:chests/victory_frigate/victory_frigate_barrels",
minecraft:flint_and_steel,1,"dungeons_arise:chests/illager_corsair/illager_corsair_barrels
dungeons_arise:chests/illager_galley/illager_galley_barrels
dungeons_arise:chests/plague_asylum/plague_asylum_barrels
dungeons_arise:chests/undead_pirate_ship/undead_pirate_ship_barrels
dungeons_arise_seven_seas:chests/corsair_corvette/corsair_corvette_barrels
dungeons_arise_seven_seas:chests/pirate_junk/pirate_junk_barrels
dungeons_arise_seven_seas:chests/small_yacht/small_yacht_barrels
dungeons_arise_seven_seas:chests/unicorn_galleon/unicorn_galleon_barrels
dungeons_arise_seven_seas:chests/victory_frigate/victory_frigate_barrels",
minecraft:glass_bottle,"1~2, 1~4, 2~3","dungeons_arise:chests/greenwood_pub/greenwood_pub_barrels_hallways
dungeons_arise:chests/greenwood_pub/greenwood_pub_barrels_normal
dungeons_arise:chests/illager_campsite/illager_campsite_supply
dungeons_arise:chests/keep_kayra/keep_kayra_garden_normal
dungeons_arise:chests/keep_kayra/keep_kayra_garden_treasure
dungeons_arise:chests/keep_kayra/keep_kayra_library_treasure
dungeons_arise:chests/mechanical_nest/mechanical_nest_supply
dungeons_arise:chests/merchant_campsite/merchant_campsite_supply",
minecraft:glistering_melon_slice,"12~16, 2~3, 2~4, 4~12","dungeons_arise:chests/aviary/aviary_barrels
dungeons_arise:chests/bathhouse/bathhouse_barrels
dungeons_arise:chests/bathhouse/bathhouse_normal
dungeons_arise:chests/greenwood_pub/greenwood_pub_barrels_hallways
dungeons_arise:chests/greenwood_pub/greenwood_pub_barrels_normal
dungeons_arise:chests/greenwood_pub/greenwood_pub_normal
dungeons_arise:chests/heavenly_challenger/heavenly_challenger_supply
dungeons_arise:chests/heavenly_conqueror/heavenly_conqueror_normal",
minecraft:glow_berries,2~6,"dungeons_arise:chests/mechanical_nest/mechanical_nest_equipment
dungeons_arise:chests/mechanical_nest/mechanical_nest_normal",
minecraft:glow_lichen,2~3,"dungeons_arise:chests/keep_kayra/keep_kayra_garden_normal
dungeons_arise:chests/keep_kayra/keep_kayra_garden_treasure",
minecraft:glowstone_dust,"1, 1~3, 1~4, 1~5, 2~6, 4~6, 4~8","dungeons_arise:chests/foundry/foundry_chains
dungeons_arise:chests/foundry/foundry_normal
dungeons_arise:chests/foundry/foundry_passage_normal
dungeons_arise:chests/jungle_tree_house/jungle_tree_house_treasure
dungeons_arise:chests/lighthouse/lighthouse_top
dungeons_arise:chests/mechanical_nest/mechanical_nest_equipment
dungeons_arise:chests/mechanical_nest/mechanical_nest_normal
dungeons_arise:chests/shiraz_palace/shiraz_palace_library
dungeons_arise:chests/thornborn_towers/thornborn_towers_rooms
dungeons_arise:chests/thornborn_towers/thornborn_towers_top_rooms
dungeons_arise:chests/thornborn_towers/thornborn_towers_top_treasure",
minecraft:gold_block,"1, 1~2, 1~3, 2~8, 3","dungeons_arise:chests/ceryneian_hind/ceryneian_hind_treasure
dungeons_arise:chests/illager_fort/illager_fort_treasure
dungeons_arise:chests/infested_temple/infested_temple_top_treasure
dungeons_arise:chests/mechanical_nest/mechanical_nest_treasure
dungeons_arise:chests/plague_asylum/plague_asylum_treasure
dungeons_arise:chests/scorched_mines/scorched_mines_treasure
dungeons_arise:chests/shiraz_palace/shiraz_palace_elite
dungeons_arise:chests/shiraz_palace/shiraz_palace_towers",
minecraft:gold_ingot,"1, 12~16, 12~48, 16~32, 18~24, 1~10, 1~12, 1~16, 1~2, 1~3, 1~4, 1~5, 1~8, 24~32, 24~48, 2~12, 2~3, 2~6, 2~8, 3~12, 3~5, 4~12, 4~14, 4~16, 4~24, 4~48, 4~50, 4~6, 4~8, 5~10, 5~16, 6~12, 6~18, 6~24, 6~8, 8~10, 8~12, 8~16","dungeons_arise:chests/abandoned_temple/abandoned_temple_entrance
dungeons_arise:chests/abandoned_temple/abandoned_temple_map
dungeons_arise:chests/abandoned_temple/abandoned_temple_top
dungeons_arise:chests/aviary/aviary_normal
dungeons_arise:chests/bandit_towers/bandit_towers_barrels
dungeons_arise:chests/bandit_towers/bandit_towers_normal
dungeons_arise:chests/bandit_towers/bandit_towers_rooms
dungeons_arise:chests/bandit_towers/bandit_towers_supply
dungeons_arise:chests/bandit_towers/bandit_towers_treasure
dungeons_arise:chests/bandit_village/bandit_village_barrels
dungeons_arise:chests/bandit_village/bandit_village_normal
dungeons_arise:chests/bandit_village/bandit_village_supply
dungeons_arise:chests/bandit_village/bandit_village_tents
dungeons_arise:chests/bathhouse/bathhouse_normal
dungeons_arise:chests/ceryneian_hind/ceryneian_hind_treasure
dungeons_arise:chests/foundry/foundry_passage_exterior
dungeons_arise:chests/foundry/foundry_treasure
dungeons_arise:chests/giant_mushroom/red_giant_mushroom
dungeons_arise:chests/giant_mushroom/twin_giant_mushroom
dungeons_arise:chests/greenwood_pub/greenwood_pub_barrels_hallways
dungeons_arise:chests/greenwood_pub/greenwood_pub_normal
dungeons_arise:chests/heavenly_challenger/heavenly_challenger_normal
dungeons_arise:chests/heavenly_challenger/heavenly_challenger_treasure
dungeons_arise:chests/heavenly_conqueror/heavenly_conqueror_barrels
dungeons_arise:chests/heavenly_conqueror/heavenly_conqueror_treasure
dungeons_arise:chests/heavenly_rider/heavenly_rider_barrels
dungeons_arise:chests/heavenly_rider/heavenly_rider_normal
dungeons_arise:chests/heavenly_rider/heavenly_rider_treasure
dungeons_arise:chests/illager_corsair/illager_corsair_treasure
dungeons_arise:chests/illager_fort/illager_fort_normal
dungeons_arise:chests/illager_fort/illager_fort_treasure
dungeons_arise:chests/illager_galley/illager_galley_treasure
dungeons_arise:chests/illager_windmill/illager_windmill_treasure
dungeons_arise:chests/infested_temple/infested_temple_room_bookshelf
dungeons_arise:chests/infested_temple/infested_temple_room_forge
dungeons_arise:chests/infested_temple/infested_temple_room_garden
dungeons_arise:chests/infested_temple/infested_temple_room_normal
dungeons_arise:chests/infested_temple/infested_temple_room_supply
dungeons_arise:chests/infested_temple/infested_temple_room_table
dungeons_arise:chests/jungle_tree_house/jungle_tree_house_treasure
dungeons_arise:chests/keep_kayra/keep_kayra_garden_normal
dungeons_arise:chests/keep_kayra/keep_kayra_garden_treasure
dungeons_arise:chests/keep_kayra/keep_kayra_library_normal
dungeons_arise:chests/keep_kayra/keep_kayra_library_treasure
dungeons_arise:chests/keep_kayra/keep_kayra_normal
dungeons_arise:chests/keep_kayra/keep_kayra_treasure
dungeons_arise:chests/lighthouse/lighthouse_top
dungeons_arise:chests/mechanical_nest/mechanical_nest_equipment
dungeons_arise:chests/mechanical_nest/mechanical_nest_normal
dungeons_arise:chests/mechanical_nest/mechanical_nest_supply
dungeons_arise:chests/mechanical_nest/mechanical_nest_treasure
dungeons_arise:chests/merchant_campsite/merchant_campsite_map
dungeons_arise:chests/mines_treasure_big
dungeons_arise:chests/mines_treasure_medium
dungeons_arise:chests/mining_system/mining_system_treasure
dungeons_arise:chests/monastery/monastery_bridges
dungeons_arise:chests/mushroom_house/mushroom_house_barrels
dungeons_arise:chests/mushroom_house/mushroom_house_normal
dungeons_arise:chests/mushroom_house/mushroom_house_treasure
dungeons_arise:chests/mushroom_mines/mushroom_mines_barrels
dungeons_arise:chests/mushroom_mines/mushroom_mines_treasure
dungeons_arise:chests/mushroom_village/mushroom_village_barrels
dungeons_arise:chests/mushroom_village/mushroom_village_treasure
dungeons_arise:chests/plague_asylum/plague_asylum_cells
dungeons_arise:chests/plague_asylum/plague_asylum_normal
dungeons_arise:chests/plague_asylum/plague_asylum_potions
dungeons_arise:chests/plague_asylum/plague_asylum_treasure
dungeons_arise:chests/scorched_mines/scorched_mines_barrels
dungeons_arise:chests/scorched_mines/scorched_mines_housing
dungeons_arise:chests/scorched_mines/scorched_mines_hub
dungeons_arise:chests/scorched_mines/scorched_mines_normal
dungeons_arise:chests/scorched_mines/scorched_mines_treasure
dungeons_arise:chests/shiraz_palace/shiraz_palace_elite
dungeons_arise:chests/shiraz_palace/shiraz_palace_gardens
dungeons_arise:chests/shiraz_palace/shiraz_palace_library
dungeons_arise:chests/shiraz_palace/shiraz_palace_normal
dungeons_arise:chests/shiraz_palace/shiraz_palace_rooms
dungeons_arise:chests/shiraz_palace/shiraz_palace_supply
dungeons_arise:chests/shiraz_palace/shiraz_palace_towers
dungeons_arise:chests/shiraz_palace/shiraz_palace_treasure
dungeons_arise:chests/small_blimp/small_blimp_treasure
dungeons_arise:chests/small_prairie_house/small_prairie_house_normal
dungeons_arise:chests/small_prairie_house/small_prairie_house_ruined
dungeons_arise:chests/thornborn_towers/thornborn_towers_barrels
dungeons_arise:chests/thornborn_towers/thornborn_towers_rooms
dungeons_arise:chests/thornborn_towers/thornborn_towers_top_rooms
dungeons_arise:chests/thornborn_towers/thornborn_towers_top_treasure
dungeons_arise:chests/typhon/typhon_treasure
dungeons_arise:chests/undead_pirate_ship/undead_pirate_ship_treasure
dungeons_arise_seven_seas:chests/corsair_corvette/corsair_corvette_treasure
dungeons_arise_seven_seas:chests/pirate_junk/pirate_junk_normal
dungeons_arise_seven_seas:chests/small_yacht/small_yacht_normal
dungeons_arise_seven_seas:chests/unicorn_galleon/unicorn_galleon_normal
dungeons_arise_seven_seas:chests/victory_frigate/victory_frigate_normal_upper",
minecraft:gold_nugget,"16~24, 16~48, 24~32, 2~3, 32~48, 32~64, 4~12, 8~48, 8~64","dungeons_arise:chests/bandit_towers/bandit_towers_barrels
dungeons_arise:chests/bandit_towers/bandit_towers_normal
dungeons_arise:chests/bandit_towers/bandit_towers_rooms
dungeons_arise:chests/bandit_towers/bandit_towers_supply
dungeons_arise:chests/bandit_towers/bandit_towers_treasure
dungeons_arise:chests/bandit_village/bandit_village_barrels
dungeons_arise:chests/bandit_village/bandit_village_normal
dungeons_arise:chests/bandit_village/bandit_village_supply
dungeons_arise:chests/bandit_village/bandit_village_tents
dungeons_arise:chests/ceryneian_hind/ceryneian_hind_treasure
dungeons_arise:chests/foundry/foundry_chains
dungeons_arise:chests/foundry/foundry_passage_exterior
dungeons_arise:chests/greenwood_pub/greenwood_pub_barrels_normal
dungeons_arise:chests/heavenly_rider/heavenly_rider_treasure
dungeons_arise:chests/illager_fort/illager_fort_barrels
dungeons_arise:chests/illager_windmill/illager_windmill_barrels
dungeons_arise:chests/jungle_tree_house/jungle_tree_house_barrels
dungeons_arise:chests/jungle_tree_house/jungle_tree_house_normal
dungeons_arise:chests/lighthouse/lighthouse_top
dungeons_arise:chests/shiraz_palace/shiraz_palace_library
dungeons_arise_seven_seas:chests/corsair_corvette/corsair_corvette_normal
dungeons_arise_seven_seas:chests/corsair_corvette/corsair_corvette_treasure
dungeons_arise_seven_seas:chests/pirate_junk/pirate_junk_normal
dungeons_arise_seven_seas:chests/pirate_junk/pirate_junk_treasure
dungeons_arise_seven_seas:chests/small_yacht/small_yacht_normal
dungeons_arise_seven_seas:chests/small_yacht/small_yacht_treasure
dungeons_arise_seven_seas:chests/unicorn_galleon/unicorn_galleon_normal
dungeons_arise_seven_seas:chests/unicorn_galleon/unicorn_galleon_treasure
dungeons_arise_seven_seas:chests/victory_frigate/victory_frigate_normal_lower
dungeons_arise_seven_seas:chests/victory_frigate/victory_frigate_normal_upper",
minecraft:gold_ore,"12~24, 1~4, 1~8, 3~12, 4~16, 4~32","dungeons_arise:chests/foundry/foundry_chains
dungeons_arise:chests/foundry/foundry_lava_pit
dungeons_arise:chests/foundry/foundry_normal
dungeons_arise:chests/foundry/foundry_passage_normal
dungeons_arise:chests/mines_treasure_small
dungeons_arise:chests/mining_system/mining_system_barrels
dungeons_arise:chests/mushroom_mines/mushroom_mines_ores
dungeons_arise:chests/mushroom_mines/mushroom_mines_tools
dungeons_arise:chests/mushroom_village/mushroom_village_barrels",
minecraft:golden_apple,"1, 1~2, 1~3, 1~4, 2~14, 4~6, 4~8","dungeons_arise:chests/aviary/aviary_barrels
dungeons_arise:chests/aviary/aviary_normal
dungeons_arise:chests/aviary/aviary_treasure
dungeons_arise:chests/bandit_towers/bandit_towers_supply
dungeons_arise:chests/heavenly_challenger/heavenly_challenger_normal
dungeons_arise:chests/heavenly_challenger/heavenly_challenger_supply
dungeons_arise:chests/heavenly_challenger/heavenly_challenger_treasure
dungeons_arise:chests/heavenly_conqueror/heavenly_conqueror_barrels
dungeons_arise:chests/heavenly_conqueror/heavenly_conqueror_normal
dungeons_arise:chests/heavenly_conqueror/heavenly_conqueror_treasure
dungeons_arise:chests/heavenly_rider/heavenly_rider_barrels
dungeons_arise:chests/heavenly_rider/heavenly_rider_normal
dungeons_arise:chests/heavenly_rider/heavenly_rider_treasure
dungeons_arise:chests/illager_campsite/illager_campsite_supply
dungeons_arise:chests/illager_corsair/illager_corsair_supply
dungeons_arise:chests/illager_galley/illager_galley_supply
dungeons_arise:chests/infested_temple/infested_temple_top_treasure
dungeons_arise:chests/jungle_tree_house/jungle_tree_house_treasure
dungeons_arise:chests/keep_kayra/keep_kayra_garden_treasure
dungeons_arise:chests/mechanical_nest/mechanical_nest_supply
dungeons_arise:chests/mechanical_nest/mechanical_nest_treasure
dungeons_arise:chests/monastery/monastery_barrels
dungeons_arise:chests/mushroom_house/mushroom_house_normal
dungeons_arise:chests/mushroom_village/mushroom_village_barrels
dungeons_arise:chests/plague_asylum/plague_asylum_potions
dungeons_arise:chests/scorched_mines/scorched_mines_barrels
dungeons_arise:chests/scorched_mines/scorched_mines_housing
dungeons_arise:chests/scorched_mines/scorched_mines_normal
dungeons_arise:chests/small_prairie_house/small_prairie_house_barrels
dungeons_arise:chests/small_prairie_house/small_prairie_house_normal
dungeons_arise:chests/thornborn_towers/thornborn_towers_barrels
dungeons_arise:chests/undead_pirate_ship/undead_pirate_ship_supply
dungeons_arise_seven_seas:chests/pirate_junk/pirate_junk_supply
dungeons_arise_seven_seas:chests/unicorn_galleon/unicorn_galleon_supply
dungeons_arise_seven_seas:chests/victory_frigate/victory_frigate_supply",
minecraft:golden_boots,1,dungeons_arise:chests/illager_campsite/illager_campsite_tent,等级附魔
minecraft:golden_carrot,"1, 12~16, 12~24, 1~3, 1~4, 2~8, 3~6, 4~8","dungeons_arise:chests/aviary/aviary_barrels
dungeons_arise:chests/aviary/aviary_normal
dungeons_arise:chests/aviary/aviary_treasure
dungeons_arise:chests/bandit_towers/bandit_towers_supply
dungeons_arise:chests/heavenly_challenger/heavenly_challenger_normal
dungeons_arise:chests/heavenly_challenger/heavenly_challenger_supply
dungeons_arise:chests/heavenly_conqueror/heavenly_conqueror_barrels
dungeons_arise:chests/heavenly_conqueror/heavenly_conqueror_normal
dungeons_arise:chests/heavenly_conqueror/heavenly_conqueror_treasure
dungeons_arise:chests/heavenly_rider/heavenly_rider_barrels
dungeons_arise:chests/heavenly_rider/heavenly_rider_normal
dungeons_arise:chests/heavenly_rider/heavenly_rider_treasure
dungeons_arise:chests/illager_corsair/illager_corsair_supply
dungeons_arise:chests/illager_galley/illager_galley_supply
dungeons_arise:chests/infested_temple/infested_temple_room_bookshelf
dungeons_arise:chests/infested_temple/infested_temple_room_forge
dungeons_arise:chests/infested_temple/infested_temple_room_garden
dungeons_arise:chests/infested_temple/infested_temple_room_normal
dungeons_arise:chests/infested_temple/infested_temple_room_supply
dungeons_arise:chests/infested_temple/infested_temple_room_table
dungeons_arise:chests/infested_temple/infested_temple_top_treasure
dungeons_arise:chests/jungle_tree_house/jungle_tree_house_treasure
dungeons_arise:chests/mechanical_nest/mechanical_nest_supply
dungeons_arise:chests/monastery/monastery_barrels
dungeons_arise:chests/mushroom_village/mushroom_village_barrels
dungeons_arise:chests/plague_asylum/plague_asylum_potions
dungeons_arise:chests/small_prairie_house/small_prairie_house_barrels
dungeons_arise:chests/thornborn_towers/thornborn_towers_rooms
dungeons_arise:chests/thornborn_towers/thornborn_towers_top_rooms
dungeons_arise:chests/undead_pirate_ship/undead_pirate_ship_supply
dungeons_arise_seven_seas:chests/pirate_junk/pirate_junk_supply
dungeons_arise_seven_seas:chests/unicorn_galleon/unicorn_galleon_supply
dungeons_arise_seven_seas:chests/victory_frigate/victory_frigate_supply",
minecraft:golden_helmet,1,dungeons_arise:chests/greenwood_pub/greenwood_pub_normal,
minecraft:golden_leggings,1,"dungeons_arise:chests/illager_campsite/illager_campsite_tent
dungeons_arise:chests/mechanical_nest/mechanical_nest_equipment","等级附魔
随机附魔"
minecraft:golden_pickaxe,1,"dungeons_arise:chests/giant_mushroom/red_giant_mushroom
dungeons_arise:chests/giant_mushroom/twin_giant_mushroom
dungeons_arise:chests/mines_treasure_big
dungeons_arise:chests/mines_treasure_medium
dungeons_arise:chests/mining_system/mining_system_treasure
dungeons_arise:chests/mushroom_mines/mushroom_mines_barrels
dungeons_arise:chests/mushroom_mines/mushroom_mines_treasure",等级附魔
minecraft:golden_shovel,1,dungeons_arise:chests/mechanical_nest/mechanical_nest_equipment,等级附魔
minecraft:granite,1~2,dungeons_arise:chests/foundry/foundry_chains,
minecraft:gunpowder,"1, 1~32, 1~6, 1~8, 4~32, 4~8, 8~12","dungeons_arise:chests/illager_corsair/illager_corsair_barrels
dungeons_arise:chests/illager_corsair/illager_corsair_treasure
dungeons_arise:chests/illager_fort/illager_fort_barrels
dungeons_arise:chests/illager_fort/illager_fort_treasure
dungeons_arise:chests/illager_galley/illager_galley_barrels
dungeons_arise:chests/illager_galley/illager_galley_treasure
dungeons_arise:chests/illager_windmill/illager_windmill_barrels
dungeons_arise:chests/illager_windmill/illager_windmill_treasure
dungeons_arise:chests/lighthouse/lighthouse_top
dungeons_arise:chests/plague_asylum/plague_asylum_normal
dungeons_arise:chests/shiraz_palace/shiraz_palace_library
dungeons_arise:chests/typhon/typhon_treasure
dungeons_arise:chests/undead_pirate_ship/undead_pirate_ship_barrels
dungeons_arise:chests/undead_pirate_ship/undead_pirate_ship_treasure
dungeons_arise_seven_seas:chests/corsair_corvette/corsair_corvette_barrels
dungeons_arise_seven_seas:chests/corsair_corvette/corsair_corvette_normal
dungeons_arise_seven_seas:chests/corsair_corvette/corsair_corvette_treasure
dungeons_arise_seven_seas:chests/pirate_junk/pirate_junk_barrels
dungeons_arise_seven_seas:chests/pirate_junk/pirate_junk_normal
dungeons_arise_seven_seas:chests/pirate_junk/pirate_junk_treasure
dungeons_arise_seven_seas:chests/small_yacht/small_yacht_barrels
dungeons_arise_seven_seas:chests/small_yacht/small_yacht_normal
dungeons_arise_seven_seas:chests/small_yacht/small_yacht_treasure
dungeons_arise_seven_seas:chests/unicorn_galleon/unicorn_galleon_barrels
dungeons_arise_seven_seas:chests/unicorn_galleon/unicorn_galleon_normal
dungeons_arise_seven_seas:chests/unicorn_galleon/unicorn_galleon_treasure
dungeons_arise_seven_seas:chests/victory_frigate/victory_frigate_barrels
dungeons_arise_seven_seas:chests/victory_frigate/victory_frigate_normal_lower
dungeons_arise_seven_seas:chests/victory_frigate/victory_frigate_normal_upper
dungeons_arise_seven_seas:chests/victory_frigate/victory_frigate_treasure",
minecraft:hay_block,1~2,dungeons_arise:chests/illager_windmill/illager_windmill_treasure,
minecraft:honey_bottle,"1~8, 3~6, 8~16","dungeons_arise:chests/illager_corsair/illager_corsair_supply
dungeons_arise:chests/illager_galley/illager_galley_supply
dungeons_arise:chests/monastery/monastery_barrels
dungeons_arise:chests/mushroom_village/mushroom_village_barrels
dungeons_arise:chests/small_prairie_house/small_prairie_house_barrels
dungeons_arise:chests/thornborn_towers/thornborn_towers_barrels
dungeons_arise:chests/undead_pirate_ship/undead_pirate_ship_supply
dungeons_arise_seven_seas:chests/pirate_junk/pirate_junk_supply
dungeons_arise_seven_seas:chests/unicorn_galleon/unicorn_galleon_supply
dungeons_arise_seven_seas:chests/victory_frigate/victory_frigate_supply",
minecraft:honeycomb,"16~32, 1~8, 4~16","dungeons_arise:chests/illager_corsair/illager_corsair_supply
dungeons_arise:chests/illager_galley/illager_galley_supply
dungeons_arise:chests/monastery/monastery_barrels
dungeons_arise:chests/mushroom_village/mushroom_village_barrels
dungeons_arise:chests/small_prairie_house/small_prairie_house_barrels
dungeons_arise:chests/thornborn_towers/thornborn_towers_barrels
dungeons_arise:chests/undead_pirate_ship/undead_pirate_ship_supply
dungeons_arise_seven_seas:chests/pirate_junk/pirate_junk_supply
dungeons_arise_seven_seas:chests/unicorn_galleon/unicorn_galleon_supply
dungeons_arise_seven_seas:chests/victory_frigate/victory_frigate_supply",
minecraft:iron_axe,1,"dungeons_arise:chests/illager_campsite/illager_campsite_supply
dungeons_arise:chests/illager_fort/illager_fort_treasure
dungeons_arise:chests/mechanical_nest/mechanical_nest_equipment",
minecraft:iron_bars,"1~2, 1~6","dungeons_arise:chests/abandoned_temple/abandoned_temple_map
dungeons_arise:chests/abandoned_temple/abandoned_temple_top
dungeons_arise:chests/illager_fort/illager_fort_barrels
dungeons_arise:chests/mushroom_house/mushroom_house_treasure
dungeons_arise:chests/plague_asylum/plague_asylum_cells",
minecraft:iron_boots,1,"dungeons_arise:chests/bandit_towers/bandit_towers_barrels
dungeons_arise:chests/bandit_towers/bandit_towers_gardens
dungeons_arise:chests/bandit_towers/bandit_towers_normal
dungeons_arise:chests/bandit_towers/bandit_towers_rooms
dungeons_arise:chests/bandit_towers/bandit_towers_treasure
dungeons_arise:chests/bandit_village/bandit_village_barrels
dungeons_arise:chests/bandit_village/bandit_village_normal
dungeons_arise:chests/bandit_village/bandit_village_tents
dungeons_arise:chests/ceryneian_hind/ceryneian_hind_treasure
dungeons_arise:chests/giant_mushroom/red_giant_mushroom
dungeons_arise:chests/giant_mushroom/twin_giant_mushroom
dungeons_arise:chests/illager_campsite/illager_campsite_map
dungeons_arise:chests/illager_campsite/illager_campsite_tent
dungeons_arise:chests/illager_corsair/illager_corsair_treasure
dungeons_arise:chests/illager_fort/illager_fort_barrels
dungeons_arise:chests/illager_fort/illager_fort_normal
dungeons_arise:chests/illager_galley/illager_galley_treasure
dungeons_arise:chests/illager_windmill/illager_windmill_barrels
dungeons_arise:chests/illager_windmill/illager_windmill_treasure
dungeons_arise:chests/jungle_tree_house/jungle_tree_house_barrels
dungeons_arise:chests/jungle_tree_house/jungle_tree_house_normal
dungeons_arise:chests/keep_kayra/keep_kayra_normal
dungeons_arise:chests/mines_treasure_big
dungeons_arise:chests/mines_treasure_medium
dungeons_arise:chests/mining_system/mining_system_treasure
dungeons_arise:chests/mushroom_mines/mushroom_mines_barrels
dungeons_arise:chests/mushroom_mines/mushroom_mines_treasure
dungeons_arise:chests/plague_asylum/plague_asylum_normal
dungeons_arise:chests/small_blimp/small_blimp_treasure
dungeons_arise:chests/thornborn_towers/thornborn_towers_top_treasure
dungeons_arise:chests/typhon/typhon_treasure
dungeons_arise:chests/undead_pirate_ship/undead_pirate_ship_treasure
dungeons_arise_seven_seas:chests/corsair_corvette/corsair_corvette_treasure
dungeons_arise_seven_seas:chests/pirate_junk/pirate_junk_normal
dungeons_arise_seven_seas:chests/unicorn_galleon/unicorn_galleon_normal
dungeons_arise_seven_seas:chests/victory_frigate/victory_frigate_normal_upper",等级附魔
minecraft:iron_chestplate,1,"dungeons_arise:chests/bandit_towers/bandit_towers_barrels
dungeons_arise:chests/bandit_towers/bandit_towers_gardens
dungeons_arise:chests/bandit_towers/bandit_towers_normal
dungeons_arise:chests/bandit_towers/bandit_towers_rooms
dungeons_arise:chests/bandit_towers/bandit_towers_treasure
dungeons_arise:chests/bandit_village/bandit_village_barrels
dungeons_arise:chests/bandit_village/bandit_village_normal
dungeons_arise:chests/bandit_village/bandit_village_tents
dungeons_arise:chests/ceryneian_hind/ceryneian_hind_treasure
dungeons_arise:chests/giant_mushroom/red_giant_mushroom
dungeons_arise:chests/giant_mushroom/twin_giant_mushroom
dungeons_arise:chests/greenwood_pub/greenwood_pub_normal
dungeons_arise:chests/illager_campsite/illager_campsite_map
dungeons_arise:chests/illager_campsite/illager_campsite_tent
dungeons_arise:chests/illager_corsair/illager_corsair_treasure
dungeons_arise:chests/illager_fort/illager_fort_barrels
dungeons_arise:chests/illager_fort/illager_fort_normal
dungeons_arise:chests/illager_galley/illager_galley_treasure
dungeons_arise:chests/illager_windmill/illager_windmill_barrels
dungeons_arise:chests/illager_windmill/illager_windmill_treasure
dungeons_arise:chests/jungle_tree_house/jungle_tree_house_barrels
dungeons_arise:chests/jungle_tree_house/jungle_tree_house_normal
dungeons_arise:chests/keep_kayra/keep_kayra_normal
dungeons_arise:chests/lighthouse/lighthouse_top
dungeons_arise:chests/mechanical_nest/mechanical_nest_equipment
dungeons_arise:chests/mines_treasure_big
dungeons_arise:chests/mines_treasure_medium
dungeons_arise:chests/mining_system/mining_system_treasure
dungeons_arise:chests/mushroom_mines/mushroom_mines_barrels
dungeons_arise:chests/mushroom_mines/mushroom_mines_treasure
dungeons_arise:chests/plague_asylum/plague_asylum_cells
dungeons_arise:chests/plague_asylum/plague_asylum_normal
dungeons_arise:chests/shiraz_palace/shiraz_palace_library
dungeons_arise:chests/small_blimp/small_blimp_treasure
dungeons_arise:chests/thornborn_towers/thornborn_towers_top_treasure
dungeons_arise:chests/typhon/typhon_treasure
dungeons_arise:chests/undead_pirate_ship/undead_pirate_ship_treasure
dungeons_arise_seven_seas:chests/corsair_corvette/corsair_corvette_treasure
dungeons_arise_seven_seas:chests/pirate_junk/pirate_junk_normal
dungeons_arise_seven_seas:chests/pirate_junk/pirate_junk_treasure
dungeons_arise_seven_seas:chests/unicorn_galleon/unicorn_galleon_normal
dungeons_arise_seven_seas:chests/unicorn_galleon/unicorn_galleon_treasure
dungeons_arise_seven_seas:chests/victory_frigate/victory_frigate_normal_lower
dungeons_arise_seven_seas:chests/victory_frigate/victory_frigate_normal_upper",等级附魔
minecraft:iron_helmet,1,"dungeons_arise:chests/bandit_towers/bandit_towers_barrels
dungeons_arise:chests/bandit_towers/bandit_towers_gardens
dungeons_arise:chests/bandit_towers/bandit_towers_normal
dungeons_arise:chests/bandit_towers/bandit_towers_rooms
dungeons_arise:chests/bandit_towers/bandit_towers_treasure
dungeons_arise:chests/bandit_village/bandit_village_barrels
dungeons_arise:chests/bandit_village/bandit_village_normal
dungeons_arise:chests/bandit_village/bandit_village_tents
dungeons_arise:chests/ceryneian_hind/ceryneian_hind_treasure
dungeons_arise:chests/giant_mushroom/red_giant_mushroom
dungeons_arise:chests/giant_mushroom/twin_giant_mushroom
dungeons_arise:chests/illager_campsite/illager_campsite_map
dungeons_arise:chests/illager_campsite/illager_campsite_tent
dungeons_arise:chests/illager_corsair/illager_corsair_treasure
dungeons_arise:chests/illager_fort/illager_fort_barrels
dungeons_arise:chests/illager_fort/illager_fort_normal
dungeons_arise:chests/illager_galley/illager_galley_treasure
dungeons_arise:chests/illager_windmill/illager_windmill_barrels
dungeons_arise:chests/illager_windmill/illager_windmill_treasure
dungeons_arise:chests/jungle_tree_house/jungle_tree_house_barrels
dungeons_arise:chests/jungle_tree_house/jungle_tree_house_normal
dungeons_arise:chests/jungle_tree_house/jungle_tree_house_treasure
dungeons_arise:chests/keep_kayra/keep_kayra_normal
dungeons_arise:chests/lighthouse/lighthouse_top
dungeons_arise:chests/mines_treasure_big
dungeons_arise:chests/mines_treasure_medium
dungeons_arise:chests/mining_system/mining_system_treasure
dungeons_arise:chests/mushroom_mines/mushroom_mines_barrels
dungeons_arise:chests/mushroom_mines/mushroom_mines_treasure
dungeons_arise:chests/plague_asylum/plague_asylum_cells
dungeons_arise:chests/plague_asylum/plague_asylum_normal
dungeons_arise:chests/scorched_mines/scorched_mines_barrels
dungeons_arise:chests/scorched_mines/scorched_mines_housing
dungeons_arise:chests/scorched_mines/scorched_mines_normal
dungeons_arise:chests/shiraz_palace/shiraz_palace_library
dungeons_arise:chests/small_blimp/small_blimp_treasure
dungeons_arise:chests/thornborn_towers/thornborn_towers_top_treasure
dungeons_arise:chests/typhon/typhon_treasure
dungeons_arise:chests/undead_pirate_ship/undead_pirate_ship_treasure
dungeons_arise_seven_seas:chests/corsair_corvette/corsair_corvette_treasure
dungeons_arise_seven_seas:chests/pirate_junk/pirate_junk_normal
dungeons_arise_seven_seas:chests/unicorn_galleon/unicorn_galleon_normal
dungeons_arise_seven_seas:chests/victory_frigate/victory_frigate_normal_upper","等级附魔
随机附魔"
minecraft:iron_hoe,1,dungeons_arise:chests/illager_windmill/illager_windmill_barrels,
minecraft:iron_ingot,"12~16, 12~20, 12~24, 16~24, 16~32, 16~48, 18~26, 1~12, 1~16, 1~3, 1~4, 1~6, 1~8, 24~32, 2~12, 2~3, 2~4, 2~6, 32~48, 3~16, 3~5, 3~6, 4~12, 4~16, 4~18, 4~24, 4~26, 4~32, 4~8, 5~16, 6~12, 6~14, 8~14, 8~16, 8~24","dungeons_arise:chests/abandoned_temple/abandoned_temple_entrance
dungeons_arise:chests/abandoned_temple/abandoned_temple_map
dungeons_arise:chests/abandoned_temple/abandoned_temple_top
dungeons_arise:chests/bandit_towers/bandit_towers_barrels
dungeons_arise:chests/bandit_towers/bandit_towers_gardens
dungeons_arise:chests/bandit_towers/bandit_towers_normal
dungeons_arise:chests/bandit_towers/bandit_towers_rooms
dungeons_arise:chests/bandit_towers/bandit_towers_supply
dungeons_arise:chests/bandit_towers/bandit_towers_treasure
dungeons_arise:chests/bandit_village/bandit_village_barrels
dungeons_arise:chests/bandit_village/bandit_village_normal
dungeons_arise:chests/bandit_village/bandit_village_supply
dungeons_arise:chests/bandit_village/bandit_village_tents
dungeons_arise:chests/bathhouse/bathhouse_normal
dungeons_arise:chests/ceryneian_hind/ceryneian_hind_treasure
dungeons_arise:chests/giant_mushroom/red_giant_mushroom
dungeons_arise:chests/giant_mushroom/twin_giant_mushroom
dungeons_arise:chests/greenwood_pub/greenwood_pub_barrels_hallways
dungeons_arise:chests/greenwood_pub/greenwood_pub_normal
dungeons_arise:chests/illager_campsite/illager_campsite_map
dungeons_arise:chests/illager_corsair/illager_corsair_treasure
dungeons_arise:chests/illager_fort/illager_fort_barrels
dungeons_arise:chests/illager_fort/illager_fort_normal
dungeons_arise:chests/illager_fort/illager_fort_treasure
dungeons_arise:chests/illager_galley/illager_galley_treasure
dungeons_arise:chests/illager_windmill/illager_windmill_barrels
dungeons_arise:chests/illager_windmill/illager_windmill_treasure
dungeons_arise:chests/infested_temple/infested_temple_room_bookshelf
dungeons_arise:chests/infested_temple/infested_temple_room_forge
dungeons_arise:chests/infested_temple/infested_temple_room_garden
dungeons_arise:chests/infested_temple/infested_temple_room_normal
dungeons_arise:chests/infested_temple/infested_temple_room_supply
dungeons_arise:chests/infested_temple/infested_temple_room_table
dungeons_arise:chests/infested_temple/infested_temple_top_treasure
dungeons_arise:chests/jungle_tree_house/jungle_tree_house_barrels
dungeons_arise:chests/jungle_tree_house/jungle_tree_house_normal
dungeons_arise:chests/jungle_tree_house/jungle_tree_house_treasure
dungeons_arise:chests/keep_kayra/keep_kayra_library_normal
dungeons_arise:chests/keep_kayra/keep_kayra_normal
dungeons_arise:chests/lighthouse/lighthouse_top
dungeons_arise:chests/mechanical_nest/mechanical_nest_equipment
dungeons_arise:chests/mechanical_nest/mechanical_nest_normal
dungeons_arise:chests/merchant_campsite/merchant_campsite_map
dungeons_arise:chests/merchant_campsite/merchant_campsite_tent
dungeons_arise:chests/mines_treasure_big
dungeons_arise:chests/mines_treasure_medium
dungeons_arise:chests/mines_treasure_small
dungeons_arise:chests/mining_system/mining_system_barrels
dungeons_arise:chests/mining_system/mining_system_treasure
dungeons_arise:chests/monastery/monastery_bridges
dungeons_arise:chests/mushroom_house/mushroom_house_barrels
dungeons_arise:chests/mushroom_house/mushroom_house_normal
dungeons_arise:chests/mushroom_house/mushroom_house_treasure
dungeons_arise:chests/mushroom_mines/mushroom_mines_barrels
dungeons_arise:chests/mushroom_mines/mushroom_mines_ores
dungeons_arise:chests/mushroom_mines/mushroom_mines_tools
dungeons_arise:chests/mushroom_mines/mushroom_mines_treasure
dungeons_arise:chests/mushroom_village/mushroom_village_barrels
dungeons_arise:chests/mushroom_village/mushroom_village_treasure
dungeons_arise:chests/plague_asylum/plague_asylum_barrels
dungeons_arise:chests/plague_asylum/plague_asylum_cells
dungeons_arise:chests/plague_asylum/plague_asylum_normal
dungeons_arise:chests/plague_asylum/plague_asylum_treasure
dungeons_arise:chests/scorched_mines/scorched_mines_barrels
dungeons_arise:chests/scorched_mines/scorched_mines_housing
dungeons_arise:chests/scorched_mines/scorched_mines_hub
dungeons_arise:chests/scorched_mines/scorched_mines_normal
dungeons_arise:chests/shiraz_palace/shiraz_palace_gardens
dungeons_arise:chests/shiraz_palace/shiraz_palace_library
dungeons_arise:chests/shiraz_palace/shiraz_palace_rooms
dungeons_arise:chests/shiraz_palace/shiraz_palace_supply
dungeons_arise:chests/shiraz_palace/shiraz_palace_towers
dungeons_arise:chests/small_blimp/small_blimp_treasure
dungeons_arise:chests/small_prairie_house/small_prairie_house_normal
dungeons_arise:chests/small_prairie_house/small_prairie_house_ruined
dungeons_arise:chests/thornborn_towers/thornborn_towers_barrels
dungeons_arise:chests/thornborn_towers/thornborn_towers_rooms
dungeons_arise:chests/thornborn_towers/thornborn_towers_top_treasure
dungeons_arise:chests/typhon/typhon_treasure
dungeons_arise:chests/undead_pirate_ship/undead_pirate_ship_treasure
dungeons_arise_seven_seas:chests/corsair_corvette/corsair_corvette_barrels
dungeons_arise_seven_seas:chests/corsair_corvette/corsair_corvette_treasure
dungeons_arise_seven_seas:chests/pirate_junk/pirate_junk_barrels
dungeons_arise_seven_seas:chests/pirate_junk/pirate_junk_normal
dungeons_arise_seven_seas:chests/small_yacht/small_yacht_barrels
dungeons_arise_seven_seas:chests/small_yacht/small_yacht_normal
dungeons_arise_seven_seas:chests/unicorn_galleon/unicorn_galleon_barrels
dungeons_arise_seven_seas:chests/unicorn_galleon/unicorn_galleon_normal
dungeons_arise_seven_seas:chests/victory_frigate/victory_frigate_barrels
dungeons_arise_seven_seas:chests/victory_frigate/victory_frigate_normal_upper",
minecraft:iron_leggings,1,"dungeons_arise:chests/bandit_towers/bandit_towers_barrels
dungeons_arise:chests/bandit_towers/bandit_towers_gardens
dungeons_arise:chests/bandit_towers/bandit_towers_normal
dungeons_arise:chests/bandit_towers/bandit_towers_rooms
dungeons_arise:chests/bandit_towers/bandit_towers_treasure
dungeons_arise:chests/bandit_village/bandit_village_barrels
dungeons_arise:chests/bandit_village/bandit_village_normal
dungeons_arise:chests/bandit_village/bandit_village_tents
dungeons_arise:chests/ceryneian_hind/ceryneian_hind_treasure
dungeons_arise:chests/giant_mushroom/red_giant_mushroom
dungeons_arise:chests/giant_mushroom/twin_giant_mushroom
dungeons_arise:chests/illager_campsite/illager_campsite_map
dungeons_arise:chests/illager_campsite/illager_campsite_tent
dungeons_arise:chests/illager_corsair/illager_corsair_treasure
dungeons_arise:chests/illager_fort/illager_fort_barrels
dungeons_arise:chests/illager_fort/illager_fort_normal
dungeons_arise:chests/illager_galley/illager_galley_treasure
dungeons_arise:chests/illager_windmill/illager_windmill_barrels
dungeons_arise:chests/illager_windmill/illager_windmill_treasure
dungeons_arise:chests/jungle_tree_house/jungle_tree_house_barrels
dungeons_arise:chests/jungle_tree_house/jungle_tree_house_normal
dungeons_arise:chests/keep_kayra/keep_kayra_normal
dungeons_arise:chests/mechanical_nest/mechanical_nest_equipment
dungeons_arise:chests/mines_treasure_big
dungeons_arise:chests/mines_treasure_medium
dungeons_arise:chests/mining_system/mining_system_treasure
dungeons_arise:chests/mushroom_mines/mushroom_mines_barrels
dungeons_arise:chests/mushroom_mines/mushroom_mines_treasure
dungeons_arise:chests/plague_asylum/plague_asylum_cells
dungeons_arise:chests/plague_asylum/plague_asylum_normal
dungeons_arise:chests/small_blimp/small_blimp_treasure
dungeons_arise:chests/typhon/typhon_treasure
dungeons_arise:chests/undead_pirate_ship/undead_pirate_ship_treasure
dungeons_arise_seven_seas:chests/corsair_corvette/corsair_corvette_normal
dungeons_arise_seven_seas:chests/corsair_corvette/corsair_corvette_treasure
dungeons_arise_seven_seas:chests/pirate_junk/pirate_junk_normal
dungeons_arise_seven_seas:chests/small_yacht/small_yacht_normal
dungeons_arise_seven_seas:chests/small_yacht/small_yacht_treasure
dungeons_arise_seven_seas:chests/unicorn_galleon/unicorn_galleon_normal
dungeons_arise_seven_seas:chests/victory_frigate/victory_frigate_normal_upper",等级附魔
minecraft:iron_nugget,"1~64, 24~48, 2~3, 32~64","dungeons_arise:chests/bandit_towers/bandit_towers_barrels
dungeons_arise:chests/bandit_towers/bandit_towers_normal
dungeons_arise:chests/bandit_towers/bandit_towers_rooms
dungeons_arise:chests/bandit_village/bandit_village_barrels
dungeons_arise:chests/bandit_village/bandit_village_normal
dungeons_arise:chests/bandit_village/bandit_village_supply
dungeons_arise:chests/bandit_village/bandit_village_tents
dungeons_arise:chests/greenwood_pub/greenwood_pub_barrels_normal
dungeons_arise:chests/jungle_tree_house/jungle_tree_house_barrels
dungeons_arise:chests/jungle_tree_house/jungle_tree_house_normal
dungeons_arise:chests/plague_asylum/plague_asylum_normal",
minecraft:iron_ore,"1~8, 4~16, 8~32","dungeons_arise:chests/jungle_tree_house/jungle_tree_house_barrels
dungeons_arise:chests/jungle_tree_house/jungle_tree_house_normal
dungeons_arise:chests/mines_treasure_small
dungeons_arise:chests/mining_system/mining_system_barrels
dungeons_arise:chests/mushroom_mines/mushroom_mines_ores
dungeons_arise:chests/mushroom_mines/mushroom_mines_tools",
minecraft:iron_pickaxe,1,"dungeons_arise:chests/giant_mushroom/red_giant_mushroom
dungeons_arise:chests/giant_mushroom/twin_giant_mushroom
dungeons_arise:chests/greenwood_pub/greenwood_pub_normal
dungeons_arise:chests/merchant_campsite/merchant_campsite_tent
dungeons_arise:chests/mines_treasure_big
dungeons_arise:chests/mines_treasure_medium
dungeons_arise:chests/mining_system/mining_system_treasure
dungeons_arise:chests/mushroom_mines/mushroom_mines_barrels
dungeons_arise:chests/mushroom_mines/mushroom_mines_treasure
dungeons_arise:chests/scorched_mines/scorched_mines_barrels
dungeons_arise:chests/scorched_mines/scorched_mines_housing
dungeons_arise:chests/scorched_mines/scorched_mines_normal","等级附魔
随机附魔"
minecraft:iron_sword,1,"dungeons_arise:chests/abandoned_temple/abandoned_temple_entrance
dungeons_arise:chests/abandoned_temple/abandoned_temple_map
dungeons_arise:chests/abandoned_temple/abandoned_temple_top
dungeons_arise:chests/bandit_towers/bandit_towers_gardens
dungeons_arise:chests/bandit_towers/bandit_towers_treasure
dungeons_arise:chests/ceryneian_hind/ceryneian_hind_treasure
dungeons_arise:chests/illager_campsite/illager_campsite_map
dungeons_arise:chests/illager_campsite/illager_campsite_tent
dungeons_arise:chests/illager_corsair/illager_corsair_treasure
dungeons_arise:chests/illager_galley/illager_galley_treasure
dungeons_arise:chests/jungle_tree_house/jungle_tree_house_barrels
dungeons_arise:chests/jungle_tree_house/jungle_tree_house_normal
dungeons_arise:chests/jungle_tree_house/jungle_tree_house_treasure
dungeons_arise:chests/keep_kayra/keep_kayra_normal
dungeons_arise:chests/mushroom_house/mushroom_house_treasure
dungeons_arise:chests/mushroom_village/mushroom_village_barrels
dungeons_arise:chests/plague_asylum/plague_asylum_cells
dungeons_arise:chests/plague_asylum/plague_asylum_normal
dungeons_arise:chests/small_blimp/small_blimp_treasure
dungeons_arise:chests/typhon/typhon_treasure
dungeons_arise:chests/undead_pirate_ship/undead_pirate_ship_treasure
dungeons_arise_seven_seas:chests/corsair_corvette/corsair_corvette_normal
dungeons_arise_seven_seas:chests/corsair_corvette/corsair_corvette_treasure
dungeons_arise_seven_seas:chests/pirate_junk/pirate_junk_normal
dungeons_arise_seven_seas:chests/small_yacht/small_yacht_normal
dungeons_arise_seven_seas:chests/small_yacht/small_yacht_treasure
dungeons_arise_seven_seas:chests/unicorn_galleon/unicorn_galleon_normal
dungeons_arise_seven_seas:chests/victory_frigate/victory_frigate_normal_upper",等级附魔
minecraft:jungle_leaves,4~6,dungeons_arise:chests/jungle_tree_house/jungle_tree_house_treasure,
minecraft:jungle_sapling,1,dungeons_arise:chests/jungle_tree_house/jungle_tree_house_treasure,
minecraft:lantern,2~6,"dungeons_arise:chests/mechanical_nest/mechanical_nest_equipment
dungeons_arise:chests/mechanical_nest/mechanical_nest_normal",
minecraft:lapis_lazuli,"12~18, 1~12, 1~16, 1~8","dungeons_arise:chests/abandoned_temple/abandoned_temple_entrance
dungeons_arise:chests/abandoned_temple/abandoned_temple_map
dungeons_arise:chests/abandoned_temple/abandoned_temple_top
dungeons_arise:chests/monastery/monastery_bridges
dungeons_arise:chests/mushroom_house/mushroom_house_barrels
dungeons_arise:chests/mushroom_house/mushroom_house_normal
dungeons_arise:chests/mushroom_house/mushroom_house_treasure
dungeons_arise:chests/plague_asylum/plague_asylum_cells
dungeons_arise:chests/small_prairie_house/small_prairie_house_normal
dungeons_arise:chests/small_prairie_house/small_prairie_house_ruined
dungeons_arise:chests/thornborn_towers/thornborn_towers_barrels",
minecraft:leather_boots,1,"dungeons_arise:chests/illager_campsite/illager_campsite_map
dungeons_arise:chests/jungle_tree_house/jungle_tree_house_barrels
dungeons_arise:chests/jungle_tree_house/jungle_tree_house_normal
dungeons_arise:chests/jungle_tree_house/jungle_tree_house_treasure
dungeons_arise:chests/mechanical_nest/mechanical_nest_equipment
dungeons_arise:chests/merchant_campsite/merchant_campsite_map
dungeons_arise:chests/monastery/monastery_bridges
dungeons_arise:chests/mushroom_house/mushroom_house_barrels
dungeons_arise:chests/small_prairie_house/small_prairie_house_ruined","等级附魔
自定义NBT"
minecraft:leather_chestplate,1,"dungeons_arise:chests/illager_campsite/illager_campsite_map
dungeons_arise:chests/illager_campsite/illager_campsite_tent
dungeons_arise:chests/jungle_tree_house/jungle_tree_house_barrels
dungeons_arise:chests/jungle_tree_house/jungle_tree_house_normal
dungeons_arise:chests/mechanical_nest/mechanical_nest_equipment
dungeons_arise:chests/merchant_campsite/merchant_campsite_map
dungeons_arise:chests/monastery/monastery_bridges
dungeons_arise:chests/mushroom_house/mushroom_house_barrels
dungeons_arise:chests/small_prairie_house/small_prairie_house_ruined","等级附魔
自定义NBT"
minecraft:leather_helmet,1,"dungeons_arise:chests/illager_campsite/illager_campsite_map
dungeons_arise:chests/illager_campsite/illager_campsite_tent
dungeons_arise:chests/jungle_tree_house/jungle_tree_house_barrels
dungeons_arise:chests/jungle_tree_house/jungle_tree_house_normal
dungeons_arise:chests/merchant_campsite/merchant_campsite_map
dungeons_arise:chests/monastery/monastery_bridges
dungeons_arise:chests/mushroom_house/mushroom_house_barrels
dungeons_arise:chests/small_prairie_house/small_prairie_house_ruined","等级附魔
自定义NBT"
minecraft:leather_leggings,1,"dungeons_arise:chests/illager_campsite/illager_campsite_map
dungeons_arise:chests/jungle_tree_house/jungle_tree_house_barrels
dungeons_arise:chests/jungle_tree_house/jungle_tree_house_normal
dungeons_arise:chests/jungle_tree_house/jungle_tree_house_treasure
dungeons_arise:chests/merchant_campsite/merchant_campsite_map
dungeons_arise:chests/monastery/monastery_bridges
dungeons_arise:chests/mushroom_house/mushroom_house_barrels
dungeons_arise:chests/small_prairie_house/small_prairie_house_ruined","等级附魔
自定义NBT"
minecraft:lightning_rod,0,"dungeons_arise:chests/mechanical_nest/mechanical_nest_equipment
dungeons_arise:chests/mechanical_nest/mechanical_nest_normal",
minecraft:lilac,1,"dungeons_arise:chests/shiraz_palace/shiraz_palace_gardens
dungeons_arise:chests/shiraz_palace/shiraz_palace_supply",
minecraft:lily_of_the_valley,"1, 1~4","dungeons_arise:chests/abandoned_temple/abandoned_temple_entrance
dungeons_arise:chests/abandoned_temple/abandoned_temple_map
dungeons_arise:chests/abandoned_temple/abandoned_temple_top
dungeons_arise:chests/mushroom_house/mushroom_house_treasure
dungeons_arise:chests/shiraz_palace/shiraz_palace_gardens
dungeons_arise:chests/shiraz_palace/shiraz_palace_supply",
minecraft:lingering_potion,"1, 1~2","dungeons_arise:chests/greenwood_pub/greenwood_pub_barrels_hallways
dungeons_arise:chests/mechanical_nest/mechanical_nest_supply
dungeons_arise:chests/plague_asylum/plague_asylum_potions",自定义NBT
minecraft:magma_block,1~4,"dungeons_arise:chests/foundry/foundry_lava_pit
dungeons_arise:chests/foundry/foundry_passage_normal",
minecraft:magma_cream,"1~3, 4~12","dungeons_arise:chests/aviary/aviary_barrels
dungeons_arise:chests/foundry/foundry_lava_pit
dungeons_arise:chests/foundry/foundry_passage_normal
dungeons_arise:chests/heavenly_challenger/heavenly_challenger_supply",
minecraft:map,1,"dungeons_arise:chests/abandoned_temple/abandoned_temple_map
dungeons_arise:chests/bandit_towers/bandit_towers_treasure
dungeons_arise:chests/illager_campsite/illager_campsite_map
dungeons_arise:chests/keep_kayra/keep_kayra_garden_treasure
dungeons_arise:chests/keep_kayra/keep_kayra_library_treasure
dungeons_arise:chests/keep_kayra/keep_kayra_treasure
dungeons_arise:chests/lighthouse/lighthouse_top
dungeons_arise:chests/merchant_campsite/merchant_campsite_map
dungeons_arise:chests/monastery/monastery_map
dungeons_arise:chests/mushroom_house/mushroom_house_treasure
dungeons_arise:chests/small_blimp/small_blimp_treasure
dungeons_arise:chests/thornborn_towers/thornborn_towers_top_treasure","藏宝图(dungeons_arise:bandit_towers)
藏宝图(dungeons_arise:explorer_maps/foundry)
藏宝图(dungeons_arise:explorer_maps/illager_campsite)
藏宝图(dungeons_arise:explorer_maps/illager_corsair)
藏宝图(dungeons_arise:explorer_maps/illager_fort)
藏宝图(dungeons_arise:explorer_maps/infested_temple)
藏宝图(dungeons_arise:explorer_maps/mining_system)
藏宝图(dungeons_arise:explorer_maps/monastery)
藏宝图(dungeons_arise:explorer_maps/mushroom_mines)
藏宝图(dungeons_arise:explorer_maps/plague_asylum)
藏宝图(dungeons_arise:explorer_maps/shiraz_palace)
藏宝图(dungeons_arise:explorer_maps/thornborn_towers)
藏宝图(dungeons_arise:foundry)
藏宝图(dungeons_arise:shiraz_palace)"
minecraft:melon,1~4,dungeons_arise:chests/jungle_tree_house/jungle_tree_house_treasure,
minecraft:melon_slice,8~12,"dungeons_arise_seven_seas:chests/pirate_junk/pirate_junk_supply
dungeons_arise_seven_seas:chests/unicorn_galleon/unicorn_galleon_supply
dungeons_arise_seven_seas:chests/victory_frigate/victory_frigate_supply",
minecraft:milk_bucket,"1~3, 1~8","dungeons_arise:chests/illager_corsair/illager_corsair_supply
dungeons_arise:chests/illager_galley/illager_galley_supply
dungeons_arise:chests/monastery/monastery_barrels
dungeons_arise:chests/mushroom_village/mushroom_village_barrels
dungeons_arise:chests/small_prairie_house/small_prairie_house_barrels
dungeons_arise:chests/undead_pirate_ship/undead_pirate_ship_supply
dungeons_arise_seven_seas:chests/pirate_junk/pirate_junk_supply
dungeons_arise_seven_seas:chests/unicorn_galleon/unicorn_galleon_supply
dungeons_arise_seven_seas:chests/victory_frigate/victory_frigate_supply",
minecraft:moss_block,2~8,"dungeons_arise:chests/mechanical_nest/mechanical_nest_equipment
dungeons_arise:chests/mechanical_nest/mechanical_nest_normal",
minecraft:mossy_cobblestone,"1, 1~3","dungeons_arise:chests/infested_temple/infested_temple_room_bookshelf
dungeons_arise:chests/infested_temple/infested_temple_room_forge
dungeons_arise:chests/infested_temple/infested_temple_room_garden
dungeons_arise:chests/infested_temple/infested_temple_room_normal
dungeons_arise:chests/infested_temple/infested_temple_room_supply
dungeons_arise:chests/infested_temple/infested_temple_room_table
dungeons_arise:chests/thornborn_towers/thornborn_towers_top_rooms",
minecraft:mushroom_stew,2~3,"dungeons_arise:chests/bathhouse/bathhouse_barrels
dungeons_arise:chests/bathhouse/bathhouse_normal
dungeons_arise:chests/illager_corsair/illager_corsair_supply
dungeons_arise:chests/illager_galley/illager_galley_supply
dungeons_arise:chests/monastery/monastery_barrels
dungeons_arise:chests/mushroom_village/mushroom_village_barrels
dungeons_arise:chests/small_prairie_house/small_prairie_house_barrels
dungeons_arise:chests/undead_pirate_ship/undead_pirate_ship_supply
dungeons_arise_seven_seas:chests/pirate_junk/pirate_junk_supply
dungeons_arise_seven_seas:chests/unicorn_galleon/unicorn_galleon_supply
dungeons_arise_seven_seas:chests/victory_frigate/victory_frigate_supply",
minecraft:music_disc_11,1,"dungeons_arise:chests/lighthouse/lighthouse_top
dungeons_arise:chests/shiraz_palace/shiraz_palace_library",
minecraft:nether_wart,1~3,"dungeons_arise:chests/lighthouse/lighthouse_top
dungeons_arise:chests/shiraz_palace/shiraz_palace_library",
minecraft:netherite_boots,1,"dungeons_arise:chests/heavenly_challenger/heavenly_challenger_treasure
dungeons_arise:chests/keep_kayra/keep_kayra_treasure
dungeons_arise:chests/shiraz_palace/shiraz_palace_elite
dungeons_arise:chests/shiraz_palace/shiraz_palace_normal",等级附魔
minecraft:netherite_chestplate,1,"dungeons_arise:chests/shiraz_palace/shiraz_palace_elite
dungeons_arise:chests/shiraz_palace/shiraz_palace_normal",等级附魔
minecraft:netherite_helmet,1,"dungeons_arise:chests/heavenly_challenger/heavenly_challenger_treasure
dungeons_arise:chests/keep_kayra/keep_kayra_library_treasure
dungeons_arise:chests/shiraz_palace/shiraz_palace_elite
dungeons_arise:chests/shiraz_palace/shiraz_palace_normal",
minecraft:netherite_hoe,1,"dungeons_arise:chests/heavenly_challenger/heavenly_challenger_theater
dungeons_arise:chests/mechanical_nest/mechanical_nest_equipment",
minecraft:netherite_ingot,"1, 1~3, 2~4","dungeons_arise:chests/aviary/aviary_normal
dungeons_arise:chests/aviary/aviary_treasure
dungeons_arise:chests/heavenly_challenger/heavenly_challenger_normal
dungeons_arise:chests/heavenly_challenger/heavenly_challenger_treasure
dungeons_arise:chests/shiraz_palace/shiraz_palace_elite",
minecraft:netherite_leggings,1,dungeons_arise:chests/keep_kayra/keep_kayra_garden_treasure,
minecraft:netherite_pickaxe,1,dungeons_arise:chests/heavenly_challenger/heavenly_challenger_treasure,
minecraft:netherite_scrap,"1, 1~2, 1~3, 2~4, 2~5, 3~6, 4~12, 4~8, 6~12, 8~12","dungeons_arise:chests/aviary/aviary_barrels
dungeons_arise:chests/aviary/aviary_normal
dungeons_arise:chests/aviary/aviary_treasure
dungeons_arise:chests/foundry/foundry_chains
dungeons_arise:chests/foundry/foundry_normal
dungeons_arise:chests/foundry/foundry_treasure
dungeons_arise:chests/heavenly_challenger/heavenly_challenger_normal
dungeons_arise:chests/heavenly_challenger/heavenly_challenger_theater
dungeons_arise:chests/heavenly_challenger/heavenly_challenger_treasure
dungeons_arise:chests/heavenly_conqueror/heavenly_conqueror_normal
dungeons_arise:chests/heavenly_conqueror/heavenly_conqueror_treasure
dungeons_arise:chests/mechanical_nest/mechanical_nest_normal
dungeons_arise:chests/mechanical_nest/mechanical_nest_treasure
dungeons_arise:chests/scorched_mines/scorched_mines_treasure
dungeons_arise:chests/shiraz_palace/shiraz_palace_elite
dungeons_arise:chests/shiraz_palace/shiraz_palace_normal",
minecraft:netherite_sword,1,"dungeons_arise:chests/shiraz_palace/shiraz_palace_gardens
dungeons_arise:chests/shiraz_palace/shiraz_palace_supply
dungeons_arise:chests/shiraz_palace/shiraz_palace_treasure",等级附魔
minecraft:oak_leaves,2~4,dungeons_arise:chests/jungle_tree_house/jungle_tree_house_treasure,
minecraft:oak_sapling,"1, 1~2","dungeons_arise:chests/jungle_tree_house/jungle_tree_house_barrels
dungeons_arise:chests/jungle_tree_house/jungle_tree_house_normal
dungeons_arise:chests/jungle_tree_house/jungle_tree_house_treasure",
minecraft:observer,1~2,dungeons_arise:chests/small_blimp/small_blimp_redstone_chamber,
minecraft:obsidian,2~3,dungeons_arise:chests/bathhouse/bathhouse_normal,
minecraft:oxidized_cut_copper,10~20,"dungeons_arise:chests/mechanical_nest/mechanical_nest_equipment
dungeons_arise:chests/mechanical_nest/mechanical_nest_normal",
minecraft:paper,"1, 1~10, 1~2, 1~4, 1~8, 2~3","dungeons_arise:chests/aviary/aviary_barrels
dungeons_arise:chests/heavenly_challenger/heavenly_challenger_supply
dungeons_arise:chests/illager_campsite/illager_campsite_tent
dungeons_arise:chests/keep_kayra/keep_kayra_library_normal
dungeons_arise:chests/keep_kayra/keep_kayra_library_treasure
dungeons_arise:chests/merchant_campsite/merchant_campsite_map
dungeons_arise:chests/monastery/monastery_map
dungeons_arise:chests/undead_pirate_ship/undead_pirate_ship_enchants",
minecraft:peony,1,"dungeons_arise:chests/shiraz_palace/shiraz_palace_gardens
dungeons_arise:chests/shiraz_palace/shiraz_palace_supply",
minecraft:phantom_membrane,"1, 3~4","dungeons_arise:chests/greenwood_pub/greenwood_pub_normal
dungeons_arise:chests/thornborn_towers/thornborn_towers_top_treasure",
minecraft:piston,"1, 1~12","dungeons_arise:chests/plague_asylum/plague_asylum_storage
dungeons_arise:chests/small_blimp/small_blimp_coal_storage
dungeons_arise:chests/small_blimp/small_blimp_redstone_chamber",
minecraft:player_head,1,"dungeons_arise:chests/giant_mushroom/red_giant_mushroom
dungeons_arise:chests/giant_mushroom/twin_giant_mushroom
dungeons_arise:chests/shiraz_palace/shiraz_palace_treasure",自定义NBT
minecraft:poisonous_potato,1~2,dungeons_arise:chests/illager_campsite/illager_campsite_supply,
minecraft:poppy,"1, 1~3, 1~4","dungeons_arise:chests/lighthouse/lighthouse_top
dungeons_arise:chests/merchant_campsite/merchant_campsite_supply
dungeons_arise:chests/shiraz_palace/shiraz_palace_gardens
dungeons_arise:chests/shiraz_palace/shiraz_palace_library
dungeons_arise:chests/shiraz_palace/shiraz_palace_supply",
minecraft:porkchop,3~9,dungeons_arise:chests/scorched_mines/scorched_mines_hub,
minecraft:potato,"1~16, 1~2, 1~4","dungeons_arise:chests/illager_campsite/illager_campsite_supply
dungeons_arise:chests/illager_corsair/illager_corsair_supply
dungeons_arise:chests/illager_galley/illager_galley_supply
dungeons_arise:chests/merchant_campsite/merchant_campsite_supply
dungeons_arise:chests/monastery/monastery_barrels
dungeons_arise:chests/mushroom_village/mushroom_village_barrels
dungeons_arise:chests/small_prairie_house/small_prairie_house_barrels
dungeons_arise:chests/undead_pirate_ship/undead_pirate_ship_supply",
minecraft:potion,"1, 1~3, 2~3","dungeons_arise:chests/aviary/aviary_barrels
dungeons_arise:chests/bandit_towers/bandit_towers_normal
dungeons_arise:chests/bandit_towers/bandit_towers_rooms
dungeons_arise:chests/bandit_towers/bandit_towers_supply
dungeons_arise:chests/bathhouse/bathhouse_barrels
dungeons_arise:chests/bathhouse/bathhouse_normal
dungeons_arise:chests/fishing_hut/fishing_hut_barrels
dungeons_arise:chests/greenwood_pub/greenwood_pub_barrels_hallways
dungeons_arise:chests/greenwood_pub/greenwood_pub_barrels_normal
dungeons_arise:chests/heavenly_challenger/heavenly_challenger_supply
dungeons_arise:chests/heavenly_conqueror/heavenly_conqueror_barrels
dungeons_arise:chests/heavenly_conqueror/heavenly_conqueror_normal
dungeons_arise:chests/heavenly_conqueror/heavenly_conqueror_treasure
dungeons_arise:chests/heavenly_rider/heavenly_rider_barrels
dungeons_arise:chests/heavenly_rider/heavenly_rider_normal
dungeons_arise:chests/heavenly_rider/heavenly_rider_treasure
dungeons_arise:chests/illager_windmill/illager_windmill_barrels
dungeons_arise:chests/mechanical_nest/mechanical_nest_supply
dungeons_arise:chests/mushroom_village/mushroom_village_barrels
dungeons_arise:chests/plague_asylum/plague_asylum_barrels
dungeons_arise:chests/plague_asylum/plague_asylum_potions","自定义NBT
药水(minecraft:water)"
minecraft:prismarine_shard,4~8,"dungeons_arise:chests/lighthouse/lighthouse_top
dungeons_arise:chests/shiraz_palace/shiraz_palace_library",
minecraft:pumpkin,"12~16, 1~2","dungeons_arise:chests/heavenly_conqueror/heavenly_conqueror_barrels
dungeons_arise:chests/heavenly_rider/heavenly_rider_barrels
dungeons_arise:chests/heavenly_rider/heavenly_rider_normal
dungeons_arise:chests/jungle_tree_house/jungle_tree_house_treasure",
minecraft:pumpkin_pie,"12~16, 1~8, 2~4, 4~12, 4~5","dungeons_arise:chests/aviary/aviary_barrels
dungeons_arise:chests/bandit_towers/bandit_towers_supply
dungeons_arise:chests/bathhouse/bathhouse_barrels
dungeons_arise:chests/bathhouse/bathhouse_normal
dungeons_arise:chests/heavenly_challenger/heavenly_challenger_supply
dungeons_arise:chests/heavenly_conqueror/heavenly_conqueror_barrels
dungeons_arise:chests/heavenly_rider/heavenly_rider_barrels
dungeons_arise:chests/heavenly_rider/heavenly_rider_normal
dungeons_arise:chests/illager_windmill/illager_windmill_treasure
dungeons_arise:chests/merchant_campsite/merchant_campsite_supply
dungeons_arise_seven_seas:chests/pirate_junk/pirate_junk_supply
dungeons_arise_seven_seas:chests/unicorn_galleon/unicorn_galleon_supply
dungeons_arise_seven_seas:chests/victory_frigate/victory_frigate_supply",
minecraft:purple_dye,"1~2, 1~3","dungeons_arise:chests/illager_campsite/illager_campsite_tent
dungeons_arise:chests/shiraz_palace/shiraz_palace_rooms",
minecraft:quartz,"1, 1~4, 6~12, 8~32, 8~64","dungeons_arise:chests/illager_corsair/illager_corsair_treasure
dungeons_arise:chests/illager_galley/illager_galley_treasure
dungeons_arise:chests/plague_asylum/plague_asylum_storage
dungeons_arise:chests/small_blimp/small_blimp_coal_storage
dungeons_arise:chests/small_blimp/small_blimp_redstone_chamber
dungeons_arise:chests/thornborn_towers/thornborn_towers_rooms
dungeons_arise:chests/thornborn_towers/thornborn_towers_top_rooms
dungeons_arise:chests/typhon/typhon_treasure
dungeons_arise:chests/undead_pirate_ship/undead_pirate_ship_treasure",
minecraft:raw_iron_block,8~12,dungeons_arise:chests/mechanical_nest/mechanical_nest_treasure,
minecraft:red_mushroom,"1~3, 1~4, 1~6, 4~16","dungeons_arise:chests/giant_mushroom/red_giant_mushroom
dungeons_arise:chests/giant_mushroom/twin_giant_mushroom
dungeons_arise:chests/illager_corsair/illager_corsair_supply
dungeons_arise:chests/illager_galley/illager_galley_supply
dungeons_arise:chests/mines_treasure_medium
dungeons_arise:chests/mines_treasure_small
dungeons_arise:chests/mining_system/mining_system_barrels
dungeons_arise:chests/monastery/monastery_barrels
dungeons_arise:chests/mushroom_mines/mushroom_mines_barrels
dungeons_arise:chests/mushroom_mines/mushroom_mines_ores
dungeons_arise:chests/mushroom_mines/mushroom_mines_tools
dungeons_arise:chests/mushroom_village/mushroom_village_barrels
dungeons_arise:chests/shiraz_palace/shiraz_palace_towers
dungeons_arise:chests/small_prairie_house/small_prairie_house_barrels
dungeons_arise:chests/undead_pirate_ship/undead_pirate_ship_supply",
minecraft:red_wool,1~3,dungeons_arise:chests/heavenly_challenger/heavenly_challenger_theater,
minecraft:redstone,"1, 16~32, 1~12, 1~3, 1~32, 1~8, 8~24","dungeons_arise:chests/illager_corsair/illager_corsair_barrels
dungeons_arise:chests/illager_galley/illager_galley_barrels
dungeons_arise:chests/illager_windmill/illager_windmill_barrels
dungeons_arise:chests/jungle_tree_house/jungle_tree_house_treasure
dungeons_arise:chests/lighthouse/lighthouse_top
dungeons_arise:chests/mechanical_nest/mechanical_nest_equipment
dungeons_arise:chests/mechanical_nest/mechanical_nest_normal
dungeons_arise:chests/plague_asylum/plague_asylum_storage
dungeons_arise:chests/shiraz_palace/shiraz_palace_library
dungeons_arise:chests/small_blimp/small_blimp_coal_storage
dungeons_arise:chests/small_blimp/small_blimp_redstone_chamber
dungeons_arise:chests/small_blimp/small_blimp_treasure
dungeons_arise:chests/undead_pirate_ship/undead_pirate_ship_barrels",
minecraft:redstone_block,1~2,"dungeons_arise:chests/mechanical_nest/mechanical_nest_equipment
dungeons_arise:chests/mechanical_nest/mechanical_nest_normal",
minecraft:redstone_lamp,"1, 1~6, 4~8","dungeons_arise:chests/mechanical_nest/mechanical_nest_equipment
dungeons_arise:chests/mechanical_nest/mechanical_nest_normal
dungeons_arise:chests/plague_asylum/plague_asylum_storage
dungeons_arise:chests/small_blimp/small_blimp_coal_storage
dungeons_arise:chests/small_blimp/small_blimp_redstone_chamber",
minecraft:redstone_torch,"1, 3~4","dungeons_arise:chests/plague_asylum/plague_asylum_storage
dungeons_arise:chests/shiraz_palace/shiraz_palace_rooms
dungeons_arise:chests/small_blimp/small_blimp_coal_storage
dungeons_arise:chests/small_blimp/small_blimp_redstone_chamber",
minecraft:repeater,"1, 2~3, 6~12","dungeons_arise:chests/greenwood_pub/greenwood_pub_normal
dungeons_arise:chests/plague_asylum/plague_asylum_storage
dungeons_arise:chests/small_blimp/small_blimp_coal_storage
dungeons_arise:chests/small_blimp/small_blimp_redstone_chamber",
minecraft:rose_bush,"1, 1~2, 1~3, 1~4","dungeons_arise:chests/bandit_towers/bandit_towers_gardens
dungeons_arise:chests/bandit_towers/bandit_towers_treasure
dungeons_arise:chests/heavenly_challenger/heavenly_challenger_theater
dungeons_arise:chests/merchant_campsite/merchant_campsite_map
dungeons_arise:chests/merchant_campsite/merchant_campsite_tent
dungeons_arise:chests/monastery/monastery_bridges
dungeons_arise:chests/mushroom_house/mushroom_house_barrels
dungeons_arise:chests/mushroom_house/mushroom_house_normal
dungeons_arise:chests/mushroom_village/mushroom_village_treasure
dungeons_arise:chests/shiraz_palace/shiraz_palace_elite
dungeons_arise:chests/shiraz_palace/shiraz_palace_gardens
dungeons_arise:chests/shiraz_palace/shiraz_palace_normal
dungeons_arise:chests/shiraz_palace/shiraz_palace_supply
dungeons_arise:chests/small_prairie_house/small_prairie_house_normal
dungeons_arise:chests/small_prairie_house/small_prairie_house_ruined
dungeons_arise:chests/thornborn_towers/thornborn_towers_barrels
dungeons_arise:chests/thornborn_towers/thornborn_towers_rooms
dungeons_arise:chests/thornborn_towers/thornborn_towers_top_rooms
dungeons_arise:chests/thornborn_towers/thornborn_towers_top_treasure",
minecraft:saddle,1,dungeons_arise:chests/illager_windmill/illager_windmill_barrels,
minecraft:salmon,2~7,dungeons_arise:chests/fishing_hut/fishing_hut_barrels,
minecraft:salmon_bucket,1,"dungeons_arise_seven_seas:chests/corsair_corvette/corsair_corvette_barrels
dungeons_arise_seven_seas:chests/pirate_junk/pirate_junk_barrels
dungeons_arise_seven_seas:chests/small_yacht/small_yacht_barrels
dungeons_arise_seven_seas:chests/unicorn_galleon/unicorn_galleon_barrels
dungeons_arise_seven_seas:chests/victory_frigate/victory_frigate_barrels",
minecraft:sand,1~3,"dungeons_arise:chests/bandit_towers/bandit_towers_barrels
dungeons_arise:chests/bandit_village/bandit_village_barrels
dungeons_arise:chests/bandit_village/bandit_village_normal
dungeons_arise:chests/bandit_village/bandit_village_tents",
minecraft:shears,1,"dungeons_arise_seven_seas:chests/corsair_corvette/corsair_corvette_barrels
dungeons_arise_seven_seas:chests/pirate_junk/pirate_junk_barrels
dungeons_arise_seven_seas:chests/small_yacht/small_yacht_barrels
dungeons_arise_seven_seas:chests/unicorn_galleon/unicorn_galleon_barrels
dungeons_arise_seven_seas:chests/victory_frigate/victory_frigate_barrels",
minecraft:shroomlight,2~6,dungeons_arise:chests/scorched_mines/scorched_mines_hub,
minecraft:skeleton_skull,"1, 1~2","dungeons_arise:chests/illager_corsair/illager_corsair_treasure
dungeons_arise:chests/illager_galley/illager_galley_treasure
dungeons_arise:chests/jungle_tree_house/jungle_tree_house_treasure
dungeons_arise:chests/lighthouse/lighthouse_top
dungeons_arise:chests/plague_asylum/plague_asylum_barrels
dungeons_arise:chests/plague_asylum/plague_asylum_normal
dungeons_arise:chests/shiraz_palace/shiraz_palace_library
dungeons_arise:chests/small_blimp/small_blimp_treasure
dungeons_arise:chests/thornborn_towers/thornborn_towers_top_treasure
dungeons_arise:chests/typhon/typhon_treasure
dungeons_arise:chests/undead_pirate_ship/undead_pirate_ship_treasure
dungeons_arise_seven_seas:chests/corsair_corvette/corsair_corvette_normal
dungeons_arise_seven_seas:chests/corsair_corvette/corsair_corvette_treasure
dungeons_arise_seven_seas:chests/pirate_junk/pirate_junk_normal
dungeons_arise_seven_seas:chests/pirate_junk/pirate_junk_treasure
dungeons_arise_seven_seas:chests/small_yacht/small_yacht_normal
dungeons_arise_seven_seas:chests/small_yacht/small_yacht_treasure
dungeons_arise_seven_seas:chests/unicorn_galleon/unicorn_galleon_normal
dungeons_arise_seven_seas:chests/unicorn_galleon/unicorn_galleon_treasure
dungeons_arise_seven_seas:chests/victory_frigate/victory_frigate_normal_lower
dungeons_arise_seven_seas:chests/victory_frigate/victory_frigate_normal_upper
dungeons_arise_seven_seas:chests/victory_frigate/victory_frigate_treasure",
minecraft:slime_ball,"1, 16~32, 1~16, 1~2, 1~32, 1~4, 1~8, 2~3","dungeons_arise:chests/abandoned_temple/abandoned_temple_entrance
dungeons_arise:chests/abandoned_temple/abandoned_temple_map
dungeons_arise:chests/abandoned_temple/abandoned_temple_top
dungeons_arise:chests/bandit_towers/bandit_towers_barrels
dungeons_arise:chests/bandit_village/bandit_village_barrels
dungeons_arise:chests/bandit_village/bandit_village_normal
dungeons_arise:chests/bandit_village/bandit_village_tents
dungeons_arise:chests/ceryneian_hind/ceryneian_hind_treasure
dungeons_arise:chests/giant_mushroom/red_giant_mushroom
dungeons_arise:chests/giant_mushroom/twin_giant_mushroom
dungeons_arise:chests/illager_campsite/illager_campsite_map
dungeons_arise:chests/illager_campsite/illager_campsite_supply
dungeons_arise:chests/illager_campsite/illager_campsite_tent
dungeons_arise:chests/keep_kayra/keep_kayra_normal
dungeons_arise:chests/keep_kayra/keep_kayra_treasure
dungeons_arise:chests/merchant_campsite/merchant_campsite_tent
dungeons_arise:chests/mines_treasure_big
dungeons_arise:chests/mines_treasure_medium
dungeons_arise:chests/mining_system/mining_system_treasure
dungeons_arise:chests/monastery/monastery_bridges
dungeons_arise:chests/mushroom_house/mushroom_house_barrels
dungeons_arise:chests/mushroom_house/mushroom_house_normal
dungeons_arise:chests/mushroom_house/mushroom_house_treasure
dungeons_arise:chests/mushroom_mines/mushroom_mines_barrels
dungeons_arise:chests/mushroom_mines/mushroom_mines_treasure
dungeons_arise:chests/plague_asylum/plague_asylum_barrels
dungeons_arise:chests/plague_asylum/plague_asylum_cells
dungeons_arise:chests/small_prairie_house/small_prairie_house_normal
dungeons_arise:chests/small_prairie_house/small_prairie_house_ruined
dungeons_arise:chests/thornborn_towers/thornborn_towers_barrels",
minecraft:slime_block,"1, 1~2","dungeons_arise:chests/plague_asylum/plague_asylum_storage
dungeons_arise:chests/small_blimp/small_blimp_coal_storage
dungeons_arise:chests/small_blimp/small_blimp_redstone_chamber",
minecraft:soul_lantern,1,"dungeons_arise:chests/keep_kayra/keep_kayra_garden_normal
dungeons_arise:chests/keep_kayra/keep_kayra_garden_treasure",
minecraft:soul_sand,"1, 1~2","dungeons_arise:chests/foundry/foundry_passage_normal
dungeons_arise:chests/greenwood_pub/greenwood_pub_barrels_hallways
dungeons_arise:chests/greenwood_pub/greenwood_pub_barrels_normal",
minecraft:spider_eye,1~3,"dungeons_arise:chests/infested_temple/infested_temple_room_bookshelf
dungeons_arise:chests/infested_temple/infested_temple_room_forge
dungeons_arise:chests/infested_temple/infested_temple_room_garden
dungeons_arise:chests/infested_temple/infested_temple_room_normal
dungeons_arise:chests/infested_temple/infested_temple_room_supply
dungeons_arise:chests/infested_temple/infested_temple_room_table",
minecraft:splash_potion,"1, 1~2, 1~3, 1~4","dungeons_arise:chests/aviary/aviary_barrels
dungeons_arise:chests/greenwood_pub/greenwood_pub_barrels_hallways
dungeons_arise:chests/heavenly_challenger/heavenly_challenger_supply
dungeons_arise:chests/heavenly_challenger/heavenly_challenger_theater
dungeons_arise:chests/heavenly_conqueror/heavenly_conqueror_barrels
dungeons_arise:chests/heavenly_conqueror/heavenly_conqueror_normal
dungeons_arise:chests/heavenly_conqueror/heavenly_conqueror_treasure
dungeons_arise:chests/heavenly_rider/heavenly_rider_barrels
dungeons_arise:chests/heavenly_rider/heavenly_rider_normal
dungeons_arise:chests/heavenly_rider/heavenly_rider_treasure
dungeons_arise:chests/mechanical_nest/mechanical_nest_supply
dungeons_arise:chests/mechanical_nest/mechanical_nest_treasure
dungeons_arise:chests/plague_asylum/plague_asylum_potions
dungeons_arise:chests/shiraz_palace/shiraz_palace_gardens
dungeons_arise:chests/shiraz_palace/shiraz_palace_supply
dungeons_arise:chests/shiraz_palace/shiraz_palace_treasure",自定义NBT
minecraft:sponge,1,"dungeons_arise:chests/lighthouse/lighthouse_top
dungeons_arise:chests/shiraz_palace/shiraz_palace_library",
minecraft:spruce_planks,"1~3, 1~8","dungeons_arise:chests/illager_campsite/illager_campsite_map
dungeons_arise:chests/illager_campsite/illager_campsite_tent
dungeons_arise:chests/plague_asylum/plague_asylum_barrels",
minecraft:spruce_wood,"1, 3~8","dungeons_arise:chests/illager_corsair/illager_corsair_barrels
dungeons_arise:chests/illager_galley/illager_galley_barrels
dungeons_arise:chests/undead_pirate_ship/undead_pirate_ship_barrels",
minecraft:stick,"1, 1~3, 1~4, 1~8, 2~4","dungeons_arise:chests/illager_campsite/illager_campsite_map
dungeons_arise:chests/illager_campsite/illager_campsite_supply
dungeons_arise:chests/illager_campsite/illager_campsite_tent
dungeons_arise:chests/infested_temple/infested_temple_room_bookshelf
dungeons_arise:chests/infested_temple/infested_temple_room_forge
dungeons_arise:chests/infested_temple/infested_temple_room_garden
dungeons_arise:chests/infested_temple/infested_temple_room_normal
dungeons_arise:chests/infested_temple/infested_temple_room_supply
dungeons_arise:chests/infested_temple/infested_temple_room_table
dungeons_arise:chests/merchant_campsite/merchant_campsite_map
dungeons_arise:chests/merchant_campsite/merchant_campsite_supply
dungeons_arise:chests/merchant_campsite/merchant_campsite_tent
dungeons_arise:chests/thornborn_towers/thornborn_towers_rooms
dungeons_arise:chests/thornborn_towers/thornborn_towers_top_rooms
dungeons_arise_seven_seas:chests/corsair_corvette/corsair_corvette_barrels
dungeons_arise_seven_seas:chests/pirate_junk/pirate_junk_barrels
dungeons_arise_seven_seas:chests/small_yacht/small_yacht_barrels
dungeons_arise_seven_seas:chests/unicorn_galleon/unicorn_galleon_barrels
dungeons_arise_seven_seas:chests/victory_frigate/victory_frigate_barrels",
minecraft:sticky_piston,"1, 3~6","dungeons_arise:chests/plague_asylum/plague_asylum_storage
dungeons_arise:chests/small_blimp/small_blimp_coal_storage
dungeons_arise:chests/small_blimp/small_blimp_redstone_chamber",
minecraft:stone,"1, 8~16","dungeons_arise:chests/lighthouse/lighthouse_top
dungeons_arise:chests/plague_asylum/plague_asylum_storage
dungeons_arise:chests/small_blimp/small_blimp_coal_storage
dungeons_arise:chests/small_blimp/small_blimp_redstone_chamber
dungeons_arise:chests/undead_pirate_ship/undead_pirate_ship_enchants",
minecraft:stone_bricks,1~4,dungeons_arise:chests/abandoned_temple/abandoned_temple_entrance,
minecraft:stone_pickaxe,1,"dungeons_arise:chests/giant_mushroom/red_giant_mushroom
dungeons_arise:chests/giant_mushroom/twin_giant_mushroom
dungeons_arise:chests/mines_treasure_big
dungeons_arise:chests/mines_treasure_medium
dungeons_arise:chests/mining_system/mining_system_treasure
dungeons_arise:chests/mushroom_mines/mushroom_mines_barrels
dungeons_arise:chests/mushroom_mines/mushroom_mines_treasure",等级附魔
minecraft:stone_sword,1,"dungeons_arise:chests/abandoned_temple/abandoned_temple_map
dungeons_arise:chests/abandoned_temple/abandoned_temple_top
dungeons_arise:chests/illager_campsite/illager_campsite_map
dungeons_arise:chests/illager_campsite/illager_campsite_tent
dungeons_arise:chests/mushroom_house/mushroom_house_treasure
dungeons_arise:chests/plague_asylum/plague_asylum_cells",等级附魔
minecraft:string,"1, 1~16, 1~3, 1~5, 1~8, 2~3, 3~12","dungeons_arise:chests/bandit_towers/bandit_towers_normal
dungeons_arise:chests/bandit_towers/bandit_towers_rooms
dungeons_arise:chests/illager_campsite/illager_campsite_supply
dungeons_arise:chests/illager_windmill/illager_windmill_barrels
dungeons_arise:chests/infested_temple/infested_temple_room_bookshelf
dungeons_arise:chests/infested_temple/infested_temple_room_forge
dungeons_arise:chests/infested_temple/infested_temple_room_garden
dungeons_arise:chests/infested_temple/infested_temple_room_normal
dungeons_arise:chests/infested_temple/infested_temple_room_supply
dungeons_arise:chests/infested_temple/infested_temple_room_table
dungeons_arise:chests/mechanical_nest/mechanical_nest_equipment
dungeons_arise:chests/mechanical_nest/mechanical_nest_normal
dungeons_arise:chests/plague_asylum/plague_asylum_barrels
dungeons_arise:chests/small_blimp/small_blimp_treasure
dungeons_arise:chests/thornborn_towers/thornborn_towers_rooms
dungeons_arise:chests/thornborn_towers/thornborn_towers_top_rooms
dungeons_arise_seven_seas:chests/corsair_corvette/corsair_corvette_barrels
dungeons_arise_seven_seas:chests/pirate_junk/pirate_junk_barrels
dungeons_arise_seven_seas:chests/small_yacht/small_yacht_barrels
dungeons_arise_seven_seas:chests/unicorn_galleon/unicorn_galleon_barrels
dungeons_arise_seven_seas:chests/victory_frigate/victory_frigate_barrels",
minecraft:sugar,1~8,"dungeons_arise:chests/aviary/aviary_barrels
dungeons_arise:chests/heavenly_challenger/heavenly_challenger_supply",
minecraft:suspicious_stew,1,"dungeons_arise:chests/merchant_campsite/merchant_campsite_supply
dungeons_arise:chests/mushroom_village/mushroom_village_barrels",
minecraft:tipped_arrow,1~8,dungeons_arise:chests/shiraz_palace/shiraz_palace_treasure,自定义NBT
minecraft:tnt,"1, 1~4, 20~32","dungeons_arise:chests/illager_corsair/illager_corsair_barrels
dungeons_arise:chests/illager_galley/illager_galley_barrels
dungeons_arise:chests/lighthouse/lighthouse_top
dungeons_arise:chests/plague_asylum/plague_asylum_storage
dungeons_arise:chests/shiraz_palace/shiraz_palace_library
dungeons_arise:chests/small_blimp/small_blimp_coal_storage
dungeons_arise:chests/small_blimp/small_blimp_redstone_chamber
dungeons_arise:chests/undead_pirate_ship/undead_pirate_ship_barrels",
minecraft:totem_of_undying,1,"dungeons_arise:chests/aviary/aviary_barrels
dungeons_arise:chests/heavenly_challenger/heavenly_challenger_supply
dungeons_arise:chests/heavenly_challenger/heavenly_challenger_theater
dungeons_arise:chests/heavenly_conqueror/heavenly_conqueror_barrels
dungeons_arise:chests/heavenly_conqueror/heavenly_conqueror_normal
dungeons_arise:chests/heavenly_conqueror/heavenly_conqueror_treasure
dungeons_arise:chests/heavenly_rider/heavenly_rider_barrels
dungeons_arise:chests/heavenly_rider/heavenly_rider_normal
dungeons_arise:chests/heavenly_rider/heavenly_rider_treasure",
minecraft:trident,1,dungeons_arise:chests/fishing_hut/fishing_hut_barrels,等级附魔
minecraft:tropical_fish,1~2,dungeons_arise:chests/fishing_hut/fishing_hut_barrels,
minecraft:water_bucket,1,"dungeons_arise:chests/fishing_hut/fishing_hut_barrels
dungeons_arise:chests/greenwood_pub/greenwood_pub_barrels_hallways
dungeons_arise:chests/greenwood_pub/greenwood_pub_barrels_normal",
minecraft:wet_sponge,1,"dungeons_arise:chests/illager_corsair/illager_corsair_supply
dungeons_arise:chests/illager_galley/illager_galley_supply
dungeons_arise:chests/monastery/monastery_barrels
dungeons_arise:chests/mushroom_village/mushroom_village_barrels
dungeons_arise:chests/small_prairie_house/small_prairie_house_barrels
dungeons_arise:chests/undead_pirate_ship/undead_pirate_ship_supply
dungeons_arise_seven_seas:chests/pirate_junk/pirate_junk_supply
dungeons_arise_seven_seas:chests/unicorn_galleon/unicorn_galleon_supply
dungeons_arise_seven_seas:chests/victory_frigate/victory_frigate_supply",
minecraft:wheat,"1~16, 1~2, 2~8, 4~6","dungeons_arise:chests/greenwood_pub/greenwood_pub_barrels_hallways
dungeons_arise:chests/greenwood_pub/greenwood_pub_barrels_normal
dungeons_arise:chests/greenwood_pub/greenwood_pub_normal
dungeons_arise:chests/illager_campsite/illager_campsite_supply
dungeons_arise:chests/illager_windmill/illager_windmill_barrels
dungeons_arise:chests/merchant_campsite/merchant_campsite_supply",
minecraft:white_wool,1~8,"dungeons_arise:chests/illager_campsite/illager_campsite_map
dungeons_arise:chests/illager_campsite/illager_campsite_tent
dungeons_arise:chests/merchant_campsite/merchant_campsite_map
dungeons_arise:chests/merchant_campsite/merchant_campsite_tent",
minecraft:wither_rose,"1, 1~2, 1~3, 1~4, 2~3, 2~4","dungeons_arise:chests/abandoned_temple/abandoned_temple_map
dungeons_arise:chests/abandoned_temple/abandoned_temple_top
dungeons_arise:chests/ceryneian_hind/ceryneian_hind_treasure
dungeons_arise:chests/greenwood_pub/greenwood_pub_normal
dungeons_arise:chests/heavenly_challenger/heavenly_challenger_theater
dungeons_arise:chests/monastery/monastery_map
dungeons_arise:chests/mushroom_house/mushroom_house_treasure
dungeons_arise:chests/plague_asylum/plague_asylum_cells",
minecraft:wither_skeleton_skull,1,"dungeons_arise:chests/aviary/aviary_barrels
dungeons_arise:chests/heavenly_challenger/heavenly_challenger_supply
dungeons_arise:chests/scorched_mines/scorched_mines_treasure",
