# Created by Metasequoia

v -35.429054 -5.023335 -0.608524
v -175.128098 2.203485 -0.582051
v -35.429054 -5.023335 0.450577
v -34.585819 0.147860 0.545395
v -291.577759 -25.915665 -0.480300
v -291.577759 -25.915665 0.480300
v -287.347168 -20.411409 0.566299
v -298.525574 -27.830669 -0.000001
v -295.705505 -22.509102 -0.000001
v -234.819717 -12.471422 -0.480300
v -234.819717 -12.471422 0.480300
v -235.038162 -7.734052 0.566300
v -175.041916 -2.700172 -0.493223
v -175.214828 7.106133 0.002867
v -175.041916 -2.700172 0.498959
v -175.128098 2.203485 0.587786
v -103.795883 1.727193 -0.506670
v -103.795883 1.727193 0.511067
v -103.730881 6.759839 0.602182
v -33.443356 5.454660 -0.807447
v -33.443356 5.454660 0.638553
v -43.565823 -4.035375 -1.183746
v -41.812828 6.746446 -0.807447
v -43.565823 -4.035375 1.014854
v -41.812828 6.746446 0.638553
v -34.270668 0.366277 -1.380346
v -34.270668 0.366277 1.211454
v -42.640137 1.658064 -1.380346
v -42.640137 1.658064 1.211454
v 39.163311 -27.931412 -1.824939
v -33.109673 -5.839733 -2.350046
v -31.082792 5.026568 -2.350047
v -33.109673 -5.839733 2.181154
v -31.082792 5.026568 2.181153
v 41.125969 -24.696924 2.607237
v -32.013042 0.105099 -3.651346
v -32.013042 0.105099 3.482454
v 8.773864 -5.960491 -2.177617
v 7.010449 -10.050612 3.162482
v -26.421185 -0.898167 3.482454
v -66.734512 -0.631090 0.513338
v -66.280273 4.597884 0.611851
v -66.734512 -0.631090 -0.587031
v -27.517820 -6.842998 2.181154
v 7.010449 -10.050613 -3.428381
v -26.421185 -0.898167 -3.651346
v -140.352402 0.557253 -0.495792
v -140.363846 5.472039 0.587381
v -140.352402 0.557253 0.498376
v -206.821060 -7.377409 -0.496020
v -206.978012 -2.445271 0.592437
v -207.135422 2.486574 0.003488
v -206.821060 -7.377409 0.502998
v -259.392731 -17.327139 -0.480300
v -260.386658 -13.406331 0.566299
v -288.792450 -16.424751 -0.000001
v -259.392731 -17.327139 0.480300
v -33.743484 5.318981 -0.078974
v -65.853394 9.586900 -0.036847
v -103.666603 11.792840 0.002198
v -103.730881 6.759839 -0.597785
v -66.280273 4.597884 -0.685545
v -140.363846 5.472039 -0.584797
v -140.375885 10.386491 0.001291
v -34.585819 0.147860 -0.703343
v -206.978012 -2.445271 -0.585460
v -235.256882 -2.996269 -0.000001
v -235.038162 -7.734052 -0.566300
v -260.386658 -13.406331 -0.566300
v -261.518646 -8.894110 -0.000001
v -287.347168 -20.411409 -0.566301
v 5.252429 -14.542753 2.008725
v 5.252429 -14.542753 -2.177616
v -27.517822 -6.842998 -2.350046
v 39.163311 -27.931412 1.656048
v 43.088623 -21.462433 -1.824940
v 43.088623 -21.462433 1.824939
v -25.490938 4.023303 -2.518939
v 8.773864 -5.960490 2.177616
v -25.490938 4.023303 2.181153
v -30.487745 9.286248 9.342602
v -30.396074 10.742694 8.946502
v -30.173380 12.189866 6.551183
v -30.132252 12.457131 5.197233
v -30.099136 12.672326 3.786247
v -30.333744 11.147771 -8.692934
v -30.011627 13.240987 -0.258141
v -30.816263 7.151414 -6.314201
v -30.488670 9.280240 -7.631052
v -30.498041 9.219327 -8.410385
v -30.498041 9.219342 8.419606
v -30.498182 9.218419 6.886568
v -30.811218 7.184190 7.215811
v -30.333744 11.147756 8.702154
v -30.074299 12.833739 -2.512391
v -33.397396 -8.761041 10.796067
v -33.360237 -8.519545 11.205888
v -33.033081 -6.393583 12.260274
v -32.612556 -3.660848 12.748391
v -32.245144 -1.273279 13.046675
v -32.077354 -0.182876 13.323749
v -30.814505 8.023610 11.773802
v -30.714544 8.673186 11.205887
v -30.676790 8.918504 10.321416
v -31.997423 0.336534 13.323746
v -31.019249 5.832316 7.941314
v -30.971275 6.144067 8.842384
v -30.861296 6.858788 9.273975
v -30.628120 8.374032 9.274903
v -31.654568 2.564556 12.911683
v -30.247366 11.709073 8.044913
v -30.074299 12.833739 2.521615
v -30.053770 12.967137 1.370602
v -30.011627 13.240987 0.267365
v -30.173380 12.189866 -6.541960
v -30.247366 11.709073 -8.035692
v -30.396074 10.742709 -8.937281
v -30.811218 7.184205 -7.206587
v -30.700874 7.901248 -5.838798
v -30.563824 8.791863 -6.154199
v -30.498184 9.218419 -6.877347
v -30.053770 12.967137 -1.361379
v -30.488670 9.280240 7.640274
v -30.563824 8.791863 6.163423
v -30.700874 7.901248 5.848022
v -30.816263 7.151414 6.323425
v -30.132252 12.457131 -5.188010
v -30.099136 12.672326 -3.777025
v -33.397984 -8.764847 10.321417
v -33.260273 -7.869937 11.773802
v -32.827156 -5.055389 12.530665
v -32.420208 -2.410914 12.911688
v -31.041693 6.547240 12.260271
v -30.677380 8.914681 10.796063
v -30.946941 6.302218 7.182625
v -30.746660 7.603723 9.336534
v -31.829630 1.426922 13.046673
v -33.187870 -8.260203 9.274906
v -33.069336 -7.489909 9.336536
v -32.954700 -6.744989 9.273978
v -32.844715 -6.030239 8.842384
v -32.796741 -5.718503 7.941317
v -32.869053 -6.188375 7.182628
v -31.247622 5.209032 12.530663
v -31.462221 3.814461 12.748386
v -33.678707 -10.589084 -8.937278
v -33.741039 -10.994145 -8.692930
v -33.942524 -12.303491 -5.188010
v -33.975639 -12.518686 -3.777023
v -34.000477 -12.680083 -2.512391
v -34.063148 -13.087345 -0.258141
v -33.606514 -10.119953 8.950357
v -34.063148 -13.087345 0.267365
v -33.252167 -8.678051 6.163423
v -34.021008 -12.813496 1.370605
v -33.317955 -9.105515 8.419606
v -33.317955 -9.105516 -8.410382
v -33.327328 -9.166460 -7.631049
v -33.317814 -9.104622 -6.877343
v -33.115120 -7.787450 -5.838798
v -33.004776 -7.070378 -7.206584
v -30.677380 8.914681 -10.786844
v -30.714546 8.673186 -11.196669
v -30.814508 8.023595 -11.764579
v -31.041695 6.547225 -12.251052
v -31.247623 5.209015 -12.521441
v -31.462225 3.814444 -12.739169
v -31.654568 2.564539 -12.902466
v -31.829632 1.426905 -13.037453
v -32.077358 -0.182878 -13.314525
v -32.245152 -1.273312 -13.037451
v -30.746660 7.603723 -9.327312
v -30.861296 6.858804 -9.264754
v -30.971277 6.144067 -8.833160
v -31.019251 5.832316 -7.932093
v -33.827415 -11.555448 -8.035689
v -33.901402 -12.036241 -6.541960
v -34.021008 -12.813496 -1.361376
v -33.901402 -12.036240 6.551180
v -33.827415 -11.555431 8.044919
v -33.741039 -10.994114 8.702157
v -33.678707 -10.589083 8.946502
v -33.004776 -7.070377 7.215811
v -32.999729 -7.037570 6.323428
v -33.115120 -7.787449 5.848022
v -33.317814 -9.104621 6.886568
v -33.327324 -9.166443 7.640276
v -33.252167 -8.678053 -6.154196
v -32.999729 -7.037571 -6.314201
v -33.942524 -12.303490 5.197233
v -34.000477 -12.680083 2.521618
v -33.975639 -12.518686 3.786249
v -31.997427 0.336517 -13.314528
v -33.033089 -6.393600 -12.251050
v -33.260273 -7.869939 -11.764577
v -33.360237 -8.519546 -11.196665
v -33.397400 -8.761072 -10.786841
v -32.869053 -6.188375 -7.173401
v -32.796749 -5.718518 -7.932090
v -32.844719 -6.030270 -8.833158
v -32.954708 -6.745007 -9.264751
v -33.069340 -7.489925 -9.327308
v -33.187874 -8.260204 -9.265678
v -30.628126 8.374002 -9.265681
v -30.946941 6.302218 -7.173404
v -32.827160 -5.055421 -12.521439
v -32.420216 -2.410946 -12.902461
v -32.612556 -3.660850 -12.739164
v -33.328247 -9.172419 9.342605
v -30.487745 9.286248 -9.333381
v -33.328251 -9.172451 -9.333380
v -30.521423 9.928172 -8.412371
v -30.516775 9.958356 -8.828860
v -30.512007 9.989341 -7.629694
v -29.786360 13.844096 0.610678
v -29.700253 14.403686 0.004612
v -30.521421 9.928157 8.421590
v -30.516775 9.958341 8.838082
v -30.356516 10.139022 9.646319
v -30.237162 10.914624 9.639947
v -29.941545 12.835660 6.727454
v -29.898746 13.113784 5.318338
v -29.865076 13.332574 3.883758
v -31.907997 0.056915 14.520267
v -31.815819 0.655908 13.954106
v -30.356518 10.139022 -9.637097
v -33.317562 -8.242270 -9.962689
v -33.380913 -8.653884 -9.993237
v -31.187773 5.597956 9.309960
v -31.265202 5.094761 7.855484
v -29.941545 12.835660 -6.718233
v -29.898748 13.113784 -5.309115
v -33.373478 -9.466349 10.990131
v -33.312881 -9.072587 11.658305
v -32.134865 -1.417361 13.731701
v -32.000179 -0.542109 13.954109
v -30.503109 9.186416 11.658304
v -30.632122 8.348035 12.391258
v -30.757221 8.395850 -9.962692
v -30.693872 8.807509 -9.993239
v -31.023829 6.663302 9.953275
v -31.133469 5.950871 -6.463957
v -31.050476 6.490149 -6.484249
v -30.622103 9.273877 -5.581522
v -30.843319 7.836335 -5.072411
v -29.865076 13.332574 -3.874537
v -30.441551 9.586442 -10.196181
v -30.135538 11.575015 9.241567
v -30.024061 12.299428 8.393323
v -29.839996 13.495564 2.606597
v -29.820190 13.624259 1.496249
v -30.024061 12.299428 -8.384102
v -30.524261 9.909713 -6.659412
v -30.622103 9.273877 5.590745
v -30.843319 7.836335 5.081635
v -31.053564 6.470115 5.947805
v -30.885490 6.701518 12.933792
v -31.099810 5.308812 13.215199
v -31.318001 3.890928 13.436563
v -33.317562 -8.242238 9.971913
v -33.198521 -7.468668 10.033813
v -33.050949 -6.509690 9.953278
v -32.887005 -5.444314 9.309960
v -32.809574 -4.941133 7.855486
v -32.941315 -5.797229 6.473181
v -31.133465 5.950902 6.473178
v -31.050476 6.490149 6.493470
v -34.029629 -13.730284 -0.601455
v -34.115742 -14.289858 0.004612
v -31.053564 6.470115 -5.938581
v -34.029629 -13.730284 0.610678
v -33.553356 -9.774516 -8.412367
v -33.558002 -9.804684 -8.828859
v -33.578827 -10.800798 -9.630723
v -33.680450 -11.461188 -9.232341
v -33.917248 -12.999972 -5.309115
v -33.950920 -13.218778 -3.874534
v -33.976002 -13.381783 -2.597371
v -31.908003 0.056898 -14.511046
v -32.000179 -0.542110 -13.944883
v -33.995808 -13.510463 1.496249
v -33.562767 -9.835670 -7.629691
v -33.550526 -9.756103 -6.659409
v -30.757215 8.395881 9.971913
v -33.874447 -12.721815 6.727454
v -33.917248 -12.999971 5.318341
v -33.459476 -10.025195 -9.637094
v -30.442520 9.580132 -10.980911
v -30.503115 9.186385 -11.649085
v -30.632122 8.348035 -12.382037
v -30.885490 6.701530 -12.924570
v -31.099812 5.308795 -13.205976
v -31.318003 3.890926 -13.427344
v -31.512253 2.628600 -13.592259
v -31.681129 1.531174 -13.722477
v -32.134872 -1.417394 -13.722475
v -30.876257 7.622310 -10.024587
v -31.023832 6.663287 -9.944053
v -31.187775 5.597954 -9.300737
v -31.265203 5.094759 -7.846263
v -33.021217 -6.316472 5.947808
v -33.024307 -6.336539 6.493473
v -33.562767 -9.835670 7.638921
v -33.550526 -9.756117 6.668633
v -33.950920 -13.218777 3.883761
v -33.791931 -12.185632 -8.384100
v -33.874451 -12.721831 -6.718230
v -33.791931 -12.185631 8.393326
v -33.680450 -11.461172 9.241567
v -33.578827 -10.800797 9.639948
v -30.441549 9.586442 10.205400
v -33.231464 -7.682711 5.081635
v -33.976002 -13.381782 2.606597
v -32.930504 -6.587750 -12.924567
v -32.716183 -5.194984 -13.205974
v -32.887012 -5.444345 -9.300737
v -32.809578 -4.941149 -7.846261
v -33.198524 -7.468684 -10.024582
v -33.050949 -6.509692 -9.944050
v -32.497997 -3.777131 -13.427340
v -33.374447 -9.472614 -10.196177
v -33.183872 -8.234222 -12.382034
v -33.312885 -9.072588 -11.649081
v -33.373478 -9.466351 -10.980908
v -32.941315 -5.797230 -6.463954
v -32.303741 -2.514804 -13.592255
v -33.024307 -6.336540 -6.484246
v -33.553356 -9.774514 8.421593
v -33.374447 -9.472629 10.205401
v -33.459476 -10.025194 9.646320
v -29.786360 13.844096 -0.601455
v -30.135540 11.575015 -9.232345
v -30.237164 10.914624 -9.630726
v -29.820190 13.624259 -1.487025
v -30.512007 9.989341 7.638916
v -30.524261 9.909713 6.668636
v -29.839996 13.495564 -2.597373
v -30.876257 7.622310 10.033807
v -33.183872 -8.234221 12.391261
v -32.930500 -6.587733 12.933792
v -32.716183 -5.194982 13.215201
v -32.497990 -3.777099 13.436565
v -32.303745 -2.514818 13.601480
v -30.442518 9.580132 10.990130
v -31.681129 1.531191 13.731699
v -31.512247 2.628633 13.601478
v -33.452675 -9.120252 5.590745
v -33.995808 -13.510463 -1.487023
v -33.452679 -9.120268 -5.581519
v -33.231457 -7.682681 -5.072411
v -33.021221 -6.316488 -5.938581
v -31.815823 0.655890 -13.944886
v -32.658939 11.090936 8.946502
v -32.436241 12.538123 6.551183
v -32.395119 12.805358 5.197233
v -32.362003 13.020555 3.786247
v -32.596611 11.495982 -8.692934
v -33.009396 9.674287 -9.333381
v -32.274494 13.589211 -0.258141
v -33.337917 7.539470 -6.314201
v -33.010319 9.668311 -7.631052
v -33.019691 9.607383 -8.410385
v -32.596611 11.495982 8.702154
v -32.337166 13.181951 -2.512391
v -35.849899 -8.784394 9.342605
v -35.660263 -8.412813 10.796067
v -35.623100 -8.171317 11.205888
v -35.295948 -6.045356 12.260274
v -34.875423 -3.312606 12.748391
v -34.508011 -0.925037 13.046675
v -34.340221 0.165352 13.323749
v -33.077370 8.371804 11.773802
v -32.977409 9.021413 11.205887
v -32.939659 9.266730 10.321416
v -34.260288 0.684746 13.323746
v -35.580132 -7.892054 9.274906
v -33.917435 2.912767 12.911683
v -32.510231 12.057300 8.044913
v -32.337166 13.181951 2.521615
v -32.316635 13.315379 1.370602
v -32.274494 13.589211 0.267365
v -32.436241 12.538123 -6.541960
v -32.510231 12.057300 -8.035692
v -32.658939 11.090936 -8.937281
v -33.332867 7.572261 -7.206587
v -33.222519 8.289332 -5.838798
v -33.019833 9.606460 -6.877347
v -32.316639 13.315349 -1.361379
v -33.010319 9.668311 7.640274
v -32.956089 9.159984 -6.154199
v -32.395119 12.805358 -5.188010
v -32.362003 13.020555 -3.777025
v -35.660851 -8.416636 10.321417
v -35.523140 -7.521710 11.773802
v -35.090019 -4.707132 12.530665
v -34.683075 -2.062656 12.911688
v -33.304562 6.895452 12.260271
v -32.940247 9.262895 10.796063
v -36.363346 -12.981721 0.004609
v -34.092499 1.775149 13.046673
v -35.590988 -7.101869 9.336536
v -35.476353 -6.356904 9.273978
v -35.366364 -5.642199 8.842384
v -35.318398 -5.330462 7.941317
v -35.390701 -5.800334 7.182628
v -33.510490 5.557243 12.530663
v -33.725086 4.162688 12.748386
v -35.941566 -10.240842 -8.937278
v -36.003902 -10.645888 -8.692930
v -36.205395 -11.955264 -5.188010
v -36.238506 -12.170475 -3.777023
v -36.263344 -12.331872 -2.512391
v -35.869377 -9.771742 8.950357
v -35.773819 -8.289996 6.163424
v -36.283875 -12.465254 1.370605
v -35.839603 -8.717490 8.419606
v -35.839603 -8.717492 -8.410382
v -35.848976 -8.778404 -7.631049
v -35.839458 -8.716536 -6.877343
v -35.526428 -6.682323 -7.206584
v -32.940247 9.262895 -10.786844
v -32.977409 9.021413 -11.196669
v -33.077370 8.371804 -11.764579
v -33.304565 6.895421 -12.251052
v -33.510490 5.557226 -12.521441
v -33.725094 4.162671 -12.739169
v -33.917435 2.912750 -12.902466
v -34.092499 1.775132 -13.037453
v -34.340221 0.165350 -13.314525
v -34.508015 -0.925054 -13.037451
v -33.268311 7.991776 -9.327312
v -33.382946 7.246827 -9.264754
v -33.492928 6.532107 -8.833160
v -33.540905 6.220370 -7.932093
v -35.869377 -9.771743 -8.941133
v -36.090279 -11.207221 -8.035689
v -36.164268 -11.688028 -6.541960
v -36.283878 -12.465284 -1.361376
v -36.164268 -11.688027 6.551180
v -36.090279 -11.207220 8.044919
v -36.003899 -10.645887 8.702157
v -35.941566 -10.240840 8.946502
v -35.526428 -6.682322 7.215811
v -35.521381 -6.649530 6.323428
v -35.636776 -7.399409 5.848022
v -35.848976 -8.778403 7.640276
v -35.773819 -8.289997 -6.154196
v -35.521381 -6.649531 -6.314201
v -36.205395 -11.955263 5.197233
v -36.263344 -12.331871 2.521618
v -36.238506 -12.170474 3.786249
v -34.260288 0.684744 -13.314528
v -35.295952 -6.045373 -12.251050
v -35.523140 -7.521712 -11.764577
v -35.623100 -8.171319 -11.196665
v -35.660263 -8.412815 -10.786841
v -35.390701 -5.800335 -7.173401
v -35.318398 -5.330478 -7.932090
v -35.476357 -6.356936 -9.264751
v -35.590992 -7.101885 -9.327308
v -35.709522 -7.872149 -9.265678
v -33.468594 6.690274 -7.173404
v -35.090023 -4.707149 -12.521439
v -34.683079 -2.062674 -12.902461
v -34.875427 -3.312608 -12.739164
v -35.849899 -8.784395 -9.333380
v -31.677555 9.941760 9.809501
v -31.539766 10.837155 10.128403
v -31.414446 11.651525 10.121715
v -31.104050 13.668614 7.063593
v -31.059109 13.960664 5.584025
v -31.023754 14.190406 4.077715
v -31.307741 12.344953 -9.694192
v -31.539766 10.837155 -10.119182
v -30.850693 15.315026 0.004612
v -30.941109 14.727502 -0.631760
v -31.307741 12.344953 9.703413
v -30.997421 14.361556 -2.727474
v -34.707573 -9.748458 11.539410
v -34.643955 -9.335023 12.240993
v -34.242455 -6.725934 13.580252
v -33.788319 -3.774803 14.108161
v -33.407032 -1.297048 14.418055
v -33.265610 -0.378021 14.651582
v -31.829151 8.956620 13.010592
v -31.693689 9.836892 12.240989
v -31.629049 10.256955 10.715438
v -33.168823 0.250942 15.246050
v -33.072033 0.879891 14.651582
v -32.753284 2.951234 14.281321
v -31.190689 13.105569 8.812757
v -30.997421 14.361556 2.736694
v -30.976624 14.496697 1.570831
v -30.941109 14.727502 0.640981
v -31.104050 13.668614 -7.054372
v -31.190693 13.105569 -8.803536
v -31.414455 11.651496 -10.112492
v -30.976627 14.496667 -1.561608
v -31.059109 13.960664 -5.574802
v -31.023754 14.190406 -4.068494
v -34.708591 -9.755086 10.715442
v -34.508488 -8.454720 13.010592
v -34.017418 -5.263564 13.875731
v -33.584358 -2.449364 14.281322
v -32.095188 7.227805 13.580249
v -31.630070 10.250340 11.539409
v -35.486958 -14.813190 0.004612
v -32.930607 1.798948 14.418053
v -32.320229 5.765433 13.875725
v -32.549324 4.276657 14.108162
v -34.923203 -11.149674 -10.112490
v -35.029907 -11.843100 -9.694189
v -35.278538 -13.458797 -5.574800
v -35.313889 -13.688523 -4.068491
v -35.340229 -13.859688 -2.727471
v -35.396538 -14.225617 -0.631757
v -34.797874 -10.335272 10.128407
v -35.396538 -14.225617 0.640981
v -35.361019 -13.994829 1.570831
v -31.629053 10.256955 -10.706220
v -31.630074 10.250342 -11.530188
v -31.693689 9.836892 -12.231769
v -31.829157 8.956601 -13.001370
v -32.095196 7.227771 -13.571029
v -32.320229 5.765414 -13.866505
v -32.549324 4.276655 -14.098942
v -32.753284 2.951217 -14.272102
v -32.930611 1.798916 -14.408832
v -34.708591 -9.755088 -10.706216
v -33.168827 0.250926 -15.236829
v -33.265614 -0.378054 -14.642358
v -33.407036 -1.297080 -14.408828
v -34.797874 -10.335273 -10.119180
v -35.146954 -12.603717 -8.803536
v -35.233593 -13.166763 -7.054370
v -35.361019 -13.994829 -1.561605
v -35.233593 -13.166762 7.063593
v -35.146950 -12.603716 8.812760
v -35.029907 -11.843098 9.703413
v -34.923203 -11.149673 10.121713
v -35.278538 -13.458796 5.584025
v -35.340229 -13.859687 2.736697
v -35.313889 -13.688522 4.077718
v -33.072033 0.879905 -14.642360
v -34.242455 -6.725935 -13.571026
v -34.508492 -8.454737 -13.001367
v -34.643955 -9.335025 -12.231765
v -34.707573 -9.748475 -11.530184
v -34.017422 -5.263581 -13.866502
v -33.584358 -2.449366 -14.272098
v -33.788319 -3.774805 -14.098937
v -34.660088 -9.439892 9.809505
v -31.677559 9.941730 -9.800280
v -34.660088 -9.439908 -9.800279
v -32.784290 10.276383 -8.412371
v -32.779640 10.306581 -8.828860
v -32.774876 10.337539 -7.629694
v -32.308014 14.232152 0.610678
v -32.221905 14.791711 0.004612
v -32.784286 10.276383 8.421590
v -32.779640 10.306581 8.838082
v -32.878166 10.527047 9.646319
v -32.758816 11.302649 9.639947
v -32.463200 13.223714 6.727454
v -32.420399 13.501840 5.318338
v -32.386726 13.720630 3.883758
v -34.429649 0.444955 14.520267
v -34.337463 1.043994 13.954107
v -32.878170 10.527047 -9.637097
v -35.580433 -7.894012 -9.962689
v -35.643772 -8.305641 -9.993237
v -33.450634 5.946197 9.309960
v -33.528072 5.442987 7.855484
v -32.463200 13.223714 -6.718233
v -32.420399 13.501840 -5.309115
v -35.895123 -9.078263 10.990131
v -35.834534 -8.684546 11.658305
v -34.656513 -1.029337 13.731701
v -34.521824 -0.154054 13.954109
v -33.024761 9.574456 11.658304
v -33.153770 8.736089 12.391257
v -33.020081 8.744105 -9.962693
v -32.956738 9.155734 -9.993239
v -33.286697 7.011544 9.953275
v -33.396332 6.299113 -6.463957
v -33.313339 6.838407 -6.484249
v -32.884972 9.622106 -5.581522
v -33.106186 8.184579 -5.072411
v -32.386726 13.720630 -3.874537
v -32.963200 9.974496 -10.196181
v -32.657196 11.963056 9.241567
v -32.545712 12.687484 8.393323
v -32.361641 13.883634 2.606597
v -32.341839 14.012345 1.496249
v -32.545712 12.687484 -8.384102
v -32.787128 10.257939 -6.659412
v -32.884972 9.622106 5.590745
v -33.106186 8.184564 5.081635
v -33.316425 6.818357 5.947805
v -33.407143 7.089574 12.933792
v -33.621460 5.696868 13.215199
v -33.839657 4.278968 13.436563
v -35.580433 -7.894011 9.971913
v -35.461388 -7.120440 10.033813
v -35.313812 -6.161463 9.953278
v -35.149868 -5.096071 9.309960
v -35.072437 -4.592906 7.855486
v -35.204182 -5.449018 6.473181
v -33.396332 6.299098 6.473178
v -33.313339 6.838407 6.493470
v -36.551285 -13.342244 -0.601455
v -36.637390 -13.901802 0.004612
v -33.316425 6.818357 -5.938581
v -36.551285 -13.342244 0.610678
v -35.816223 -9.426304 -8.412367
v -36.100483 -10.412758 -9.630723
v -36.202106 -11.073133 -9.232341
v -36.438900 -12.611917 -5.309115
v -36.472572 -12.830737 -3.874534
v -36.497654 -12.993727 -2.597371
v -34.429649 0.444938 -14.511046
v -34.521832 -0.154086 -13.944883
v -36.517456 -13.122407 1.496249
v -35.825634 -9.487459 -7.629691
v -35.813385 -9.407860 -6.659409
v -33.020081 8.744105 9.971912
v -36.396099 -12.333805 6.727454
v -36.438900 -12.611916 5.318341
v -35.981133 -9.637155 -9.637094
v -32.964172 9.968188 -10.980911
v -33.024761 9.574456 -11.649085
v -33.153774 8.736073 -12.382038
v -33.407143 7.089570 -12.924570
v -33.621456 5.696879 -13.205976
v -33.839657 4.278981 -13.427344
v -34.033905 3.016655 -13.592259
v -34.202774 1.919244 -13.722477
v -34.656521 -1.029369 -13.722475
v -33.139122 7.970521 -10.024587
v -33.286697 7.011529 -9.944053
v -33.450642 5.946168 -9.300737
v -33.528072 5.442986 -7.846263
v -35.284084 -5.968276 5.947808
v -35.287170 -5.988312 6.493473
v -35.825634 -9.487458 7.638921
v -35.813385 -9.407859 6.668636
v -36.472572 -12.830737 3.883761
v -36.313583 -11.797577 -8.384100
v -36.396099 -12.333806 -6.718230
v -36.313583 -11.797575 8.393326
v -36.202106 -11.073132 9.241567
v -36.100483 -10.412756 9.639948
v -32.963200 9.974496 10.205400
v -35.494324 -7.334484 5.081635
v -36.497654 -12.993727 2.606597
v -35.452156 -6.199680 -12.924567
v -35.237835 -4.806944 -13.205974
v -35.149876 -5.096103 -9.300737
v -35.072437 -4.592907 -7.846261
v -35.461388 -7.120442 -10.024582
v -35.313812 -6.161465 -9.944050
v -35.019646 -3.389075 -13.427340
v -35.896095 -9.084590 -10.196177
v -35.705524 -7.846168 -12.382034
v -35.834538 -8.684533 -11.649081
v -35.895126 -9.078295 -10.980908
v -35.204182 -5.449019 -6.463954
v -34.825394 -2.126764 -13.592255
v -35.287174 -5.988313 -6.484246
v -35.816223 -9.426303 8.421593
v -35.896095 -9.084588 10.205401
v -35.981133 -9.637154 9.646320
v -32.308014 14.232152 -0.601455
v -32.657192 11.963071 -9.232345
v -32.758816 11.302649 -9.630726
v -32.341843 14.012315 -1.487025
v -32.774876 10.337539 7.638916
v -32.787128 10.257939 6.668636
v -32.361641 13.883634 -2.597373
v -33.139122 7.970521 10.033807
v -35.705521 -7.846166 12.391261
v -35.452156 -6.199678 12.933792
v -35.237835 -4.806942 13.215201
v -35.019646 -3.389073 13.436565
v -34.825394 -2.126762 13.601480
v -32.964165 9.968204 10.990130
v -34.202778 1.919230 13.731699
v -34.033897 3.016687 13.601478
v -35.715542 -8.772039 5.590745
v -36.517464 -13.122437 -1.487022
v -35.715542 -8.772040 -5.581519
v -35.494324 -7.334485 -5.072411
v -35.284084 -5.968261 -5.938581
v -34.337471 1.043962 -13.944885
v -33.019691 9.607383 8.419606
v -33.019836 9.606460 6.886568
v -33.332874 7.572232 7.215811
v -33.540905 6.220355 7.941314
v -33.492928 6.532107 8.842384
v -33.382950 7.246827 9.273975
v -33.149776 8.762073 9.274902
v -33.085480 9.179904 6.163423
v -33.222530 8.289302 5.848022
v -33.337921 7.539470 6.323425
v -33.468597 6.690274 7.182625
v -33.268314 7.991761 9.336534
v -33.009399 9.674287 9.342602
v -35.507385 -7.419316 -5.838798
v -35.710075 -8.736486 6.886568
v -35.236980 -5.662121 -8.833158
v -33.020390 8.742120 -9.265682
v -9.697384 -0.129713 2.155571
v -11.024931 -4.582034 3.284976
v -12.433033 -9.742647 2.071126
v -11.024931 -4.582035 -3.502372
v -12.433034 -9.742647 -2.240017
v -9.697384 -0.129714 -2.324464
v 26.407053 -13.035175 -2.079488
v 26.407057 -13.035174 2.079486
v 24.468178 -16.871469 3.007990
v 22.532076 -20.914520 1.910596
v 24.468178 -16.871469 -3.273889
v 22.532074 -20.914520 -2.079487
v -35.196354 -5.327160 -1.183746
v -35.196354 -5.327160 1.014854
v 42.118141 -25.173817 -1.996943
v 39.103569 -28.055519 -2.341505
v 43.164318 -21.353069 2.195119
v 43.229919 -22.257317 -1.600238
v 40.496120 -27.846817 -1.600239
v 39.103573 -28.055519 2.195118
v 43.164318 -21.353069 -2.341505
v 41.133923 -24.704292 -3.097566
v 38.909805 -29.251736 -0.073193
v 41.133926 -24.704294 2.951180
v 43.358028 -20.156933 -0.073193
v 30.465115 -19.738773 -3.227504
v 32.489460 -15.900794 -2.399562
v 28.440805 -23.576748 -2.399562
v 43.229923 -22.257317 1.453919
v 28.247627 -24.819424 0.084406
v 30.553902 -19.738773 2.914346
v 32.682594 -14.658212 0.084406
v 28.440809 -23.576752 2.568373
v 32.489460 -15.900794 2.568374
v 42.446236 -25.330334 -0.073193
v 40.396137 -28.694481 -0.073193
v 42.118145 -25.173817 1.850556
v 40.496120 -27.846821 1.453919
v 43.840065 -21.653133 -0.073193
v 35.903492 -23.039555 -3.538895
v 35.903492 -19.353714 -3.506320
v 35.903488 -16.830473 -3.036496
v 35.903492 -15.036538 -1.809243
v 35.903492 -14.353714 -0.083063
v 35.903492 -15.036539 1.643117
v 35.903488 -16.830475 2.870370
v 35.903492 -19.353714 3.340194
v 35.903492 -23.039557 3.372769
v 36.955242 -23.039555 -3.538895
v 36.955242 -19.353714 -3.506320
v 36.955238 -16.830473 -3.036496
v 36.955242 -15.036538 -1.809243
v 36.955242 -14.353714 -0.083063
v 36.955242 -15.036539 1.643117
v 36.955238 -16.830475 2.870370
v 36.955242 -19.353714 3.340194
v 36.955242 -23.039558 3.372769
v -25.490940 5.273303 -0.168893
v 8.773864 -4.710490 -0.000001
v -9.697385 1.120286 -0.084447
v 26.407053 -11.785174 -0.000001
v 5.252429 -15.792753 0.000000
v -27.517818 -8.092997 -0.000000
v -12.433034 -10.992647 0.000000
v 22.532074 -22.164518 0.000000
v -31.082796 6.276567 -0.084446
v -33.109676 -7.089732 -0.000000
v 37.234272 -24.842125 -2.957654
v 37.227627 -24.944731 2.723230
v 39.009960 -21.404915 -2.957655
v 39.006901 -21.510885 2.801093
v 29.890562 -21.275967 -2.957654
v 29.969807 -21.383148 2.764586
v 31.488678 -17.891600 -2.957654
v 31.571335 -18.002010 2.837632
v 38.117264 -23.227806 3.088048
v 30.770569 -19.692579 3.131381
v 38.122116 -23.123520 -3.285734
v 30.689621 -19.583782 -3.285733
v 0.000000 55.656200 3.999996
v 0.000000 70.710701 -0.000005
v 70.710701 0.000000 0.000000
v 55.656200 0.000000 4.000000
v 0.000000 -70.710602 0.000005
v 0.000000 -55.656101 4.000004
v -70.710701 0.000000 0.000000
v -55.656101 0.000000 4.000000
v 0.000000 55.656200 -4.000004
v 55.656200 0.000000 -4.000000
v 0.000000 -55.656101 -3.999996
v -55.656101 -0.000000 -4.000000
v 0.000000 55.656200 3.999996
v 0.000000 70.710701 -0.000005
v 70.710701 0.000000 0.000000
v 55.656200 0.000000 4.000000
v 0.000000 -70.710602 0.000005
v 0.000000 -55.656101 4.000004
v -70.710701 0.000000 0.000000
v -55.656101 0.000000 4.000000
v 0.000000 55.656200 -4.000004
v 55.656200 0.000000 -4.000000
v 0.000000 -55.656101 -3.999996
v -55.656101 -0.000000 -4.000000
v -1.428555 -17.575686 74.310677
v -0.919146 -12.007007 72.216591
v -16.161741 -6.891794 87.480667
v -7.169817 -6.891884 89.629898
v -3.397061 -1.011863 87.911705
v 6.877510 -17.575758 76.295959
v 34.205338 -27.203573 50.278194
v 36.777008 -22.495878 49.245468
v 45.950123 -26.199469 36.932423
v -12.418103 -8.842066 89.248116
v -6.423823 6.925799 83.727783
v 7.000757 -4.356962 71.070976
v -2.652844 4.935411 85.493896
v 30.172758 -17.739771 46.041496
v 42.349541 -17.402140 33.735367
v 34.074944 -16.147865 46.432877
v 10.700002 -6.369998 72.802605
v 2.088413 -19.422014 75.889153
v -11.685881 4.935480 83.334854
v -14.663388 7.688776 85.578064
v -15.417159 -1.011758 85.038704
v 64.638336 -8.703851 16.178368
v 60.088928 -11.371833 20.453365
v 61.949642 -9.785098 15.871282
v 17.415272 -14.300120 57.376316
v 27.636911 -22.495813 47.060848
v 14.266894 -24.655146 60.302238
v 14.589144 -19.508041 58.529510
v 2.347607 -6.369930 70.806244
v 37.043797 -17.739817 47.683777
v 24.999096 -14.300164 59.188988
v 39.802284 -25.986792 35.663734
v 42.446518 -27.512140 36.622822
v 49.065971 -22.944048 27.160669
v 21.805092 -24.655191 62.104004
v 24.672203 -19.508127 60.939522
v 10.188756 -12.007099 74.871559
v 56.781834 -15.305797 26.709267
v 56.623707 -19.266998 27.688604
v 48.522415 -17.615669 35.009247
v 17.504831 -26.361526 61.692284
v 27.368141 -27.203512 48.644001
v 21.732683 -12.555654 57.798695
v 67.152740 -15.584123 16.036268
v 68.733315 -12.216191 15.650443
v 69.316765 -14.266179 13.772730
v 64.919724 -10.889264 12.298793
v 62.470325 -11.999556 14.357956
v 64.966415 -14.077933 12.872518
v 66.319435 -7.745563 12.033741
v 64.034035 -8.613877 13.982242
v 60.289951 -16.737654 17.034298
v 62.462181 -15.421884 15.068288
v 60.322071 -13.243287 16.280811
v 68.728699 -6.779041 12.347636
v 66.646584 -7.555182 14.289258
v 64.542358 -16.631985 15.735450
v 65.102287 -16.904116 18.027418
v 66.776001 -9.952044 16.867292
v 66.748207 -13.465576 17.606960
v 62.344360 -12.687757 21.205828
v 70.686142 -7.934870 12.937570
v 70.731262 -11.140971 13.501515
v 68.737396 -8.776567 14.952857
v 66.913849 -15.221336 13.463528
v 62.416138 -17.973402 17.727051
v 70.420441 -8.772721 12.154998
v 70.425621 -10.761579 12.423034
v 71.498260 -10.813003 12.840283
v 71.148514 -7.878800 12.307643
v 69.420074 -13.012472 12.588262
v 69.957878 -13.797020 13.026170
v 65.883499 -13.635613 12.184000
v 65.577370 -10.582240 11.601622
v 67.718155 -14.869292 12.743466
v 67.105560 -12.920808 12.109760
v 68.197464 -13.193622 12.370883
v 69.240364 -6.493545 11.705053
v 67.672035 -8.663730 11.586837
v 67.057434 -7.716576 11.461900
v 66.940720 -10.518623 11.638403
v 69.195496 -8.181302 11.764020
v 68.760155 -10.670001 12.005773
v 40.057068 -21.677351 34.478130
v 51.226978 -15.113646 25.562927
v 49.229454 -19.011221 26.162676
v 62.257168 -16.388994 22.051344
v 55.420593 -16.152510 20.640505
v 57.209267 -12.510133 20.146107
v 30.313187 -28.765543 49.897213
v 45.859322 -16.067005 34.055313
v 54.363094 -13.896074 25.873745
v 60.447281 -20.007711 22.558554
v 57.570366 -21.131771 22.259125
v 54.601463 -23.135540 28.303017
v 55.328308 -19.830637 21.502174
v 48.271812 -21.961523 36.173386
v 51.469044 -24.335714 28.001253
v -14.766429 1.248571 88.508759
v -15.237920 -3.190556 90.339546
v -18.746281 1.176063 87.442848
v -12.642426 -3.190584 90.959923
v -9.762948 1.248535 89.704681
v -9.905636 -4.776850 92.221169
v -5.585361 1.175945 90.588531
v -10.482884 7.248743 86.675545
v -8.900864 9.869301 86.008865
v -4.770350 7.688686 87.942665
v -9.240870 5.680325 87.832603
v -11.845496 5.680350 87.210052
v -19.021458 -4.776758 90.042328
v -14.425166 -4.843614 91.094475
v -15.461455 -7.386555 92.050743
v -12.301078 1.277289 89.140228
v 65.315826 -14.083354 12.120452
v 68.017860 -8.216760 11.559555
v 66.669456 -7.087301 11.296586
v 69.353233 -7.621332 11.676009
v 62.698494 -15.419471 14.612685
v 65.159019 -16.472088 15.323002
v 64.186119 -7.939350 13.644168
v 62.612007 -11.669222 13.955562
v 67.048256 -7.340325 14.091615
v 68.008011 -15.600077 15.705221
v 69.366837 -11.891081 15.335399
v 70.249672 -14.279115 13.139610
v 71.477730 -7.281703 12.302972
v 69.527481 -8.121378 14.743489
v 70.188957 -8.306130 12.021978
v 68.200775 -13.544414 12.366434
v 21.614712 -15.307667 53.302788
v 10.562735 -10.500899 63.113014
v 18.683607 -20.781149 54.485550
v 1.908752 -14.518794 81.415062
v -3.453164 -16.549459 80.992355
v 6.354013 -2.188342 77.350037
v 2.443073 -0.114165 75.562309
v -7.334278 -14.518703 79.205826
v -6.669615 -8.392928 76.785820
v 6.727073 -22.055780 66.671898
v 7.230362 -16.312677 64.540703
v -2.938534 -2.188258 75.128967
v 29.554277 -15.307714 55.200470
v 19.135836 -10.500970 65.162117
v 26.125572 -13.473811 53.753326
v 15.254499 -22.055857 68.710091
v 18.633234 -16.312765 67.266182
v 26.260618 -26.187490 58.204586
v 29.238113 -20.781231 57.008240
v 5.690710 -8.393032 79.740143
v 10.343974 -23.960062 68.286667
v 18.371290 -26.187437 56.318909
v 15.488017 -8.554873 63.549324
v 21.767975 -27.979212 57.766399
v 7.603015 -16.553467 64.213936
v 7.263525 -22.496840 66.236008
v 15.083494 -19.455061 57.491844
v 22.906223 -11.784792 56.717972
v 18.165470 -13.710150 56.245743
v 26.170813 -19.455153 60.141884
v 19.253117 -16.550974 67.001198
v 26.507488 -13.710207 58.239616
v 11.011312 -24.463787 67.832481
v 15.965837 -22.494856 68.317955
v 18.319077 -27.004213 60.942463
v 23.038538 -25.125608 61.401611
v 14.752876 -25.125538 59.421211
v 19.359486 -8.822933 59.478779
v 19.613373 -8.129401 59.524006
v 19.944283 -8.281895 59.226799
v 19.933496 -8.747021 59.805275
v 20.263689 -8.898154 59.507408
v 20.518316 -8.205314 59.552826
v 20.312645 -9.234362 59.176029
v 20.026157 -8.791270 60.216270
v 21.214966 -9.115307 59.689087
v 18.463619 -8.997050 59.326771
v 18.675846 -8.792888 59.889221
v 19.402590 -9.660814 59.027054
v 18.555546 -9.554044 59.093033
v 21.106472 -9.659691 59.439857
v 17.879635 -9.252826 59.693779
v 20.816376 -9.250680 60.405983
v 19.029423 -9.103517 60.350182
v 21.200109 -11.242560 60.234360
v 17.294905 -11.075809 59.721230
v 18.884529 -11.356828 59.368374
v 17.177467 -10.915628 60.116478
v 17.587811 -10.799849 60.523811
v 17.938032 -11.240798 59.442848
v 20.785593 -11.357986 59.829193
v 19.921951 -11.401316 59.504524
v 20.458513 -10.917109 60.913651
v 21.094141 -11.082409 60.631264
v 21.384087 -9.403383 60.155109
v 18.458920 -10.756207 60.852505
v 19.507826 -10.800756 60.990311
v 21.266829 -4.920871 58.963654
v 21.719942 -5.146124 58.544022
v 20.130926 -5.766057 60.013493
v 21.897379 -8.840838 58.374237
v 19.270796 -7.601225 60.806580
v 19.830210 -6.839989 60.290123
v 20.751701 -8.840916 58.100288
v 18.103769 -7.601313 60.527527
v 18.665207 -6.840076 60.011551
v 20.564152 -5.146207 58.267643
v 20.557161 -7.172809 58.092236
v 20.107307 -4.920949 58.686386
v 18.232687 -5.711195 60.406891
v 19.403318 -5.711102 60.686813
v 18.633142 -5.339592 60.717201
v 18.747368 -4.879525 59.933739
v 19.916418 -4.879442 60.213272
v 21.584221 -6.266069 57.333443
v 21.731707 -7.414693 57.199619
v 22.730169 -6.265985 57.607475
v 20.484432 -4.495676 58.339958
v 17.556103 -6.371211 61.028366
v 18.729774 -6.371126 61.309006
v 17.065767 -7.890724 61.480103
v 18.239122 -7.890636 61.760658
v 22.873894 -7.414620 57.472733
v 22.868402 -8.351818 57.476372
v 21.642321 -4.495605 58.616814
v 21.728458 -8.351888 57.203804
v 22.493601 -9.876179 57.820854
v 20.739548 -9.587159 58.112419
v 21.883455 -9.587071 58.385948
v 18.894646 -8.192138 61.153706
v 17.726471 -8.192213 60.874390
v 21.354759 -9.876261 57.548538
v 22.103287 -7.328696 58.186005
v 18.844412 -6.251380 59.659805
v -11.673274 -4.722461 81.081032
v -12.362953 -11.273959 83.650810
v -2.457287 -11.202372 72.791565
v 6.781839 -2.773121 71.565376
v -1.957103 4.145028 79.796394
v 1.322378 -4.887498 71.118607
v 10.099194 -11.202499 75.792747
v 1.535976 -4.719403 84.241180
v 10.761727 -4.887595 73.374741
v -8.211020 -13.443280 85.554367
v -2.489609 -11.271481 86.012779
v 0.824861 -19.506706 77.051369
v -7.702035 1.919113 79.324165
v 2.232058 1.921234 81.700882
v 6.268680 -17.439219 77.483978
v -3.121405 -17.439108 75.239616
v 2.506699 2.091017 75.251808
v 3.754991 2.604079 75.062019
v 2.659607 2.604056 74.800186
v 3.209994 1.757125 74.928413
v 1.315448 1.992532 75.177650
v 2.297687 2.237888 75.774857
v 4.516939 1.506661 75.226418
v 3.537467 1.262425 74.632042
v 3.885979 1.998524 75.801277
v 1.955758 1.500708 74.605095
v 0.872897 1.310609 74.879829
v 1.115391 1.841412 75.727615
v 4.406890 0.779502 74.939125
v 4.661110 1.308438 75.786110
v 2.510156 0.776336 74.479073
v 3.027788 1.844772 76.191811
v 4.411958 -0.848054 75.915810
v 0.026811 -0.504552 75.376938
v -0.139881 -0.167697 75.850166
v 1.859405 -1.091638 74.926826
v 0.779721 -0.849929 75.033211
v 0.290967 0.077029 76.328011
v 1.251055 0.170615 76.703522
v 3.976187 -1.090849 75.440643
v 3.024319 -1.183093 75.069778
v 3.513517 -0.165099 76.739204
v 4.258204 -0.511824 76.390823
v 2.428917 0.078507 76.848259
v 4.718853 6.254370 74.285294
v 5.267640 5.803515 73.777275
v 3.318158 5.702920 75.579651
v 5.696640 3.046399 73.376938
v 6.431203 2.821423 72.697418
v 6.613765 1.514579 72.526825
v 0.936518 3.856995 76.267273
v 1.635012 4.542467 75.625343
v 4.110137 2.569550 73.355736
v 1.856594 5.248315 75.213287
v 3.428938 6.254278 73.976860
v 3.981879 5.803432 73.469841
v 2.455608 7.182106 75.621971
v 6.481290 4.060011 72.652756
v 5.206383 4.059924 72.347923
v 5.158634 2.821332 72.393135
v 6.170955 2.849125 72.198875
v 3.896770 6.609421 73.547089
v 0.293294 5.539167 76.855835
v 0.896694 6.221500 76.301193
v 1.599698 5.539261 77.168198
v -0.332992 3.920519 77.432556
v 0.973481 3.920635 77.744949
v 5.345115 1.514476 72.223465
v 5.184672 6.609503 73.855034
v 6.129123 -0.155176 72.972626
v 2.201108 6.221604 76.613106
v 4.490883 3.713391 73.004997
v 5.494871 0.943008 73.560623
v 4.220848 0.942915 73.255997
v 2.235729 3.857095 76.577934
v 2.931707 4.542565 75.935402
v 1.766347 3.301084 77.011131
v 0.465667 3.300987 76.700127
v 4.861279 -0.155263 72.669472
v 46.317860 -19.901978 28.676638
v 46.266308 -24.038439 29.627804
v 42.552414 -21.003672 32.115788
v 51.626770 -14.498403 28.512911
v 48.323292 -15.786636 28.145977
v 48.066433 -15.423245 31.937269
v 50.706608 -21.285740 33.798538
v 54.178944 -20.173912 30.298899
v 50.776653 -16.966167 32.825737
v 48.855183 -25.499441 30.482449
v 45.178230 -26.779295 33.996998
v 44.636917 -16.753780 31.558714
v 52.139725 -24.241615 30.839880
v 48.585663 -25.482643 34.365612
v 21.189445 -17.309582 65.636833
v 17.925331 -23.828224 66.773880
v 12.661990 -25.980484 66.152039
v 10.923318 -25.278107 67.753166
v 8.495546 -23.828138 64.520020
v 17.043451 -8.434931 62.116936
v 15.333645 -7.527810 63.691483
v 11.724713 -10.668198 61.479515
v 6.740442 -16.507204 64.183708
v 6.707117 -23.101156 66.105316
v 8.537085 -17.309486 62.612724
v 21.269331 -10.668285 63.760818
v 19.610521 -9.787746 65.351967
v 9.956326 -9.787673 63.044456
v 16.243198 -23.101250 68.384590
v 19.212559 -16.511618 67.554222
v 17.644831 -15.600475 69.077904
v 15.758433 -23.090441 68.845772
v 10.458115 -24.927912 68.181572
v 8.825445 -24.031502 69.685081
v 6.196911 -23.090359 66.560410
v 13.374360 -6.238773 65.251915
v 4.687506 -15.600350 65.980911
v 4.466606 -22.244640 68.093796
v 17.894857 -8.840347 66.996773
v 8.128820 -8.840274 64.662529
v 14.131639 -22.244722 70.403893
v 17.262562 -15.355659 69.449585
v 15.425415 -14.427412 71.230415
v 13.740089 -22.017448 70.779076
v 8.447218 -23.583738 70.033386
v 6.182814 -22.635942 72.118660
v 4.049891 -22.017368 68.462952
v 13.235827 -6.300495 65.623337
v 11.678749 -5.414211 67.057236
v 7.726273 -8.579291 65.018524
v 2.280735 -14.427305 68.088623
v 1.798930 -21.076197 70.461845
v 4.271358 -15.355553 66.344475
v 17.517654 -8.579355 67.358833
v 15.918924 -7.677855 68.890350
v 6.025341 -7.677780 66.525627
v 11.616723 -21.076279 72.808464
v 6.221332 -17.973673 77.966492
v 8.780843 -10.286677 77.669075
v 0.229948 -20.118462 77.600624
v -3.923122 -17.973579 75.541794
v -1.787336 -18.974108 79.458328
v 7.513674 -2.815469 70.892822
v 1.532247 -4.994401 70.508125
v 5.594943 -1.495716 72.659767
v -4.915140 -10.286556 74.395515
v 9.820589 -3.697522 74.729263
v -0.457488 -3.697440 72.272636
v 4.273226 -16.808331 79.826752
v 12.784568 -12.845009 73.791176
v 8.629587 -19.430859 75.664642
v 11.190140 -11.756757 75.337646
v 2.943575 -21.185766 75.101662
v -1.369833 -19.430777 73.274612
v 9.222927 -3.974662 69.101982
v 3.516891 -6.177126 68.748161
v 8.037602 -3.077925 70.410347
v -2.311465 -11.756650 72.110542
v -0.582246 -12.844893 70.596291
v -3.360057 -18.198275 75.040413
v 13.561313 -6.177204 71.148941
v 12.205636 -5.251307 72.447403
v 2.074954 -5.251233 70.026001
v 6.754856 -18.198360 77.458046
v 14.959496 -14.102250 71.683266
v 11.075670 -20.740002 73.326584
v 13.192099 -13.202903 73.394341
v 5.653967 -22.319685 72.605667
v 1.223612 -20.739920 70.971779
v 3.559104 -21.373087 74.534821
v 11.285463 -5.110789 67.419411
v 5.595474 -7.368118 66.905762
v 9.702544 -4.275033 68.877113
v -0.137564 -13.202778 70.208336
v 1.773786 -14.102143 68.531662
v -0.871125 -19.805544 72.833191
v 15.516181 -7.368198 69.276970
v 13.919257 -6.514542 70.804916
v 3.899668 -6.514464 68.410072
v 9.097540 -19.805635 75.215858
v 15.485368 -7.265842 61.541145
v 13.995410 -6.541507 62.893532
v 11.856625 -7.034353 60.547127
v 7.025959 -8.691507 62.845932
v 10.332099 -6.308300 61.888893
v 8.592444 -9.402139 61.485458
v 8.779696 -13.140792 64.208725
v 7.199224 -12.454332 65.610641
v 8.105737 -11.717525 63.027893
v 14.368959 -8.374563 64.298737
v 15.863098 -9.086861 62.925514
v 6.524727 -11.021917 64.412674
v 13.580029 -6.627518 63.271774
v 12.043468 -5.878418 64.666862
v 9.909357 -6.393901 62.264679
v 4.978693 -8.044544 64.630585
v 8.337878 -5.643064 63.649010
v 6.592712 -8.779995 63.227196
v 6.760712 -12.547222 66.003059
v 5.132343 -11.835832 67.448555
v 6.086966 -11.113156 64.800560
v 12.410602 -7.725796 66.098839
v 13.951503 -8.462878 64.682579
v 4.458144 -10.392672 66.228653
v 17.712046 -6.537698 63.781494
v 21.596439 -6.303392 64.582283
v 19.165934 -7.262061 62.420502
v 21.889946 -8.686011 66.400314
v 23.312803 -9.396708 65.005508
v 17.023129 -12.449512 67.959389
v 19.484247 -11.016647 67.511467
v 18.509228 -13.136035 66.534904
v 20.940466 -11.712313 66.096870
v 15.804397 -5.874548 65.565422
v 19.736420 -5.638077 66.374481
v 17.304499 -6.623691 64.161621
v 20.018782 -8.038946 68.227066
v 21.487680 -8.774472 66.788986
v 15.071695 -11.830937 69.824883
v 17.570444 -10.387316 69.363960
v 16.604746 -12.542387 68.356606
v 19.073223 -11.107875 67.905739
v 5.256814 -1.275696 70.827347
v 1.260789 -0.953390 69.879463
v 3.601934 -0.095176 72.330193
v -0.765080 -4.293552 69.616806
v -2.468808 -3.150387 71.098404
v 1.673770 -9.452223 70.511703
v 0.120192 -7.503899 70.023369
v 0.011339 -8.372929 71.986259
v 6.721523 -3.841954 71.327438
v 5.089530 -2.693288 72.827423
v -1.564037 -6.400507 71.499130
v 7.149323 -2.940866 69.110321
v 3.202483 -2.623600 68.172714
v 5.541781 -1.799961 70.569832
v 1.186897 -5.910886 67.926010
v -0.469134 -4.806783 69.364655
v 3.574905 -10.987908 68.829994
v 2.048118 -9.070443 68.340004
v 1.959430 -9.946735 70.261925
v 8.585806 -5.466490 69.614182
v 0.411192 -8.005492 69.773048
v 9.468486 -3.792510 67.391983
v 8.325239 -8.373531 68.450081
v 6.428850 -3.757500 66.477303
v 1.812513 -8.201790 68.933167
v 5.286870 -8.372511 67.545670
v 2.848677 -3.980378 67.957550
v 0.876081 -7.943295 72.236916
v 0.713377 -8.042218 70.846786
v 1.755818 -4.347291 71.413712
v 8.153195 -8.255528 70.087791
v 1.651832 -4.207039 69.964706
v 7.565143 -0.091185 73.276871
v 9.181373 -1.271755 71.764786
v 11.585582 0.236362 74.247688
v 14.805577 -4.287822 73.339943
v 13.163575 -0.948261 72.725288
v 13.254677 -3.144588 74.858070
v 10.265036 -8.367961 74.437523
v 11.828073 -9.447298 72.939217
v 12.031162 -6.395010 74.749672
v 13.583469 -7.498465 73.242393
v 9.457364 -1.796029 71.505119
v 11.026692 -2.936970 70.036499
v 13.430788 -1.473607 72.463165
v 16.570782 -5.905237 71.604492
v 14.962300 -2.618541 70.984352
v 15.065890 -4.801074 73.079254
v 12.090319 -9.941822 72.683838
v 13.607519 -10.983072 71.228401
v 13.843530 -8.000083 72.984650
v 15.349985 -9.065075 71.520439
v 11.471832 -8.373791 69.200287
v 14.816106 -8.371765 69.822571
v 12.624751 -3.792836 68.144524
v 14.467812 -8.200545 71.957733
v 15.541392 -3.979300 70.991142
v 9.326078 -7.942710 74.255470
v 11.816830 -8.041211 73.500084
v 10.228829 -4.346809 73.437813
v 12.786578 -4.206170 72.625557
v 11.235566 -4.531336 65.749802
v 9.601295 -8.759584 67.254539
v 7.942416 -4.316505 65.098160
v 6.150188 -10.361444 65.088860
v 6.293524 -8.583912 66.615692
v 7.639092 -6.538674 63.718765
v 10.293287 -13.074573 63.796745
v 8.238055 -12.054932 64.163353
v 11.537457 -9.924108 62.651543
v 11.862475 -10.127566 66.644218
v 9.574473 -8.652131 62.933434
v 12.721126 -8.757586 68.002716
v 15.766584 -8.581163 68.883255
v 14.354856 -4.529293 66.497833
v 18.481531 -10.358424 68.039917
v 19.968519 -6.535699 66.669395
v 18.271946 -13.072128 65.706787
v 18.848639 -12.052162 66.702835
v 19.515074 -9.921655 64.561333
v 20.183620 -8.649400 65.472572
v 1.699137 6.690211 80.996086
v 3.093071 7.954895 80.318855
v 5.935296 5.162188 82.543236
v 15.464600 2.687830 74.106216
v 11.416791 4.154312 72.623909
v 7.456668 7.248234 82.034744
v -17.541136 54.607643 100.536705
v -16.028578 43.341564 93.069557
v -13.968436 53.479660 98.619514
v 6.084419 3.867890 81.981140
v 1.865001 5.388762 80.440483
v 3.222502 8.779243 80.486801
v 7.229201 8.123169 82.515343
v 14.166441 0.483456 74.396599
v 10.121530 1.945764 72.916565
v 2.981950 9.659595 80.962402
v 4.698223 10.844233 80.250130
v 24.774973 -4.757808 63.956917
v 20.993231 -3.386458 62.571198
v 12.001020 5.300943 72.540710
v 8.931889 9.310648 81.801186
v 28.942451 -8.780869 59.124214
v 25.300995 -7.460335 57.789955
v 16.051601 3.831896 74.024620
v 17.350233 11.690837 59.932766
v 28.550238 -10.039538 59.001900
v 24.918310 -8.723547 57.671577
v 14.396102 9.300504 58.643723
v 22.136497 20.493195 60.502686
v 23.784140 -9.389054 58.351448
v 27.430201 -10.708959 59.686508
v 18.920563 17.624676 58.440437
v 12.351900 18.461950 63.347115
v 20.276093 -4.633705 62.725021
v 24.055725 -6.002839 64.109406
v 11.003233 23.840378 62.360580
v -1.974794 21.627605 69.635963
v 9.075231 0.512938 72.914101
v 13.552050 -0.612286 74.514999
v -2.501436 25.944704 68.462585
v -13.623254 35.027187 72.237968
v 2.507910 14.348723 84.250366
v 7.125109 17.065937 84.875336
v -10.411511 36.182785 69.227440
v -8.538298 52.617569 75.395996
v 21.594755 -2.515225 62.383652
v 25.910908 -6.520967 57.618507
v 25.375916 -3.887455 63.769554
v 8.584394 21.612362 88.201691
v 3.483321 19.529829 87.864258
v 26.783836 -5.885782 57.135399
v 29.552582 -7.842643 58.953236
v 8.670006 29.074333 93.296234
v 3.467657 29.425987 92.036186
v 10.834558 3.153079 72.752907
v 14.881029 1.688499 74.234184
v 30.415993 -7.204998 58.467003
v 30.774225 -5.986619 58.601418
v -3.908948 37.884792 90.080910
v -1.080860 34.321304 91.086418
v 7.320567 6.427269 81.863991
v 27.132807 -4.662961 57.266014
v -12.193393 39.285763 91.509377
v 16.820658 4.761982 71.004944
v 15.001184 5.705326 72.774185
v 14.080984 4.648322 70.350403
v 10.193097 -1.475864 73.824158
v 10.664132 -0.305405 71.419510
v 12.231914 5.590271 72.112663
v 16.694708 4.085720 73.711266
v 15.075984 -2.003543 73.066422
v 10.917665 -1.754253 74.094490
v 12.780307 -2.620197 72.312157
v 18.493977 3.693163 69.373268
v 15.782894 3.580803 68.725525
v 12.063437 -2.344585 72.044601
v 12.690637 -1.390711 69.512306
v 18.496159 3.159114 71.932320
v 17.049320 -3.069135 71.140244
v 14.493556 -3.611496 70.669319
v 19.948559 2.878205 67.955284
v 17.262236 2.766987 67.313423
v 13.599817 -3.120934 70.581367
v 14.197558 -2.159599 68.093773
v 19.974699 2.333154 70.469231
v 18.516390 -3.823302 69.707390
v 15.983743 -4.360671 69.240761
v 22.420099 1.481686 65.542839
v 20.802771 2.340142 67.121071
v 19.776825 1.372437 64.911209
v 15.083120 -2.669268 67.259575
v 16.160130 -4.589212 68.139404
v 16.760035 -3.475851 65.680428
v 18.131464 2.229599 66.482788
v 19.377663 -4.323828 68.864563
v 22.435797 0.777086 68.026527
v 21.009573 -5.113814 67.269058
v 16.859011 -4.858125 68.400581
v 18.294329 -5.574150 67.023285
v 24.016005 0.637823 63.983955
v 21.400883 0.529853 63.359009
v 17.825573 -5.376278 66.551399
v 18.415817 -4.267566 64.120590
v 24.035976 -0.065336 66.439072
v 22.620155 -5.888825 65.692741
v 19.913919 -6.336074 65.468643
v 25.339886 -0.097289 62.688950
v 22.748692 -0.204167 62.069702
v 19.469860 -6.148353 64.982628
v 25.383003 -0.809363 65.100372
v 21.512499 -7.083168 63.933052
v 26.923817 -1.614366 63.568054
v 21.590933 1.306361 68.865532
v 5.610806 3.570324 73.676102
v 4.721823 3.321240 73.540138
v 6.507971 6.687038 72.637779
v 13.726473 10.683469 65.966476
v 13.326401 10.832079 65.575150
v 13.815310 19.754393 65.894318
v 2.623035 4.996095 75.473831
v 5.227761 6.686945 72.331665
v 9.562267 9.293067 69.816475
v 5.969976 12.834206 73.142891
v 5.549989 9.227913 73.526871
v 10.198290 13.036369 69.232697
v 6.845374 13.531548 70.205467
v 7.372504 12.193014 69.725815
v 9.259417 13.531767 70.782814
v 5.894397 13.551884 71.075310
v 4.966031 12.071018 71.927330
v 9.414607 10.073791 70.631226
v 7.014577 10.073573 70.057259
v 8.626718 8.743729 71.359444
v 4.732986 10.044260 72.144424
v 7.158859 10.044488 72.724571
v 8.319438 13.552096 71.655258
v 9.775875 12.193232 70.300591
v 6.222449 8.743497 70.784447
v 7.693111 8.605906 72.225525
v 5.278650 8.605673 71.648094
v 7.396487 12.071245 72.508583
v 19.518391 -6.468318 59.907196
v 21.223162 -7.387291 58.336449
v 20.977558 -3.289601 59.239410
v 17.664402 6.961426 60.919609
v 21.461273 12.695894 57.431183
v 18.866138 6.961509 61.206978
v 19.812216 -3.289685 58.960747
v 21.789309 4.425181 58.498825
v 24.016153 3.153635 56.436268
v 23.736576 -0.092072 56.690613
v 22.731577 4.960489 56.928879
v 23.280319 3.094237 57.738373
v 21.080208 3.094040 57.212204
v 22.482462 2.828442 58.479126
v 19.571203 1.149591 58.595222
v 21.546669 2.122730 56.788071
v 21.392923 0.285994 56.932533
v 21.783604 1.149787 59.124321
v 21.619764 -0.484266 59.272408
v 20.682461 -1.177790 57.584930
v 22.870703 -1.177587 58.108261
v 23.736734 2.122922 57.311829
v 20.272667 2.828240 57.950630
v 19.411903 -0.484481 58.744385
v 19.823664 -1.517753 58.370430
v 22.021854 -1.517546 58.896137
v 23.577679 0.286200 57.455032
v 11.661064 17.411133 68.315643
v 11.871858 9.947134 68.107155
v 9.431916 15.219132 70.378479
v 8.601696 15.642483 69.945862
v 10.781256 17.788567 67.938263
v 10.793242 9.551043 67.951622
v 9.786822 17.556295 67.717468
v 9.896683 9.710703 67.628860
v 7.544845 15.365518 69.773392
v 8.295479 9.292976 69.513557
v 11.698504 6.206962 67.209488
v 13.387342 7.167416 65.536858
v 12.755567 -4.050941 66.117905
v 4.258979 9.227818 73.218170
v 6.897794 6.942651 70.798668
v 8.928430 13.036284 68.929047
v 22.858402 3.153562 56.159416
v 19.074814 1.322252 59.242538
v 20.612993 4.425094 58.217525
v 23.401522 8.613230 57.411057
v 20.049505 4.151087 60.512360
v 23.587111 4.782404 57.231453
v 19.116409 3.740741 60.282730
v 20.864218 1.434348 59.751015
v 21.562872 8.353100 56.954025
v 18.244005 4.035742 59.997925
v 21.760944 4.527236 56.779259
v 16.724932 2.174306 62.121208
v 16.035202 4.877915 62.640297
v 22.546932 8.705144 57.099255
v 10.841044 -2.961143 67.418068
v 10.941408 6.638399 66.841766
v 12.549260 1.056556 65.376793
v 10.977278 5.490162 67.787964
v 12.374746 8.397879 65.696304
v 13.437722 3.729679 64.726852
v 13.529131 9.105740 65.428757
v 14.368680 4.753785 64.654800
v 13.761236 8.397987 66.027870
v 12.629333 6.638537 67.245407
v 14.207677 1.056709 65.773384
v 14.806126 3.729801 65.054085
v 18.203781 5.846572 61.912064
v 18.250418 3.234693 62.031487
v 16.622026 3.234553 61.642075
v 17.395592 1.617965 61.874001
v 17.528843 6.821195 61.743576
v 16.855835 5.846458 61.589722
v 22.137323 -15.308771 56.903111
v 34.963726 -18.654942 45.155251
v 23.206871 -15.308643 57.158913
v 19.650002 -25.259481 59.813583
v 32.838554 -27.495106 47.657917
v 20.548307 -20.320553 58.257137
v 21.805920 -20.320396 58.557911
v 34.704975 -23.102781 46.581543
v 42.804737 -26.890587 38.473896
v 50.261723 -24.745846 31.600975
v 43.452530 -22.864712 37.295410
v 44.649681 -18.794092 36.280563
v 35.904911 -18.654837 45.380348
v 44.456013 -22.864601 37.535408
v 51.879383 -17.181934 29.654243
v 45.502304 -18.794010 36.484482
v 4.004260 -11.785031 73.301315
v 2.912867 -17.158815 75.185028
v -12.894502 1.154891 88.757111
v 51.744614 -20.981649 30.773727
v 5.519354 -11.784939 73.663559
v 7.310461 -6.067407 71.882561
v -9.123626 7.248733 87.000420
v 6.022323 -6.067480 71.574577
v 33.597710 -23.102901 46.316742
v -5.982362 -2.884184 85.191887
v -8.943170 -8.651774 87.084618
v -10.718320 0.981640 89.599319
v -9.224604 -2.884116 84.416969
v -10.747385 -8.651729 86.653397
v -6.518304 3.671211 82.206841
v -3.762647 3.671157 82.865448
v -16.501535 -5.251285 92.998451
v -18.982763 -3.743859 91.901871
v -19.998856 -2.431126 96.091057
v -13.749943 -4.922351 91.536400
v -42.750851 41.887981 122.451065
v -55.940331 63.287457 134.121201
v -41.217445 46.966717 119.092079
v -47.337189 37.163372 125.028435
v -60.313980 59.311352 136.683075
v -54.374889 67.275627 130.899460
v -60.646732 67.435448 129.284531
v -65.077705 63.305546 131.944092
v -47.301239 46.966835 117.638008
v -9.154542 1.972978 91.568893
v -13.152099 -3.743996 93.295433
v -12.425978 4.909732 94.668968
v -8.085945 8.979953 88.644760
v -13.942433 8.980068 87.245049
v -17.293343 12.030704 90.274414
v -18.356028 1.973194 89.369698
v -22.634974 -0.896184 94.954048
v -15.598125 -4.922306 91.094681
v -52.339867 41.889210 120.159889
v -53.681118 37.162193 123.511543
v -43.548256 29.451231 112.289253
v -31.341583 14.828137 101.224815
v -32.294086 9.495055 103.981628
v -21.778484 4.909950 92.433678
v -38.685673 35.000725 109.911964
v -26.756699 21.126900 99.007668
v -26.156609 9.494888 105.448524
v -38.372494 24.514633 116.934532
v -22.029406 14.827452 103.450111
v -34.006035 29.450035 114.569191
v -20.835815 21.126776 100.422798
v -11.294924 1.154873 89.139435
v -11.339784 12.030587 91.697342
v -10.480102 10.536019 87.579758
v 50.816643 -20.981737 30.551785
v -43.675571 48.856548 117.976891
v -56.410698 69.219780 129.575455
v -32.626007 35.000603 111.360260
v -23.240788 22.791601 99.338333
v -64.078156 57.410069 136.636642
v -50.967644 35.313961 124.692070
v -29.671587 7.876291 105.126060
v -41.977329 22.785576 116.599281
v 3.125570 0.557120 95.517326
v 4.634459 -0.106956 95.065086
v 3.801338 1.591094 95.234138
v -7.591166 -13.213460 97.920563
v -10.051167 -13.883785 97.604660
v -8.561106 -11.978592 98.247536
v 4.701490 15.992795 88.095367
v 3.895398 16.897184 87.511528
v 3.187596 15.945281 88.852577
v -14.920457 17.755919 83.697357
v -14.238809 17.886728 82.701576
v -12.958721 18.009617 84.043373
v 2.462090 -0.729969 95.922562
v 3.940150 -1.453032 95.488869
v -14.060349 -14.515581 96.891891
v -15.837150 -14.720089 96.549446
v -14.749444 -13.221772 97.264732
v 4.936422 15.162922 88.500885
v 3.411844 15.152486 89.240578
v -12.186290 18.151917 83.063065
v -11.228357 18.200317 84.367416
v 1.677320 -2.205127 96.385399
v 3.118734 -2.995616 95.972984
v -30.760120 -11.144393 92.569023
v -30.802528 -12.341510 91.983009
v -29.990711 -11.982434 93.122894
v -3.879347 -9.954467 97.339943
v -4.867780 -9.624069 96.919685
v -5.013243 -8.859672 97.692886
v -32.664204 1.727253 85.376671
v -31.620857 2.443091 85.285324
v -32.537704 2.309552 86.252678
v -30.979691 -10.387248 92.174110
v -31.032093 -11.550407 91.569733
v -4.769200 18.511501 84.671112
v -5.870342 18.790157 84.293571
v -5.868783 18.353367 85.580872
v -30.642799 -9.507932 91.844780
v -30.679665 -10.632319 91.224655
v -1.679501 18.153151 85.576019
v -3.327225 18.352177 85.087654
v -2.914834 18.010811 86.445602
v -26.401493 -12.958933 94.374222
v -26.244291 -14.240162 93.869789
v -24.658945 -13.223575 94.894997
v -21.833780 14.210546 83.586052
v -21.470160 14.176696 82.585320
v -21.496181 15.149382 83.283325
v -27.503061 9.929809 83.028191
v -28.512259 8.194453 83.528427
v -27.601418 10.150794 84.008026
v -29.871181 -8.546156 91.573509
v -29.872442 -9.628347 90.939980
v -31.119396 -8.864175 91.449806
v -20.695368 15.942363 83.140465
v -20.280416 15.989762 82.120407
v -19.279902 16.806957 83.105072
v -21.732801 -13.568937 95.738052
v -21.362122 -14.878939 95.295357
v -20.701019 -13.817536 96.100105
v -6.119692 -12.337134 97.885651
v -7.154055 -11.140221 98.214180
v -16.876743 17.433998 83.386368
v -16.285685 17.550230 82.376877
v 1.912199 17.552380 86.729317
v 0.149749 17.888420 86.142937
v 0.520002 17.436066 87.547203
v -17.378040 -14.878237 96.248123
v -16.448864 -13.417053 96.937363
v -10.375949 18.351351 83.401787
v -9.731853 18.352907 84.656937
v -21.799713 13.173795 84.010368
v -21.433577 13.090966 83.027985
v -18.664949 -15.138203 96.061104
v -17.922554 -13.568240 96.649223
v -8.810371 18.511026 83.704559
v -8.490822 18.619350 84.844330
v -28.566833 8.492409 84.486633
v -29.466280 6.808867 84.995743
v -31.178169 -9.959193 90.811630
v -32.130585 -8.833520 91.220787
v -29.997902 -13.217480 92.562241
v -28.087317 -12.621940 93.839111
v 3.088351 14.213700 89.546638
v 4.599083 14.179964 88.820297
v -22.800196 13.554226 83.642105
v -22.480995 13.490001 82.644051
v -32.235905 -9.925901 90.572884
v -32.957104 -9.434384 90.199158
v -23.095695 -13.418262 95.347847
v -22.787266 -14.721350 94.887413
v -26.025276 11.983865 82.503891
v -26.187944 12.113637 83.506386
v -33.561878 -8.408282 89.611343
v -32.820042 -8.364017 90.863068
v -19.153160 -13.817250 96.470245
v -20.183790 -14.443100 96.521507
v -24.421982 -14.517457 94.414040
v -24.648407 13.020969 82.374687
v -24.871532 13.105000 83.383148
v -33.539394 -6.415792 88.726929
v -33.398140 -7.382932 90.300842
v -23.558325 13.501123 82.411522
v -23.829569 13.564229 83.418854
v -33.282291 -4.727118 88.034225
v -33.376389 -5.476700 89.455673
v -0.249158 -5.471170 97.377922
v 1.102079 -6.410067 97.011322
v 0.747385 -3.855746 96.895569
v -5.959888 -8.542046 97.291733
v -5.974239 -9.503645 97.744057
v -32.934128 -3.001366 87.350937
v -33.130299 -3.861251 88.793777
v 2.145285 -4.721362 96.506660
v -4.884336 -10.627821 97.393394
v -6.344151 -10.382918 98.065468
v 3.559522 13.557625 89.946503
v 5.091739 13.493486 89.238579
v 4.549164 13.567860 90.206146
v -32.582077 -1.458736 86.754501
v -32.797119 -2.210644 88.140839
v -4.490249 18.201109 85.978981
v -12.051145 -14.237594 97.263908
v -10.914376 -12.618850 97.945831
v 5.222906 13.108866 90.580742
v 6.829501 13.024975 89.903183
v 5.783867 12.117810 91.152954
v -29.452518 6.432833 84.060738
v -30.226421 5.314826 85.460915
v -32.259373 -0.112588 86.241791
v -32.460213 -0.735415 87.570816
v -32.164398 0.969095 85.799492
v -32.151386 0.551687 87.080734
v -12.827579 -12.956476 97.620262
v 7.415683 11.988173 90.501862
v 7.380082 9.934470 91.371002
v -30.871037 4.020164 85.871094
v -30.921078 3.515381 84.976326
v -31.540276 2.994783 86.166214
v -32.060249 1.585646 86.657684
v 6.363688 1.733094 94.710403
v 5.341187 0.974799 94.769112
v 4.780025 2.315156 95.177391
v 7.110650 8.199323 92.048103
v 5.749538 10.155268 91.984383
v 6.745432 6.437939 92.717857
v 5.491705 8.497116 92.632126
v 6.373629 4.874997 93.305412
v 5.142454 6.813742 93.272797
v 6.029803 3.520761 93.813416
v 4.787143 5.319917 93.834694
v 2.336843 13.176865 89.783089
v 3.814487 13.094172 89.066544
v -7.512360 18.789961 83.900833
v -7.471063 19.302078 84.815697
v -30.247154 4.869727 84.547226
v -28.007313 -13.887036 93.310654
v -1.693512 -7.377543 97.882797
v -0.409477 -8.402678 97.539536
v 6.125547 13.504859 89.510979
v -4.024314 -8.828679 97.942192
v -2.846298 -9.920824 97.601189
v -3.002487 -8.358936 97.993729
v -1.165608 17.757566 86.987152
v -6.446476 19.504972 83.871696
v -6.921160 18.619534 85.219757
v 4.458714 4.025339 94.320473
v 4.343128 3.000145 94.747932
v -20.283411 -15.138509 95.674065
v -18.799978 16.894472 82.083420
v 5.908232 2.448639 94.260651
v -5.272265 -11.545917 97.729958
v 2.416950 16.809582 88.294342
v -21.117733 15.159722 82.269508
v -1.778223 -9.429038 97.655357
v -28.648880 -8.492987 91.814491
v -28.876259 -9.335821 92.032669
v -27.893747 -9.423160 92.287758
v -19.897467 -13.177316 95.868584
v -7.093529 -8.489286 96.969315
v -7.336208 -9.332053 97.183800
v -7.053290 -10.242809 97.690712
v -10.751334 -11.931408 97.537582
v -12.590255 -12.255872 97.224693
v -14.481105 -12.516849 96.874901
v 3.236931 1.905306 94.816444
v -22.100939 12.071867 84.391289
v -22.794765 12.519129 83.947815
v -4.213138 -4.347040 95.669701
v -5.138057 -4.952045 95.826805
v -5.822775 -3.799073 94.995956
v -25.858921 -12.258255 94.051643
v -27.479218 -11.934398 93.537285
v 3.480803 12.663322 90.184525
v 4.492423 12.388418 90.571098
v 3.615211 3.792759 94.072899
v -2.233938 -7.064176 97.466980
v -29.378046 -7.506577 91.209373
v -30.197388 -7.549337 90.936722
v -4.922089 -5.764591 96.261246
v -3.892116 -5.558486 96.317024
v -26.184921 -6.189408 91.313095
v -25.748737 -5.174446 90.953697
v -24.583862 -4.819195 90.937096
v -25.544176 -8.051378 92.299080
v -24.737659 -7.037310 92.018639
v -24.931587 -8.647121 92.591774
v -24.144482 -12.518598 94.564003
v -8.640435 -11.357350 97.808083
v -16.164391 -12.710307 96.550652
v -17.692570 -12.867012 96.251930
v -29.186308 -11.361004 92.894753
v -26.668776 -8.525004 92.264557
v -26.606737 -9.352335 92.539986
v -9.743570 -7.034769 95.604408
v -9.753222 -8.048660 96.075394
v -10.603711 -7.008810 95.254776
v -8.794546 -6.165587 95.442558
v -8.874999 -5.424590 94.959534
v 0.017585 -3.801785 96.550179
v 0.931626 -2.178220 96.048103
v 1.601382 11.148780 90.446594
v 1.857194 12.075022 90.121277
v 2.555691 11.096292 90.603241
v 1.197673 10.252104 90.722366
v 2.036049 9.942828 90.958054
v 0.337399 9.385520 90.867210
v 0.754481 8.652171 91.173866
v -1.314244 8.021176 90.904755
v -0.944916 8.994391 90.700249
v -2.439317 9.670022 89.908508
v -1.705976 9.544569 90.267899
v -7.313344 -5.171365 95.362480
v -7.676728 -6.186264 95.739265
v -7.969257 -4.816466 94.910469
v -8.232745 17.790876 85.122528
v -24.136198 -5.427138 91.309868
v -25.016287 -6.168327 91.563171
v -20.621790 13.075492 84.305824
v -20.782337 13.885217 83.831299
v -20.590750 14.836342 83.491455
v -14.970099 16.862991 83.927834
v -13.041400 17.112217 84.268112
v -11.328727 17.300837 84.588913
v -31.008278 1.900134 86.626541
v -6.241747 17.459391 85.734779
v -19.202589 13.901943 84.170044
v -19.577610 13.135769 84.510300
v -17.969954 13.791118 84.487610
v -18.619915 13.049384 84.757034
v -5.621805 -7.502564 96.890572
v -4.670432 -7.545016 97.041367
v -1.533835 16.864618 87.141418
v 0.085376 16.556070 87.679245
v -31.915760 -7.829678 90.697441
v -32.363480 -7.069244 90.261658
v -32.343102 -5.359399 89.503853
v -32.105778 -3.807007 88.867912
v -31.777214 -2.183429 88.225761
v -31.442909 -0.722682 87.661407
v -29.948372 3.787831 86.045906
v -28.704062 -5.768579 90.573868
v -29.115625 -6.622724 90.867958
v -29.405706 -5.562717 90.215515
v -27.827930 -4.955810 90.400581
v -28.100740 -4.350973 89.957024
v -25.992823 -3.802391 90.172295
v -26.522102 -4.616405 90.534058
v -2.432687 10.551475 89.653236
v -1.278986 10.604649 89.926888
v 0.535578 13.904458 88.890816
v 0.169429 13.138303 89.233170
v -0.736143 13.793335 88.609398
v -3.253762 17.113400 86.609047
v -19.003050 15.992129 83.376556
v -16.849054 16.554008 83.629005
v 1.786196 15.994670 88.348755
v 2.383332 15.325374 88.781181
v -2.715092 11.447696 89.202789
v -3.660024 11.270015 88.921303
v -4.813187 17.301622 86.147247
v -27.641363 8.264408 84.659691
v -23.267855 8.648897 85.428596
v -22.493845 9.382421 85.406784
v -21.587906 8.018350 86.056038
v -22.511501 11.145586 84.679611
v -22.749722 10.248879 84.994980
v -23.342621 11.092858 84.409241
v -28.526506 6.608775 85.160316
v -26.713367 9.857467 84.199966
v -25.445551 11.616845 83.750198
v -23.786661 12.666046 83.676804
v -21.452263 8.991572 85.795609
v -20.259449 9.542028 85.830559
v -23.648985 9.939342 84.815094
v -29.279636 5.129659 85.620773
v -19.922415 10.602142 85.468010
v -19.208878 9.667728 85.897827
v 1.135443 13.078304 89.509460
v 1.505514 13.843968 89.168190
v -27.669531 -8.580060 92.068604
v -29.916727 -10.246827 92.223137
v -23.629330 -7.011019 92.139755
v -21.182941 -12.867641 95.417252
v -8.353300 -9.419750 96.960709
v -8.107064 -8.576674 96.746834
v -9.544377 -9.349364 96.620323
v -9.032937 -8.521955 96.482048
v -10.617932 -8.644647 96.014793
v -22.596111 -12.711475 95.012566
v -5.187322 -6.618690 96.590302
v -4.233967 -6.657758 96.740211
v 4.927316 11.620845 91.014359
v 4.896836 9.861735 91.760002
v 4.649546 8.268851 92.382462
v 4.306564 6.613445 93.012672
v 3.955220 5.134448 93.569199
v -0.939386 -5.354203 97.013939
v -3.248306 -7.824796 97.553093
v -6.135436 -4.613027 95.409492
v 2.395480 0.616850 95.169319
v 1.708190 -0.717508 95.589561
v -1.926521 12.526130 88.950806
v -2.387398 13.010281 88.514496
v -9.778070 17.458967 84.888985
v -0.818620 13.051690 89.014526
v -16.835804 13.008430 85.058884
v -17.858883 12.524041 85.140305
v -17.829866 11.445682 85.587830
v -16.789286 11.268229 85.781227
v -18.772533 10.549273 85.745300
v -31.122185 0.611699 87.153450
v -29.934584 -6.662097 90.594025
v 4.494895 -0.642679 94.109032
v 5.165746 0.383970 93.827705
v -7.109370 -13.092815 96.822945
v -9.446214 -13.728626 96.523361
v 4.555145 14.635185 87.490654
v 3.790079 15.493114 86.936455
v -13.419688 16.432480 82.373253
v 3.836245 -1.920818 94.511612
v -13.254457 -14.327297 95.847000
v -14.942021 -14.521246 95.521919
v 4.777810 13.848197 87.875839
v -11.472366 16.684313 82.716698
v 3.057162 -3.385732 94.971489
v -29.152857 -12.264163 91.183914
v -3.586067 -9.994654 96.271179
v -30.912750 1.097365 84.910591
v -29.370497 -11.511999 90.791573
v -4.434772 17.025484 84.242836
v -5.479364 17.289705 83.884377
v -29.035412 -10.638446 90.464287
v -1.502623 16.685493 85.101196
v -3.066420 16.874363 84.638016
v -24.825092 -14.066298 92.976677
v -20.282736 12.913162 82.262772
v -19.947561 13.845121 81.962257
v -26.009510 8.882787 82.681763
v -28.268553 -9.682985 90.194633
v -29.508434 -9.999092 90.071999
v -19.152540 14.632267 81.820457
v -20.189045 -14.672065 94.331001
v -5.712064 -12.260032 96.789566
v -15.361659 16.112974 82.064537
v 1.906981 16.115040 86.194725
v 0.233721 16.434107 85.638771
v -16.405441 -14.671419 95.235817
v -9.754759 16.873568 83.038330
v -20.248947 11.883998 82.683990
v -17.627535 -14.918778 95.058182
v -8.269284 17.025068 83.325706
v -26.968292 7.236392 83.156914
v -27.861671 5.564895 83.662407
v -30.512753 -9.968831 89.844711
v -28.389181 -13.096585 91.734077
v 4.456717 12.916295 88.179688
v -21.242220 12.261651 82.318420
v -31.197311 -9.502598 89.489487
v -21.542400 -14.522443 93.943504
v -24.605885 10.831434 82.183731
v -31.770985 -8.528182 88.931076
v -18.651257 -15.540610 95.109352
v -23.094702 -14.329078 93.493805
v -23.298786 11.815619 82.061378
v -22.264235 12.271521 82.096825
v -31.748470 -6.634857 88.091553
v 1.144473 -6.629432 95.957809
v -4.525959 -9.678932 95.872536
v -4.540330 -10.634213 96.322113
v -31.503353 -5.030493 87.434128
v 2.133910 -5.025023 95.478432
v -4.907741 -11.507738 96.641655
v 4.924500 12.264997 88.576691
v 5.906965 12.275087 88.834496
v -31.171776 -3.391189 86.785606
v -11.346028 -14.063878 96.200050
v 6.575921 11.819478 89.206436
v -28.616741 4.081528 84.124283
v -30.836651 -1.926184 86.219490
v -30.529552 -0.648077 85.732796
v -30.438755 0.378609 85.312706
v 7.132930 10.835583 89.774597
v -29.257126 2.796063 84.531570
v -29.921963 1.777889 84.824646
v 6.137431 1.102905 93.771355
v 7.099050 8.887244 90.600151
v 6.843250 7.241051 91.243378
v 6.496710 5.569755 91.879578
v 6.144105 4.086535 92.437653
v 3.710726 11.887071 88.414391
v -7.037430 17.289526 83.511726
v -6.025211 17.967190 83.483315
v -26.499155 -13.731675 92.445328
v -0.289699 -8.522890 96.459679
v -2.604122 -9.964065 96.518883
v 5.818171 2.801180 92.920120
v -19.743143 -15.791168 96.115234
v -19.164579 -14.919058 94.690613
v -17.747324 15.490508 81.785316
v 5.703533 1.783163 93.344734
v -1.589472 -9.497563 96.570015
v -27.054600 -9.629992 90.433792
v -27.991636 -10.375516 90.683914
v -26.467627 -10.438138 91.045433
v -18.522938 -14.169790 94.604477
v -5.651541 -9.626343 95.552223
v -6.040302 -10.347767 95.910606
v -9.434233 -12.931618 96.262878
v -11.261544 -13.253984 95.951927
v -13.140502 -13.513312 95.604317
v 4.698458 1.426832 93.346779
v -20.548031 10.790126 83.062126
v -21.396231 11.365513 82.757530
v -2.936781 -5.392956 94.404778
v -3.709669 -6.112926 94.416718
v -4.536039 -4.848119 93.735016
v -24.446749 -13.256331 92.798820
v -26.056902 -12.934552 92.287735
v 4.706723 11.508786 88.953278
v 5.711790 11.235627 89.337402
v 4.840995 2.695349 92.817307
v -0.970274 -8.094028 96.191795
v -27.859747 -8.592151 89.902863
v -28.756250 -8.575949 89.702789
v -3.495288 -6.920039 94.848373
v -2.617862 -6.597133 95.048370
v -24.606686 -7.341631 89.935280
v -24.173140 -6.333538 89.578224
v -23.176666 -5.861801 89.702309
v -24.051275 -9.133000 90.985069
v -23.169889 -8.183676 90.635902
v -23.523575 -9.666479 91.347153
v -22.743097 -13.515033 93.307953
v -6.252940 -11.715049 96.505646
v -7.336572 -12.361113 96.531647
v -14.813207 -13.705527 95.282112
v -16.331810 -13.861312 94.985298
v -27.753199 -12.364698 91.649193
v -25.188568 -10.367637 91.295967
v -25.088184 -9.661517 90.880524
v -8.282475 -8.181124 94.196152
v -8.292217 -9.188269 94.664146
v -9.286532 -8.037953 93.992714
v -7.340104 -7.317883 94.035225
v -7.568736 -6.463453 93.699043
v 1.266906 -4.851604 95.280029
v 2.175053 -3.238081 94.780823
v 2.980711 9.873773 89.073120
v 3.164526 10.858458 88.819939
v 3.787727 9.952003 89.369286
v 2.579964 8.983582 89.346931
v 3.271517 8.806076 89.721809
v 1.726014 8.123382 89.490715
v 1.998360 7.523863 89.936241
v -0.056818 6.897078 89.668800
v 0.453063 7.735147 89.324921
v -1.434398 7.892321 88.886620
v -0.302474 8.281372 88.895653
v -5.869396 -6.330512 93.955544
v -6.230285 -7.338519 94.329933
v -6.668740 -5.859063 93.650162
v -6.490412 16.896194 83.911766
v -22.732018 -6.465963 90.072769
v -23.446211 -7.320576 90.183495
v -19.079502 11.786469 82.977249
v -19.409330 13.103565 82.486038
v -18.718466 14.150583 82.217186
v -13.622513 15.680833 82.737625
v -11.706532 15.928416 83.075645
v -10.005179 16.115782 83.394295
v -29.559052 0.814711 85.419250
v -4.951942 16.273249 84.532578
v -18.042898 11.846301 83.180229
v -17.827282 12.739339 82.978249
v -16.602711 12.629220 83.293724
v -17.092169 11.760525 83.425140
v -4.190169 -8.646338 95.473808
v -3.391313 -8.571665 95.768700
v -0.275196 15.682443 85.929932
v 1.333364 15.375952 86.464233
v -30.464249 -8.854835 89.465225
v -30.908882 -8.099066 89.032112
v -30.887913 -6.399599 88.278847
v -30.651463 -4.856761 87.646759
v -30.324360 -3.243234 87.008537
v -29.991669 -1.791569 86.447647
v -28.505369 2.690463 84.842255
v -27.108149 -6.923961 89.201408
v -27.517256 -7.772404 89.493607
v -27.968630 -6.601304 88.985779
v -26.237759 -6.116641 89.029144
v -26.671314 -5.396805 88.728676
v -24.576429 -4.851391 88.942352
v -24.940905 -5.779410 89.161545
v -1.023888 9.280976 88.285400
v 0.121338 9.333708 88.557091
v -1.875929 8.503599 88.513344
v 1.780677 12.741834 87.667877
v 1.559100 11.848822 87.868416
v 0.517288 12.631409 87.388298
v -1.983737 15.929595 85.401062
v -17.629042 14.815729 82.190010
v -15.489121 15.373904 82.440773
v 3.023019 14.818261 87.129387
v 3.616267 14.153350 87.558998
v -1.304255 10.170658 87.838196
v -2.387269 10.124784 87.698135
v -3.532842 16.116566 84.942299
v -26.212204 7.138334 83.464867
v -21.866474 7.520604 84.228622
v -21.017464 8.184508 84.138229
v -20.197405 6.894267 84.851921
v -20.955683 9.870615 83.348335
v -21.192251 8.980423 83.661423
v -21.940605 9.948586 83.215935
v -27.091936 5.493400 83.962257
v -25.289928 8.721146 83.008095
v -24.030077 10.469091 82.561256
v -22.381758 11.511426 82.488297
v -19.904202 7.732365 84.456184
v -18.719969 8.278857 84.490829
v -22.245062 8.802626 83.619141
v -27.840576 4.023717 84.419815
v -18.385303 9.331219 84.130913
v -17.833693 8.532965 84.694672
v 2.518066 11.789256 88.142715
v 3.558739 13.106460 87.979301
v -26.082047 -9.716372 90.686050
v -28.478561 -11.257208 90.981590
v -22.228895 -8.040153 90.897606
v -19.800200 -13.861912 94.155846
v -7.050910 -10.434784 95.688820
v -6.657907 -9.713043 95.331230
v -8.234390 -10.364696 95.350441
v -7.577161 -9.658515 95.068184
v -9.300952 -9.664040 94.748428
v -21.204475 -13.706684 93.753700
v -3.758695 -7.768404 95.175385
v -2.957572 -7.689723 95.469193
v 6.143938 10.473060 89.777855
v 6.113807 8.725367 90.518761
v 5.868235 7.142766 91.137321
v 5.527638 5.498038 91.763603
v 5.178698 4.028474 92.316689
v 0.316057 -6.394495 95.741226
v -1.978259 -8.850004 96.277504
v -4.699883 -5.776075 94.002159
v 3.629366 -0.460471 93.907150
v 2.946574 -1.786441 94.324928
v -0.521500 11.241161 87.588066
v -1.123058 11.853599 87.293983
v -8.464794 16.272860 83.692390
v 0.507197 11.828435 87.720718
v -15.476001 11.851741 83.861214
v -16.336683 11.239096 83.805580
v -16.385395 10.233634 84.317909
v -15.429835 10.123055 84.578789
v -17.243765 9.278802 84.406158
v -29.672558 -0.465565 85.942848
v -28.494673 -7.694013 89.362083
v -13.776501 13.615058 90.617325
v -16.488192 -0.897447 96.422340
v -44.673748 24.513556 115.427742
v -35.084293 36.771606 110.251656
v -67.071342 59.186886 135.198334
v -14.040483 0.981708 88.805298
v -8.443994 7.696286 87.215958
v -60.899986 67.946693 130.877060
v -64.119621 64.645851 133.090485
v -65.635422 60.653255 135.237976
v -64.010246 60.059605 136.574112
v -58.051716 69.236900 131.086716
v -61.294544 65.094994 134.073151
v -52.217266 54.217617 121.526703
v -58.803417 44.648994 127.587418
v -57.145718 49.298187 124.457039
v -55.581905 42.867298 129.095703
v -44.511719 54.219296 123.370789
v -51.088314 44.652237 129.432632
v -47.318588 49.459972 126.591682
v -47.732220 56.029808 121.866913
v -60.750957 60.653263 136.405472
v -56.015675 67.946693 132.044525
v -57.939453 64.645866 134.567688
v -62.451942 45.796825 131.992371
v -60.001877 44.757759 132.864822
v -61.444874 45.209240 131.069595
v -62.290787 58.201736 128.621750
v -63.570496 52.433811 129.894135
v -61.270020 57.594406 127.697113
v -51.785187 51.837132 131.542633
v -52.782032 52.433525 132.472763
v -50.346325 57.594223 130.308014
v -57.057304 45.796669 133.281799
v -58.999680 44.171394 131.941864
v -63.733154 48.540512 130.928955
v -62.552734 51.837395 128.969025
v -54.470570 48.540249 133.142899
v -56.058208 45.209091 132.357117
v -62.720436 47.949539 130.005157
v -53.473053 47.949291 132.215439
v -52.824383 59.172260 132.100464
v -54.776901 56.978649 133.367661
v -62.996727 59.010571 129.719452
v -63.967033 56.813881 131.219833
v -51.914719 61.370663 130.587662
v -46.402920 51.671780 125.479492
v -60.982857 61.212200 128.471832
v -55.269131 51.463295 123.321121
v -5.894257 64.449165 94.688057
v -9.907353 65.577141 94.109367
v 42.495239 -25.271967 33.108768
v 54.240479 -15.991322 29.367079
v -5.985474 -16.808235 77.374756
v 11.693395 -4.994482 72.936790
v 23.011703 -7.029506 63.214401
v 21.197447 -6.388970 64.963753
v -0.434351 0.231166 71.373863
v 1.555146 -1.478725 69.623833
v 15.280919 -4.090284 68.978180
v 17.413752 -4.313781 67.365318
v -5.418643 53.719635 72.473404
v 20.834553 -6.821973 63.679474
v 12.557065 19.754326 65.593437
v 7.614518 15.466800 71.625092
v 8.168498 6.942741 71.102524
v 22.487179 -2.677038 57.843262
v 22.647364 12.695962 57.714813
v 21.331123 -2.677122 57.566814
v 19.791714 1.340534 59.660255
v 20.256077 -1.467587 59.909637
v 12.819390 19.814297 66.060905
v 4.674573 12.834114 72.833130
v 6.324305 15.466712 71.316566
v 19.081593 -1.467664 59.628799
v 22.583754 -0.092156 56.414940
v 22.343563 12.351858 57.286861
v 12.925324 -0.629771 65.992348
v 52.667606 -17.181864 29.842762
v -11.268144 7.696344 86.540970
v -51.340542 58.201530 131.238968
v -49.027290 47.352089 128.027512
v -58.003101 47.138325 125.839638
v 0.000000 55.656200 3.999996
v 0.000000 70.710701 -0.000005
v 70.710701 0.000000 0.000000
v 55.656200 0.000000 4.000000
v 0.000000 -70.710602 0.000005
v 0.000000 -55.656101 4.000004
v -70.710701 0.000000 0.000000
v -55.656101 0.000000 4.000000
v 0.000000 55.656200 -4.000004
v 55.656200 0.000000 -4.000000
v 0.000000 -55.656101 -3.999996
v -55.656101 -0.000000 -4.000000
v -55.333839 23.066006 140.747543
v -54.932686 26.424288 138.696411
v -53.425434 26.458912 139.937744
v -54.832199 21.775982 141.755356
v -52.991325 29.728615 137.717377
v -52.061954 30.865246 137.306076
v -51.385975 29.728617 138.958420
v -51.844513 26.424290 141.083771
v -53.728489 23.066006 141.988586
v 103.962921 -40.291035 -63.525616
v 99.193054 -39.640835 -58.140835
v 101.203857 -44.281239 -59.956615
v 95.937286 -47.546398 -53.144039
v 96.415115 -43.306118 -52.836224
v 99.953033 -39.640835 -57.553310
v 79.472137 -40.384319 -30.919567
v 79.678207 -36.364391 -31.326719
v 78.918228 -36.364391 -31.914244
v 95.519058 -43.306118 -53.528942
v 63.738785 -36.781624 -10.567609
v 64.564438 -32.269951 -11.776258
v -13.483723 0.507320 89.233582
v -14.288910 0.507319 88.611122
v 7.688660 -11.251071 61.825211
v 47.455994 -27.194084 10.391558
v 46.665619 -27.194084 9.780535
v -16.124950 -8.870149 91.818130
v 5.195061 -20.460939 64.238068
v -15.480480 -4.181123 90.003502
v -14.531120 -4.181123 90.737419
v 6.708694 -15.856051 63.238365
v 46.555977 -31.866493 11.702014
v 63.804459 -32.269951 -12.363782
v 25.849144 -29.639746 37.523464
v 45.119553 -36.538757 12.597171
v 26.391037 -25.019651 35.866135
v 78.576080 -40.384319 -31.612286
v 78.701904 -45.006435 -30.849133
v 62.397125 -41.293785 -9.758008
v 6.902115 -11.251071 61.217163
v 27.466507 -20.398817 34.620209
v 27.316566 -25.019651 36.581619
v 28.251472 -20.398817 35.227036
v -36.527737 11.010785 117.085777
v -37.331814 6.490427 119.186523
v -53.731838 26.320740 139.311127
v -35.501293 11.010785 117.879288
v -34.194656 15.746156 116.028015
v -51.224037 30.865246 137.953827
v -35.065220 15.746156 115.355011
v 5.781319 -15.856051 62.521446
v 62.842728 -36.781624 -11.260327
v 45.624077 -31.866493 10.981586
v -47.930115 22.074989 134.937012
v -49.951309 17.602407 136.614838
v -52.444344 26.227077 140.776413
v -49.980633 22.074989 133.351822
v -51.095322 17.602407 135.730438
v -48.070709 27.079403 131.202682
v -46.331276 27.079403 132.547379
v -56.565865 21.815065 143.988998
v -58.089497 22.985249 142.255600
v -59.618599 24.720419 147.799805
v -54.465542 21.754496 142.454224
v -79.837807 66.121429 177.354462
v -80.947586 63.017288 180.584290
v -88.052605 78.537971 187.564560
v -83.617302 60.107681 182.519577
v -89.119377 76.200104 190.499695
v -93.635742 76.209801 187.014404
v -82.994583 66.121429 174.914063
v -91.154396 78.633148 185.040833
v -85.917534 63.017288 176.742188
v -51.884094 27.265381 143.764816
v -54.504608 22.985249 145.026947
v -54.870018 30.170736 147.627274
v -51.007305 32.445030 140.502991
v -53.993225 35.350384 144.365448
v -54.592194 32.445034 137.731659
v -57.578110 35.350384 141.594101
v -57.528046 27.265385 139.401688
v -60.513969 30.170740 143.264145
v -54.494865 26.227077 139.191223
v -91.557617 73.862236 192.374619
v -86.907692 60.107681 179.975891
v -78.410667 47.284737 168.824066
v -68.419182 39.032852 153.733536
v -69.204842 35.331604 156.675735
v -65.504448 43.368839 152.027145
v -74.548820 54.080822 163.828568
v -63.049332 39.032848 157.884781
v -65.660439 35.331600 159.415787
v -72.296577 50.493656 169.646317
v -62.093662 43.368839 154.663910
v -71.236771 54.080822 166.388992
v -52.743889 26.320740 140.074875
v -52.464123 33.615215 138.821243
v -88.991623 79.684853 185.951889
v -81.080574 67.291611 175.838181
v -63.463432 44.539021 153.049454
v -85.531311 58.937500 181.595459
v -93.494331 72.734818 191.776382
v -67.701454 34.161419 158.393494
v -76.956650 46.114552 170.503662
v -43.830757 26.819088 150.468719
v -43.071228 25.357061 150.244797
v -44.272060 26.047052 150.675934
v -50.933586 15.384178 151.250412
v -52.488136 14.887550 150.401398
v -51.760029 16.549044 151.633682
v -44.337189 38.145832 142.031860
v -42.665550 37.389889 142.011520
v -43.885719 37.506832 142.834747
v -54.263191 38.815002 132.033539
v -53.001823 39.017628 132.864731
v -54.931084 38.864117 133.331894
v -44.707787 25.079067 151.026657
v -43.528728 24.340700 150.613037
v -55.008614 14.427311 148.779816
v -56.121460 14.276348 148.026749
v -55.641003 15.637768 149.280716
v -42.544830 36.778259 142.539276
v -43.770737 36.924355 143.337372
v -51.888977 39.168606 133.617798
v -53.729774 39.057110 134.123505
v -45.220932 23.965672 151.420807
v -44.067539 23.171627 151.026901
v -65.033592 16.549047 141.372375
v -65.344879 16.055077 139.633026
v -65.485069 17.188007 140.569489
v -48.564686 17.896767 151.297043
v -49.185867 18.174782 150.619354
v -49.503929 18.942001 151.678070
v -66.063568 26.722485 131.500381
v -65.402573 27.277271 131.617325
v -66.169540 27.347443 132.824127
v -65.465591 16.666735 139.105255
v -65.600052 17.770500 140.066864
v -50.026199 39.508282 136.666138
v -48.447380 39.287804 136.193710
v -49.392220 39.314388 137.293961
v -65.224014 17.385012 138.781815
v -65.369957 18.454611 139.758820
v -47.591751 39.057110 138.868591
v -47.565964 39.168602 136.959763
v -46.556900 39.017628 137.847076
v -62.847672 15.830749 143.572418
v -61.453537 14.427310 143.797470
v -62.575615 14.629954 142.786102
v -59.257019 36.240246 131.851410
v -58.805424 36.059933 130.479034
v -59.016846 36.924358 131.551147
v -62.900009 33.208286 131.188736
v -63.307663 31.586496 130.175980
v -62.630573 32.876354 129.783234
v -64.871147 19.206795 139.610153
v -64.700256 18.174814 138.625717
v -65.644760 18.942009 139.200180
v -58.501461 37.506851 131.535828
v -58.012081 37.389896 130.147675
v -57.610752 38.145840 131.770538
v -59.344582 15.186588 146.738098
v -59.563046 14.157177 145.450821
v -59.978561 15.380489 146.110260
v -50.869324 17.188002 151.868408
v -49.998344 16.055069 151.496872
v -55.522293 38.557419 131.243134
v -56.130230 38.618786 132.579132
v -45.492599 38.618771 140.802719
v -45.434818 38.814999 138.858444
v -44.352783 38.557415 139.877884
v -57.084808 14.157150 147.366684
v -56.700848 15.494007 148.563507
v -50.925625 39.287804 134.277863
v -52.669922 39.200890 134.840714
v -59.275246 35.488094 132.371567
v -58.824562 35.270184 131.025192
v -57.618324 15.380489 147.934875
v -58.385593 15.186588 147.479446
v -51.752449 39.314388 135.469360
v -50.985188 39.508282 135.924774
v -63.544872 31.979809 131.562805
v -63.942894 30.273340 130.617645
v -65.512558 17.896772 138.195251
v -66.263695 18.947573 138.717743
v -63.657650 14.887557 141.766647
v -64.870819 15.384185 140.476044
v -42.786423 36.059925 142.862747
v -44.000824 36.240242 143.645416
v -59.445751 35.548183 130.347504
v -59.866856 35.752850 131.726151
v -66.162445 17.902605 137.688690
v -66.672958 19.294874 138.154678
v -60.818001 15.494007 145.380676
v -60.444466 14.276347 144.684784
v -61.971642 34.660542 130.874893
v -61.655785 34.401226 129.453705
v -66.592163 18.267284 137.097473
v -66.998688 20.034330 137.377640
v -57.890434 13.953571 146.888474
v -59.034729 14.693008 147.328217
v -61.779026 15.637767 144.535629
v -60.780041 35.177673 129.579193
v -61.137604 35.400013 130.994415
v -66.934174 19.043734 136.281570
v -66.860748 20.568632 135.255188
v -60.099640 35.542355 129.846161
v -60.489601 35.747326 131.248657
v -66.651199 21.858486 134.501007
v -66.928764 21.486612 136.400146
v -46.470757 21.486622 152.215485
v -44.702766 21.858467 151.468552
v -45.379860 20.568598 151.861313
v -50.095528 19.206787 151.032654
v -50.113766 18.454605 151.552826
v -66.383759 23.171633 133.775024
v -66.729179 22.715059 135.681870
v -45.825912 22.715042 151.841431
v -49.205013 17.385006 151.165527
v -50.353939 17.770493 151.853088
v -43.726017 35.752857 144.204041
v -42.497875 35.548176 143.449295
v -43.107079 35.747318 144.686462
v -66.118942 24.340725 133.149353
v -66.474480 23.965677 134.990448
v -48.552769 39.200886 138.023529
v -53.747242 14.629955 149.611008
v -53.240551 16.076065 150.825104
v -42.697823 35.400005 145.249542
v -41.418270 35.177666 144.547073
v -42.372097 34.660534 146.026596
v -64.149841 30.729206 131.983429
v -64.481705 29.104252 131.031509
v -65.877785 25.357100 132.613846
v -66.222267 25.079100 134.394562
v -65.992599 26.047071 133.884567
v -65.903206 26.819107 133.405304
v -54.439697 15.830750 150.072327
v -41.076271 34.401203 145.362991
v -41.149673 32.876347 146.389343
v -65.540024 27.875790 132.935501
v -64.939209 28.087889 131.399750
v -65.098709 28.647825 132.728287
v -65.783936 26.167702 132.110626
v -41.946861 26.722464 150.144150
v -42.607849 26.167707 150.027222
v -43.201241 27.347422 150.580093
v -41.359238 31.586479 147.143539
v -42.442017 33.208263 147.004089
v -41.626675 30.273335 147.869507
v -42.641598 31.979803 147.722366
v -41.891491 29.104242 148.495193
v -42.896309 30.729174 148.413788
v -42.132652 28.087852 149.030701
v -43.148506 29.615793 149.009644
v -44.499638 35.488060 143.794083
v -43.310165 35.270168 143.018829
v -50.120007 39.491367 134.756073
v -50.336056 40.001846 136.076019
v -64.663002 29.615784 132.377579
v -63.878189 16.076073 142.601517
v -47.399139 20.034325 152.529327
v -46.354652 19.043716 152.190857
v -41.847996 35.542332 143.955856
v -48.233181 19.294840 152.409821
v -47.910789 17.902599 151.798401
v -48.881172 18.947567 152.155548
v -46.523106 38.864113 139.831802
v -49.113071 39.491367 135.534500
v -43.378181 28.647791 149.519669
v -43.467564 27.875784 149.998917
v -58.897369 13.953571 146.110046
v -57.076847 38.060787 130.394119
v -42.226505 27.277235 149.533920
v -49.457191 16.666702 151.480789
v -43.139610 38.060783 141.168503
v -58.553242 36.778267 130.163757
v -47.230392 18.267279 152.065353
v -64.120628 19.265818 140.148438
v -64.261246 18.594015 140.327087
v -63.522518 19.212088 140.648972
v -58.814285 15.671982 146.613449
v -50.805481 19.265799 150.441895
v -50.942955 18.594027 150.622971
v -50.774601 17.875570 151.263443
v -53.108391 16.599108 150.365936
v -54.260601 16.363367 149.642654
v -44.156807 27.054214 149.859833
v -59.498238 34.683453 132.770706
v -59.878662 34.984123 132.073242
v -49.538704 21.978313 149.494507
v -50.157082 22.253292 148.821152
v -48.927380 22.413433 149.468216
v -62.476952 16.363371 143.290894
v -63.467113 16.599112 142.357986
v -43.772964 35.081993 144.454468
v -43.147575 34.865627 145.091614
v -43.887985 28.474133 149.059097
v -47.713455 20.273907 151.926361
v -64.541031 20.011429 139.293823
v -65.023262 19.945583 138.777985
v -49.413921 21.347900 150.038757
v -48.741386 21.473755 150.279465
v -62.551270 21.060873 140.086609
v -62.257637 21.838823 139.761047
v -61.514000 22.102150 139.959061
v -62.206039 19.642857 141.360718
v -61.686512 20.428415 141.204361
v -61.823250 19.171129 141.801895
v -61.425880 16.173561 144.238251
v -51.780861 17.023188 151.090973
v -56.491604 16.031185 148.153885
v -57.442677 15.913525 147.502228
v -64.503128 17.023191 141.255859
v -62.907478 19.266619 141.085709
v -62.868790 18.610296 141.391983
v -52.951229 20.439093 147.759903
v -52.440414 20.428411 148.352188
v -52.984245 19.171125 148.635010
v -51.851768 21.644154 147.753891
v -51.836979 21.089794 148.348907
v -46.261395 22.756477 151.285538
v -46.881004 21.576124 151.644928
v -45.666367 23.986546 150.871811
v -45.014503 34.004021 144.450165
v -44.829742 34.683453 144.110397
v -44.393452 33.938709 144.786850
v -44.747887 33.092857 145.113663
v -45.289825 33.346973 144.704025
v -45.579830 32.153149 145.137985
v -45.847969 32.716534 144.720337
v -46.883087 31.709328 144.445740
v -46.655357 32.441570 144.291489
v -47.537624 32.940128 143.065491
v -47.113152 32.856014 143.643204
v -50.899773 21.838820 148.541397
v -51.140900 21.060884 148.907562
v -51.278713 22.102119 147.871613
v -50.832645 38.894608 136.288788
v -61.255760 21.644157 140.484009
v -61.835312 21.089798 140.619553
v -58.565300 35.429054 132.962326
v -58.608582 35.999172 132.334106
v -58.456566 36.691044 131.960190
v -54.970573 38.203220 133.580994
v -53.789024 38.393032 134.359589
v -65.231834 27.054232 133.567490
v -49.627075 38.653065 137.392334
v -57.930252 35.482807 133.415085
v -57.650463 36.026508 133.055389
v -56.906940 35.956326 133.680023
v -57.352699 35.428265 133.900314
v -49.872543 20.011395 150.633530
v -49.251884 19.945553 150.970291
v -46.754227 38.203217 139.932755
v -45.764061 37.967491 140.865646
v -66.083603 19.700960 138.132019
v -66.335983 20.273928 137.529938
v -66.273285 21.576143 136.653458
v -66.081512 22.756496 135.963303
v -65.830994 23.986563 135.283249
v -65.581268 25.089029 134.693237
v -64.524590 28.474167 133.105652
v -64.483276 21.473772 138.109955
v -64.080956 21.347891 138.700195
v -64.837723 20.627878 138.436783
v -63.651344 22.413437 138.085648
v -63.522820 21.978319 138.683899
v -62.348083 22.857273 138.777908
v -62.715424 22.253296 139.112747
v -47.535473 33.605038 142.784683
v -46.819511 33.633976 143.317627
v -45.848259 35.482792 142.755249
v -46.463299 35.428261 142.318512
v -45.570610 36.026501 142.393890
v -47.805298 38.393028 138.985382
v -57.450310 37.543419 132.132660
v -44.728043 37.543400 141.967789
v -44.378227 37.048294 142.589890
v -47.684261 34.266464 142.199860
v -48.246506 34.127506 141.674088
v -48.756889 38.535389 138.148636
v -62.969772 31.810137 131.938095
v -62.350170 32.990463 131.578705
v -59.832069 32.716564 133.909714
v -59.213696 32.441586 134.583069
v -60.303787 32.153187 133.755402
v -59.780510 34.004040 133.035080
v -59.956848 33.346989 133.365463
v -60.262768 33.938732 132.518845
v -63.564804 30.580070 132.351822
v -61.517731 34.292652 131.297287
v -60.474037 35.078671 131.545837
v -58.471008 32.856022 134.862854
v -59.305618 31.709341 134.842316
v -60.489780 33.092861 132.944168
v -64.072914 29.477606 132.742096
v -58.229877 33.633984 134.496674
v -57.805027 32.940132 135.128143
v -45.250153 35.429050 143.255798
v -44.969933 35.972561 142.896561
v -63.660572 18.540060 140.829773
v -55.442150 16.173561 148.864059
v -64.923470 17.875565 140.325470
v -60.984665 20.439096 141.549545
v -59.604099 15.913525 145.831314
v -51.580719 18.540056 150.168274
v -51.440514 19.212084 149.989136
v -52.324223 18.610292 149.543610
v -52.018074 19.266615 149.503906
v -52.460880 19.642853 148.894348
v -60.474289 16.031185 145.075012
v -49.590260 20.690838 150.369141
v -48.968403 20.627872 150.704788
v -42.895199 34.292645 145.693695
v -42.957893 32.990444 146.570190
v -43.149654 31.810104 147.260330
v -43.400169 30.580065 147.940369
v -43.649902 29.477573 148.530411
v -48.359684 19.700956 151.833755
v -49.925552 22.857273 148.381317
v -44.706573 26.092449 150.117981
v -45.158257 25.089010 150.481537
v -47.164742 35.052013 142.043518
v -47.407921 35.395473 141.421738
v -56.122776 37.967495 132.857697
v -52.739574 38.535389 135.069763
v -51.788498 38.653065 135.721420
v -46.362373 35.956333 141.831635
v -56.246918 35.395493 134.588623
v -56.909901 35.052013 134.509888
v -56.279953 34.127483 135.463745
v -56.930359 34.266468 135.052032
v -57.533810 33.605045 135.055328
v -65.343185 26.092468 134.164551
v -64.356277 20.690845 138.954071
v -42.911713 24.797153 148.916260
v -42.470417 25.569147 148.709045
v -50.399681 15.299126 149.874008
v -42.525368 36.256931 141.075058
v -42.976841 36.895920 140.272171
v -53.570732 37.614204 131.572220
v -43.347439 23.829153 149.266968
v -54.280655 14.387856 147.521042
v -42.410385 35.674454 141.577682
v -52.369423 37.807213 132.363815
v -43.860580 22.715771 149.661118
v -64.124718 15.938094 138.809814
v -63.673241 15.299132 139.612686
v -48.143581 17.692089 149.918396
v -64.809189 26.097544 131.064438
v -64.239693 16.520613 138.307175
v -48.031872 38.064472 135.534286
v -48.665848 38.258381 134.906448
v -64.009605 17.204723 137.999115
v -46.231400 37.807209 137.108902
v -61.487324 14.580836 141.812744
v -57.656494 35.674461 129.791458
v -57.896667 34.990345 130.091721
v -61.539669 31.958357 129.429062
v -64.284416 17.692095 137.440491
v -63.510796 17.956892 137.850464
v -56.250404 36.895924 130.010864
v -57.141113 36.256935 129.776154
v -58.618210 14.130576 144.350571
v -57.984230 13.936671 144.978409
v -49.508968 15.938099 150.108719
v -54.769875 37.368900 130.819443
v -44.132240 37.368896 139.043015
v -55.340508 14.244080 146.803833
v -51.309574 37.950974 133.081024
v -57.914902 34.238182 130.611877
v -57.025246 13.936672 145.719772
v -56.257984 14.130550 146.175201
v -49.624836 38.258381 134.165085
v -50.392094 38.064503 133.709656
v -62.184525 30.729908 129.803101
v -64.903351 17.697660 136.958069
v -42.640472 34.990341 141.885727
v -58.506504 34.502964 129.966461
v -65.312614 18.044947 136.395004
v -59.457661 14.244079 143.621002
v -60.611294 33.410625 129.115204
v -65.638336 18.784433 135.617950
v -57.674374 13.443119 145.568512
v -60.418678 14.387855 142.775955
v -59.777256 34.150097 129.234726
v -59.129257 34.497410 129.488983
v -65.568413 20.236712 134.640442
v -45.110409 20.236706 150.455795
v -48.753410 17.204720 149.793137
v -48.735176 17.956882 149.272964
v -65.368843 21.465120 133.922195
v -44.465565 21.465130 150.081757
v -48.993584 16.520607 150.093399
v -41.746742 34.497379 142.926788
v -42.365669 34.502956 142.444366
v -65.114128 22.715761 133.230774
v -47.192421 37.950974 136.263855
v -51.880203 14.826149 149.065414
v -41.011753 33.410618 144.266907
v -41.337471 34.150105 143.489853
v -62.789497 29.479292 130.223740
v -64.861916 23.829185 132.634888
v -64.542862 25.569180 131.645615
v -64.632256 24.797144 132.124893
v -53.079350 14.580837 148.312653
v -63.738358 27.397940 130.968597
v -64.179665 26.625904 131.175812
v -41.840889 26.097521 148.820404
v -41.081669 31.958351 145.244400
v -41.281250 30.729902 145.962677
v -41.535954 29.479286 146.654083
v -41.788158 28.365879 147.249969
v -43.139282 34.238174 142.034393
v -48.975708 38.751934 134.316345
v -63.302647 28.365885 130.617889
v -62.517841 14.826156 140.841843
v -46.038795 18.784412 150.769653
v -47.520828 17.697641 150.395874
v -46.872829 18.044941 150.650131
v -45.162758 37.614201 138.072113
v -42.107216 26.625872 148.239243
v -42.017830 27.397907 147.759964
v -63.379166 17.445757 138.505096
v -62.760277 18.015900 138.388748
v -62.439823 17.418451 139.250671
v -57.593544 14.550342 145.034363
v -49.722214 17.472387 149.043884
v -49.445129 18.015898 148.682220
v -49.869972 16.396650 149.693741
v -51.887661 15.477440 148.786850
v -53.039860 15.241734 148.063553
v -42.778603 26.390717 148.077057
v -58.657928 33.862473 130.494156
v -58.137894 33.433544 131.011032
v -47.706642 21.291782 147.889130
v -48.796730 21.003393 147.061462
v -48.178352 20.728413 147.734818
v -62.246380 15.477447 140.778900
v -61.256210 15.241733 141.711792
v -41.926834 33.743988 143.512512
v -42.552219 33.960369 142.875366
v -42.667252 27.352482 147.479996
v -46.492702 19.152298 150.347260
v -63.802528 18.823921 137.198898
v -63.250481 18.825672 137.624420
v -47.520649 20.352102 148.700363
v -48.053566 20.098000 148.279053
v -60.293262 20.980499 138.379974
v -60.897289 20.588905 138.001358
v -61.190926 19.810959 138.326935
v -60.602509 18.049492 140.222794
v -60.326176 19.178476 139.444702
v -60.915489 18.457102 139.691315
v -60.205139 15.051921 142.659149
v -50.560120 15.901546 149.511887
v -55.270859 14.909565 146.574783
v -56.221939 14.791874 145.923141
v -63.282391 15.901553 139.676758
v -61.648048 17.488661 139.812897
v -61.547127 18.016718 139.326019
v -51.763504 18.049488 147.055923
v -51.080063 19.178497 146.592499
v -51.730488 19.317455 146.180801
v -50.476631 19.839880 146.589218
v -50.631035 20.522505 146.174805
v -45.660263 20.454502 150.065842
v -45.040653 21.634855 149.706436
v -44.445625 22.864910 149.292725
v -43.172707 32.817074 143.207764
v -43.539200 33.497669 142.441010
v -43.654152 32.754120 142.690475
v -43.929489 32.097031 142.944351
v -43.527145 31.971218 143.534561
v -44.487617 31.466633 142.960663
v -44.359093 31.031500 143.558899
v -45.295006 31.191669 142.531799
v -45.662346 30.587690 142.866638
v -45.752800 31.606115 141.883514
v -46.496429 31.342813 141.685486
v -50.057964 20.980511 146.292511
v -49.780540 19.810984 147.147858
v -49.539425 20.588903 146.781708
v -49.330482 37.986958 134.775253
v -60.474968 19.839882 138.859879
v -60.035019 20.522507 138.904922
v -57.381088 35.155636 130.562698
v -57.204948 34.179169 131.202637
v -56.919716 35.926662 130.371704
v -53.749832 37.081585 132.001892
v -52.568279 37.271408 132.780487
v -64.011093 25.932596 131.988388
v -48.406334 37.531414 135.813248
v -56.429718 34.904884 131.476288
v -56.569908 34.232899 131.655411
v -55.992363 34.178326 132.140640
v -55.686203 34.834671 132.100937
v -48.031143 18.823915 149.391190
v -48.512192 18.761494 148.873825
v -44.543316 36.845867 139.286545
v -45.533485 37.081577 138.353653
v -64.862862 18.579327 136.552933
v -65.115234 19.152304 135.950851
v -65.052536 20.454535 135.074341
v -64.860771 21.634874 134.384201
v -64.610260 22.864927 133.704163
v -64.360527 23.967407 133.114136
v -63.303860 27.352501 131.526566
v -63.616978 19.506254 136.857697
v -62.720600 20.098007 136.940506
v -63.262535 20.352121 136.530869
v -62.162468 20.728418 136.924194
v -62.430603 21.291815 136.506561
v -61.355076 21.003380 137.353058
v -61.127342 21.735638 137.198807
v -46.754669 31.800821 141.160522
v -45.459167 32.384060 141.557938
v -46.175121 32.355137 141.024994
v -44.349861 34.904877 140.814789
v -45.172752 34.242489 140.649124
v -44.487907 34.232891 140.995575
v -46.584549 37.271408 137.406281
v -56.229568 36.421783 130.553558
v -43.507298 36.421776 140.388687
v -43.157490 35.926659 141.010788
v -47.025764 33.005871 140.095001
v -46.323910 33.016563 140.440170
v -47.536140 37.413765 136.569534
v -61.129433 31.868826 129.999603
v -61.749043 30.688457 130.359009
v -59.083050 31.031530 132.176315
v -57.853344 31.191685 132.823395
v -58.541527 31.530781 132.240326
v -59.042030 32.817081 130.939758
v -58.596504 32.097065 131.605789
v -58.420166 32.754139 131.275391
v -62.344063 29.458418 130.772720
v -60.296989 33.171017 129.718201
v -59.253304 33.957005 129.966736
v -58.084881 30.587692 133.263229
v -57.110664 31.606117 133.103165
v -59.269039 31.971224 131.365082
v -62.852180 28.355925 131.163010
v -56.584282 31.818493 133.549042
v -56.869530 32.384068 132.736984
v -43.226128 35.155628 141.505402
v -43.889801 34.179165 141.496109
v -62.162178 17.962160 138.889297
v -54.221409 15.051922 147.284958
v -63.702724 16.753923 138.746368
v -59.763924 19.317446 139.970459
v -58.383350 14.791900 144.252197
v -50.080173 17.962158 148.229462
v -50.359970 17.418447 148.589172
v -50.657722 18.016714 147.744217
v -51.103481 17.488657 147.964508
v -51.100525 18.392952 147.134659
v -59.253544 14.909564 143.495911
v -47.747658 19.506248 149.125687
v -48.229908 19.440939 148.609451
v -41.674458 33.171009 144.114609
v -41.737152 31.868807 144.991089
v -41.928921 30.688440 145.681244
v -42.179428 29.458414 146.361282
v -42.429165 28.355907 146.951324
v -47.138947 18.579321 150.254654
v -48.704811 21.735636 146.802216
v -43.485832 24.970812 148.538879
v -43.937508 23.967388 148.902435
v -46.187172 34.273849 139.842636
v -45.804390 33.802097 140.283829
v -54.902035 36.845871 131.278595
v -51.518829 37.413765 133.490662
v -50.567749 37.531437 134.142319
v -45.141640 34.834667 140.252548
v -55.549553 33.802101 132.750198
v -55.026176 34.273853 133.009521
v -55.639809 33.080696 133.382629
v -55.059204 33.005875 133.884644
v -56.173458 32.355145 133.295639
v -64.122444 24.970831 132.585449
v -62.995930 19.440931 137.194382
v -61.209038 25.890602 146.014755
v -55.450047 36.520569 142.683701
v -57.490532 25.890602 148.889404
v -77.510979 50.493656 165.615250
v -74.964996 47.284733 171.487793
v -72.557175 55.251003 164.812698
v -94.920784 73.786469 189.912842
v -50.845505 31.231489 138.386780
v -52.584938 31.231489 137.042084
v -91.410141 78.927406 186.583633
v -93.227531 76.995399 188.285904
v -94.177429 74.656044 190.163269
v -93.448570 74.304970 191.717194
v -91.859741 77.257286 189.661957
v -83.715363 71.786636 179.384430
v -86.058411 70.691231 178.353958
v -90.027222 64.928955 183.487839
v -88.905777 67.743935 180.588287
v -88.439812 63.833626 185.495758
v -83.889511 67.841309 184.236710
v -82.127998 70.691231 181.392426
v -86.096809 64.928955 186.526291
v -91.761108 74.656044 192.031235
v -89.962471 79.685791 187.207733
v -88.993820 78.927406 188.451599
v -90.183563 76.995407 190.639084
v -92.302979 65.690094 187.396820
v -91.084137 65.050873 188.642532
v -91.700783 65.320290 186.617859
v -91.950356 73.182098 184.112686
v -92.717224 69.731613 185.157928
v -91.348160 72.812286 183.333710
v -87.300560 69.731606 189.345352
v -86.482147 73.182091 188.339951
v -86.698364 69.361801 188.566391
v -90.481949 64.681068 187.863556
v -88.969429 65.320290 188.729370
v -92.888138 67.369484 186.147186
v -92.115028 69.361801 184.378967
v -89.571617 65.690094 189.508331
v -87.612694 66.999680 188.980942
v -92.285950 66.999680 185.368225
v -88.214882 67.369484 189.759918
v -84.906235 66.573181 185.426468
v -87.332253 73.766907 188.974091
v -89.467628 66.440758 181.851471
v -92.400116 73.670982 185.108398
v -86.742287 75.061394 187.614456
v -83.319939 69.175308 183.255081
v -87.824806 69.047112 179.726395
v -91.262619 74.967682 184.173401
v -55.609554 21.754496 141.569839
v -58.572018 13.435349 146.729675
v -49.438408 40.009628 134.914871
v -85.879959 72.812286 187.560989
v -88.437874 72.472420 189.935089
v -93.018478 72.374290 186.444702
v 0.000000 55.656200 -4.000004
v 0.000000 70.710701 -0.000005
v -70.710701 0.000000 0.000000
v -55.656200 -0.000000 -4.000000
v 0.000000 -70.710602 0.000005
v 0.000000 -55.656101 -3.999996
v 70.710701 0.000000 0.000000
v 55.656101 0.000000 -4.000000
v 0.000000 55.656200 3.999996
v -55.656200 0.000000 4.000000
v 0.000000 -55.656101 4.000004
v 55.656101 0.000000 4.000000
v 5.119469 -30.325792 13.959341
v 2.222965 -27.798174 13.027938
v 2.175350 -27.855734 14.979429
v 6.278854 -31.076555 14.971101
v -0.602467 -25.195589 13.971063
v -1.528994 -24.086649 14.457511
v -0.603760 -25.201666 16.000174
v 2.220488 -27.809858 16.931290
v 5.118179 -30.331869 15.988452
v 23.188044 -3.267447 14.458504
v 27.162142 -6.315001 15.100607
v 45.171806 27.128412 14.651205
v 2.374941 -27.580935 14.354712
v 45.171043 27.124811 15.851167
v 23.187223 -3.271331 15.755894
v 40.965004 29.889223 15.765654
v 49.378204 24.362886 15.245585
v 19.025301 -0.073172 15.664309
v -1.529665 -24.089819 15.516606
v 19.025995 -0.069884 14.563945
v 40.965652 29.892282 14.747922
v 7.982521 -21.612226 16.290945
v 11.825548 -25.047079 15.710202
v 2.388126 -27.969828 16.268362
v 7.984169 -21.604475 13.699158
v 11.826468 -25.042746 14.264210
v 3.684448 -17.759867 13.904534
v 3.683052 -17.766447 16.103125
v 5.653419 -33.834259 14.956979
v 4.601465 -33.154533 12.692734
v 1.797579 -38.006203 14.857595
v 6.231157 -31.404673 15.687619
v -46.126266 -64.383492 16.827702
v -43.762150 -68.194962 17.915195
v -60.992935 -74.620445 16.533070
v -41.572468 -71.891396 16.977015
v -59.324402 -78.018555 17.475151
v -59.331268 -78.004211 11.770361
v -46.123734 -64.371544 12.837638
v -61.062820 -74.491318 12.535839
v -43.758156 -68.176163 11.633346
v 0.951170 -29.738543 18.533167
v 4.598587 -33.168098 17.223911
v -2.904724 -33.910744 18.518229
v -3.467421 -25.610056 17.241411
v -7.323315 -29.782251 17.226473
v -3.464540 -25.596491 12.710232
v -7.320435 -29.768686 12.695294
v 0.955704 -29.717186 11.399400
v -2.900194 -33.889389 11.384463
v 2.389772 -27.962069 13.676575
v -57.654762 -81.411469 16.683754
v -41.569824 -71.878944 12.818060
v -26.114822 -60.827694 12.762824
v -14.293463 -44.881180 11.493301
v -11.256871 -48.400391 12.662611
v -17.885124 -40.920074 12.765236
v -31.451424 -53.239807 12.782146
v -14.297774 -44.901497 18.280619
v -11.259715 -48.413799 17.142624
v -28.615669 -57.155678 18.112350
v -17.887861 -40.932980 17.076361
v -31.454082 -53.252338 16.968468
v 2.374147 -27.584669 15.603445
v -4.519423 -24.930571 15.061612
v 55.753799 12.504609 15.922840
v 48.691254 28.959314 15.922843
v 59.803802 15.825807 15.919499
v -61.968018 -73.690826 14.805983
v -47.178452 -63.704823 14.918460
v -18.939939 -40.253830 15.006588
v -40.517754 -72.558121 14.896193
v -56.698433 -82.335655 14.783457
v -10.204899 -49.080044 14.901273
v -25.062811 -61.507164 14.939086
v 1.302515 -30.232622 29.003613
v 2.865635 -29.909929 29.469519
v 1.967760 -30.816675 28.779879
v 11.460760 -37.446419 23.847101
v 11.889715 -37.817314 22.097090
v 10.153612 -37.994301 23.425198
v -8.451847 -21.637331 23.462336
v -7.497549 -20.782404 24.775595
v -7.901895 -22.123835 24.309475
v -8.715561 -19.657326 9.499904
v -8.891083 -19.508366 11.006555
v -9.061937 -21.052311 9.761195
v 2.801754 -31.549421 28.647993
v 3.741312 -30.679293 29.331041
v 12.288099 -38.156960 19.110437
v 12.419004 -38.267277 17.769163
v 10.941526 -38.670990 18.914085
v -6.970901 -21.246893 25.192841
v -7.400349 -22.566183 24.706854
v -9.021996 -19.398037 12.347828
v -9.229112 -20.910431 11.196100
v 3.761040 -32.392193 28.481165
v 4.748571 -31.564211 29.155872
v 10.164267 -37.944084 6.647850
v 10.894541 -36.882904 5.341393
v 9.614347 -37.457611 5.800710
v 9.294973 -35.549129 25.754093
v 9.056036 -35.335854 24.848639
v 8.090944 -36.187347 25.241381
v 1.708179 -28.787033 -0.182874
v 1.229858 -28.368629 0.412549
v 0.865435 -29.747253 0.539503
v 10.367876 -36.418388 4.924147
v 9.112791 -37.015251 5.403332
v -9.620641 -20.582151 15.682068
v -9.127417 -19.320620 16.646315
v -9.454165 -20.731646 16.567301
v 9.749083 -35.874359 4.918692
v 8.523436 -36.497101 5.398137
v -9.234041 -20.933653 18.954359
v -9.025469 -19.414392 17.811970
v -8.896256 -19.532751 19.152725
v 10.781118 -38.497307 9.721586
v 12.293276 -38.132576 10.964265
v 12.119661 -37.974586 9.458313
v -6.798746 -23.026623 5.428724
v -6.339205 -21.730358 4.950807
v -7.388105 -22.508511 5.436272
v -4.184649 -25.313133 2.136052
v -2.483000 -25.107231 1.195811
v -3.594385 -24.131207 1.493503
v 7.875244 -35.928322 5.703145
v 9.068476 -35.277134 5.238952
v 8.103901 -36.126278 4.839894
v -7.890171 -22.068531 5.835654
v -7.485226 -20.724346 5.378084
v -8.441189 -21.587112 6.684989
v 11.333071 -38.999283 14.428116
v 12.524405 -38.344673 13.470675
v 11.166582 -38.849770 13.542883
v 9.602610 -37.512905 24.274534
v 10.882219 -36.940960 24.738905
v -8.492718 -19.847988 8.019898
v -8.849691 -21.233898 8.351665
v -8.858220 -21.274153 21.797285
v -8.722652 -19.690725 20.658678
v -8.501682 -19.890242 22.137796
v 12.522436 -38.354065 16.603100
v 11.066195 -38.776047 17.636683
v -9.125430 -19.311247 13.513893
v -9.353785 -20.805363 12.473505
v -6.150963 -23.597195 5.731143
v -5.659054 -22.329460 5.268350
v 11.164694 -38.858696 16.526144
v 11.332300 -39.002907 15.640244
v -9.452271 -20.722719 13.584044
v -9.619873 -20.578520 14.469940
v -3.126148 -26.242702 1.852534
v -1.351574 -26.101093 0.961120
v 9.308584 -35.485004 4.332537
v 8.099606 -36.119713 4.055176
v 11.898680 -37.775059 7.979192
v 11.471945 -37.393692 6.230891
v -6.352064 -21.790960 25.198299
v -6.810995 -23.084337 24.712049
v -5.897966 -22.116188 4.362894
v -6.378496 -23.394085 4.868806
v 9.304079 -35.478127 3.508583
v 7.800835 -35.854675 3.387603
v 11.069502 -38.760468 12.432735
v 12.422476 -38.250923 12.305018
v -5.436094 -24.214840 2.681081
v -4.908413 -22.978004 2.065782
v 8.990355 -35.199829 2.807633
v 7.164263 -35.292431 2.655926
v 12.698404 -38.505466 15.672903
v 11.757906 -39.374912 15.033331
v 10.946459 -38.647766 11.155825
v -5.577806 -22.392246 2.836717
v -6.073610 -23.656979 3.415301
v 8.321945 -34.609451 2.039369
v 7.008619 -33.452820 1.472335
v -5.892416 -22.118141 3.538920
v -6.373240 -23.395924 4.084068
v 5.897602 -32.475029 1.179080
v 5.913479 -34.190880 2.115892
v 5.897039 -34.268269 27.974131
v 5.879995 -32.558067 28.921179
v 6.991394 -33.534107 28.623484
v 7.863386 -35.984219 24.379038
v 8.511187 -36.554817 24.681463
v 4.766487 -31.479782 0.948902
v 4.855358 -33.259636 1.836600
v 4.838589 -33.338726 28.257650
v 9.736223 -35.934967 25.166182
v 9.100554 -37.072929 24.673914
v -6.391470 -23.455145 25.270288
v -5.911575 -22.180311 25.784452
v -6.387197 -23.461683 26.055006
v 3.759434 -30.593822 0.777752
v 3.778103 -32.311787 1.617385
v -9.357090 -20.820936 17.677450
v 12.112566 -38.007992 20.617088
v 10.562132 -38.347538 21.758522
v -6.088415 -23.726736 26.722578
v -5.593349 -22.465487 27.309359
v -5.451832 -24.288992 27.454260
v -2.048618 -27.189220 1.629021
v -0.344305 -26.986023 0.785949
v 2.883917 -29.823631 0.642771
v 2.819004 -31.468010 1.454385
v 1.985188 -30.734493 1.325833
v 1.320229 -30.149105 1.104752
v 10.774370 -38.529118 20.348991
v -4.924919 -23.055872 28.077620
v -3.611631 -24.212469 28.644651
v 0.409903 -29.348789 1.106572
v 0.531372 -27.755379 0.647471
v -0.255341 -28.764736 1.330307
v 2.185743 -29.208996 0.410639
v 1.688829 -28.878279 30.299860
v 2.167120 -29.296667 29.704443
v 0.847004 -29.834162 29.570681
v -2.500610 -25.190275 28.937914
v -4.201056 -25.390532 27.994289
v -1.369492 -26.185522 29.168085
v -3.142925 -26.321783 28.273584
v -0.362440 -27.071482 29.339235
v -2.065660 -27.269648 28.492800
v 0.513083 -27.841684 29.474218
v -1.106600 -28.113398 28.655798
v -6.162802 -23.653116 24.407042
v -5.671494 -22.388159 24.878042
v -9.301389 -19.159857 14.444086
v -10.045458 -20.206514 15.076853
v -1.089314 -28.032013 1.462191
v 10.570673 -38.307293 8.312897
v 7.148529 -35.366577 27.429104
v 8.305429 -34.687321 28.051208
v -5.907057 -22.187197 26.608406
v 7.786053 -35.924454 26.694883
v 9.289427 -35.547169 26.578072
v 8.085649 -36.185474 26.026114
v -9.068686 -21.084112 20.388601
v -9.302197 -19.163664 15.716819
v -0.272757 -28.846930 28.784353
v 0.392183 -29.432295 29.005432
v 12.699217 -38.501656 14.400167
v -8.063760 -20.218887 6.269886
v 1.211275 -28.456327 29.706350
v 10.355043 -36.478981 25.158258
v -8.074952 -20.271620 23.886101
v -6.958044 -21.186329 4.958732
v 8.974813 -35.273075 27.280275
v 7.823807 -35.886383 6.626239
v 8.433752 -36.248283 6.623557
v 7.869602 -35.929398 7.405475
v 10.945875 -38.485783 14.772722
v 7.813129 -35.936764 23.456150
v 8.423044 -36.298660 23.457438
v 9.041655 -36.844376 23.981112
v 10.142843 -37.803970 21.583609
v 10.346788 -37.978466 20.229261
v 1.131544 -29.905752 28.374117
v -5.457811 -24.206810 5.797461
v -5.685194 -23.830025 5.070883
v 5.476051 -33.883629 23.883591
v 5.239735 -33.672665 22.982996
v 5.132092 -33.408577 24.352371
v 10.353384 -37.947380 9.844066
v 10.151152 -37.764786 8.490528
v -5.782410 -23.816690 25.385611
v -5.596573 -23.983210 26.269705
v -0.091528 -28.829512 28.099491
v 6.973709 -35.036377 26.812521
v 7.182011 -35.319111 5.772227
v 7.270370 -35.219990 5.075565
v 6.018873 -34.362377 24.314095
v 5.941206 -34.122196 24.994066
v 6.276617 -34.530441 7.833117
v 5.606400 -33.941338 7.867637
v 5.410284 -33.597122 8.577993
v 7.497559 -35.607567 8.883061
v 6.820604 -35.013546 9.199812
v 7.934769 -35.819672 9.455384
v 10.516001 -38.095367 11.254717
v 9.776548 -37.487251 23.078062
v 10.634661 -38.222038 17.553083
v 10.736753 -38.307713 16.401875
v 9.786760 -37.439125 6.997532
v 7.822142 -35.890358 8.159270
v 8.418604 -36.241203 8.376534
v 6.835655 -34.891251 20.120670
v 6.813183 -35.048523 20.886576
v 7.927673 -35.853111 20.627598
v 5.796959 -33.981148 20.988909
v 6.243107 -34.549030 21.363113
v 4.834515 -33.158398 27.573648
v 5.851549 -34.051563 27.301228
v 3.774683 -32.227425 27.793486
v -4.884310 -24.777075 24.398420
v -5.469595 -24.262308 24.337957
v -4.797304 -24.681734 25.096041
v -4.068558 -25.322126 25.014051
v -4.318228 -25.274527 24.334732
v -3.258598 -26.031916 24.369120
v -3.774839 -25.750715 23.902056
v -2.875322 -26.363707 22.913891
v -3.537384 -25.956266 23.000521
v -3.934786 -25.427439 21.553999
v -3.893944 -25.640100 22.242548
v 5.597281 -33.984306 22.223598
v 6.267443 -34.573601 22.255445
v 5.402092 -33.635864 21.515066
v -9.060225 -20.897432 14.812656
v 5.804508 -33.945564 9.102580
v 6.251135 -34.511200 8.725549
v -6.100687 -23.644669 6.654036
v -6.560385 -23.064720 6.237000
v -7.156359 -22.540390 6.129771
v -8.461471 -21.406322 9.881622
v -8.625890 -21.266788 11.292929
v 1.148453 -29.826012 1.735972
v -8.853172 -21.085249 16.440981
v -6.147491 -23.606289 7.433457
v -6.584696 -23.047615 7.436210
v -6.524851 -23.103672 8.406366
v -6.100985 -23.649860 8.187065
v 7.170261 -35.374619 24.312723
v 7.257727 -35.279686 25.010077
v -8.468066 -21.437407 20.266817
v -8.265849 -21.619989 21.620352
v 7.481890 -35.401569 3.841176
v 6.988647 -34.965919 3.274252
v 5.867105 -33.978195 2.790022
v 4.850416 -33.083405 2.521664
v 3.790863 -32.151123 2.306052
v 2.841200 -31.315655 2.144652
v -0.074980 -28.751419 2.015489
v 5.953833 -34.062630 5.096833
v 6.030664 -34.306892 5.775453
v 6.682619 -34.703049 5.014844
v 5.143913 -33.352867 5.741761
v 5.487276 -33.830723 6.208128
v 4.760622 -33.021080 7.196992
v 5.249815 -33.625153 7.109664
v -4.538675 -25.070234 21.384640
v -4.564171 -25.050985 22.277067
v -6.157183 -23.652010 22.704710
v -6.109728 -23.691057 21.950911
v -6.594391 -23.093309 22.704750
v -8.630689 -21.289419 18.856165
v -7.891244 -21.897522 7.032822
v -7.901445 -21.945658 23.113356
v -7.475334 -22.322607 23.769739
v -5.108185 -24.567865 20.910374
v -4.956804 -24.523924 20.144209
v -8.752529 -21.177820 17.591785
v -2.949223 -26.226364 2.537235
v -3.966232 -25.333214 2.809652
v -3.763636 -25.697792 6.226597
v -3.527309 -25.908745 7.127187
v -3.246799 -25.976189 5.758511
v -4.872465 -24.721199 5.734663
v -4.306463 -25.219025 5.796089
v -4.784573 -24.621685 5.037740
v -1.889393 -27.157345 2.317395
v -5.088369 -24.348419 3.298361
v -5.766138 -23.756039 4.277444
v -3.884825 -25.597134 7.886585
v -2.865358 -26.316696 7.212217
v -4.055920 -25.262577 5.116817
v -0.939520 -27.991837 2.152204
v -4.555014 -25.007824 7.854741
v -3.926542 -25.388603 8.576342
v -6.111380 -23.695047 23.483946
v -6.548422 -23.136507 23.487326
v 8.479731 -36.291492 7.406136
v 10.511202 -38.118000 18.817955
v 9.053022 -36.790855 6.097414
v 6.842102 -34.860855 9.966674
v 10.738485 -38.299538 13.669905
v 8.470030 -36.337196 22.674673
v 7.859901 -35.975113 22.676727
v 8.410143 -36.281090 21.704519
v 7.813400 -35.931561 21.923119
v 7.489737 -35.644440 21.200624
v 10.637861 -38.206970 12.519101
v 6.584887 -34.860210 24.375523
v 6.669880 -34.763084 25.073145
v -5.103321 -24.418879 26.836630
v -3.981792 -25.406595 27.320860
v -2.965111 -26.301371 27.589220
v -1.905582 -27.233633 27.804831
v -0.955898 -28.069124 27.966230
v 7.467661 -35.468620 26.243626
v 4.750652 -33.068069 22.898664
v 1.960278 -30.633345 28.095392
v 2.824818 -31.392920 27.958677
v -5.785128 -23.973856 21.227123
v -6.049471 -23.565115 20.655499
v -8.257536 -21.580807 8.527274
v -8.749334 -21.162758 12.557799
v -8.851438 -21.077070 13.709012
v -6.533329 -23.143557 21.734346
v -6.042385 -23.531662 9.483287
v -5.777308 -23.936989 8.909562
v -4.950325 -24.493542 9.990212
v -5.100760 -24.532883 9.223608
v -4.530649 -25.032413 8.747070
v 1.976830 -30.555267 2.011391
v 6.596743 -34.804344 5.711764
v 3.652325 -28.900557 28.786684
v 2.987112 -28.316534 29.010418
v 11.838186 -36.078194 23.432001
v -6.217329 -20.207716 24.316282
v -6.767275 -19.721224 23.469143
v -7.377363 -19.136200 9.768000
v 4.486330 -29.633314 28.654799
v 12.626108 -36.754875 18.920889
v -5.715780 -20.650061 24.713657
v -7.544547 -18.994308 11.202906
v 5.445610 -30.476065 28.487970
v 11.298925 -35.541496 5.807514
v 11.848841 -36.027973 6.654655
v 9.775518 -34.271233 25.248184
v 2.549994 -27.831142 0.546309
v 10.797338 -35.099125 5.410137
v -7.769593 -18.815542 16.574106
v -7.936070 -18.666025 15.688872
v 10.207987 -34.580971 5.404941
v -7.549473 -19.017530 18.961164
v 12.465693 -36.581200 9.728391
v -5.703543 -20.592388 5.443077
v -5.114176 -21.110497 5.435529
v -2.500063 -23.397030 2.142857
v 9.788477 -34.210167 4.846698
v 9.559805 -34.012207 5.709950
v -6.756617 -19.671009 6.691795
v -6.205593 -20.152420 5.842459
v 12.851164 -36.933655 13.549688
v 13.017645 -37.083168 14.434921
v 11.287176 -35.596783 24.281340
v -7.165140 -19.317772 8.358470
v -7.173679 -19.358015 21.804090
v 12.750780 -36.859947 17.643486
v -7.669212 -18.889248 12.480309
v -4.466387 -21.681084 5.737948
v 13.016874 -37.086796 15.647049
v 12.849287 -36.942604 16.532948
v -7.935301 -18.662397 14.476745
v -7.767717 -18.806589 13.590848
v -1.441580 -24.326588 1.859340
v 9.784182 -34.203606 4.061982
v -5.126425 -21.168211 24.718855
v -4.693949 -21.477959 4.875611
v 9.485422 -33.938576 3.394408
v 12.754080 -36.844372 12.439540
v -3.751520 -22.298733 2.687886
v 8.848822 -33.376316 2.662730
v 13.442453 -37.458786 15.040136
v 12.631033 -36.731651 11.162630
v -4.389029 -21.740864 3.422107
v -4.688669 -21.479824 4.090872
v 7.598043 -32.274757 2.122698
v 7.581621 -32.352154 27.980936
v 10.195734 -34.638695 24.688269
v 9.547949 -34.068100 24.385845
v 6.539963 -31.343544 1.843405
v 6.523163 -31.422621 28.264456
v 10.785097 -35.156799 24.680719
v -4.702599 -21.545595 26.061811
v -4.706905 -21.539022 25.277094
v 5.462685 -30.395672 1.624190
v -7.672516 -18.904825 17.684254
v 12.246710 -36.431427 21.765324
v -3.767258 -22.372881 27.461065
v -4.403856 -21.810621 26.729383
v -0.364046 -25.273113 1.635826
v 4.503584 -29.551891 1.461190
v 3.004814 -28.233006 1.111557
v 3.669775 -28.818398 1.332637
v 12.458944 -36.613007 20.355795
v 1.429209 -26.848610 1.337113
v 2.094456 -27.432667 1.113377
v 2.531567 -27.918039 29.577486
v -2.516485 -23.474424 28.001095
v -1.458366 -24.405672 28.280390
v -0.381111 -25.353521 28.499605
v 0.577976 -26.197287 28.662603
v -4.478251 -21.736986 24.413847
v -8.360881 -18.290403 15.083657
v 0.595255 -26.115891 1.468996
v 12.255247 -36.391182 8.319702
v 8.833105 -33.450470 27.435907
v 9.770239 -34.269375 26.032921
v 9.470621 -34.008335 26.701689
v -7.384109 -19.168005 20.395407
v 2.076759 -27.516188 29.012238
v 1.411795 -26.930803 28.791159
v 9.968637 -34.547737 6.213130
v 9.508387 -33.970268 6.633044
v 9.991396 -34.572006 7.412242
v 12.457567 -36.766312 14.778829
v 9.934732 -34.579193 23.463545
v 9.497698 -34.020645 23.462955
v 10.861292 -35.394775 23.742258
v 11.654551 -36.084526 21.589716
v 11.858480 -36.258991 20.235365
v 2.248552 -27.839300 28.381016
v -4.173483 -22.110554 5.076990
v -3.773243 -22.290703 5.804267
v 6.643793 -31.689116 24.358479
v 6.924301 -31.756544 22.989801
v 7.160616 -31.967505 23.890394
v 11.662870 -36.045330 8.496634
v 11.865072 -36.227905 9.850173
v -4.084883 -22.263742 26.275812
v -4.270735 -22.097219 25.391716
v 1.420176 -27.110048 28.105598
v 8.485374 -33.316895 26.818628
v 8.782080 -33.500546 5.081672
v 8.780130 -33.501305 5.778683
v 7.452911 -32.402737 25.000174
v 7.703438 -32.446255 24.320900
v 6.921984 -31.877663 8.584100
v 7.290976 -32.025227 7.874442
v 7.961193 -32.614330 7.839922
v 9.446459 -34.100197 9.461492
v 8.505201 -33.097458 9.206616
v 9.095675 -33.789764 8.889518
v 12.027697 -36.375893 11.260823
v 11.288237 -35.767784 23.084169
v 12.146341 -36.502563 17.559189
v 12.248453 -36.588249 16.407980
v 11.298452 -35.719650 7.003639
v 9.930296 -34.521732 8.382642
v 9.506708 -33.974239 8.166076
v 9.439363 -34.133636 20.633705
v 8.497759 -33.132416 20.893381
v 8.347349 -33.171776 20.126776
v 7.927681 -32.632919 21.369919
v 7.308659 -32.261688 20.995016
v 7.363228 -32.332088 27.307335
v 6.346191 -31.438921 27.579756
v 5.286373 -30.507956 27.799593
v -3.285612 -22.962263 25.102148
v -3.871456 -22.444521 24.344414
v -3.199745 -22.860956 24.405226
v -2.633631 -23.358435 24.341537
v -2.556862 -23.602655 25.020159
v -2.090271 -23.834593 23.908861
v -1.746891 -24.312452 24.375227
v -1.852821 -24.040148 23.007326
v -1.363632 -24.644239 22.919996
v -2.209383 -23.723989 22.249353
v -2.013287 -24.068182 21.538996
v 6.913752 -31.916380 21.521173
v 7.952009 -32.657478 22.262251
v 7.281860 -32.068192 22.230404
v -7.733048 -19.016680 15.081881
v 7.935711 -32.595093 8.732354
v 7.316206 -32.226109 9.108686
v -5.288208 -21.134304 6.131312
v -4.416138 -21.728546 6.660840
v -5.952595 -20.551075 6.380839
v -6.949776 -19.686852 9.887730
v -7.114208 -19.547310 11.299036
v 2.660143 -28.106548 1.742078
v -7.341475 -19.365793 16.447086
v -5.073017 -21.328136 7.442316
v -4.462919 -21.690189 7.440262
v -4.416388 -21.733772 8.193871
v -5.013145 -21.384212 8.412474
v 8.769419 -33.560211 25.016184
v 8.854830 -33.458496 24.319529
v -6.754173 -19.900515 21.626459
v -6.956371 -19.717932 20.272924
v 8.993582 -33.682106 3.847282
v 8.500326 -33.246445 3.280359
v 7.378778 -32.258698 2.796129
v 6.362093 -31.363926 2.527771
v 5.302551 -30.431660 2.312158
v 4.352879 -29.596172 2.150759
v 1.436735 -27.031967 2.021596
v 8.194294 -32.983578 5.020952
v 7.715210 -32.390774 5.782258
v 7.465538 -32.343166 5.102940
v 7.171844 -31.914597 6.214934
v 6.655594 -31.633392 5.747868
v 6.934391 -31.709045 7.116470
v 6.272314 -31.301601 7.203099
v -2.407522 -23.719721 21.014414
v -2.879599 -23.134886 22.283873
v -2.854116 -23.154123 21.391443
v -5.082716 -21.373838 22.710857
v -4.511597 -21.873259 21.957367
v -4.472618 -21.735895 22.711515
v -7.119009 -19.569944 18.862272
v -6.379555 -20.178055 7.038929
v -6.389769 -20.226183 23.119461
v -5.963648 -20.603144 23.775846
v -3.445112 -22.804449 20.150316
v -3.423626 -22.651751 20.917179
v -7.240847 -19.458342 17.597891
v -2.454544 -23.613747 2.815758
v -1.437492 -24.506920 2.543341
v -1.735098 -24.256733 5.764617
v -1.842751 -23.992626 7.133993
v -2.165489 -23.880005 6.233052
v -3.272873 -22.902229 5.043846
v -2.621878 -23.302925 5.802895
v -3.187906 -22.805088 5.741468
v -0.377686 -25.437874 2.323502
v -3.576677 -22.628948 3.304467
v -4.254421 -22.036591 4.283550
v -1.353659 -24.597240 7.218324
v -2.200264 -23.681019 7.893391
v -2.544222 -23.543098 5.122923
v 0.572203 -26.272396 2.158310
v -2.414848 -23.669128 8.582449
v -2.870438 -23.091713 7.861546
v -5.299568 -21.187849 24.022718
v -4.426830 -21.778917 23.490751
v 9.554182 -34.013306 7.412280
v 12.022894 -36.398529 18.824059
v 10.564711 -35.071388 6.103520
v 8.353813 -33.141392 9.972780
v 12.250166 -36.580055 13.676012
v 9.544489 -34.059013 22.683533
v 9.981703 -34.617702 22.680780
v 9.497965 -34.015438 21.929924
v 9.921839 -34.561623 21.710627
v 9.174299 -33.728317 21.207430
v 12.149534 -36.487499 12.525208
v 8.181553 -33.043617 25.079252
v 8.269451 -32.944092 24.382328
v -3.591629 -22.699404 26.842737
v -2.470098 -23.687120 27.326967
v -1.453396 -24.581919 27.595327
v -0.393875 -25.514170 27.810938
v 0.555822 -26.349665 27.972338
v 8.979357 -33.749149 26.249733
v 6.262344 -31.348597 22.904772
v 3.471968 -28.913877 28.101500
v 4.336493 -29.673452 27.964785
v -4.537786 -21.845625 20.661606
v -4.100554 -22.057749 21.233929
v -6.745852 -19.861320 8.533381
v -7.237652 -19.443275 12.563907
v -7.339756 -19.357588 13.715118
v -5.021612 -21.424105 21.740456
v -4.092731 -22.020885 8.916368
v -4.530689 -21.812191 9.489394
v -3.502630 -22.715088 9.230064
v -3.438663 -22.774063 9.996319
v -2.846088 -23.116295 8.753876
v 3.488520 -28.835796 2.017498
v 8.281317 -32.888237 5.718570
v 0.745676 -37.326225 12.508905
v -8.375322 -29.102774 15.046675
v 0.742693 -37.340294 17.208975
v -28.611485 -57.135948 11.521519
v -26.117588 -60.840733 17.118036
v -32.506203 -52.573376 14.961098
v -57.600708 -81.521675 12.516996
v -1.911345 -24.124044 16.080542
v -1.909945 -24.117464 13.881952
v -61.637108 -75.779404 13.272889
v -60.257507 -78.584152 12.868665
v -58.398514 -81.092361 13.259045
v -58.218803 -81.936371 14.783685
v -60.567268 -78.782135 14.791634
v -52.492859 -67.092339 14.989351
v -51.548050 -67.916702 12.503504
v -47.259045 -75.460968 12.483648
v -49.393227 -71.958794 11.606600
v -46.317451 -76.300110 14.965715
v -49.454720 -71.779541 17.807205
v -51.551208 -67.931572 17.471416
v -47.262199 -75.475830 17.451561
v -58.400459 -81.101509 16.313187
v -62.298592 -75.243370 14.801126
v -61.639046 -75.788544 16.327032
v -60.259956 -78.595665 16.716146
v -48.369072 -78.805046 13.063256
v -48.935291 -79.691368 13.060244
v -47.794746 -79.177826 14.788693
v -55.678459 -75.377701 11.339211
v -52.572365 -77.362099 11.367820
v -55.112236 -74.491379 11.342223
v -52.576714 -77.382591 18.214302
v -55.682854 -75.398392 18.250843
v -52.010498 -76.496277 18.217314
v -48.360962 -80.064140 14.785681
v -48.937485 -79.701698 16.512587
v -52.006142 -76.475777 11.370832
v -49.880074 -77.835594 11.837940
v -48.371265 -78.815384 16.515600
v -49.883827 -77.853279 17.744778
v -50.446289 -78.721916 11.834927
v -50.450043 -78.739594 17.741766
v -48.538818 -73.571716 17.725710
v -56.466896 -76.275436 17.962997
v -48.397587 -73.544151 11.930568
v -56.377571 -76.316582 11.589119
v -57.434601 -74.600319 17.602577
v -50.525906 -70.401604 17.660889
v -50.389282 -70.375397 11.938787
v -57.348106 -74.644157 11.921589
v -51.030514 84.416306 15.844133
v -45.646889 79.627304 15.341875
v -45.030983 84.942917 15.830330
v -36.165894 82.449158 15.803983
v -38.724548 79.067535 16.370432
v -45.644531 79.625549 16.302471
v -18.186716 60.249168 16.285673
v -20.937140 57.283371 16.201046
v -20.939493 57.285126 15.240449
v -38.727329 79.069595 15.237836
v 0.356071 42.059074 16.206964
v -3.501303 39.300140 16.125437
v 58.675407 31.210787 15.245587
v 53.790543 29.831850 14.582872
v 64.071190 18.639383 15.245585
v 15.997160 18.571375 16.062458
v 15.994692 18.573198 15.063445
v 32.264595 60.991219 14.582876
v 28.345694 64.372223 14.590737
v 25.292120 47.441399 14.582874
v 28.345381 64.368164 15.922847
v 20.152555 48.450249 14.590734
v 20.051420 21.384623 16.147039
v -3.503672 39.301880 15.164842
v 25.291807 47.437317 15.919503
v 32.264282 60.987144 15.919505
v 30.178286 45.937653 15.245588
v -18.189499 60.251236 15.153077
v -15.016612 63.653610 15.717763
v 4.212051 44.819672 15.636196
v -62.308151 4.738786 15.922839
v -46.260880 12.683717 15.922840
v -58.772095 0.874940 15.919497
v -46.258209 12.686799 14.590731
v -62.305481 4.741853 14.590730
v 53.793480 29.829004 15.919501
v 48.688316 28.962152 14.590733
v 55.750862 12.507447 14.590731
v -45.112972 7.639276 14.582869
v -58.769417 0.878022 14.582868
v 36.437851 58.102043 15.245590
v 0.353287 42.061142 15.074370
v 24.103544 24.199289 15.553239
v 20.048521 21.386759 14.969149
v 20.152239 48.446198 15.922845
v 59.800865 15.828652 14.582870
v -43.471008 2.836427 15.245584
v -55.731133 -3.233500 15.245582
v -45.115639 7.636186 15.919497
v -24.804663 23.020029 15.922841
v -36.483963 36.593185 15.922843
v -21.939383 27.404444 15.919500
v -36.487610 36.595016 14.590734
v -24.808296 23.021852 14.590732
v -31.882284 38.957222 14.582873
v -21.943031 27.406275 14.582871
v -27.637270 41.739891 15.245588
v -18.714275 31.369989 15.245587
v -31.878639 38.955406 15.919502
v -34.307110 -5.781172 15.922837
v -28.087620 0.291940 15.922838
v -29.681644 -8.238418 15.919496
v -28.086128 0.295747 14.590729
v -34.305626 -5.777392 14.590728
v -23.824562 -2.177336 14.582868
v -29.680153 -8.234618 14.582868
v -25.440828 -11.091880 15.245582
v -21.890930 -7.239097 15.245582
v -23.826044 -2.181132 15.919497
v 6.232071 -31.400347 14.241627
v 13.145250 -38.896061 15.035645
v -9.748271 -18.769236 15.081343
v -55.116631 -74.512062 18.253855
v -55.498779 -77.948601 17.671648
v -55.407463 -77.990990 11.912805
v -65.855675 9.984502 -3.646323
v -66.302498 4.816833 -4.835813
v -38.462467 5.991797 -3.646235
v -39.280678 0.869326 4.680451
v -66.302498 4.816833 4.680448
v -38.462467 5.991797 3.490875
v -134.417465 10.868012 3.490875
v -134.459503 5.681994 4.680451
v -175.213470 7.399590 3.490875
v -38.189716 7.699225 -0.077680
v -40.371738 -5.960644 -0.077679
v -66.898216 -2.073311 -0.077683
v -40.098969 -4.253131 3.490876
v -134.501648 0.495900 -3.646234
v -175.057404 -2.969304 -3.646234
v -134.515701 -1.232742 -0.077679
v -66.744492 -0.351708 3.490873
v -65.855675 9.984502 3.490872
v -40.098969 -4.253132 -3.646234
v -35.362053 -4.947178 -3.646234
v -39.280678 0.869326 -4.835809
v -272.878662 -23.780067 -0.077682
v -245.878128 -17.220293 -0.077679
v -273.055267 -22.060684 -3.646322
v -100.034508 1.299081 -3.646234
v -134.459503 5.681994 -4.835809
v -99.830414 11.669604 -3.646235
v -66.744492 -0.351708 -3.646237
v -99.932419 6.484342 -4.835809
v -100.034508 1.299081 3.490876
v -100.068527 -0.429311 -0.077679
v -134.501648 0.495900 3.490876
v -215.010941 1.328138 -3.646235
v -175.213470 7.399590 -3.646235
v -215.089905 3.053726 -0.077680
v -65.706795 11.707065 -0.077684
v -99.796379 13.398080 -0.077680
v -99.830414 11.669604 3.490876
v -99.932419 6.484342 4.680451
v -214.537231 -9.025815 3.490877
v -214.774033 -3.848797 4.680451
v -175.057404 -2.969303 3.490876
v -134.417465 10.868012 -3.646235
v -134.403412 12.596738 -0.077680
v -286.364746 -14.879194 3.490876
v -285.786987 -20.034361 4.680452
v -300.035431 -18.379345 3.280977
v -299.029572 -23.295195 -4.614855
v -285.786987 -20.034361 -4.835808
v -300.000641 -18.434494 -3.524831
v -298.070160 -28.137508 -3.436335
v -285.209381 -25.189522 -3.646234
v -274.114746 -11.744393 -3.646323
v -286.364746 -14.879194 -3.646235
v -273.584991 -16.902540 -4.835813
v -297.765869 -29.727047 -0.018682
v -285.016754 -26.907860 -0.077679
v -286.557343 -13.160861 -0.077680
v -274.114746 -11.744393 3.490872
v -273.055267 -22.060684 3.490873
v -273.584991 -16.902540 4.680448
v -246.006653 -15.497932 3.490877
v -298.104919 -28.082359 3.369473
v -299.075989 -23.221661 4.459498
v -285.209381 -25.189522 3.490877
v -300.339783 -16.789806 -0.136676
v -274.291321 -10.025008 -0.077683
v -303.260773 -27.406254 2.098324
v -304.269623 -24.413429 2.643065
v -303.211090 -24.151630 4.203030
v -302.121155 -28.696217 3.157037
v -304.724213 -21.293850 2.065531
v -304.294952 -19.617062 3.108327
v -304.276733 -19.647156 -3.314122
v -302.102966 -28.726311 -3.265413
v -304.711914 -21.314110 -2.258207
v -305.183655 -20.576149 -0.101022
v -301.749786 -30.224518 -0.046070
v -304.254181 -24.438950 -2.803799
v -303.186768 -24.191751 -4.360116
v -303.248505 -27.426510 -2.225414
v -303.340057 -28.276226 -0.059712
v -304.648071 -18.118946 -0.111016
v -304.616272 -24.511028 -0.080975
v -175.135437 2.215100 -4.835809
v -214.537231 -9.025815 -3.646234
v -214.774033 -3.848798 -4.835809
v -246.392410 -10.330593 4.680451
v -246.392410 -10.330593 -4.835809
v -246.006653 -15.497934 -3.646234
v -175.239471 9.127696 -0.077680
v -175.031387 -4.697496 -0.077679
v -214.458191 -10.751406 -0.077679
v -246.778183 -5.163337 3.490876
v -246.906799 -3.440974 -0.077680
v -215.010941 1.328138 3.490876
v -246.778183 -5.163338 -3.646235
v -175.135437 2.215100 4.680451
v -34.317123 0.138168 -2.029365
v -33.749104 3.938861 -1.092240
v -34.523033 0.171925 -4.835809
v -33.684093 5.291042 3.490875
v -33.749104 3.938861 0.936880
v -34.523033 0.171925 4.680451
v -35.362053 -4.947177 3.490876
v -35.156147 -4.980934 -0.077679
v -35.641647 -6.653589 -0.077679
v -34.991959 -3.645004 0.936881
v -34.991959 -3.645004 -1.092239
v -33.478191 5.257287 -0.077680
v -33.404430 6.997355 -0.077680
v -33.684093 5.291042 -3.646235
v -34.248577 0.126932 -0.077680
v -34.317123 0.138168 1.874005
v -305.088409 -20.934584 -1.892329
v -304.481232 -24.630953 -2.945318
v -303.295471 -24.309956 -4.749282
v -304.600616 -18.944958 -4.097945
v -303.226898 -28.141804 -1.853279
v -301.835693 -29.650345 -4.039942
v -303.316956 -29.156986 -0.021903
v -301.641876 -30.693035 -0.230402
v -304.770966 -17.860388 -0.078957
v -304.909424 -24.730221 -0.047163
v -289.301208 -15.164438 -3.956570
v -286.498291 -26.361244 -3.956437
v -287.875763 -20.755695 -5.223481
v -286.377502 -27.409145 0.154302
v -304.622650 -18.908506 3.683392
v -289.324585 -15.170183 4.166512
v -303.234650 -24.262012 4.584902
v -286.521637 -26.366983 4.166645
v -301.783600 -29.600750 3.521094
v -287.942596 -20.780563 5.065479
v -289.444641 -13.695759 0.155189
v -303.237274 -28.124683 1.800441
v -305.661865 -20.077682 -0.071096
v -305.098755 -20.917469 1.761390
v -304.497650 -24.603788 2.852318
v -110.939491 0.715283 -3.931719
v -84.374763 0.186999 -3.931718
v -110.893974 6.316266 -5.216460
v -33.617393 5.700643 3.776360
v -55.337292 9.144362 3.776357
v -33.345203 7.548287 -0.077680
v -35.407200 -5.360261 3.776361
v -56.692101 -1.977735 3.776358
v -34.523449 0.171993 5.061101
v -35.701790 -7.204376 -0.077679
v -56.923901 -3.830016 -0.077682
v -33.617393 5.700643 -3.931720
v -55.337292 9.144362 -3.931814
v -56.017292 3.583879 5.061099
v -56.017292 3.583879 -5.216463
v -83.504288 11.355462 -3.931719
v -56.692104 -1.977735 -3.931721
v -83.939484 5.771226 -5.216460
v -84.374763 0.186999 3.776361
v -84.519852 -1.674382 -0.077679
v -110.939491 0.715283 3.776361
v -55.110683 10.997867 -0.077683
v -83.359177 13.216931 -0.077680
v -83.504288 11.355462 3.776360
v -83.939484 5.771226 5.061101
v -110.848579 11.917169 3.776360
v -110.893974 6.316266 5.061101
v -110.848579 11.917169 -3.931719
v -110.833397 13.784192 -0.077680
v -110.954666 -1.151650 -0.077679
v -35.407200 -5.360262 -3.931719
v -34.523449 0.171993 -5.216460
v -84.788643 5.865264 -5.216460
v -84.726593 11.603051 -3.900320
v -102.149361 6.128434 -5.342053
v -84.871574 -1.785173 0.047914
v -84.850853 0.127389 -3.900319
v -102.232292 -1.522003 -0.077679
v -102.149361 6.128434 5.186695
v -84.788643 5.865264 5.312288
v -102.211563 0.390558 3.870555
v -102.066582 13.778878 -0.077680
v -84.705864 13.515708 0.047913
v -102.087326 11.866221 3.870554
v -102.211563 0.390558 -4.025913
v -84.726593 11.603051 3.996148
v -93.166588 -3.578380 -0.257218
v -93.321579 -2.984764 -0.418861
v -93.330666 -3.575861 -0.418861
v -93.946205 -3.566412 0.205453
v -93.773056 -2.977833 0.367095
v -93.782120 -3.568931 0.367096
v -93.103180 -3.579354 -0.025807
v -93.157509 -2.987282 -0.257218
v -93.154388 -2.987330 0.199881
v -93.094101 -2.988256 -0.025807
v -93.949318 -3.566363 -0.251646
v -93.778625 -2.977747 -0.415735
v -93.940254 -2.975266 -0.251646
v -93.163467 -3.578428 0.199881
v -93.316017 -2.984849 0.363970
v -94.009613 -3.565438 -0.025959
v -94.000534 -2.974340 -0.025959
v -93.556320 -3.572397 -0.479159
v -93.787704 -3.568845 -0.415735
v -93.556465 -3.572395 0.427394
v -93.325089 -3.575947 0.363970
v -93.547241 -2.981299 -0.479159
v -93.547394 -2.981297 0.427394
v -93.937134 -2.975313 0.205453
v -92.478310 -2.828618 -0.651501
v -94.153473 -2.802965 1.047525
v -93.539352 -2.812293 1.211641
v -94.772507 -2.793648 -0.022131
v -94.599953 -2.796214 0.607620
v -92.909653 -2.821891 1.039045
v -92.469788 -2.828627 0.592478
v -92.924820 -2.821866 -1.091379
v -94.608429 -2.796202 -0.636293
v -94.168594 -2.802939 -1.082833
v -93.538933 -2.812537 -1.255449
v -92.305710 -2.831183 -0.021731
v -94.323914 -2.412548 1.331007
v -92.761780 -2.436852 -1.388430
v -93.542519 -2.425678 -1.596765
v -94.342842 -2.413950 -1.377181
v -94.901855 -2.405500 -0.809576
v -92.193901 -2.444724 -0.829329
v -91.974258 -2.447393 -0.028549
v -94.891350 -2.404683 0.771591
v -92.742287 -2.435435 1.320520
v -93.543129 -2.423714 1.539879
v -92.182854 -2.443882 0.752599
v -95.110497 -2.402001 -0.028964
v -94.417038 -0.802985 1.473362
v -92.670601 -0.830840 -1.566826
v -93.543297 -0.820069 -1.798941
v -94.437294 -0.808150 -1.553108
v -95.061653 -0.798993 -0.918964
v -92.035240 -0.837848 -0.942275
v -91.789040 -0.839352 -0.046791
v -95.050751 -0.795999 0.847605
v -92.648209 -0.825616 1.462567
v -93.544151 -0.813725 1.707538
v -92.022194 -0.834764 0.827213
v -95.295013 -0.794453 -0.047019
v -91.132591 -5.463637 0.505336
v -94.164215 -6.587931 0.505336
v -93.059265 -6.604895 0.505336
v -97.074684 -3.270261 0.505336
v -98.702499 -2.822846 0.505336
v -98.599648 -4.281195 0.505336
v -98.599648 -4.281194 -0.560074
v -98.702499 -2.822846 -0.560074
v -97.074684 -3.270260 -0.560074
v -93.059265 -6.604895 -0.560076
v -94.164207 -6.587931 -0.560076
v -91.132584 -5.463637 -0.560075
v -89.138763 -5.227762 0.505336
v -89.438721 -5.489956 -0.027369
v -88.984673 -5.480156 -0.027369
v -90.176880 -6.126681 0.505336
v -89.796997 -6.230098 -0.027369
v -89.923653 -5.978125 0.505336
v -93.043495 -6.855166 -0.027370
v -90.059128 -6.378518 -0.027369
v -97.279106 -5.865201 0.505336
v -97.748817 -5.362377 -0.027369
v -97.413429 -6.113169 -0.027369
v -98.040581 -5.091097 0.505336
v -97.602600 -5.114592 0.505336
v -93.619591 -7.107245 0.505336
v -97.030556 -6.021461 0.505336
v -97.155983 -6.269565 -0.027369
v -88.380745 -4.688107 -0.027369
v -88.555107 -4.435401 0.505336
v -94.187660 -6.837601 -0.027370
v -88.224884 -2.983702 -0.027368
v -88.407532 -2.980898 0.505336
v -98.781677 -4.528430 -0.027369
v -98.202354 -5.338644 -0.027369
v -93.623421 -7.357216 -0.027370
v -98.885132 -2.820043 -0.027368
v -89.577263 -5.237800 0.505336
v -97.171654 -2.852005 -0.560074
v -97.171654 -2.852006 0.505336
v -89.138763 -5.227761 -0.560075
v -89.923653 -5.978125 -0.560075
v -90.176880 -6.126680 -0.560075
v -96.747437 -3.501189 -0.560074
v -96.287430 -4.876025 0.505336
v -96.039337 -4.371360 -0.560074
v -96.039337 -4.371360 0.505336
v -96.054955 -5.388067 -0.560075
v -96.287430 -4.876024 -0.560075
v -90.382507 -3.598907 0.505337
v -96.747437 -3.501190 0.505337
v -97.279106 -5.865201 -0.560075
v -97.602600 -5.114592 -0.560075
v -98.040573 -5.091097 -0.560075
v -93.619583 -7.107245 -0.560076
v -91.116989 -4.446929 -0.560074
v -91.116989 -4.446930 0.505336
v -97.030556 -6.021461 -0.560075
v -88.407532 -2.980897 -0.560074
v -89.938553 -2.963050 -0.560074
v -88.555107 -4.435401 -0.560074
v -96.054955 -5.388067 0.505336
v -89.938560 -2.963050 0.505336
v -90.048325 -3.378130 -0.560074
v -90.048325 -3.378131 0.505336
v -90.382507 -3.598906 -0.560074
v -90.884483 -4.958973 0.505336
v -90.884483 -4.958972 -0.560075
v -89.577263 -5.237800 -0.560075
v -46.998779 2.287163 -5.301427
v -46.315994 8.078910 -3.963789
v -64.514610 4.429282 -5.429072
v -47.909367 -5.435200 0.048939
v -47.681736 -3.504657 -3.963788
v -65.425194 -3.293079 -0.078705
v -64.514610 4.429282 5.271662
v -46.998779 2.287163 5.399307
v -65.197556 -1.362535 3.934023
v -63.604187 12.151673 -0.078706
v -46.088345 10.009553 0.048938
v -63.831837 10.221034 3.934022
v -65.197556 -1.362535 -4.091432
v -46.315994 8.078910 4.061666
v -56.474148 -6.194879 -0.257218
v -56.565144 -5.588147 -0.418861
v -56.637024 -6.174927 -0.418861
v -57.248066 -6.100080 0.205452
v -57.013329 -5.533248 0.367095
v -57.085190 -6.120031 0.367095
v -56.339325 -5.615808 -0.025807
v -56.402271 -5.608097 -0.257218
v -56.411198 -6.202590 -0.025807
v -56.399166 -5.608478 0.199880
v -57.251167 -6.099700 -0.251646
v -57.018856 -5.532570 -0.415735
v -57.179298 -5.512917 -0.251646
v -56.631489 -6.175606 0.363969
v -56.471058 -6.195258 0.199880
v -57.239147 -5.505587 -0.025959
v -57.311020 -6.092369 -0.025959
v -56.861042 -6.147488 -0.479160
v -57.090729 -6.119352 -0.415735
v -56.861187 -6.147470 0.427394
v -56.559616 -5.588823 0.363969
v -56.789150 -5.560708 -0.479160
v -56.789303 -5.560688 0.427394
v -57.176201 -5.513297 0.205452
v -55.710052 -5.522553 -0.651501
v -57.372993 -5.318921 1.047525
v -56.763344 -5.393498 1.211640
v -57.987526 -5.243834 -0.022131
v -57.816227 -5.264732 0.607620
v -56.138233 -5.469999 1.039044
v -55.701576 -5.523470 0.592477
v -56.153316 -5.468361 -1.091379
v -57.824642 -5.263821 -0.636294
v -57.388020 -5.317287 -1.082833
v -56.762955 -5.393785 -1.255449
v -55.538708 -5.543457 -0.021731
v -57.500950 -4.912595 1.331006
v -55.950256 -5.102867 -1.388430
v -56.725376 -5.008739 -1.596766
v -57.519917 -4.911975 -1.377181
v -58.074871 -4.844132 -0.809576
v -55.386433 -5.171078 -0.829329
v -55.168320 -5.197088 -0.028550
v -58.064342 -4.844437 0.771591
v -55.930725 -5.103530 1.320519
v -56.725777 -5.006721 1.539879
v -55.375359 -5.171416 0.752599
v -58.281956 -4.818468 -0.028965
v -57.422398 -3.302254 1.473362
v -55.688824 -3.515655 -1.566826
v -56.555428 -3.412149 -1.798941
v -57.443092 -3.305236 -1.553108
v -58.062946 -3.229740 -0.918964
v -55.057808 -3.590181 -0.942275
v -54.813168 -3.617857 -0.046792
v -58.051769 -3.227922 0.847604
v -55.665997 -3.512842 1.462566
v -56.555599 -3.405751 1.707538
v -55.044506 -3.588504 0.827213
v -58.294487 -3.200413 -0.047020
v -54.652145 -8.285728 0.505336
v -57.786137 -9.081287 0.505336
v -56.689251 -9.215648 0.505336
v -60.327332 -5.472947 0.505336
v -61.898342 -4.854980 0.505336
v -61.951141 -6.315996 0.505336
v -61.951141 -6.315995 -0.560075
v -61.898342 -4.854980 -0.560074
v -60.327332 -5.472946 -0.560075
v -56.689251 -9.215647 -0.560076
v -57.786129 -9.081287 -0.560076
v -54.652138 -8.285729 -0.560075
v -52.644554 -8.263198 0.505336
v -52.970692 -8.492011 -0.027370
v -52.518173 -8.530546 -0.027369
v -53.772362 -9.046637 0.505335
v -53.405624 -9.189861 -0.027370
v -53.504768 -8.925849 0.505336
v -56.700184 -9.466176 -0.027370
v -53.682053 -9.309566 -0.027370
v -60.806522 -8.031439 0.505336
v -61.220097 -7.481521 -0.027369
v -60.966454 -8.263718 -0.027370
v -61.481373 -7.180754 0.505336
v -61.048363 -7.250688 0.505336
v -57.299812 -9.655569 0.505336
v -60.576000 -8.213242 0.505336
v -60.727097 -8.446603 -0.027370
v -51.833450 -7.807206 -0.027369
v -51.979950 -7.537392 0.505336
v -57.836002 -9.327047 -0.027370
v -51.497238 -6.129036 -0.027368
v -51.678547 -6.106827 0.505336
v -62.158428 -6.542473 -0.027369
v -61.668541 -7.409695 -0.027369
v -57.330204 -9.903715 -0.027370
v -62.079639 -4.832771 -0.027368
v -53.081631 -8.226554 0.505336
v -60.379276 -5.046752 0.505336
v -60.379276 -5.046751 -0.560074
v -52.644554 -8.263197 -0.560075
v -53.504768 -8.925848 -0.560075
v -53.772362 -9.046636 -0.560075
v -60.026497 -5.737364 -0.560075
v -59.715286 -7.153318 0.505336
v -59.414944 -6.677894 -0.560075
v -59.414944 -6.677894 0.505336
v -59.538570 -7.687178 -0.560075
v -59.715286 -7.153318 -0.560075
v -53.708035 -6.511328 0.505336
v -60.026497 -5.737365 0.505336
v -60.806522 -8.031439 -0.560075
v -61.048363 -7.250687 -0.560075
v -61.481365 -7.180754 -0.560075
v -57.299805 -9.655569 -0.560076
v -54.528519 -7.276444 -0.560075
v -54.528519 -7.276444 0.505336
v -60.576000 -8.213242 -0.560075
v -51.678547 -6.106826 -0.560074
v -53.198978 -5.926284 -0.560074
v -51.979950 -7.537391 -0.560075
v -59.538570 -7.687179 0.505336
v -53.198986 -5.926283 0.505336
v -53.352276 -6.327337 -0.560075
v -53.352276 -6.327338 0.505336
v -53.708035 -6.511327 -0.560075
v -54.351788 -7.810307 0.505336
v -54.351788 -7.810307 -0.560075
v -53.081631 -8.226553 -0.560075
v -186.095276 5.898511 -3.717870
v -201.478149 -1.801404 -4.963983
v -185.218445 0.685342 -4.931324
v -184.341751 -4.527926 -3.717869
v -200.301712 -8.799173 -0.077679
v -184.049423 -6.265584 -0.077678
v -185.218445 0.685342 4.775968
v -200.595932 -7.049803 3.587007
v -201.478149 -1.801404 4.808626
v -202.654587 5.196279 -0.077680
v -202.360489 3.446900 -3.742364
v -186.387512 7.636178 -0.077679
v -200.595932 -7.049803 -3.742363
v -184.341751 -4.527925 3.562514
v -186.095276 5.898511 3.562513
v -202.360489 3.446900 3.587006
v -88.416008 6.028768 5.698805
v -85.101326 12.142531 4.254632
v -84.477287 5.877276 5.698805
v -89.040047 12.294021 -4.409992
v -85.309296 14.231019 -0.077680
v -89.248024 14.382506 -0.077680
v -83.645348 -2.476369 -0.077679
v -83.853333 -0.387982 -4.409991
v -87.584068 -2.324880 -0.077679
v -84.477287 5.877276 -5.854163
v -85.101326 12.142531 -4.409992
v -88.416008 6.028768 -5.854163
v -87.792053 -0.236493 4.254633
v -83.853333 -0.387982 4.254633
v -87.792053 -0.236493 -4.409991
v -89.040047 12.294021 4.254632
v -83.817490 5.987159 5.698805
v -80.356140 12.017394 4.254632
v -80.118858 5.725610 5.698805
v -84.113762 12.276437 -4.409992
v -80.470360 13.711755 -0.077681
v -84.175255 14.047446 -0.077681
v -79.802612 -2.663402 -0.077679
v -79.881668 -0.566174 -4.409991
v -83.422585 -2.398520 -0.077679
v -80.118858 5.725610 -5.854163
v -80.356140 12.017394 -4.409992
v -83.817490 5.987159 -5.854163
v -83.521317 -0.302125 4.254633
v -79.881668 -0.566174 4.254633
v -83.521317 -0.302125 -4.409991
v -84.113762 12.276437 4.254632
v -79.219566 5.644444 5.698805
v -74.834366 11.760800 4.254632
v -75.124168 5.471217 5.698805
v -79.453362 11.936358 -4.409992
v -74.717155 13.247064 -0.077681
v -79.484520 13.424848 -0.077681
v -75.510689 -2.914851 -0.077679
v -75.414070 -0.818358 -4.409991
v -78.907959 -2.744740 -0.077679
v -75.124168 5.471217 -5.854163
v -74.834366 11.760800 -4.409992
v -79.219566 5.644444 -5.854163
v -78.995201 -0.647470 4.254633
v -75.414063 -0.818359 4.254633
v -78.995201 -0.647470 -4.409991
v -79.453362 11.936358 4.254632
v -64.816734 4.660471 5.698806
v -63.393593 10.793780 4.254632
v -60.891151 4.305089 5.698806
v -58.993656 12.482907 -0.077681
v -62.919235 12.838286 -0.077681
v -59.468006 10.438399 -4.409991
v -66.714149 -3.517268 -0.077679
v -66.239799 -1.472857 -4.409990
v -62.788570 -3.872645 -0.077679
v -60.891151 4.305089 -5.854162
v -63.393593 10.793780 -4.409991
v -64.816734 4.660471 -5.854162
v -62.314217 -1.828237 4.254633
v -66.239799 -1.472857 4.254633
v -62.314217 -1.828237 -4.409990
v -59.468006 10.438399 4.254632
v -69.317551 5.038029 5.698806
v -68.419388 11.269893 4.254632
v -65.861084 4.682389 5.698806
v -64.058762 12.546729 -0.077681
v -68.127487 12.942821 -0.077681
v -64.437943 10.815696 -4.409991
v -70.514969 -3.271107 -0.077679
v -70.215614 -1.193851 -4.409990
v -67.758499 -3.495348 -0.077679
v -65.861084 4.682389 -5.854162
v -68.419388 11.269893 -4.409991
v -69.317551 5.038029 -5.854162
v -67.284157 -1.450938 4.254633
v -70.215614 -1.193851 4.254633
v -67.284157 -1.450938 -4.409990
v -64.437943 10.815696 4.254632
v -74.054863 5.354559 5.698806
v -73.626892 11.636258 4.254632
v -70.259468 5.196222 5.698806
v -69.307022 12.922652 -0.077681
v -73.574181 13.126199 -0.077681
v -69.469772 11.442763 -4.409991
v -74.625359 -3.021009 -0.077679
v -74.482727 -0.927140 -4.409990
v -71.312256 -3.132473 -0.077679
v -70.259468 5.196222 -5.854162
v -73.626892 11.636258 -4.409991
v -74.054863 5.354559 -5.854162
v -71.049057 -1.050323 4.254633
v -74.482735 -0.927140 4.254633
v -71.049057 -1.050324 -4.409990
v -69.469772 11.442763 4.254632
v -83.926132 -3.441807 -1.646140
v -84.070419 -3.666499 -5.031127
v -87.286713 -3.368751 -1.646140
v -82.450142 -1.143352 -6.624195
v -85.810722 -1.070295 -6.624195
v -79.925598 2.787898 -4.348976
v -80.883583 1.296093 -5.754546
v -83.286179 2.860953 -4.348976
v -82.688278 -1.514197 0.332066
v -86.048866 -1.441141 0.332066
v -84.244179 1.369149 -5.754546
v -79.798454 -3.295694 -1.646140
v -79.942749 -3.520385 -5.031127
v -83.159042 -3.222638 -1.646140
v -78.322464 -0.997238 -6.624195
v -81.683052 -0.924183 -6.624195
v -75.797920 2.934011 -4.348976
v -76.755913 1.442204 -5.754546
v -79.158508 3.007067 -4.348976
v -78.560608 -1.368085 0.332066
v -81.921196 -1.295028 0.332066
v -80.116501 1.515262 -5.754546
v -83.926125 -3.444852 1.683908
v -84.070412 -3.669542 5.068894
v -87.286713 -3.371796 1.683908
v -82.450134 -1.146395 6.661963
v -85.810722 -1.073339 6.661963
v -79.925591 2.784853 4.386743
v -80.883575 1.293048 5.792313
v -83.286179 2.857909 4.386743
v -82.688278 -1.517241 -0.294298
v -86.048859 -1.444185 -0.294298
v -84.244171 1.366104 5.792313
v -79.798447 -3.298739 1.683908
v -79.942741 -3.523429 5.068894
v -83.159042 -3.225683 1.683907
v -78.322456 -1.000282 6.661963
v -81.683052 -0.927226 6.661963
v -75.797913 2.930966 4.386743
v -76.755905 1.439159 5.792313
v -79.158508 3.004024 4.386743
v -78.560608 -1.371129 -0.294298
v -81.921188 -1.298073 -0.294298
v -80.116493 1.512217 5.792313
v -61.931019 -4.912255 -1.646140
v -65.159737 -4.819438 -5.031127
v -65.275833 -4.578968 -1.646141
v -66.463478 -2.119096 -6.624195
v -63.118660 -2.452384 -6.624195
v -68.494827 2.088236 -4.348976
v -67.723984 0.491665 -5.754546
v -65.150002 1.754949 -4.348976
v -62.927040 -2.849273 0.332066
v -66.271851 -2.515986 0.332066
v -64.379173 0.158381 -5.754546
v -66.010841 -4.268773 -1.646141
v -69.239548 -4.175957 -5.031127
v -69.355659 -3.935485 -1.646140
v -70.543289 -1.475616 -6.624195
v -67.198479 -1.808903 -6.624195
v -72.574646 2.731718 -4.348976
v -71.803818 1.135147 -5.754546
v -69.229828 2.398431 -4.348976
v -67.006859 -2.205791 0.332066
v -70.351677 -1.872504 0.332066
v -68.458984 0.801860 -5.754546
v -73.554314 0.147138 -1.351485
v -73.867859 0.101197 -4.137439
v -73.314064 -3.956407 -1.351485
v -70.115845 -3.136413 -5.448586
v -70.346954 0.617086 -5.448586
v -64.645653 -1.733853 -3.576007
v -66.942856 1.115890 -4.732836
v -64.861130 1.420917 -3.576007
v -70.864449 0.541273 0.276643
v -70.631859 -3.268701 0.276643
v -66.721451 -2.266081 -4.732836
v -65.276207 -4.581989 1.683907
v -65.160103 -4.822460 5.068894
v -61.931393 -4.915276 1.683907
v -63.119030 -2.455405 6.661963
v -66.463844 -2.122117 6.661963
v -65.150383 1.751927 4.386743
v -67.724358 0.488643 5.792313
v -68.495193 2.085214 4.386743
v -66.272217 -2.519008 -0.294298
v -62.927406 -2.852295 -0.294298
v -64.379539 0.155357 5.792313
v -69.356033 -3.938507 1.683907
v -69.239929 -4.178977 5.068894
v -66.011208 -4.271795 1.683907
v -67.198845 -1.811922 6.661963
v -70.543663 -1.478636 6.661963
v -69.230194 2.395411 4.386743
v -71.804176 1.132124 5.792313
v -72.575020 2.728696 4.386743
v -70.352043 -1.875525 -0.294298
v -67.007233 -2.208813 -0.294298
v -68.459373 0.798839 5.792313
v -73.558586 0.147037 1.389253
v -73.872139 0.101085 4.175207
v -73.318321 -3.956519 1.389253
v -70.120110 -3.136506 5.486354
v -70.351219 0.616973 5.486354
v -64.649910 -1.733968 3.613774
v -66.947113 1.115779 4.770604
v -64.865387 1.420802 3.613774
v -70.868706 0.541154 -0.238875
v -70.636124 -3.268810 -0.238875
v -66.725700 -2.266172 4.770605
v -76.146446 0.022113 -1.376342
v -75.843292 -0.070186 -4.162296
v -76.997459 -3.999402 -1.376343
v -79.247513 0.966266 -5.473444
v -80.037155 -2.710504 -5.473444
v -84.551521 2.581169 -3.600864
v -82.538780 1.968361 -4.757694
v -85.236198 -0.505938 -3.600864
v -78.747169 0.813942 0.251786
v -79.546715 -2.918447 0.251785
v -83.263290 -1.342507 -4.757693
v -76.142242 0.021376 1.364395
v -75.839081 -0.070936 4.150350
v -76.993279 -4.000149 1.364395
v -79.243317 0.965518 5.461498
v -80.032944 -2.711235 5.461497
v -84.547333 2.580418 3.588916
v -82.534599 1.967614 4.745747
v -85.232010 -0.506688 3.588917
v -78.742966 0.813187 -0.263732
v -79.542511 -2.919193 -0.263732
v -83.259109 -1.343233 4.745748
v -46.459660 -7.205902 3.209608
v -47.277699 -8.443470 3.635710
v -46.459660 -5.903921 6.991068
v -62.321075 -7.364525 7.559677
v -62.321072 -8.666506 3.778216
v -46.768703 -7.700115 7.609509
v -34.564011 39.733757 -11.336257
v -42.973179 32.807343 -4.105802
v -34.631863 42.338978 -8.357763
v -47.768528 -5.130439 6.724755
v -47.768528 -6.432420 2.943294
v -46.768703 -9.002095 3.828049
v -45.723427 -8.172796 7.772256
v -62.430141 -5.482390 6.911645
v -62.430145 -6.784370 3.130185
v -45.723427 -9.474776 3.990796
v -46.731277 -10.687361 4.601011
v -85.662582 -6.681240 3.094677
v -85.662582 -5.379259 6.876137
v -46.731277 -9.385380 8.382471
v -62.139286 -8.309891 7.885171
v -98.587685 -3.832297 6.343509
v -98.587685 -5.134276 2.562049
v -62.139286 -9.611871 4.103711
v -99.996552 -8.657324 7.618864
v -99.405731 -2.749424 5.970669
v -99.405724 -4.051404 2.189209
v -100.132896 -9.082332 3.837403
v -111.299179 -0.656845 6.885341
v -97.987785 -1.872813 5.668848
v -97.987785 -3.174792 1.887387
v -111.299187 0.645131 3.103880
v -100.238892 10.242009 7.575339
v -85.771660 -5.546802 2.704083
v -85.771660 -4.244822 6.485544
v -100.238892 8.940028 11.356799
v -99.657181 21.744686 7.115232
v -62.539219 -5.856194 2.810609
v -62.539215 -4.554213 6.592069
v -99.657173 23.046661 3.333773
v -97.896164 31.502838 3.909899
v -45.472324 -4.246786 8.770720
v -45.698025 -4.575526 4.720438
v -97.896149 32.804817 0.128440
v -104.687790 42.297009 5.496213
v -85.771660 -7.506285 3.378745
v -98.633133 -6.045266 2.875708
v -85.771652 -6.204305 7.160205
v -37.782711 -2.595657 9.133990
v -37.782715 -1.736303 5.228083
v -99.587517 -6.818747 3.142021
v -98.633125 -4.743285 6.657168
v -34.989265 10.283799 12.601387
v -34.989265 11.143153 8.695481
v -62.375607 -6.513697 7.266731
v -62.375603 -7.815678 3.485271
v -98.769478 -7.850054 3.497107
v -99.587517 -5.516766 6.923481
v -42.351852 25.060425 2.197218
v -42.288689 25.580776 6.048981
v -47.277699 -7.141490 7.417171
v -98.769470 -6.548073 7.278567
v -43.120583 34.001305 0.665434
v -62.715965 -10.070054 6.282555
v -62.715965 -9.989692 3.953883
v -65.872002 -10.017454 6.282555
v -62.715961 -5.604274 2.433425
v -62.715954 -3.861662 3.845589
v -65.871994 -5.551673 2.433425
v -65.872002 -9.937091 3.953883
v -65.871994 -4.024794 6.625034
v -62.715958 -4.077395 6.625034
v -65.871994 -8.600160 8.099832
v -65.872002 -3.560491 4.527967
v -62.715961 -3.613092 4.527967
v -66.424309 -10.070054 6.282555
v -66.424309 -9.989692 3.953883
v -69.580330 -10.017454 6.282555
v -66.424301 -5.604274 2.433425
v -66.424301 -3.861662 3.845589
v -69.580338 -5.551673 2.433425
v -69.580345 -9.937091 3.953883
v -69.580338 -4.024794 6.625034
v -66.424301 -4.077395 6.625034
v -69.580338 -8.600160 8.099832
v -69.580338 -3.560491 4.527967
v -66.424301 -3.613092 4.527967
v -70.027443 -9.912252 6.282555
v -70.027443 -9.831890 3.953883
v -73.183479 -9.859652 6.282555
v -70.027443 -5.446472 2.433425
v -70.027435 -3.703860 3.845589
v -73.183487 -5.393871 2.433425
v -73.183487 -9.779289 3.953883
v -73.183472 -3.866992 6.625034
v -70.027443 -3.919593 6.625034
v -73.183479 -8.442358 8.099832
v -73.183479 -3.402689 4.527967
v -70.027443 -3.455290 4.527967
v -75.103401 -9.780751 6.282555
v -75.103401 -9.700389 3.953883
v -78.259438 -9.728150 6.282555
v -75.103394 -5.314970 2.433425
v -75.103394 -3.572359 3.845589
v -78.259438 -5.262370 2.433425
v -78.259445 -9.647788 3.953883
v -78.259422 -3.735491 6.625034
v -75.103401 -3.788091 6.625034
v -78.259438 -8.310857 8.099832
v -78.259445 -3.271188 4.527967
v -75.103401 -3.323789 4.527967
v -78.732841 -9.754451 6.282555
v -78.732849 -9.674088 3.953883
v -81.888878 -9.701851 6.282555
v -78.732841 -5.288671 2.433425
v -78.732841 -3.546059 3.845589
v -81.888885 -5.236069 2.433425
v -81.888893 -9.621488 3.953883
v -81.888870 -3.709191 6.625034
v -78.732841 -3.761791 6.625034
v -81.888870 -8.284556 8.099832
v -81.888885 -3.244888 4.527967
v -78.732841 -3.297489 4.527967
v -82.414879 -9.728151 6.282555
v -82.414886 -9.647788 3.953883
v -85.570915 -9.675550 6.282555
v -82.414879 -5.262370 2.433425
v -82.414879 -3.519758 3.845589
v -85.570923 -5.209769 2.433425
v -85.570930 -9.595187 3.953883
v -85.570915 -3.682891 6.625034
v -82.414886 -3.735491 6.625034
v -85.570915 -8.258256 8.099832
v -85.570923 -3.218587 4.527967
v -82.414879 -3.271188 4.527967
v -82.414886 -8.310856 8.099832
v -78.732841 -8.337156 8.099832
v -75.103401 -8.363457 8.099832
v -70.027451 -8.494959 8.099832
v -66.424301 -8.652761 8.099832
v -62.715961 -8.652761 8.099832
v -54.870113 -7.737812 -0.022887
v -59.025562 -7.451188 0.662017
v -59.025558 -7.238106 -0.022887
v -54.870113 -7.950893 0.662017
v -59.450024 -10.209312 0.509816
v -66.449562 -22.975563 0.509815
v -70.635689 -16.312815 -0.051500
v -70.241196 -16.093645 0.509815
v -59.025558 -7.451188 -0.707791
v -59.450020 -10.209313 -0.555590
v -54.870110 -7.950894 -0.707791
v -70.241188 -16.093645 -0.555589
v -66.449562 -22.975565 -0.555588
v -56.769585 -11.746785 0.509816
v -55.947697 -14.577723 0.509816
v -57.573200 -17.171228 0.509815
v -62.961117 -16.422400 0.509815
v -60.152332 -16.171875 0.996859
v -60.152332 -16.171875 -1.012195
v -61.600956 -15.384712 0.996859
v -61.899750 -13.653777 -1.012194
v -58.561520 -15.807143 -1.012195
v -58.108177 -12.747095 -1.012194
v -61.137314 -12.345272 -1.012194
v -61.899750 -13.653777 0.996859
v -58.108177 -12.747095 0.996859
v -57.644531 -14.344090 0.996859
v -58.561520 -15.807143 0.996859
v -61.600956 -15.384712 -1.012195
v -61.137314 -12.345272 0.996859
v -59.620274 -11.879773 0.996859
v -59.620274 -11.879774 -1.012194
v -57.644531 -14.344090 -1.012195
v -95.643883 -4.710336 -0.022887
v -91.494080 -5.069511 0.662017
v -91.461151 -4.858992 -0.022887
v -95.676834 -4.920855 0.662017
v -91.501083 -7.860097 0.509817
v -86.559090 -21.554901 0.509815
v -81.393349 -15.619334 -0.051500
v -81.749222 -15.341818 0.509816
v -91.494080 -5.069510 -0.707791
v -91.501083 -7.860097 -0.555590
v -95.676834 -4.920855 -0.707791
v -81.749237 -15.341815 -0.555589
v -86.559097 -21.554903 -0.555588
v -94.386963 -8.964744 0.509816
v -95.636574 -11.634607 0.509816
v -94.431519 -14.448212 0.509816
v -88.992622 -14.541254 0.509816
v -91.745384 -15.522905 0.509815
v -90.176018 -13.305784 0.996859
v -91.728912 -13.859556 -1.012194
v -91.728912 -13.859556 0.996859
v -93.219093 -10.159954 -1.012194
v -93.244225 -13.253296 -1.012194
v -89.613243 -11.641843 -1.012194
v -90.164246 -10.231208 0.996859
v -89.613243 -11.641842 0.996859
v -93.924026 -11.666080 0.996859
v -93.219093 -10.159953 0.996859
v -93.244225 -13.253296 0.996859
v -90.176018 -13.305784 -1.012194
v -91.591095 -9.536797 0.996860
v -90.164246 -10.231208 -1.012194
v -91.591095 -9.536798 -1.012194
v -93.924026 -11.666080 -1.012194
v -66.594658 -14.624906 0.820306
v -63.215805 -13.328152 0.820307
v -62.998745 -20.135685 0.820306
v -60.094749 -17.578705 0.820306
v -60.258030 -17.974850 -0.038108
v -66.613930 -14.288541 -0.019843
v -63.728210 -13.101373 -0.019843
v -63.161514 -20.298454 -0.859992
v -63.329952 -13.150584 -0.859993
v -66.708809 -14.447337 -0.859993
v -60.257519 -17.741478 -0.859993
v -63.088963 -20.477036 -0.038108
v -69.601234 -12.053225 0.048257
v -65.806664 -22.865984 -0.038109
v -74.384262 -2.736225 0.048258
v -76.737846 -4.387596 -0.038106
v -56.769581 -11.746786 -0.555590
v -63.490772 -13.354029 -0.555590
v -57.573196 -17.171228 -0.555589
v -62.961113 -16.422400 -0.555589
v -94.386963 -8.964745 -0.555589
v -87.995018 -11.591639 -0.555589
v -94.431526 -14.448211 -0.555589
v -88.992622 -14.541254 -0.555589
v -89.473091 -18.480331 0.820306
v -87.947113 -11.579165 0.820307
v -84.846565 -13.445940 0.820307
v -91.969254 -15.637771 -0.038108
v -91.886040 -15.455600 0.820306
v -85.067352 -13.117807 -0.019843
v -85.049492 -13.382523 -0.859993
v -88.150040 -11.515748 -0.859993
v -89.637978 -18.277397 -0.859992
v -92.050926 -15.252666 -0.859993
v -87.701469 -11.445036 -0.019843
v -87.359825 -21.422554 -0.038109
v -81.735664 -11.018324 -0.298762
v -89.618675 -18.595798 -0.038108
v -73.370270 -4.716475 -0.385125
v -75.399376 -2.679538 -0.298761
v -68.774612 -11.246969 -0.015160
v -75.278442 -8.700438 -0.738115
v -69.691925 -12.449538 -0.738115
v -75.356987 -11.101687 -0.611281
v -71.200577 -14.319329 -0.611281
v -71.729065 -15.055673 -0.021502
v -75.335510 -12.007798 -0.021502
v -71.200584 -14.319329 0.580961
v -69.691933 -12.449538 0.707795
v -75.278450 -8.700441 0.707796
v -75.356987 -11.101692 0.580961
v -80.839760 -14.147097 0.580961
v -81.967262 -12.025558 0.707795
v -82.713219 -10.709819 -0.015160
v -81.967255 -12.025550 -0.738115
v -80.369972 -14.922203 -0.021502
v -80.839767 -14.147090 -0.611281
v -102.087326 11.866221 -4.025914
v -84.850853 0.127389 3.996149
v -63.831837 10.221034 -4.091433
v -47.681736 -3.504656 4.061667
v -87.431000 -3.593442 -5.031127
v -83.303329 -3.447329 -5.031127
v -87.431000 -3.596486 5.068894
v -83.303329 -3.450373 5.068894
v -61.814915 -5.152726 -5.031127
v -65.894737 -4.509243 -5.031127
v -73.626709 -4.036567 -4.137439
v -61.815289 -5.155746 5.068894
v -65.895103 -4.512265 5.068894
v -73.630959 -4.036667 4.175208
v -76.700317 -4.125400 -4.162296
v -76.696121 -4.126136 4.150351
v -104.687790 43.598999 1.714752
v -65.871994 -3.809062 3.845589
v -69.580338 -3.809062 3.845589
v -73.183479 -3.651259 3.845589
v -78.259438 -3.519758 3.845589
v -81.888885 -3.493458 3.845589
v -85.570923 -3.467158 3.845589
v -66.844063 -23.194735 -0.051499
v -60.393185 -17.817778 0.509815
v -63.490776 -13.354028 0.509816
v -62.139233 -11.034485 0.509816
v -86.203217 -21.832420 -0.051499
v -87.995010 -11.591640 0.509816
v -88.971741 -9.091055 0.509816
v -72.403664 -13.507444 -0.038107
v -62.139229 -11.034486 -0.555590
v -55.947693 -14.577724 -0.555589
v -60.393181 -17.817778 -0.555589
v -88.971741 -9.091055 -0.555590
v -95.636589 -11.634604 -0.555589
v -91.745392 -15.522904 -0.555589
v -79.230179 -12.939506 -0.385126
v -75.270241 -7.187973 -0.015160
v -109.911476 6.549436 -0.597785
v -66.280273 4.597884 -0.685545
v -109.847206 11.582435 0.002198
v -34.585819 0.147860 -0.703343
v -33.743484 5.318981 -0.078974
v -66.280273 4.597884 0.611851
v -66.734512 -0.631090 0.513338
v -109.911476 6.549436 0.602182
v -65.853394 9.586900 -0.036847
v -35.429054 -5.023335 0.450577
v -66.734512 -0.631090 -0.587031
v -109.976479 1.516789 0.511067
v -109.976479 1.516789 -0.506670
v -42.640137 1.658064 1.211454
v -41.812828 6.746446 0.638553
v -34.270668 0.366277 1.211454
v -42.640137 1.658064 -1.380346
v -41.812828 6.746446 -0.807447
v -43.565823 -4.035375 -1.183746
v -43.565823 -4.035375 1.014854
v -31.082796 6.276567 -0.084446
v -31.082792 5.026568 -2.350047
v -25.490942 5.273302 -0.168893
v -33.443356 5.454660 0.638553
v 22.532076 -20.914520 1.910596
v 24.468178 -16.871469 3.007990
v 39.163311 -27.931412 1.656048
v 26.407057 -13.035174 2.079486
v 41.125969 -24.696924 2.607237
v 39.163311 -27.931412 -1.824939
v 22.532074 -20.914520 -2.079487
v 24.468178 -16.871469 -3.273889
v -32.013042 0.105099 3.482454
v -31.082792 5.026568 2.181153
v -26.421185 -0.898167 3.482454
v -33.109673 -5.839733 2.181154
v -27.517820 -6.842998 2.181154
v -33.109673 -5.839733 -2.350046
v -27.517822 -6.842998 -2.350046
v -32.013042 0.105099 -3.651346
v -26.421185 -0.898167 -3.651346
v -34.270668 0.366277 -1.380346
v 43.088623 -21.462433 1.824939
v 43.088623 -21.462433 -1.824940
v 26.407053 -13.035175 -2.079488
v 8.773864 -5.960491 -2.177617
v -11.024931 -4.582035 -3.502372
v -9.697384 -0.129714 -2.324464
v -12.433034 -9.742647 -2.240017
v 5.252429 -14.542753 -2.177616
v -11.024931 -4.582034 3.284976
v -9.697384 -0.129713 2.155571
v 7.010449 -10.050612 3.162482
v -12.433033 -9.742647 2.071126
v 5.252429 -14.542753 2.008725
v -34.585819 0.147860 0.545395
v -33.109676 -7.089732 -0.000000
v -35.429054 -5.023335 -0.608524
v 38.909805 -29.251736 -0.073193
v 22.532074 -22.164518 0.000000
v -12.433034 -10.992647 0.000000
v 26.407053 -11.785174 -0.000001
v 43.358028 -20.156933 -0.073193
v -9.697385 1.120286 -0.084447
v 8.773864 -4.710490 -0.000001
v -31.815819 0.655908 13.954106
v -32.930607 1.798948 14.418053
v -31.681129 1.531191 13.731699
v -31.190689 13.105569 8.812757
v -31.104050 13.668614 7.063593
v -30.024061 12.299428 8.393323
v -33.791931 -12.185631 8.393326
v -35.029907 -11.843098 9.703413
v -33.680450 -11.461172 9.241567
v -35.278538 -13.458797 -5.574800
v -35.313889 -13.688523 -4.068491
v -33.917248 -12.999972 -5.309115
v -31.512247 2.628633 13.601478
v -32.753284 2.951234 14.281321
v -31.023754 14.190406 4.077715
v -30.997421 14.361556 2.736694
v -29.865076 13.332574 3.883758
v -34.923203 -11.149673 10.121713
v -33.578827 -10.800797 9.639948
v -35.340229 -13.859688 -2.727471
v -33.950920 -13.218778 -3.874534
v -31.318001 3.890928 13.436563
v -32.549324 4.276657 14.108162
v -30.024061 12.299428 -8.384102
v -31.307741 12.344953 -9.694192
v -30.135540 11.575015 -9.232345
v -31.629049 10.256955 10.715438
v -31.677555 9.941760 9.809501
v -30.441549 9.586442 10.205400
v -33.168827 0.250926 -15.236829
v -33.265614 -0.378054 -14.642358
v -31.908003 0.056898 -14.511046
v -31.414455 11.651496 -10.112492
v -30.237164 10.914624 -9.630726
v -34.029629 -13.730284 0.610678
v -35.361019 -13.994829 1.570831
v -33.995808 -13.510463 1.496249
v -31.539766 10.837155 -10.119182
v -30.356518 10.139022 -9.637097
v -33.950920 -13.218777 3.883761
v -35.340229 -13.859687 2.736697
v -35.313889 -13.688522 4.077718
v -29.898748 13.113784 -5.309115
v -31.023754 14.190406 -4.068494
v -31.059109 13.960664 -5.574802
v -33.459476 -10.025195 -9.637094
v -34.797874 -10.335273 -10.119180
v -33.578827 -10.800798 -9.630723
v -32.930504 -6.587750 -12.924567
v -34.017422 -5.263581 -13.866502
v -34.242455 -6.725935 -13.571026
v -30.487745 9.286248 -9.333381
v -31.677559 9.941730 -9.800280
v -30.441551 9.586442 -10.196181
v -33.680450 -11.461188 -9.232341
v -35.029907 -11.843100 -9.694189
v -33.791931 -12.185632 -8.384100
v -29.786360 13.844096 -0.601455
v -30.976627 14.496667 -1.561608
v -29.820190 13.624259 -1.487025
v -30.135538 11.575015 9.241567
v -31.307741 12.344953 9.703413
v -35.233593 -13.166763 -7.054370
v -33.874451 -12.721831 -6.718230
v -33.874447 -12.721815 6.727454
v -35.278538 -13.458796 5.584025
v -35.233593 -13.166762 7.063593
v -30.976624 14.496697 1.570831
v -29.839996 13.495564 2.606597
v -35.361019 -13.994829 -1.561605
v -33.976002 -13.381783 -2.597371
v -33.328251 -9.172451 -9.333380
v -34.660088 -9.439908 -9.800279
v -29.820190 13.624259 1.496249
v -29.786360 13.844096 0.610678
v -33.995808 -13.510463 -1.487023
v -34.029629 -13.730284 -0.601455
v -32.716183 -5.194984 -13.205974
v -33.788319 -3.774805 -14.098937
v -31.629053 10.256955 -10.706220
v -30.442520 9.580132 -10.980911
v -31.104050 13.668614 -7.054372
v -31.190693 13.105569 -8.803536
v -34.797874 -10.335272 10.128407
v -33.459476 -10.025194 9.646320
v -34.708591 -9.755088 -10.706216
v -33.374447 -9.472614 -10.196177
v -31.630074 10.250342 -11.530188
v -30.503115 9.186385 -11.649085
v -29.839996 13.495564 -2.597373
v -30.997421 14.361556 -2.727474
v -33.183872 -8.234222 -12.382034
v -34.508492 -8.454737 -13.001367
v -31.693689 9.836892 -12.231769
v -30.632122 8.348035 -12.382037
v -30.941109 14.727502 0.640981
v -29.700253 14.403686 0.004612
v -29.865076 13.332574 -3.874537
v -34.643955 -9.335025 -12.231765
v -33.312885 -9.072588 -11.649081
v -31.829157 8.956601 -13.001370
v -32.095196 7.227771 -13.571029
v -34.707573 -9.748475 -11.530184
v -33.373478 -9.466351 -10.980908
v -32.320229 5.765414 -13.866505
v -30.885490 6.701530 -12.924570
v -30.885490 6.701518 12.933792
v -32.320229 5.765433 13.875725
v -32.095188 7.227805 13.580249
v -30.487745 9.286248 9.342602
v -30.356516 10.139022 9.646319
v -32.549324 4.276655 -14.098942
v -31.099812 5.308795 -13.205976
v -31.099810 5.308812 13.215199
v -31.539766 10.837155 10.128403
v -30.237162 10.914624 9.639947
v -33.374447 -9.472629 10.205401
v -34.708591 -9.755086 10.715442
v -33.373478 -9.466349 10.990131
v -32.753284 2.951217 -14.272102
v -31.318003 3.890926 -13.427344
v -33.976002 -13.381782 2.606597
v -31.059109 13.960664 5.584025
v -29.941545 12.835660 6.727454
v -33.312881 -9.072587 11.658305
v -34.643955 -9.335023 12.240993
v -33.183872 -8.234221 12.391261
v -32.497997 -3.777131 -13.427340
v -33.584358 -2.449366 -14.272098
v -32.930611 1.798916 -14.408832
v -31.512253 2.628600 -13.592259
v -31.681129 1.531174 -13.722477
v -31.815823 0.655890 -13.944886
v -29.898746 13.113784 5.318338
v -34.508488 -8.454720 13.010592
v -34.242455 -6.725934 13.580252
v -32.000179 -0.542110 -13.944883
v -33.407036 -1.297080 -14.408828
v -32.134872 -1.417394 -13.722475
v -33.072033 0.879905 -14.642360
v -33.168823 0.250942 15.246050
v -33.072033 0.879891 14.651582
v -31.907997 0.056915 14.520267
v -34.017418 -5.263564 13.875731
v -32.930500 -6.587733 12.933792
v -33.788319 -3.774803 14.108161
v -32.716183 -5.194982 13.215201
v -33.584358 -2.449364 14.281322
v -32.497990 -3.777099 13.436565
v -33.407032 -1.297048 14.418055
v -32.303745 -2.514818 13.601480
v -33.328247 -9.172419 9.342605
v -34.660088 -9.439892 9.809505
v -35.396538 -14.225617 -0.631757
v -34.115742 -14.289858 0.004612
v -32.303741 -2.514804 -13.592255
v -29.941545 12.835660 -6.718233
v -30.632122 8.348035 12.391258
v -31.829151 8.956620 13.010592
v -34.707573 -9.748458 11.539410
v -30.503109 9.186416 11.658304
v -31.630070 10.250340 11.539409
v -30.442518 9.580132 10.990130
v -33.917248 -12.999971 5.318341
v -35.396538 -14.225617 0.640981
v -32.134865 -1.417361 13.731701
v -32.000179 -0.542109 13.954109
v -30.941109 14.727502 -0.631760
v -35.146954 -12.603717 -8.803536
v -33.265610 -0.378021 14.651582
v -31.414446 11.651525 10.121715
v -35.146950 -12.603716 8.812760
v -34.923203 -11.149674 -10.112490
v -31.693689 9.836892 12.240989
v -30.498041 9.219327 -8.410385
v -30.516775 9.958356 -8.828860
v -30.488670 9.280240 -7.631052
v -30.521423 9.928172 -8.412371
v -30.011627 13.240987 0.267365
v -30.521421 9.928157 8.421590
v -30.498041 9.219342 8.419606
v -30.516775 9.958341 8.838082
v -30.396074 10.742694 8.946502
v -30.173380 12.189866 6.551183
v -30.132252 12.457131 5.197233
v -32.077354 -0.182876 13.323749
v -33.187874 -8.260204 -9.265678
v -33.380913 -8.653884 -9.993237
v -30.971275 6.144067 8.842384
v -31.019249 5.832316 7.941314
v -31.187773 5.597956 9.309960
v -30.132252 12.457131 -5.188010
v -30.173380 12.189866 -6.541960
v -33.397396 -8.761041 10.796067
v -32.245144 -1.273279 13.046675
v -30.814505 8.023610 11.773802
v -30.757221 8.395850 -9.962692
v -30.628126 8.374002 -9.265681
v -30.693872 8.807509 -9.993239
v -30.861296 6.858788 9.273975
v -31.023829 6.663302 9.953275
v -30.811218 7.184205 -7.206587
v -30.946941 6.302218 -7.173404
v -31.050476 6.490149 -6.484249
v -30.563824 8.791863 -6.154199
v -30.700874 7.901248 -5.838798
v -30.622103 9.273877 -5.581522
v -30.099136 12.672326 -3.777025
v -30.333744 11.147756 8.702154
v -30.247366 11.709073 8.044913
v -30.074299 12.833739 2.521615
v -30.053770 12.967137 1.370602
v -30.247366 11.709073 -8.035692
v -30.498184 9.218419 -6.877347
v -30.524261 9.909713 -6.659412
v -30.843319 7.836335 5.081635
v -30.700874 7.901248 5.848022
v -30.622103 9.273877 5.590745
v -31.053564 6.470115 5.947805
v -30.816263 7.151414 6.323425
v -31.247622 5.209032 12.530663
v -31.041693 6.547240 12.260271
v -31.462221 3.814461 12.748386
v -33.198521 -7.468668 10.033813
v -33.069336 -7.489909 9.336536
v -33.317562 -8.242238 9.971913
v -33.050949 -6.509690 9.953278
v -32.954700 -6.744989 9.273978
v -32.887005 -5.444314 9.309960
v -32.844715 -6.030239 8.842384
v -32.809574 -4.941133 7.855486
v -32.796741 -5.718503 7.941317
v -32.941315 -5.797229 6.473181
v -32.869053 -6.188375 7.182628
v -31.133465 5.950902 6.473178
v -30.946941 6.302218 7.182625
v -31.050476 6.490149 6.493470
v -34.063148 -13.087345 -0.258141
v -34.063148 -13.087345 0.267365
v -31.053564 6.470115 -5.938581
v -30.816263 7.151414 -6.314201
v -33.553356 -9.774516 -8.412367
v -33.317955 -9.105516 -8.410382
v -33.558002 -9.804684 -8.828859
v -33.678707 -10.589084 -8.937278
v -33.942524 -12.303491 -5.188010
v -33.975639 -12.518686 -3.777023
v -32.077358 -0.182878 -13.314525
v -34.021008 -12.813496 1.370605
v -33.562767 -9.835670 -7.629691
v -33.327328 -9.166460 -7.631049
v -33.550526 -9.756103 -6.659409
v -33.317814 -9.104622 -6.877343
v -30.676790 8.918504 10.321416
v -30.757215 8.395881 9.971913
v -33.942524 -12.303490 5.197233
v -33.901402 -12.036240 6.551180
v -30.677380 8.914681 -10.786844
v -30.714546 8.673186 -11.196669
v -30.814508 8.023595 -11.764579
v -31.041695 6.547225 -12.251052
v -31.247623 5.209015 -12.521441
v -31.462225 3.814444 -12.739169
v -31.654568 2.564539 -12.902466
v -32.245152 -1.273312 -13.037451
v -31.023832 6.663287 -9.944053
v -30.861296 6.858804 -9.264754
v -30.876257 7.622310 -10.024587
v -31.187775 5.597954 -9.300737
v -30.971277 6.144067 -8.833160
v -31.265203 5.094759 -7.846263
v -31.019251 5.832316 -7.932093
v -33.021217 -6.316472 5.947808
v -32.999729 -7.037570 6.323428
v -33.024307 -6.336539 6.493473
v -33.327324 -9.166443 7.640276
v -33.317814 -9.104621 6.886568
v -33.562767 -9.835670 7.638921
v -33.975639 -12.518686 3.786249
v -33.827415 -11.555448 -8.035689
v -33.827415 -11.555431 8.044919
v -33.741039 -10.994114 8.702157
v -33.678707 -10.589083 8.946502
v -33.115120 -7.787449 5.848022
v -33.231464 -7.682711 5.081635
v -34.000477 -12.680083 2.521618
v -32.827160 -5.055421 -12.521439
v -33.033089 -6.393600 -12.251050
v -32.844719 -6.030270 -8.833158
v -32.796749 -5.718518 -7.932090
v -32.887012 -5.444345 -9.300737
v -33.069340 -7.489925 -9.327308
v -32.954708 -6.745007 -9.264751
v -33.198524 -7.468684 -10.024582
v -33.317562 -8.242270 -9.962689
v -32.612556 -3.660850 -12.739164
v -33.260273 -7.869939 -11.764577
v -33.360237 -8.519546 -11.196665
v -33.397400 -8.761072 -10.786841
v -32.869053 -6.188375 -7.173401
v -32.809578 -4.941149 -7.846261
v -33.050949 -6.509692 -9.944050
v -32.420216 -2.410946 -12.902461
v -32.941315 -5.797230 -6.463954
v -33.024307 -6.336540 -6.484246
v -33.004776 -7.070377 7.215811
v -33.606514 -10.119953 8.950357
v -33.553356 -9.774514 8.421593
v -33.187870 -8.260203 9.274906
v -33.397984 -8.764847 10.321417
v -30.512007 9.989341 -7.629694
v -30.099136 12.672326 3.786247
v -30.333744 11.147771 -8.692934
v -30.396074 10.742709 -8.937281
v -30.843319 7.836335 -5.072411
v -30.011627 13.240987 -0.258141
v -30.053770 12.967137 -1.361379
v -30.512007 9.989341 7.638916
v -30.488670 9.280240 7.640274
v -30.524261 9.909713 6.668636
v -30.498182 9.218419 6.886568
v -30.563824 8.791863 6.163423
v -30.811218 7.184190 7.215811
v -30.074299 12.833739 -2.512391
v -30.746660 7.603723 9.336534
v -30.876257 7.622310 10.033807
v -30.628120 8.374032 9.274903
v -33.360237 -8.519545 11.205888
v -33.260273 -7.869937 11.773802
v -33.033081 -6.393583 12.260274
v -32.827156 -5.055389 12.530665
v -32.612556 -3.660848 12.748391
v -32.420208 -2.410914 12.911688
v -30.714544 8.673186 11.205887
v -30.677380 8.914681 10.796063
v -31.265202 5.094761 7.855484
v -31.997423 0.336534 13.323746
v -31.829630 1.426922 13.046673
v -31.654568 2.564556 12.911683
v -33.252167 -8.678051 6.163423
v -33.452675 -9.120252 5.590745
v -33.317955 -9.105515 8.419606
v -33.741039 -10.994145 -8.692930
v -33.901402 -12.036241 -6.541960
v -34.000477 -12.680083 -2.512391
v -34.021008 -12.813496 -1.361376
v -33.550526 -9.756117 6.668633
v -33.452679 -9.120268 -5.581519
v -33.252167 -8.678053 -6.154196
v -33.231457 -7.682681 -5.072411
v -33.115120 -7.787450 -5.838798
v -33.021221 -6.316488 -5.938581
v -32.999729 -7.037571 -6.314201
v -33.004776 -7.070378 -7.206584
v -31.829632 1.426905 -13.037453
v -31.997427 0.336517 -13.314528
v -30.746660 7.603723 -9.327312
v -31.133469 5.950871 -6.463957
v -34.202778 1.919230 13.731699
v -34.337463 1.043994 13.954107
v -32.545712 12.687484 8.393323
v -36.202106 -11.073132 9.241567
v -36.313583 -11.797575 8.393326
v -36.438900 -12.611917 -5.309115
v -34.033897 3.016687 13.601478
v -32.386726 13.720630 3.883758
v -36.100483 -10.412756 9.639948
v -36.472572 -12.830737 -3.874534
v -33.839657 4.278968 13.436563
v -32.657192 11.963071 -9.232345
v -32.545712 12.687484 -8.384102
v -32.963200 9.974496 10.205400
v -34.429649 0.444938 -14.511046
v -32.758816 11.302649 -9.630726
v -36.517456 -13.122407 1.496249
v -36.551285 -13.342244 0.610678
v -32.878170 10.527047 -9.637097
v -36.472572 -12.830737 3.883761
v -32.420399 13.501840 -5.309115
v -36.100483 -10.412758 -9.630723
v -35.981133 -9.637155 -9.637094
v -35.452156 -6.199680 -12.924567
v -32.963200 9.974496 -10.196181
v -33.009396 9.674287 -9.333381
v -36.313583 -11.797577 -8.384100
v -36.202106 -11.073133 -9.232341
v -32.341843 14.012315 -1.487025
v -32.308014 14.232152 -0.601455
v -32.657196 11.963056 9.241567
v -36.396099 -12.333806 -6.718230
v -36.396099 -12.333805 6.727454
v -32.361641 13.883634 2.606597
v -36.497654 -12.993727 -2.597371
v -35.849899 -8.784395 -9.333380
v -32.308014 14.232152 0.610678
v -32.341839 14.012345 1.496249
v -36.551285 -13.342244 -0.601455
v -36.517464 -13.122437 -1.487022
v -35.237835 -4.806944 -13.205974
v -32.964172 9.968188 -10.980911
v -35.981133 -9.637154 9.646320
v -35.896095 -9.084590 -10.196177
v -33.024761 9.574456 -11.649085
v -32.361641 13.883634 -2.597373
v -35.705524 -7.846168 -12.382034
v -33.153774 8.736073 -12.382038
v -32.221905 14.791711 0.004612
v -32.386726 13.720630 -3.874537
v -35.834538 -8.684533 -11.649081
v -35.895126 -9.078295 -10.980908
v -33.407143 7.089570 -12.924570
v -33.407143 7.089574 12.933792
v -32.878166 10.527047 9.646319
v -33.009399 9.674287 9.342602
v -33.621456 5.696879 -13.205976
v -33.621460 5.696868 13.215199
v -32.758816 11.302649 9.639947
v -35.895123 -9.078263 10.990131
v -35.896095 -9.084588 10.205401
v -33.839657 4.278981 -13.427344
v -36.497654 -12.993727 2.606597
v -32.463200 13.223714 6.727454
v -35.705521 -7.846166 12.391261
v -35.834534 -8.684546 11.658305
v -35.019646 -3.389075 -13.427340
v -34.033905 3.016655 -13.592259
v -34.337471 1.043962 -13.944885
v -34.202774 1.919244 -13.722477
v -32.420399 13.501840 5.318338
v -34.656521 -1.029369 -13.722475
v -34.521832 -0.154086 -13.944883
v -34.429649 0.444955 14.520267
v -35.452156 -6.199678 12.933792
v -35.237835 -4.806942 13.215201
v -35.019646 -3.389073 13.436565
v -34.825394 -2.126762 13.601480
v -35.849899 -8.784394 9.342605
v -36.637390 -13.901802 0.004612
v -34.825394 -2.126764 -13.592255
v -32.463200 13.223714 -6.718233
v -33.153770 8.736089 12.391257
v -32.964165 9.968204 10.990130
v -33.024761 9.574456 11.658304
v -36.438900 -12.611916 5.318341
v -34.521824 -0.154054 13.954109
v -34.656513 -1.029337 13.731701
v -32.779640 10.306581 -8.828860
v -33.019691 9.607383 -8.410385
v -32.784290 10.276383 -8.412371
v -33.010319 9.668311 -7.631052
v -32.274494 13.589211 0.267365
v -32.779640 10.306581 8.838082
v -33.019691 9.607383 8.419606
v -32.784286 10.276383 8.421590
v -32.658939 11.090936 8.946502
v -32.436241 12.538123 6.551183
v -32.395119 12.805358 5.197233
v -34.340221 0.165352 13.323749
v -35.643772 -8.305641 -9.993237
v -35.709522 -7.872149 -9.265678
v -33.450634 5.946197 9.309960
v -33.540905 6.220355 7.941314
v -33.492928 6.532107 8.842384
v -32.436241 12.538123 -6.541960
v -32.395119 12.805358 -5.188010
v -35.660263 -8.412813 10.796067
v -34.508011 -0.925037 13.046675
v -33.077370 8.371804 11.773802
v -32.956738 9.155734 -9.993239
v -33.020390 8.742120 -9.265682
v -33.020081 8.744105 -9.962693
v -33.286697 7.011544 9.953275
v -33.382950 7.246827 9.273975
v -33.313339 6.838407 -6.484249
v -33.468594 6.690274 -7.173404
v -33.332867 7.572261 -7.206587
v -32.884972 9.622106 -5.581522
v -33.222519 8.289332 -5.838798
v -32.956089 9.159984 -6.154199
v -32.362003 13.020555 -3.777025
v -32.510231 12.057300 8.044913
v -32.596611 11.495982 8.702154
v -32.337166 13.181951 2.521615
v -32.316635 13.315379 1.370602
v -32.510231 12.057300 -8.035692
v -32.787128 10.257939 -6.659412
v -33.019833 9.606460 -6.877347
v -32.884972 9.622106 5.590745
v -33.222530 8.289302 5.848022
v -33.106186 8.184564 5.081635
v -33.337921 7.539470 6.323425
v -33.316425 6.818357 5.947805
v -33.304562 6.895452 12.260271
v -33.510490 5.557243 12.530663
v -33.725086 4.162688 12.748386
v -35.580433 -7.894011 9.971913
v -35.590988 -7.101869 9.336536
v -35.461388 -7.120440 10.033813
v -35.476353 -6.356904 9.273978
v -35.313812 -6.161463 9.953278
v -35.366364 -5.642199 8.842384
v -35.149868 -5.096071 9.309960
v -35.318398 -5.330462 7.941317
v -35.072437 -4.592906 7.855486
v -35.390701 -5.800334 7.182628
v -35.204182 -5.449018 6.473181
v -33.313339 6.838407 6.493470
v -33.468597 6.690274 7.182625
v -33.396332 6.299098 6.473178
v -36.363346 -12.981721 0.004609
v -33.337917 7.539470 -6.314201
v -33.316425 6.818357 -5.938581
v -35.816223 -9.426304 -8.412367
v -35.839603 -8.717492 -8.410382
v -35.941566 -10.240842 -8.937278
v -36.205395 -11.955264 -5.188010
v -36.238506 -12.170475 -3.777023
v -34.340221 0.165350 -13.314525
v -36.283875 -12.465254 1.370605
v -35.848976 -8.778404 -7.631049
v -35.825634 -9.487459 -7.629691
v -35.839458 -8.716536 -6.877343
v -35.813385 -9.407860 -6.659409
v -33.020081 8.744105 9.971912
v -32.939659 9.266730 10.321416
v -36.164268 -11.688027 6.551180
v -36.205395 -11.955263 5.197233
v -35.869377 -9.771743 -8.941133
v -32.940247 9.262895 -10.786844
v -33.077370 8.371804 -11.764579
v -32.977409 9.021413 -11.196669
v -33.304565 6.895421 -12.251052
v -33.510490 5.557226 -12.521441
v -33.725094 4.162671 -12.739169
v -33.917435 2.912750 -12.902466
v -34.508015 -0.925054 -13.037451
v -33.139122 7.970521 -10.024587
v -33.382946 7.246827 -9.264754
v -33.286697 7.011529 -9.944053
v -33.492928 6.532107 -8.833160
v -33.450642 5.946168 -9.300737
v -33.540905 6.220370 -7.932093
v -33.528072 5.442986 -7.846263
v -35.287170 -5.988312 6.493473
v -35.521381 -6.649530 6.323428
v -35.284084 -5.968276 5.947808
v -35.825634 -9.487458 7.638921
v -35.710075 -8.736486 6.886568
v -35.848976 -8.778403 7.640276
v -36.238506 -12.170474 3.786249
v -36.090279 -11.207221 -8.035689
v -36.090279 -11.207220 8.044919
v -35.941566 -10.240840 8.946502
v -36.003899 -10.645887 8.702157
v -35.494324 -7.334484 5.081635
v -35.636776 -7.399409 5.848022
v -36.263344 -12.331871 2.521618
v -35.295952 -6.045373 -12.251050
v -35.090023 -4.707149 -12.521439
v -35.149876 -5.096103 -9.300737
v -35.318398 -5.330478 -7.932090
v -35.236980 -5.662121 -8.833158
v -35.461388 -7.120442 -10.024582
v -35.476357 -6.356936 -9.264751
v -35.590992 -7.101885 -9.327308
v -35.580433 -7.894012 -9.962689
v -34.875427 -3.312608 -12.739164
v -35.523140 -7.521712 -11.764577
v -35.660263 -8.412815 -10.786841
v -35.623100 -8.171319 -11.196665
v -35.072437 -4.592907 -7.846261
v -35.390701 -5.800335 -7.173401
v -35.313812 -6.161465 -9.944050
v -34.683079 -2.062674 -12.902461
v -35.287174 -5.988313 -6.484246
v -35.204182 -5.449019 -6.463954
v -35.526428 -6.682322 7.215811
v -35.816223 -9.426303 8.421593
v -35.869377 -9.771742 8.950357
v -35.580132 -7.892054 9.274906
v -35.660851 -8.416636 10.321417
v -32.774876 10.337539 -7.629694
v -32.362003 13.020555 3.786247
v -32.658939 11.090936 -8.937281
v -32.596611 11.495982 -8.692934
v -33.106186 8.184579 -5.072411
v -32.316639 13.315349 -1.361379
v -32.274494 13.589211 -0.258141
v -33.010319 9.668311 7.640274
v -32.774876 10.337539 7.638916
v -33.019836 9.606460 6.886568
v -32.787128 10.257939 6.668636
v -33.085480 9.179904 6.163423
v -33.332874 7.572232 7.215811
v -32.337166 13.181951 -2.512391
v -33.139122 7.970521 10.033807
v -33.268314 7.991761 9.336534
v -33.149776 8.762073 9.274902
v -35.523140 -7.521710 11.773802
v -35.623100 -8.171317 11.205888
v -35.295948 -6.045356 12.260274
v -35.090019 -4.707132 12.530665
v -34.875423 -3.312606 12.748391
v -34.683075 -2.062656 12.911688
v -32.940247 9.262895 10.796063
v -32.977409 9.021413 11.205887
v -33.528072 5.442987 7.855484
v -34.092499 1.775149 13.046673
v -34.260288 0.684746 13.323746
v -33.917435 2.912767 12.911683
v -35.715542 -8.772039 5.590745
v -35.773819 -8.289996 6.163424
v -35.839603 -8.717490 8.419606
v -36.003902 -10.645888 -8.692930
v -36.164268 -11.688028 -6.541960
v -36.263344 -12.331872 -2.512391
v -36.283878 -12.465284 -1.361376
v -35.813385 -9.407859 6.668636
v -35.773819 -8.289997 -6.154196
v -35.715542 -8.772040 -5.581519
v -35.507385 -7.419316 -5.838798
v -35.494324 -7.334485 -5.072411
v -35.521381 -6.649531 -6.314201
v -35.284084 -5.968261 -5.938581
v -35.526428 -6.682323 -7.206584
v -34.092499 1.775132 -13.037453
v -34.260288 0.684744 -13.314528
v -33.268311 7.991776 -9.327312
v -33.396332 6.299113 -6.463957
v -25.490938 4.023303 -2.518939
v -27.517818 -8.092997 -0.000000
v -25.490938 4.023303 2.181153
v 7.010449 -10.050613 -3.428381
v 8.773864 -5.960490 2.177616
v 5.252429 -15.792753 0.000000
v 41.133923 -24.704292 -3.097566
v -35.196354 -5.327160 1.014854
v -35.196354 -5.327160 -1.183746
v 40.496120 -27.846817 -1.600239
v 42.118141 -25.173817 -1.996943
v 39.103569 -28.055519 -2.341505
v 43.229919 -22.257317 -1.600238
v 43.164318 -21.353069 -2.341505
v 43.840065 -21.653133 -0.073193
v 42.446236 -25.330334 -0.073193
v 28.440805 -23.576748 -2.399562
v 28.247627 -24.819424 0.084406
v 32.489460 -15.900794 -2.399562
v 30.465115 -19.738773 -3.227504
v 32.682594 -14.658212 0.084406
v 28.440809 -23.576752 2.568373
v 30.553902 -19.738773 2.914346
v 39.103573 -28.055519 2.195118
v 43.164318 -21.353069 2.195119
v 32.489460 -15.900794 2.568374
v 41.133926 -24.704294 2.951180
v 43.229923 -22.257317 1.453919
v 40.396137 -28.694481 -0.073193
v 40.496120 -27.846821 1.453919
v 42.118145 -25.173817 1.850556
v 35.903492 -15.036538 -1.809243
v 36.955242 -15.036538 -1.809243
v 35.903492 -14.353714 -0.083063
v 35.903492 -23.039555 -3.538895
v 36.955242 -23.039555 -3.538895
v 35.903492 -19.353714 -3.506320
v 35.903492 -19.353714 3.340194
v 36.955242 -19.353714 3.340194
v 35.903492 -23.039557 3.372769
v 36.955242 -14.353714 -0.083063
v 35.903492 -15.036539 1.643117
v 36.955242 -19.353714 -3.506320
v 35.903488 -16.830473 -3.036496
v 36.955242 -15.036539 1.643117
v 36.955238 -16.830475 2.870370
v 36.955238 -16.830473 -3.036496
v 35.903488 -16.830475 2.870370
v 30.770569 -19.692579 3.131381
v 31.571335 -18.002010 2.837632
v 38.117264 -23.227806 3.088048
v 30.689621 -19.583782 -3.285733
v 31.488678 -17.891600 -2.957654
v 38.122116 -23.123520 -3.285734
v 29.969807 -21.383148 2.764586
v 37.227627 -24.944731 2.723230
v 29.890562 -21.275967 -2.957654
v 37.234272 -24.842125 -2.957654
v -33.443356 5.454660 -0.807447
v -30.850693 15.315026 0.004612
v -35.486958 -14.813190 0.004612
v 36.955242 -23.039558 3.372769
v 39.006901 -21.510885 2.801093
v 39.009960 -21.404915 -2.957655
v -298.525574 -27.830669 -0.000001
v -291.577759 -25.915665 -0.480300
v -295.705505 -22.509102 -0.000001
v -288.792450 -16.424751 -0.000001
v -287.347168 -20.411409 0.566299
v -291.577759 -25.915665 0.480300
v -260.386658 -13.406331 0.566299
v -259.392731 -17.327139 0.480300
v -259.392731 -17.327139 -0.480300
v -287.347168 -20.411409 -0.566301
v -235.038162 -7.734052 0.566300
v -234.819717 -12.471422 0.480300
v -109.976486 1.516788 0.511067
v -109.976486 1.516788 -0.506670
v -140.352402 0.557253 0.498376
v -206.821060 -7.377409 0.502998
v -206.821060 -7.377409 -0.496020
v -109.847214 11.582433 0.002198
v -140.375885 10.386491 0.001291
v -109.911484 6.549434 -0.597785
v -109.911484 6.549434 0.602182
v -140.363846 5.472039 0.587381
v -206.978012 -2.445271 0.592437
v -234.819717 -12.471422 -0.480300
v -175.214828 7.106133 0.002867
v -207.135422 2.486574 0.003488
v -175.128098 2.203485 -0.582051
v -260.386658 -13.406331 -0.566300
v -261.518646 -8.894110 -0.000001
v -235.256882 -2.996269 -0.000001
v -140.352402 0.557253 -0.495792
v -175.041916 -2.700172 -0.493223
v -175.128098 2.203485 0.587786
v -175.041916 -2.700172 0.498959
v -140.363846 5.472039 -0.584797
v -235.038162 -7.734052 -0.566300
v -206.978012 -2.445271 -0.585460
v -65.632874 12.568440 -5.430638
v -66.303108 4.816936 -7.214872
v -38.053337 8.553037 -5.430513
v -39.280659 0.869328 7.059516
v -66.303108 4.816938 7.059518
v -38.053337 8.553037 5.275153
v -134.396408 13.461030 5.275153
v -134.459473 5.682002 7.059516
v -175.252487 9.991824 5.275153
v -37.644211 11.114181 -0.077681
v -40.917252 -9.375628 -0.077679
v -67.196678 -5.518281 -0.077678
v -40.508095 -6.814358 5.275154
v -134.522705 -2.097140 -5.430511
v -175.018387 -5.561518 -5.430511
v -134.543762 -4.690103 -0.077679
v -66.966087 -2.935877 5.275156
v -65.632874 12.568440 5.275155
v -40.508095 -6.814359 -5.430512
v -35.831787 -7.498494 -5.430511
v -39.280659 0.869327 -7.214874
v -272.525513 -27.218834 -0.077672
v -245.620941 -20.665127 -0.077679
v -272.790375 -24.639755 -5.430632
v -100.085533 -1.293556 -5.430511
v -134.459473 5.682002 -7.214874
v -99.779396 14.262231 -5.430513
v -66.966087 -2.935878 -5.430509
v -99.932396 6.484334 -7.214874
v -100.085533 -1.293556 5.275154
v -100.136566 -3.886144 -0.077679
v -134.522705 -2.097140 5.275154
v -215.129379 3.916623 -5.430512
v -175.252487 9.991824 -5.430512
v -215.247818 6.505002 -0.077680
v -65.409531 15.152284 -0.077679
v -99.728333 16.854942 -0.077681
v -99.779396 14.262231 5.275153
v -99.932396 6.484334 7.059516
v -214.418793 -11.614307 5.275155
v -214.774002 -3.848782 7.059516
v -175.018387 -5.561517 5.275154
v -134.396408 13.461030 -5.430513
v -134.375336 16.054119 -0.077681
v -286.653564 -12.301611 5.275153
v -285.786926 -20.034361 7.059517
v -300.526733 -15.939802 4.960306
v -299.017944 -23.313580 -6.883444
v -285.786926 -20.034363 -7.214873
v -300.474579 -16.022528 -5.248407
v -297.578827 -30.577049 -5.115663
v -284.920502 -27.767101 -5.430511
v -274.379639 -9.165318 -5.430633
v -286.653564 -12.301611 -5.430512
v -273.584961 -16.902542 -7.214867
v -297.122375 -32.961357 0.010816
v -284.631592 -30.344608 -0.077678
v -286.942474 -9.724110 -0.077680
v -274.379639 -9.165318 5.275160
v -272.790375 -24.639755 5.275161
v -273.584961 -16.902542 7.059523
v -245.813766 -18.081587 5.275154
v -297.630951 -30.494324 5.093050
v -299.087555 -23.203274 6.728086
v -284.920502 -27.767101 5.275155
v -300.983215 -13.555494 -0.166175
v -274.644501 -6.586242 -0.077673
v -303.047699 -28.855446 3.141109
v -304.561005 -24.366205 3.958220
v -302.973175 -23.973509 6.298167
v -301.338287 -30.790394 4.729177
v -305.242859 -19.686836 3.091920
v -304.598969 -17.171656 4.656113
v -304.571625 -17.216797 -4.977561
v -301.310944 -30.835529 -4.904497
v -305.224426 -19.717228 -3.393687
v -305.932037 -18.610291 -0.157911
v -300.781219 -33.082844 -0.075483
v -304.537842 -24.404486 -4.212076
v -302.936707 -24.033691 -6.546551
v -303.029297 -28.885834 -3.344498
v -303.166656 -30.160404 -0.095945
v -305.128662 -14.924483 -0.172901
v -305.080933 -24.512604 -0.127840
v -175.135422 2.215088 -7.214874
v -214.418793 -11.614307 -5.430511
v -214.774002 -3.848783 -7.214874
v -246.392380 -10.330576 7.059516
v -246.392380 -10.330578 -7.214874
v -245.813766 -18.081589 -5.430511
v -175.291504 12.583983 -0.077680
v -174.979355 -8.153806 -0.077679
v -214.300232 -14.202695 -0.077679
v -246.971039 -2.579692 5.275153
v -247.163971 0.003852 -0.077680
v -215.129379 3.916623 5.275154
v -246.971039 -2.579693 -5.430512
v -175.135422 2.215090 7.059516
v -34.264400 0.129526 -3.005207
v -33.412369 5.830565 -1.599520
v -34.573261 0.180160 -7.214874
v -33.314850 7.858836 5.275153
v -33.412369 5.830565 1.444160
v -34.573261 0.180161 7.059516
v -35.831787 -7.498493 5.275154
v -35.522934 -7.549128 -0.077679
v -36.251179 -10.058111 -0.077679
v -35.276649 -5.545232 1.444161
v -35.276649 -5.545232 -1.599519
v -33.005997 7.808204 -0.077680
v -32.895355 10.418307 -0.077680
v -33.314850 7.858836 -5.430513
v -34.161572 0.112671 -0.077680
v -34.264400 0.129526 2.849848
# 5767 vertices

vt 0.82031 0.01563
vt 0.90234 0.01563
vt 0.82031 0.07813
vt 0.90234 0.07813
vt 0.96875 0.02148
vt 0.96875 0.01758
vt 0.96484 0.10156
vt 0.98047 0.07813
vt 0.90234 0.13281
vt 0.98047 0.13281
vt 0.82031 0.39648
vt 0.90234 0.39648
vt 0.90234 0.29688
vt 0.98047 0.29688
vt 0.90234 0.25781
vt 0.90234 0.17578
vt 0.98047 0.17578
vt 0.98047 0.25781
vt 0.90234 0.21680
vt 0.90234 0.39646
vt 0.82031 0.39646
vt 0.98047 0.21680
vt 0.90234 0.34766
vt 0.53906 0.57813
vt 0.53906 0.57617
vt 0.42969 0.60547
vt 0.45313 0.60547
vt 0.42969 0.54297
vt 0.64063 0.14453
vt 0.53516 0.14453
vt 0.64063 0.00000
vt 0.42969 0.14453
vt 0.53516 0.00000
vt 0.64063 0.00195
vt 0.53516 0.00195
vt 0.53516 0.60547
vt 0.61719 0.60547
vt 0.53516 0.54297
vt 0.45313 0.54297
vt 0.62109 0.60547
vt 0.62109 0.54297
vt 0.42969 0.00195
vt 0.42969 0.09766
vt 0.42969 0.28516
vt 0.53516 0.09766
vt 0.53516 0.37891
vt 0.42969 0.37891
vt 0.53906 0.54297
vt 0.64063 0.37891
vt 0.64063 0.19141
vt 0.53516 0.19141
vt 0.98047 0.34766
vt 0.98047 0.08594
vt 0.98047 0.14648
vt 0.90234 0.08594
vt 0.90234 0.18164
vt 0.90234 0.14648
vt 0.98047 0.18164
vt 0.98047 0.34570
vt 0.90234 0.34570
vt 0.98047 0.39648
vt 0.98047 0.01563
vt 0.63672 0.00000
vt 0.63672 0.14453
vt 0.63672 0.37891
vt 0.63672 0.19141
vt 0.43359 0.14453
vt 0.43359 0.00000
vt 0.43359 0.37891
vt 0.43359 0.19141
vt 0.94922 0.88672
vt 0.93750 0.79688
vt 0.43359 0.54297
vt 0.63672 0.54297
vt 0.64063 0.54297
vt 0.42969 0.19141
vt 0.43359 0.28516
vt 0.43359 0.09766
vt 0.63672 0.09766
vt 0.63672 0.28516
vt 0.42969 0.00000
vt 0.64063 0.28516
vt 0.64063 0.09766
vt 0.53516 0.28516
vt 0.49018 0.95729
vt 0.50400 0.95571
vt 0.50330 0.95130
vt 0.47008 0.91624
vt 0.47008 0.90091
vt 0.52801 0.93706
vt 0.60938 0.57227
vt 0.60938 0.57617
vt 0.59375 0.57227
vt 0.60938 0.57422
vt 0.59375 0.57422
vt 0.60938 0.58008
vt 0.85156 0.40039
vt 0.75391 0.40039
vt 0.75391 0.41016
vt 0.85156 0.41016
vt 0.65625 0.40039
vt 0.65625 0.41016
vt 0.64063 0.41016
vt 0.86719 0.41016
vt 0.75391 0.40430
vt 0.85938 0.40430
vt 0.75391 0.39648
vt 0.64844 0.39648
vt 0.64844 0.40430
vt 0.85156 0.54492
vt 0.86719 0.54492
vt 0.65625 0.54492
vt 0.75391 0.54492
vt 0.64063 0.54492
vt 0.64063 0.40039
vt 0.86521 0.48200
vt 0.86521 0.47614
vt 0.86521 0.48786
vt 0.64063 0.60547
vt 0.61719 0.54297
vt 0.68359 0.39648
vt 0.72656 0.39648
vt 0.68359 0.30078
vt 0.64063 0.39648
vt 0.64063 0.30078
vt 0.72656 0.30078
vt 0.73645 0.85796
vt 0.72757 0.85857
vt 0.72722 0.86092
vt 0.74104 0.85934
vt 0.72792 0.86533
vt 0.74740 0.86304
vt 0.72702 0.87079
vt 0.75285 0.87145
vt 0.75588 0.87907
vt 0.71981 0.87686
vt 0.75832 0.88702
vt 0.76014 0.89414
vt 0.76476 0.90979
vt 0.76476 0.90684
vt 0.76165 0.90062
vt 0.70352 0.87973
vt 0.76165 0.91601
vt 0.70352 0.93690
vt 0.76014 0.92249
vt 0.71981 0.93977
vt 0.75832 0.92961
vt 0.75588 0.93755
vt 0.72702 0.94584
vt 0.75285 0.94518
vt 0.74740 0.95359
vt 0.72792 0.95130
vt 0.74104 0.95729
vt 0.72722 0.95571
vt 0.73645 0.95867
vt 0.72757 0.95806
vt 0.68805 0.87485
vt 0.68827 0.87178
vt 0.68216 0.87189
vt 0.68805 0.94178
vt 0.68216 0.94474
vt 0.68827 0.94485
vt 0.54906 0.87189
vt 0.67246 0.86411
vt 0.54906 0.94474
vt 0.67246 0.95252
vt 0.55876 0.86411
vt 0.71574 0.84755
vt 0.70986 0.85219
vt 0.71453 0.85202
vt 0.71301 0.84524
vt 0.70110 0.85184
vt 0.69023 0.85229
vt 0.70565 0.84204
vt 0.68892 0.83930
vt 0.67816 0.85592
vt 0.67376 0.83778
vt 0.65796 0.83655
vt 0.64380 0.83564
vt 0.63091 0.83487
vt 0.61855 0.83331
vt 0.61267 0.83331
vt 0.55306 0.85592
vt 0.58742 0.83564
vt 0.57326 0.83655
vt 0.60031 0.83487
vt 0.55746 0.83778
vt 0.54099 0.85229
vt 0.54230 0.83930
vt 0.52557 0.84204
vt 0.52136 0.85219
vt 0.51822 0.84524
vt 0.51548 0.84755
vt 0.53012 0.85184
vt 0.51669 0.85202
vt 0.54317 0.87485
vt 0.64380 0.98099
vt 0.67816 0.96071
vt 0.54295 0.87178
vt 0.55876 0.95252
vt 0.54317 0.94178
vt 0.52770 0.87973
vt 0.47108 0.89414
vt 0.51141 0.87686
vt 0.63091 0.98175
vt 0.71301 0.97139
vt 0.70986 0.96444
vt 0.70110 0.96479
vt 0.71574 0.96908
vt 0.71579 0.96641
vt 0.70565 0.97459
vt 0.69023 0.96434
vt 0.68892 0.97733
vt 0.67376 0.97885
vt 0.65796 0.98008
vt 0.60031 0.98175
vt 0.61855 0.98331
vt 0.61267 0.98331
vt 0.58742 0.98099
vt 0.55306 0.96071
vt 0.57326 0.98008
vt 0.55746 0.97885
vt 0.54099 0.96434
vt 0.54230 0.97733
vt 0.52557 0.97459
vt 0.53012 0.96479
vt 0.51822 0.97139
vt 0.52136 0.96444
vt 0.51548 0.96908
vt 0.51544 0.96641
vt 0.54295 0.94485
vt 0.47534 0.87907
vt 0.50420 0.87079
vt 0.52770 0.93690
vt 0.46957 0.90062
vt 0.49477 0.85796
vt 0.50400 0.86092
vt 0.50366 0.85857
vt 0.49018 0.85934
vt 0.50330 0.86533
vt 0.47108 0.92249
vt 0.51141 0.93977
vt 0.46957 0.91601
vt 0.48382 0.86304
vt 0.47837 0.87145
vt 0.47291 0.88702
vt 0.46646 0.90684
vt 0.46646 0.90979
vt 0.47534 0.93755
vt 0.50420 0.94584
vt 0.47291 0.92961
vt 0.47837 0.94518
vt 0.48382 0.95359
vt 0.49477 0.95867
vt 0.50008 0.95869
vt 0.72685 0.86134
vt 0.72719 0.85900
vt 0.73604 0.85840
vt 0.74062 0.85977
vt 0.74695 0.86346
vt 0.72754 0.86573
vt 0.75238 0.87184
vt 0.72664 0.87118
vt 0.75540 0.87944
vt 0.75783 0.88735
vt 0.71946 0.87723
vt 0.75965 0.89445
vt 0.76116 0.90091
vt 0.76425 0.90710
vt 0.76425 0.91005
vt 0.70323 0.88008
vt 0.76116 0.91624
vt 0.75965 0.92270
vt 0.70323 0.93706
vt 0.75783 0.92980
vt 0.71946 0.93992
vt 0.75540 0.93771
vt 0.75238 0.94531
vt 0.72664 0.94597
vt 0.74695 0.95369
vt 0.74062 0.95738
vt 0.72754 0.95141
vt 0.73604 0.95875
vt 0.72685 0.95581
vt 0.72719 0.95814
vt 0.68194 0.87228
vt 0.68803 0.87216
vt 0.68780 0.87522
vt 0.68780 0.94192
vt 0.68803 0.94499
vt 0.68194 0.94487
vt 0.67228 0.86452
vt 0.54930 0.87228
vt 0.67228 0.95263
vt 0.54930 0.94487
vt 0.55897 0.86452
vt 0.71420 0.85247
vt 0.70955 0.85264
vt 0.71540 0.84802
vt 0.70081 0.85230
vt 0.71268 0.84572
vt 0.68867 0.83980
vt 0.70534 0.84253
vt 0.68998 0.85275
vt 0.65782 0.83706
vt 0.67357 0.83829
vt 0.67796 0.85636
vt 0.63086 0.83539
vt 0.64371 0.83615
vt 0.61269 0.83383
vt 0.61855 0.83383
vt 0.57342 0.83706
vt 0.58753 0.83615
vt 0.55328 0.85636
vt 0.60038 0.83539
vt 0.55768 0.83829
vt 0.52590 0.84253
vt 0.54257 0.83980
vt 0.54125 0.85275
vt 0.51584 0.84802
vt 0.51856 0.84572
vt 0.52169 0.85264
vt 0.53043 0.85230
vt 0.51705 0.85247
vt 0.54344 0.87522
vt 0.67796 0.96079
vt 0.64371 0.98100
vt 0.54321 0.87216
vt 0.55897 0.95263
vt 0.52801 0.88008
vt 0.54344 0.94192
vt 0.51178 0.87723
vt 0.47159 0.89445
vt 0.63086 0.98176
vt 0.70081 0.96485
vt 0.70955 0.96451
vt 0.71268 0.97143
vt 0.71545 0.96647
vt 0.71540 0.96913
vt 0.70534 0.97462
vt 0.68867 0.97735
vt 0.68999 0.96440
vt 0.67357 0.97886
vt 0.65782 0.98009
vt 0.60038 0.98176
vt 0.61269 0.98331
vt 0.58753 0.98100
vt 0.57342 0.98009
vt 0.55328 0.96079
vt 0.55768 0.97886
vt 0.54257 0.97735
vt 0.54125 0.96440
vt 0.52590 0.97462
vt 0.51856 0.97143
vt 0.53043 0.96485
vt 0.51584 0.96913
vt 0.52169 0.96451
vt 0.51579 0.96647
vt 0.54321 0.94499
vt 0.50460 0.87118
vt 0.47584 0.87944
vt 0.50049 0.85838
vt 0.50439 0.86134
vt 0.49520 0.85840
vt 0.50370 0.86573
vt 0.49062 0.85977
vt 0.48429 0.86346
vt 0.47886 0.87184
vt 0.47341 0.88735
vt 0.46425 0.90857
vt 0.47341 0.92980
vt 0.47159 0.92270
vt 0.51178 0.93992
vt 0.47886 0.94531
vt 0.47584 0.93771
vt 0.50460 0.94597
vt 0.49062 0.95738
vt 0.48429 0.95369
vt 0.50370 0.95141
vt 0.50049 0.95877
vt 0.49520 0.95875
vt 0.50439 0.95581
vt 0.59375 0.57617
vt 0.59375 0.58008
vt 0.86719 0.40039
vt 0.85938 0.39648
vt 0.97965 0.99064
vt 0.97794 0.99149
vt 0.98305 0.99149
vt 0.98135 0.99064
vt 0.98305 0.98894
vt 0.98135 0.98979
vt 0.97794 0.98894
vt 0.97965 0.98979
vt 0.76465 0.69243
vt 0.71950 0.66985
vt 0.67435 0.69243
vt 0.71950 0.71500
vt 0.98302 0.98756
vt 0.97799 0.98756
vt 0.97967 0.98672
vt 0.98135 0.98672
vt 0.98302 0.98504
vt 0.98135 0.98589
vt 0.97799 0.98504
vt 0.97967 0.98589
vt 0.76469 0.69239
vt 0.71954 0.66981
vt 0.67439 0.69239
vt 0.71954 0.71496
vt 0.43332 0.75109
vt 0.33346 0.70115
vt 0.23361 0.75109
vt 0.33346 0.80100
vt 0.43340 0.75100
vt 0.33355 0.70106
vt 0.23370 0.75100
vt 0.33355 0.80091
vt 0.04297 0.42188
vt 0.10547 0.42188
vt 0.04297 0.44336
vt 0.10547 0.44336
vt 0.04297 0.38672
vt 0.10547 0.38672
vt 0.04297 0.25195
vt 0.01563 0.44336
vt 0.19531 0.44336
vt 0.19531 0.42188
vt 0.17188 0.44336
vt 0.17188 0.38672
vt 0.17188 0.25195
vt 0.19531 0.38672
vt 0.17188 0.42188
vt 0.01563 0.42188
vt 0.17188 0.45117
vt 0.19531 0.05664
vt 0.19531 0.10938
vt 0.17188 0.05664
vt 0.17188 0.40039
vt 0.04297 0.40039
vt 0.10547 0.40039
vt 0.04297 0.41406
vt 0.17188 0.41406
vt 0.01563 0.25195
vt 0.04297 0.17383
vt 0.01563 0.41406
vt 0.10547 0.41406
vt 0.17188 0.17383
vt 0.10547 0.17383
vt 0.01563 0.40039
vt 0.19531 0.40039
vt 0.19531 0.41406
vt 0.04297 0.03125
vt 0.10547 0.03125
vt 0.04297 0.01367
vt 0.10547 0.01367
vt 0.17188 0.01367
vt 0.17188 0.03125
vt 0.04297 0.05664
vt 0.10547 0.05664
vt 0.19531 0.01367
vt 0.19531 0.03125
vt 0.01563 0.03125
vt 0.17188 0.10938
vt 0.01563 0.01367
vt 0.01563 0.05664
vt 0.17188 0.00391
vt 0.10547 0.00391
vt 0.10547 0.00586
vt 0.17188 0.00586
vt 0.04297 0.00586
vt 0.01563 0.00586
vt 0.04297 0.00391
vt 0.19531 0.00586
vt 0.10547 0.25195
vt 0.10547 0.10938
vt 0.01563 0.38672
vt 0.19531 0.25195
vt 0.19531 0.17383
vt 0.04297 0.10938
vt 0.01563 0.10938
vt 0.01563 0.17383
vt 0.10547 0.45117
vt 0.04297 0.45117
vt 0.19531 0.45117
vt 0.17969 0.45117
vt 0.01563 0.45117
vt 0.60807 0.72492
vt 0.60667 0.72488
vt 0.60725 0.72490
vt 0.60663 0.74573
vt 0.60739 0.70014
vt 0.60690 0.70254
vt 0.00000 0.00000
vt 0.18359 0.47070
vt 0.18359 0.66016
vt 0.10547 0.47070
vt 0.03125 0.73047
vt 0.00000 0.73047
vt 0.03125 0.91797
vt 0.18359 0.91797
vt 0.18359 0.73047
vt 0.10547 0.91797
vt 0.21094 0.91797
vt 0.21094 0.73047
vt -0.00000 0.91797
vt 0.10547 0.73047
vt 0.03516 0.47070
vt 0.03516 0.68359
vt 0.18359 0.68359
vt 0.21094 0.47070
vt 0.00000 0.68359
vt 0.03125 0.66016
vt 0.10547 0.66016
vt 0.03125 0.47070
vt 0.10547 0.68359
vt 0.00000 0.66016
vt 0.21094 0.66016
vt 0.21094 0.68359
vt -0.00000 0.47070
vt 0.89063 0.57617
vt 0.89063 0.55469
vt 0.64063 0.57617
vt 0.64063 0.66992
vt 0.89063 0.66992
vt 0.64063 0.64063
vt 0.89063 0.54492
vt 0.89063 0.55859
vt 0.89063 0.64063
vt 0.64063 0.55469
vt 0.86719 0.42188
vt 0.88672 0.43164
vt 0.86719 0.43164
vt 0.88672 0.42188
vt 0.86719 0.42578
vt 0.88672 0.42578
vt 0.88672 0.42773
vt 0.86719 0.42773
vt 0.86719 0.39648
vt 0.88672 0.39648
vt 0.49624 0.56402
vt 0.50660 0.56402
vt 0.47835 0.56951
vt 0.53434 0.57936
vt 0.47159 0.57830
vt 0.47835 0.57427
vt 0.46850 0.57936
vt 0.53125 0.57830
vt 0.52449 0.57428
vt 0.49625 0.56403
vt 0.47611 0.57189
vt 0.50661 0.56403
vt 0.56781 0.57800
vt 0.56663 0.58376
vt 0.56998 0.58376
vt 0.56348 0.57800
vt 0.54084 0.57800
vt 0.56246 0.58376
vt 0.52603 0.57800
vt 0.53163 0.57800
vt 0.52800 0.58376
vt 0.53664 0.57800
vt 0.54060 0.58376
vt 0.54120 0.57800
vt 0.53485 0.57800
vt 0.54305 0.58376
vt 0.53207 0.57800
vt 0.50907 0.57800
vt 0.53213 0.58376
vt 0.55433 0.57800
vt 0.55427 0.58376
vt 0.53357 0.58376
vt 0.53159 0.57800
vt 0.53951 0.58376
vt 0.53655 0.58376
vt 0.53753 0.57800
vt 0.55063 0.58376
vt 0.53456 0.57800
vt 0.52872 0.57800
vt 0.53643 0.58376
vt 0.55113 0.57224
vt 0.54797 0.57224
vt 0.55113 0.58376
vt 0.51089 0.58376
vt 0.51089 0.57224
vt 0.55969 0.58376
vt 0.55446 0.57224
vt 0.51673 0.57224
vt 0.55446 0.58376
vt 0.56279 0.58376
vt 0.56279 0.57224
vt 0.57453 0.58376
vt 0.53671 0.57224
vt 0.54305 0.57224
vt 0.56603 0.58442
vt 0.57777 0.58442
vt 0.56603 0.57290
vt 0.51709 0.58376
vt 0.51709 0.57224
vt 0.55482 0.58376
vt 0.55045 0.58376
vt 0.55045 0.57224
vt 0.55368 0.58376
vt 0.53795 0.58376
vt 0.53795 0.57224
vt 0.54176 0.58376
vt 0.52448 0.57427
vt 0.53902 0.57068
vt 0.54848 0.57451
vt 0.47836 0.57428
vt 0.52449 0.56951
vt 0.53359 0.58376
vt 0.50410 0.57800
vt 0.50061 0.57800
vt 0.50510 0.58376
vt 0.54002 0.57224
vt 0.53604 0.57224
vt 0.53604 0.58376
vt 0.53357 0.57224
vt 0.52541 0.60547
vt 0.47266 0.60547
vt 0.52541 0.68945
vt 0.57813 0.60547
vt 0.62109 0.68945
vt 0.52525 0.68945
vt 0.52525 0.60547
vt 0.57813 0.68945
vt 0.42969 0.68945
vt 0.52553 0.60547
vt 0.52553 0.68945
vt 0.47266 0.68945
vt 0.88672 0.73438
vt 0.80078 0.75391
vt 0.80469 0.73438
vt 0.94922 0.88867
vt 0.94922 0.79883
vt 0.93359 0.79883
vt 0.94922 0.79492
vt 0.94922 0.80273
vt 0.94922 0.79688
vt 0.93359 0.80273
vt 0.93359 0.79492
vt 0.64063 0.55859
vt 0.52674 0.57189
vt 0.53353 0.56647
vt 0.50142 0.56163
vt 0.46695 0.56719
vt 0.46381 0.57068
vt 0.47610 0.57189
vt 0.45435 0.57451
vt 0.45970 0.57076
vt 0.45317 0.58134
vt 0.46752 0.58131
vt 0.54966 0.58134
vt 0.53531 0.58131
vt 0.54314 0.57076
vt 0.52675 0.57189
vt 0.54850 0.57451
vt 0.54967 0.58134
vt 0.53532 0.58131
vt 0.45319 0.58134
vt 0.46753 0.58131
vt 0.45436 0.57451
vt 0.46382 0.57068
vt 0.53590 0.56719
vt 0.53904 0.57068
vt 0.46931 0.56647
vt 0.50143 0.56163
vt 0.50991 0.58376
vt 0.55057 0.57800
vt 0.53059 0.58376
vt 0.54797 0.58376
vt 0.55969 0.57224
vt 0.51673 0.58376
vt 0.57453 0.57224
vt 0.57777 0.57290
vt 0.55482 0.57224
vt 0.55368 0.57224
vt 0.54176 0.57224
vt 0.54313 0.57076
vt 0.53671 0.58376
vt 0.93359 0.79688
vt 0.43446 0.75102
vt 0.33677 0.70216
vt 0.23908 0.75102
vt 0.33677 0.79985
vt 0.43454 0.75093
vt 0.33685 0.70207
vt 0.23916 0.75093
vt 0.33685 0.79976
vt 0.54297 0.57813
vt 0.54297 0.57617
vt 0.59766 0.58203
vt 0.60938 0.58398
vt 0.60938 0.58203
vt 0.59375 0.58203
vt 0.60938 0.58789
vt 0.59375 0.58398
vt 0.59375 0.58789
vt 0.42933 0.75019
vt 0.33408 0.70255
vt 0.23883 0.75019
vt 0.33408 0.79780
vt 0.42941 0.75010
vt 0.33416 0.70246
vt 0.23891 0.75010
vt 0.33416 0.79771
vt 0.53125 0.58203
vt 0.53125 0.58008
vt 0.57128 0.57800
vt 0.56542 0.57800
vt 0.56433 0.58376
vt 0.50174 0.58376
vt 0.50702 0.57800
vt 0.56998 0.57224
vt 0.56433 0.57224
vt 0.56246 0.57224
vt 0.50828 0.58376
vt 0.50828 0.57224
vt 0.54002 0.58376
vt 0.53223 0.57224
vt 0.52800 0.57224
vt 0.50510 0.57224
vt 0.50174 0.57224
vt 0.54060 0.57224
vt 0.53655 0.57224
vt 0.50991 0.57224
vt 0.53213 0.57224
vt 0.55427 0.57224
vt 0.53951 0.57224
vt 0.56215 0.58376
vt 0.53643 0.57224
vt 0.53059 0.57224
vt 0.53397 0.57224
vt 0.53397 0.58376
vt 0.46930 0.56647
vt 0.52448 0.56951
vt 0.53588 0.56719
vt 0.46849 0.57936
vt 0.53124 0.57830
vt 0.53435 0.57936
vt 0.47160 0.57830
vt 0.45971 0.57076
vt 0.53355 0.56647
vt 0.47836 0.56951
vt 0.46696 0.56719
vt 0.50793 0.58376
vt 0.56663 0.57224
vt 0.53223 0.58376
vt 0.53359 0.57224
vt 0.50793 0.57224
vt 0.57593 0.57800
vt 0.56463 0.57866
vt 0.55063 0.57224
vt 0.56215 0.57224
vt 0.21094 0.87109
vt 0.33984 0.86719
vt 0.27734 0.96875
vt 0.38672 0.96484
vt 0.21094 0.62109
vt 0.32422 0.62109
vt 0.26172 0.47266
vt 0.68750 0.96484
vt 0.60938 0.96484
vt 0.67188 0.86328
vt 0.60938 0.95703
vt 0.59375 0.86328
vt 0.53125 0.95703
vt 0.62500 0.61719
vt 0.60938 0.47266
vt 0.54688 0.62109
vt 0.50000 0.95703
vt 0.44922 0.86328
vt 0.53125 0.96484
vt 0.51563 0.86719
vt 0.51563 0.97656
vt 0.46484 0.12891
vt 0.48047 0.22656
vt 0.54688 0.12500
vt 0.44922 0.62109
vt 0.43359 0.74609
vt 0.19531 0.74609
vt 0.30859 0.74609
vt 0.48047 0.74609
vt 0.56250 0.74609
vt 0.46484 0.62109
vt 0.57813 0.32813
vt 0.60938 0.46875
vt 0.50000 0.32813
vt 0.59375 0.86719
vt 0.56250 0.74219
vt 0.59375 0.33203
vt 0.48047 0.33203
vt 0.50000 0.47656
vt 0.64063 0.74219
vt 0.54688 0.61719
vt 0.51563 0.86328
vt 0.64063 0.74609
vt 0.60938 0.07031
vt 0.71875 0.07422
vt 0.67188 0.02344
vt 0.78516 0.03125
vt 0.87891 0.03516
vt 0.84766 0.07813
vt 0.56250 0.11719
vt 0.67188 0.12109
vt 0.44922 0.04297
vt 0.46484 0.08203
vt 0.53125 0.03906
vt 0.54688 0.08203
vt 0.37109 0.07422
vt 0.44922 0.07031
vt 0.38672 0.11719
vt 0.80078 0.12109
vt 0.68750 0.22266
vt 0.76953 0.03125
vt 0.38672 0.08203
vt 0.37109 0.03906
vt 0.37109 0.02734
vt 0.44922 0.02344
vt 0.46484 0.11719
vt 0.54688 0.11719
vt 0.46484 0.37891
vt 0.44922 0.39453
vt 0.41797 0.39844
vt 0.43359 0.37500
vt 0.46484 0.41016
vt 0.44922 0.41797
vt 0.68750 0.00781
vt 0.89453 0.02344
vt 0.56250 0.41016
vt 0.59375 0.41797
vt 0.51563 0.41406
vt 0.44922 0.02734
vt 0.57813 0.39453
vt 0.60938 0.39453
vt 0.56250 0.37891
vt 0.57813 0.37109
vt 0.51563 0.37500
vt 0.37109 0.01172
vt 0.44922 0.00781
vt 0.53125 0.02734
vt 0.51563 0.39453
vt 0.38672 0.47266
vt 0.57813 0.21875
vt 0.46484 0.61719
vt 0.53125 0.46875
vt 0.44922 0.47656
vt 0.53125 0.47656
vt 0.41797 0.33594
vt 0.57813 0.33203
vt 0.56250 0.22266
vt 0.50000 0.33594
vt 0.40234 0.21875
vt 0.48047 0.21484
vt 0.41797 0.33203
vt 0.40234 0.22656
vt 0.38672 0.12500
vt 0.56250 0.21484
vt 0.35547 0.33203
vt 0.46484 0.21875
vt 0.44922 0.47266
vt 0.54688 0.07031
vt 0.57813 0.52734
vt 0.56250 0.54688
vt 0.64063 0.52734
vt 0.44922 0.55859
vt 0.51563 0.55078
vt 0.41797 0.52734
vt 0.53125 0.50000
vt 0.53125 0.48828
vt 0.44922 0.50000
vt 0.51563 0.50781
vt 0.60938 0.50000
vt 0.54688 0.50781
vt 0.68750 0.95703
vt 0.60938 0.97266
vt 0.27734 0.98438
vt 0.40234 0.98047
vt 0.53125 0.55469
vt 0.54688 0.56641
vt 0.60938 0.55469
vt 0.53125 0.97656
vt 0.53125 0.98438
vt 0.53125 0.52734
vt 0.48047 0.52734
vt 0.68750 0.98047
vt 0.58594 0.48047
vt 0.58594 0.51953
vt 0.70313 0.47266
vt 0.74219 0.51953
vt 0.77734 0.50000
vt 0.74219 0.48047
vt 0.15625 0.51953
vt 0.15625 0.48047
vt 0.26953 0.47266
vt 0.78516 0.01563
vt 0.51563 0.42578
vt 0.50000 0.36328
vt 0.51563 0.01172
vt 0.68750 0.97266
vt 0.60938 0.98438
vt 0.82031 0.51953
vt 0.82031 0.48047
vt 0.85938 0.50000
vt 0.70313 0.52734
vt 0.54688 0.50000
vt 0.62500 0.47266
vt 0.62500 0.52734
vt 0.50781 0.48047
vt 0.50781 0.51953
vt 0.46875 0.50000
vt 0.11719 0.50000
vt 0.26953 0.52734
vt 0.38672 0.51953
vt 0.38672 0.48047
vt 0.42188 0.50000
# 917 texture vertices

# Nameless King stage 2; generated from Last Smith odachi
v -260.000000 -12.900000 -1.050000
v -210.000000 -2.189286 -1.050000
v -155.000000 5.100000 -1.050000
v -95.000000 7.278947 -1.050000
v -49.000000 3.482609 -1.050000
v -49.000000 4.582609 -1.050000
v -95.000000 8.378947 -1.050000
v -155.000000 6.200000 -1.050000
v -210.000000 -1.089286 -1.050000
v -260.000000 -11.800000 -1.050000
v -260.000000 -12.900000 1.050000
v -210.000000 -2.189286 1.050000
v -155.000000 5.100000 1.050000
v -95.000000 7.278947 1.050000
v -49.000000 3.482609 1.050000
v -49.000000 4.582609 1.050000
v -95.000000 8.378947 1.050000
v -155.000000 6.200000 1.050000
v -210.000000 -1.089286 1.050000
v -260.000000 -11.800000 1.050000
v -34.000000 -9.000000 15.100000
v -28.500000 0.000000 15.100000
v -34.000000 9.000000 15.100000
v -39.500000 0.000000 15.100000
v -34.000000 -9.000000 16.500000
v -28.500000 0.000000 16.500000
v -34.000000 9.000000 16.500000
v -39.500000 0.000000 16.500000
v -34.000000 -9.000000 -16.500000
v -28.500000 0.000000 -16.500000
v -34.000000 9.000000 -16.500000
v -39.500000 0.000000 -16.500000
v -34.000000 -9.000000 -15.100000
v -28.500000 0.000000 -15.100000
v -34.000000 9.000000 -15.100000
v -39.500000 0.000000 -15.100000
v -21.383800 1.399200 0.000000
v -21.618122 0.728898 2.650000
v -22.258300 -1.102400 4.589935
v -23.132800 -3.604000 5.300000
v -24.007300 -6.105600 4.589935
v -24.647478 -7.936898 2.650000
v -24.881800 -8.607200 0.000000
v -24.647478 -7.936898 -2.650000
v -24.007300 -6.105600 -4.589935
v -23.132800 -3.604000 -5.300000
v -22.258300 -1.102400 -4.589935
v -21.618122 0.728898 -2.650000
v -19.118200 0.607200 0.000000
v -19.352522 -0.063102 2.650000
v -19.992700 -1.894400 4.589935
v -20.867200 -4.396000 5.300000
v -21.741700 -6.897600 4.589935
v -22.381878 -8.728898 2.650000
v -22.616200 -9.399200 0.000000
v -22.381878 -8.728898 -2.650000
v -21.741700 -6.897600 -4.589935
v -20.867200 -4.396000 -5.300000
v -19.992700 -1.894400 -4.589935
v -19.352522 -0.063102 -2.650000
v -21.614800 0.738400 0.000000
v -21.818173 0.156629 2.300000
v -22.373800 -1.432800 3.983717
v -23.132800 -3.604000 4.600000
v -23.891800 -5.775200 3.983717
v -24.447427 -7.364629 2.300000
v -24.650800 -7.946400 0.000000
v -24.447427 -7.364629 -2.300000
v -23.891800 -5.775200 -3.983717
v -23.132800 -3.604000 -4.600000
v -22.373800 -1.432800 -3.983717
v -21.818173 0.156629 -2.300000
v -19.349200 -0.053600 0.000000
v -19.552573 -0.635371 2.300000
v -20.108200 -2.224800 3.983717
v -20.867200 -4.396000 4.600000
v -21.626200 -6.567200 3.983717
v -22.181827 -8.156629 2.300000
v -22.385200 -8.738400 0.000000
v -22.181827 -8.156629 -2.300000
v -21.626200 -6.567200 -3.983717
v -20.867200 -4.396000 -4.600000
v -20.108200 -2.224800 -3.983717
v -19.552573 -0.635371 -2.300000
v 4.616200 -7.600800 0.000000
v 4.381878 -8.271102 2.650000
v 3.741700 -10.102400 4.589935
v 2.867200 -12.604000 5.300000
v 1.992700 -15.105600 4.589935
v 1.352522 -16.936898 2.650000
v 1.118200 -17.607200 0.000000
v 1.352522 -16.936898 -2.650000
v 1.992700 -15.105600 -4.589935
v 2.867200 -12.604000 -5.300000
v 3.741700 -10.102400 -4.589935
v 4.381878 -8.271102 -2.650000
v 6.881800 -8.392800 0.000000
v 6.647478 -9.063102 2.650000
v 6.007300 -10.894400 4.589935
v 5.132800 -13.396000 5.300000
v 4.258300 -15.897600 4.589935
v 3.618122 -17.728898 2.650000
v 3.383800 -18.399200 0.000000
v 3.618122 -17.728898 -2.650000
v 4.258300 -15.897600 -4.589935
v 5.132800 -13.396000 -5.300000
v 6.007300 -10.894400 -4.589935
v 6.647478 -9.063102 -2.650000
v 4.385200 -8.261600 0.000000
v 4.181827 -8.843371 2.300000
v 3.626200 -10.432800 3.983717
v 2.867200 -12.604000 4.600000
v 2.108200 -14.775200 3.983717
v 1.552573 -16.364629 2.300000
v 1.349200 -16.946400 0.000000
v 1.552573 -16.364629 -2.300000
v 2.108200 -14.775200 -3.983717
v 2.867200 -12.604000 -4.600000
v 3.626200 -10.432800 -3.983717
v 4.181827 -8.843371 -2.300000
v 6.650800 -9.053600 0.000000
v 6.447427 -9.635371 2.300000
v 5.891800 -11.224800 3.983717
v 5.132800 -13.396000 4.600000
v 4.373800 -15.567200 3.983717
v 3.818173 -17.156629 2.300000
v 3.614800 -17.738400 0.000000
v 3.818173 -17.156629 -2.300000
v 4.373800 -15.567200 -3.983717
v 5.132800 -13.396000 -4.600000
v 5.891800 -11.224800 -3.983717
v 6.447427 -9.635371 -2.300000
v 28.616200 -15.600800 0.000000
v 28.381878 -16.271102 2.650000
v 27.741700 -18.102400 4.589935
v 26.867200 -20.604000 5.300000
v 25.992700 -23.105600 4.589935
v 25.352522 -24.936898 2.650000
v 25.118200 -25.607200 0.000000
v 25.352522 -24.936898 -2.650000
v 25.992700 -23.105600 -4.589935
v 26.867200 -20.604000 -5.300000
v 27.741700 -18.102400 -4.589935
v 28.381878 -16.271102 -2.650000
v 30.881800 -16.392800 0.000000
v 30.647478 -17.063102 2.650000
v 30.007300 -18.894400 4.589935
v 29.132800 -21.396000 5.300000
v 28.258300 -23.897600 4.589935
v 27.618122 -25.728898 2.650000
v 27.383800 -26.399200 0.000000
v 27.618122 -25.728898 -2.650000
v 28.258300 -23.897600 -4.589935
v 29.132800 -21.396000 -5.300000
v 30.007300 -18.894400 -4.589935
v 30.647478 -17.063102 -2.650000
v 28.385200 -16.261600 0.000000
v 28.181827 -16.843371 2.300000
v 27.626200 -18.432800 3.983717
v 26.867200 -20.604000 4.600000
v 26.108200 -22.775200 3.983717
v 25.552573 -24.364629 2.300000
v 25.349200 -24.946400 0.000000
v 25.552573 -24.364629 -2.300000
v 26.108200 -22.775200 -3.983717
v 26.867200 -20.604000 -4.600000
v 27.626200 -18.432800 -3.983717
v 28.181827 -16.843371 -2.300000
v 30.650800 -17.053600 0.000000
v 30.447427 -17.635371 2.300000
v 29.891800 -19.224800 3.983717
v 29.132800 -21.396000 4.600000
v 28.373800 -23.567200 3.983717
v 27.818173 -25.156629 2.300000
v 27.614800 -25.738400 0.000000
v 27.818173 -25.156629 -2.300000
v 28.373800 -23.567200 -3.983717
v 29.132800 -21.396000 -4.600000
v 29.891800 -19.224800 -3.983717
v 30.447427 -17.635371 -2.300000
v 42.913200 -19.751200 0.000000
v 42.639088 -20.535327 3.100000
v 41.890200 -22.677600 5.369358
v 40.867200 -25.604000 6.200000
v 39.844200 -28.530400 5.369358
v 39.095312 -30.672673 3.100000
v 38.821200 -31.456800 0.000000
v 39.095312 -30.672673 -3.100000
v 39.844200 -28.530400 -5.369358
v 40.867200 -25.604000 -6.200000
v 41.890200 -22.677600 -5.369358
v 42.639088 -20.535327 -3.100000
v 45.178800 -20.543200 0.000000
v 44.904688 -21.327327 3.100000
v 44.155800 -23.469600 5.369358
v 43.132800 -26.396000 6.200000
v 42.109800 -29.322400 5.369358
v 41.360912 -31.464673 3.100000
v 41.086800 -32.248800 0.000000
v 41.360912 -31.464673 -3.100000
v 42.109800 -29.322400 -5.369358
v 43.132800 -26.396000 -6.200000
v 44.155800 -23.469600 -5.369358
v 44.904688 -21.327327 -3.100000
v 42.682200 -20.412000 0.000000
v 42.439036 -21.107596 2.750000
v 41.774700 -23.008000 4.763140
v 40.867200 -25.604000 5.500000
v 39.959700 -28.200000 4.763140
v 39.295364 -30.100404 2.750000
v 39.052200 -30.796000 0.000000
v 39.295364 -30.100404 -2.750000
v 39.959700 -28.200000 -4.763140
v 40.867200 -25.604000 -5.500000
v 41.774700 -23.008000 -4.763140
v 42.439036 -21.107596 -2.750000
v 44.947800 -21.204000 0.000000
v 44.704636 -21.899596 2.750000
v 44.040300 -23.800000 4.763140
v 43.132800 -26.396000 5.500000
v 42.225300 -28.992000 4.763140
v 41.560964 -30.892404 2.750000
v 41.317800 -31.588000 0.000000
v 41.560964 -30.892404 -2.750000
v 42.225300 -28.992000 -4.763140
v 43.132800 -26.396000 -5.500000
v 44.040300 -23.800000 -4.763140
v 44.704636 -21.899596 -2.750000
v -276.200000 -25.500000 -5.400000
v -273.800000 -25.500000 -5.400000
v -273.800000 -10.500000 -5.400000
v -276.200000 -10.500000 -5.400000
v -276.200000 -25.500000 5.400000
v -273.800000 -25.500000 5.400000
v -273.800000 -10.500000 5.400000
v -276.200000 -10.500000 5.400000
v -176.200000 -5.500000 -5.400000
v -173.800000 -5.500000 -5.400000
v -173.800000 9.500000 -5.400000
v -176.200000 9.500000 -5.400000
v -176.200000 -5.500000 5.400000
v -173.800000 -5.500000 5.400000
v -173.800000 9.500000 5.400000
v -176.200000 9.500000 5.400000
v -111.200000 -1.000000 -5.400000
v -108.800000 -1.000000 -5.400000
v -108.800000 14.000000 -5.400000
v -111.200000 14.000000 -5.400000
v -111.200000 -1.000000 5.400000
v -108.800000 -1.000000 5.400000
v -108.800000 14.000000 5.400000
v -111.200000 14.000000 5.400000
v -133.000000 2.233333 4.700000
v -127.200000 5.733333 4.700000
v -133.000000 9.233333 4.700000
v -138.800000 5.733333 4.700000
v -133.000000 2.233333 5.600000
v -127.200000 5.733333 5.600000
v -133.000000 9.233333 5.600000
v -138.800000 5.733333 5.600000
v -133.000000 2.233333 -5.600000
v -127.200000 5.733333 -5.600000
v -133.000000 9.233333 -5.600000
v -138.800000 5.733333 -5.600000
v -133.000000 2.233333 -4.700000
v -127.200000 5.733333 -4.700000
v -133.000000 9.233333 -4.700000
v -138.800000 5.733333 -4.700000
v -155.000000 0.500000 4.700000
v -149.200000 4.000000 4.700000
v -155.000000 7.500000 4.700000
v -160.800000 4.000000 4.700000
v -155.000000 0.500000 5.600000
v -149.200000 4.000000 5.600000
v -155.000000 7.500000 5.600000
v -160.800000 4.000000 5.600000
v -155.000000 0.500000 -5.600000
v -149.200000 4.000000 -5.600000
v -155.000000 7.500000 -5.600000
v -160.800000 4.000000 -5.600000
v -155.000000 0.500000 -4.700000
v -149.200000 4.000000 -4.700000
v -155.000000 7.500000 -4.700000
v -160.800000 4.000000 -4.700000
v -40.000000 -17.000000 -3.000000
v -34.000000 -25.000000 -3.000000
v -30.000000 -13.000000 -3.000000
v -37.000000 -5.000000 -3.000000
v -40.000000 -17.000000 3.000000
v -34.000000 -25.000000 3.000000
v -30.000000 -13.000000 3.000000
v -37.000000 -5.000000 3.000000
v -37.000000 -13.000000 -3.700000
v -32.000000 -17.000000 -3.700000
v -35.000000 -9.000000 -3.700000
v -37.000000 -13.000000 3.700000
v -32.000000 -17.000000 3.700000
v -35.000000 -9.000000 3.700000
v -37.000000 5.000000 -3.000000
v -30.000000 13.000000 -3.000000
v -34.000000 25.000000 -3.000000
v -40.000000 17.000000 -3.000000
v -37.000000 5.000000 3.000000
v -30.000000 13.000000 3.000000
v -34.000000 25.000000 3.000000
v -40.000000 17.000000 3.000000
v -35.000000 9.000000 -3.700000
v -32.000000 17.000000 -3.700000
v -37.000000 13.000000 -3.700000
v -35.000000 9.000000 3.700000
v -32.000000 17.000000 3.700000
v -37.000000 13.000000 3.700000
v -77.000000 4.436842 -1.450000
v -73.500000 6.036842 -1.450000
v -77.000000 7.636842 -1.450000
v -80.500000 6.036842 -1.450000
v -77.000000 4.436842 1.450000
v -73.500000 6.036842 1.450000
v -77.000000 7.636842 1.450000
v -80.500000 6.036842 1.450000
v -122.000000 5.400000 -1.450000
v -118.500000 7.000000 -1.450000
v -122.000000 8.600000 -1.450000
v -125.500000 7.000000 -1.450000
v -122.000000 5.400000 1.450000
v -118.500000 7.000000 1.450000
v -122.000000 8.600000 1.450000
v -125.500000 7.000000 1.450000
v -172.000000 1.600000 -1.450000
v -168.500000 3.200000 -1.450000
v -172.000000 4.800000 -1.450000
v -175.500000 3.200000 -1.450000
v -172.000000 1.600000 1.450000
v -168.500000 3.200000 1.450000
v -172.000000 4.800000 1.450000
v -175.500000 3.200000 1.450000
v -221.000000 -5.950000 -1.450000
v -217.500000 -4.350000 -1.450000
v -221.000000 -2.750000 -1.450000
v -224.500000 -4.350000 -1.450000
v -221.000000 -5.950000 1.450000
v -217.500000 -4.350000 1.450000
v -221.000000 -2.750000 1.450000
v -224.500000 -4.350000 1.450000
v -10.843100 -2.778400 0.000000
v -11.048684 -3.366495 2.325000
v -11.610350 -4.973200 4.027018
v -12.377600 -7.168000 4.650000
v -13.144850 -9.362800 4.027018
v -13.706516 -10.969505 2.325000
v -13.912100 -11.557600 0.000000
v -13.706516 -10.969505 -2.325000
v -13.144850 -9.362800 -4.027018
v -12.377600 -7.168000 -4.650000
v -11.610350 -4.973200 -4.027018
v -11.048684 -3.366495 -2.325000
v -10.087900 -3.042400 0.000000
v -10.293484 -3.630495 2.325000
v -10.855150 -5.237200 4.027018
v -11.622400 -7.432000 4.650000
v -12.389650 -9.626800 4.027018
v -12.951316 -11.233505 2.325000
v -13.156900 -11.821600 0.000000
v -12.951316 -11.233505 -2.325000
v -12.389650 -9.626800 -4.027018
v -11.622400 -7.432000 -4.650000
v -10.855150 -5.237200 -4.027018
v -10.293484 -3.630495 -2.325000
v -11.074100 -3.439200 0.000000
v -11.248736 -3.938764 1.975000
v -11.725850 -5.303600 3.420800
v -12.377600 -7.168000 3.950000
v -13.029350 -9.032400 3.420800
v -13.506464 -10.397236 1.975000
v -13.681100 -10.896800 0.000000
v -13.506464 -10.397236 -1.975000
v -13.029350 -9.032400 -3.420800
v -12.377600 -7.168000 -3.950000
v -11.725850 -5.303600 -3.420800
v -11.248736 -3.938764 -1.975000
v -10.318900 -3.703200 0.000000
v -10.493536 -4.202764 1.975000
v -10.970650 -5.567600 3.420800
v -11.622400 -7.432000 3.950000
v -12.274150 -9.296400 3.420800
v -12.751264 -10.661236 1.975000
v -12.925900 -11.160800 0.000000
v -12.751264 -10.661236 -1.975000
v -12.274150 -9.296400 -3.420800
v -11.622400 -7.432000 -3.950000
v -10.970650 -5.567600 -3.420800
v -10.493536 -4.202764 -1.975000
v -2.843100 -5.418400 0.000000
v -3.048684 -6.006495 2.325000
v -3.610350 -7.613200 4.027018
v -4.377600 -9.808000 4.650000
v -5.144850 -12.002800 4.027018
v -5.706516 -13.609505 2.325000
v -5.912100 -14.197600 0.000000
v -5.706516 -13.609505 -2.325000
v -5.144850 -12.002800 -4.027018
v -4.377600 -9.808000 -4.650000
v -3.610350 -7.613200 -4.027018
v -3.048684 -6.006495 -2.325000
v -2.087900 -5.682400 0.000000
v -2.293484 -6.270495 2.325000
v -2.855150 -7.877200 4.027018
v -3.622400 -10.072000 4.650000
v -4.389650 -12.266800 4.027018
v -4.951316 -13.873505 2.325000
v -5.156900 -14.461600 0.000000
v -4.951316 -13.873505 -2.325000
v -4.389650 -12.266800 -4.027018
v -3.622400 -10.072000 -4.650000
v -2.855150 -7.877200 -4.027018
v -2.293484 -6.270495 -2.325000
v -3.074100 -6.079200 0.000000
v -3.248736 -6.578764 1.975000
v -3.725850 -7.943600 3.420800
v -4.377600 -9.808000 3.950000
v -5.029350 -11.672400 3.420800
v -5.506464 -13.037236 1.975000
v -5.681100 -13.536800 0.000000
v -5.506464 -13.037236 -1.975000
v -5.029350 -11.672400 -3.420800
v -4.377600 -9.808000 -3.950000
v -3.725850 -7.943600 -3.420800
v -3.248736 -6.578764 -1.975000
v -2.318900 -6.343200 0.000000
v -2.493536 -6.842764 1.975000
v -2.970650 -8.207600 3.420800
v -3.622400 -10.072000 3.950000
v -4.274150 -11.936400 3.420800
v -4.751264 -13.301236 1.975000
v -4.925900 -13.800800 0.000000
v -4.751264 -13.301236 -1.975000
v -4.274150 -11.936400 -3.420800
v -3.622400 -10.072000 -3.950000
v -2.970650 -8.207600 -3.420800
v -2.493536 -6.842764 -1.975000
v 13.156900 -10.698400 0.000000
v 12.951316 -11.286495 2.325000
v 12.389650 -12.893200 4.027018
v 11.622400 -15.088000 4.650000
v 10.855150 -17.282800 4.027018
v 10.293484 -18.889505 2.325000
v 10.087900 -19.477600 0.000000
v 10.293484 -18.889505 -2.325000
v 10.855150 -17.282800 -4.027018
v 11.622400 -15.088000 -4.650000
v 12.389650 -12.893200 -4.027018
v 12.951316 -11.286495 -2.325000
v 13.912100 -10.962400 0.000000
v 13.706516 -11.550495 2.325000
v 13.144850 -13.157200 4.027018
v 12.377600 -15.352000 4.650000
v 11.610350 -17.546800 4.027018
v 11.048684 -19.153505 2.325000
v 10.843100 -19.741600 0.000000
v 11.048684 -19.153505 -2.325000
v 11.610350 -17.546800 -4.027018
v 12.377600 -15.352000 -4.650000
v 13.144850 -13.157200 -4.027018
v 13.706516 -11.550495 -2.325000
v 12.925900 -11.359200 0.000000
v 12.751264 -11.858764 1.975000
v 12.274150 -13.223600 3.420800
v 11.622400 -15.088000 3.950000
v 10.970650 -16.952400 3.420800
v 10.493536 -18.317236 1.975000
v 10.318900 -18.816800 0.000000
v 10.493536 -18.317236 -1.975000
v 10.970650 -16.952400 -3.420800
v 11.622400 -15.088000 -3.950000
v 12.274150 -13.223600 -3.420800
v 12.751264 -11.858764 -1.975000
v 13.681100 -11.623200 0.000000
v 13.506464 -12.122764 1.975000
v 13.029350 -13.487600 3.420800
v 12.377600 -15.352000 3.950000
v 11.725850 -17.216400 3.420800
v 11.248736 -18.581236 1.975000
v 11.074100 -19.080800 0.000000
v 11.248736 -18.581236 -1.975000
v 11.725850 -17.216400 -3.420800
v 12.377600 -15.352000 -3.950000
v 13.029350 -13.487600 -3.420800
v 13.506464 -12.122764 -1.975000
v 21.156900 -13.338400 0.000000
v 20.951316 -13.926495 2.325000
v 20.389650 -15.533200 4.027018
v 19.622400 -17.728000 4.650000
v 18.855150 -19.922800 4.027018
v 18.293484 -21.529505 2.325000
v 18.087900 -22.117600 0.000000
v 18.293484 -21.529505 -2.325000
v 18.855150 -19.922800 -4.027018
v 19.622400 -17.728000 -4.650000
v 20.389650 -15.533200 -4.027018
v 20.951316 -13.926495 -2.325000
v 21.912100 -13.602400 0.000000
v 21.706516 -14.190495 2.325000
v 21.144850 -15.797200 4.027018
v 20.377600 -17.992000 4.650000
v 19.610350 -20.186800 4.027018
v 19.048684 -21.793505 2.325000
v 18.843100 -22.381600 0.000000
v 19.048684 -21.793505 -2.325000
v 19.610350 -20.186800 -4.027018
v 20.377600 -17.992000 -4.650000
v 21.144850 -15.797200 -4.027018
v 21.706516 -14.190495 -2.325000
v 20.925900 -13.999200 0.000000
v 20.751264 -14.498764 1.975000
v 20.274150 -15.863600 3.420800
v 19.622400 -17.728000 3.950000
v 18.970650 -19.592400 3.420800
v 18.493536 -20.957236 1.975000
v 18.318900 -21.456800 0.000000
v 18.493536 -20.957236 -1.975000
v 18.970650 -19.592400 -3.420800
v 19.622400 -17.728000 -3.950000
v 20.274150 -15.863600 -3.420800
v 20.751264 -14.498764 -1.975000
v 21.681100 -14.263200 0.000000
v 21.506464 -14.762764 1.975000
v 21.029350 -16.127600 3.420800
v 20.377600 -17.992000 3.950000
v 19.725850 -19.856400 3.420800
v 19.248736 -21.221236 1.975000
v 19.074100 -21.720800 0.000000
v 19.248736 -21.221236 -1.975000
v 19.725850 -19.856400 -3.420800
v 20.377600 -17.992000 -3.950000
v 21.029350 -16.127600 -3.420800
v 21.506464 -14.762764 -1.975000
v 37.156900 -18.618400 0.000000
v 36.951316 -19.206495 2.325000
v 36.389650 -20.813200 4.027018
v 35.622400 -23.008000 4.650000
v 34.855150 -25.202800 4.027018
v 34.293484 -26.809505 2.325000
v 34.087900 -27.397600 0.000000
v 34.293484 -26.809505 -2.325000
v 34.855150 -25.202800 -4.027018
v 35.622400 -23.008000 -4.650000
v 36.389650 -20.813200 -4.027018
v 36.951316 -19.206495 -2.325000
v 37.912100 -18.882400 0.000000
v 37.706516 -19.470495 2.325000
v 37.144850 -21.077200 4.027018
v 36.377600 -23.272000 4.650000
v 35.610350 -25.466800 4.027018
v 35.048684 -27.073505 2.325000
v 34.843100 -27.661600 0.000000
v 35.048684 -27.073505 -2.325000
v 35.610350 -25.466800 -4.027018
v 36.377600 -23.272000 -4.650000
v 37.144850 -21.077200 -4.027018
v 37.706516 -19.470495 -2.325000
v 36.925900 -19.279200 0.000000
v 36.751264 -19.778764 1.975000
v 36.274150 -21.143600 3.420800
v 35.622400 -23.008000 3.950000
v 34.970650 -24.872400 3.420800
v 34.493536 -26.237236 1.975000
v 34.318900 -26.736800 0.000000
v 34.493536 -26.237236 -1.975000
v 34.970650 -24.872400 -3.420800
v 35.622400 -23.008000 -3.950000
v 36.274150 -21.143600 -3.420800
v 36.751264 -19.778764 -1.975000
v 37.681100 -19.543200 0.000000
v 37.506464 -20.042764 1.975000
v 37.029350 -21.407600 3.420800
v 36.377600 -23.272000 3.950000
v 35.725850 -25.136400 3.420800
v 35.248736 -26.501236 1.975000
v 35.074100 -27.000800 0.000000
v 35.248736 -26.501236 -1.975000
v 35.725850 -25.136400 -3.420800
v 36.377600 -23.272000 -3.950000
v 37.029350 -21.407600 -3.420800
v 37.506464 -20.042764 -1.975000
vt 0.77000 0.64000
vt 0.48000 0.56000
vt 0.50000 0.32000
vt 0.86000 0.22000
v 54.551199 53.865196 9.300186
v 52.161047 53.550099 8.676593
v 53.790900 56.473717 8.661900
v 52.428191 50.510302 9.805285
v 54.211704 49.674000 10.029962
v 52.079576 53.631570 9.106591
v 44.251317 40.366343 10.136726
v 45.810759 39.458303 10.645496
v 44.332789 40.284871 9.706729
v 52.524250 50.414243 9.298294
v 37.735920 30.777031 10.719136
v 39.299705 29.356411 11.325848
v 10.902205 -4.301424 12.289929
v -0.621479 -16.736220 11.980362
v -0.707796 -16.649903 12.435936
v 30.256201 19.906937 10.893094
v 30.171471 19.991667 11.340289
v 0.957907 -18.358208 12.543208
v 14.063261 -7.447089 13.246367
v 2.479029 -19.921456 13.415455
v 12.454060 -5.845778 12.919266
v 0.856134 -18.256435 13.080354
v 31.776463 18.489538 11.971901
v 37.817391 30.695560 10.289139
v 22.910594 6.481550 12.003747
v 33.439048 16.930117 12.299809
v 24.441218 5.007767 12.853616
v 47.657962 38.352984 10.933211
v 45.906818 39.362244 10.138506
v 40.919035 27.880427 11.640617
v 21.322688 8.012973 11.455349
v 10.986523 -4.385742 11.844905
v 22.811377 6.580767 12.527406
v 21.238539 8.097123 11.899484
v -10.606942 -31.617579 13.133390
v -11.991189 -29.953563 12.244612
v -22.476400 -40.792375 12.602624
v -23.784210 -38.932514 11.702894
v -12.101224 -29.843527 12.825370
v -13.505796 -28.141256 11.661530
v -25.242569 -36.921513 11.599179
v -13.599121 -28.047931 12.154093
v 12.553476 -5.945194 12.394559
v 39.395764 29.260352 10.818858
v 31.876364 18.389638 11.444634
v -23.980746 -38.942522 12.586221
v -19.441175 -38.539097 13.095029
v -20.829264 -36.608805 12.741162
v -19.318536 -38.661736 12.447750
v -20.609446 -36.828623 11.580983
v -22.124898 -34.706493 10.986099
v -22.311367 -34.520024 11.970267
v -25.187516 -43.489827 12.556895
v -23.248225 -41.764319 11.550941
v -23.044719 -41.967823 12.715031
v -22.592658 -40.872815 12.940088
v -57.039035 -54.011535 9.391120
v -48.837484 -52.582161 11.322861
v -49.389695 -50.761063 10.346693
v -56.739056 -55.597804 10.204860
v -48.179804 -54.510547 11.367368
v -56.743803 -54.306766 7.832912
v -48.304701 -53.114944 8.510877
v -49.051285 -51.099472 8.560596
v -27.145789 -40.921888 13.451136
v -23.632528 -41.380016 13.579261
v -24.995829 -39.407046 13.571471
v -28.557753 -38.791209 12.155588
v -26.407795 -37.276368 12.275923
v -24.390792 -40.012083 10.378139
v -28.173449 -39.175511 10.127268
v -26.023492 -37.660671 10.247603
v -26.540752 -41.526925 10.257804
v -23.760929 -39.162339 11.426042
v -55.982497 -57.640650 8.608821
v -56.292053 -57.331094 10.242632
v -39.801195 -51.332680 10.310304
v -47.827070 -54.863279 9.505669
v -31.890292 -47.137861 10.943932
v -32.764637 -45.393466 9.882635
v -41.363755 -47.462236 9.280920
v -34.043742 -43.191516 9.828727
v -40.970874 -49.007291 12.210132
v -32.270256 -46.757898 12.949349
v -33.340290 -44.817813 12.920884
v -41.718809 -47.107181 11.154869
v -34.409382 -42.825877 11.758542
v -23.890118 -38.826605 12.261872
v -26.618461 -37.065700 11.149635
v -25.152744 -37.011338 11.125089
v -49.623308 -50.527450 9.341516
v -57.227217 -53.657209 8.458689
v -34.629380 -42.605878 10.681507
v -55.806126 -57.993585 9.549549
v -47.607780 -55.082569 10.586448
v -39.590228 -51.543648 11.435008
v -31.684617 -47.343536 12.096569
v -25.522465 -39.097939 18.330434
v -25.086483 -38.715037 18.669785
v -25.774241 -38.757891 18.325006
v -22.204292 -43.502125 17.232371
v -21.304230 -43.694382 16.801363
v -21.602408 -43.339422 17.516815
v -28.598896 -34.711190 14.762151
v -28.316750 -34.108926 14.923080
v -28.719732 -34.517291 14.295556
v -27.774286 -35.380607 8.064200
v -27.639784 -34.599776 8.536959
v -27.450900 -34.811828 7.890238
v -24.768266 -39.149468 18.746788
v -25.219394 -39.511693 18.403773
v -21.546905 -44.263708 15.337655
v -20.752861 -44.315633 14.947609
v -20.912141 -44.139095 15.527367
v -28.456959 -34.919729 15.019688
v -28.167707 -34.327901 15.193497
v -27.954180 -35.178645 8.680123
v -27.799066 -34.423231 9.116715
v -24.400886 -39.650520 18.828251
v -24.869512 -39.988881 18.481355
v -20.902176 -44.731180 9.255631
v -20.235181 -44.629935 9.141242
v -20.781354 -44.925063 9.722222
v -23.079900 -42.352903 17.718114
v -22.528828 -42.093919 17.583514
v -22.521791 -42.132746 18.026848
v -23.519429 -40.952286 5.511185
v -23.201089 -40.380873 5.400235
v -22.983298 -40.662096 5.209572
v -21.044118 -44.522636 8.998093
v -20.384232 -44.410946 8.870821
v -28.487307 -34.616099 11.049284
v -28.199579 -34.009092 11.024573
v -28.470695 -34.610545 10.626506
v -21.249964 -44.238567 8.902213
v -20.600360 -44.112691 8.770152
v -28.330685 -33.908875 12.183481
v -28.262496 -33.959801 11.562664
v -28.612182 -34.520643 12.153002
v -20.154619 -44.873446 11.179015
v -20.221240 -44.829997 11.880846
v -20.825451 -44.963094 11.196368
v -26.822563 -36.554125 6.393477
v -26.234314 -36.343432 6.230663
v -26.615635 -36.839274 6.483653
v -24.981113 -37.960645 5.118415
v -24.566923 -38.522318 5.161549
v -25.422117 -38.379470 5.424366
v -21.349587 -44.083215 8.585670
v -20.865678 -43.757066 8.805503
v -21.502645 -43.899882 8.935882
v -27.296795 -35.940229 6.785406
v -26.671589 -35.754087 6.240050
v -27.032080 -36.278006 6.492597
v -21.013778 -44.826253 12.968494
v -20.352359 -44.729764 13.039748
v -21.030387 -44.831815 13.391274
v -21.880344 -42.984773 17.824273
v -22.468999 -43.164359 17.525186
v -27.580761 -35.602180 7.466793
v -27.247706 -35.044479 7.262959
v -28.445087 -33.847097 13.582642
v -28.397309 -33.865419 12.885309
v -28.721121 -34.461823 13.485543
v -21.395214 -44.431837 14.785503
v -20.618021 -44.464104 14.441938
v -28.105876 -35.010511 9.232274
v -27.933909 -34.274763 9.622387
v -26.023107 -36.644942 6.480807
v -26.414480 -37.126431 6.721887
v -21.133191 -44.729011 13.933866
v -21.266797 -44.573234 14.303910
v -28.367891 -34.713349 10.083914
v -28.234288 -34.869118 9.713869
v -24.151049 -39.088341 5.236072
v -25.027636 -38.914414 5.465452
v -21.284712 -44.147455 8.233641
v -20.704962 -43.949573 8.437782
v -20.108322 -44.833506 9.631161
v -20.106847 -44.891765 10.481680
v -28.251112 -35.203796 15.115568
v -27.951566 -34.626181 15.294175
v -26.421175 -37.089460 6.299667
v -26.030140 -36.606121 6.037475
v -21.332817 -44.059637 7.887316
v -20.636837 -44.017028 8.068153
v -20.289431 -44.779064 12.501661
v -20.953851 -44.873199 12.456028
v -25.489459 -37.277943 5.166056
v -25.906254 -37.729280 5.469739
v -21.493738 -43.814167 7.458667
v -20.687356 -43.924818 7.704511
v -20.932881 -44.985754 13.729689
v -20.477740 -44.627660 14.053389
v -20.888903 -44.921710 11.864777
v -26.191505 -37.359476 5.697278
v -25.788974 -36.889648 5.404971
v -21.268052 -43.080981 6.792066
v -20.856326 -43.667064 7.254426
v -26.352955 -37.158315 5.949146
v -25.958498 -36.678430 5.669432
v -21.885858 -43.255994 7.018324
v -21.632123 -42.569427 6.484401
v -23.570816 -40.778222 18.945910
v -23.985009 -40.216541 18.902773
v -24.078978 -41.062874 18.593409
v -22.885442 -42.603090 17.534129
v -23.086605 -42.315922 17.295890
v -22.232595 -42.768794 6.725308
v -22.008567 -42.042839 6.201788
v -24.473441 -40.527950 18.552331
v -22.678515 -42.888239 17.624305
v -22.317612 -42.395440 17.833662
v -28.216376 -35.294893 15.784134
v -27.846967 -34.789294 15.626542
v -28.151492 -35.359143 15.432109
v -22.591112 -42.267279 6.456152
v -22.346579 -41.571155 5.965298
v -28.547238 -34.569149 11.561748
v -21.920314 -43.840183 16.550989
v -21.101029 -43.927036 16.174087
v -28.007343 -35.628192 16.559113
v -27.864574 -34.814049 16.359814
v -28.168268 -35.382717 16.130460
v -23.783664 -39.589399 5.317536
v -24.631572 -39.453472 5.536423
v -22.913029 -41.818054 6.230923
v -22.641607 -41.159910 5.765882
v -23.408057 -41.124071 5.836462
v -23.194009 -41.426396 6.041004
v -21.726795 -44.061752 15.953579
v -27.283885 -35.657873 17.272255
v -27.695599 -35.071806 16.809899
v -23.978618 -40.344412 5.687345
v -23.465447 -40.023829 5.394540
v -23.726843 -40.684462 5.692771
v -22.866348 -40.842484 5.551118
v -25.981649 -38.490071 18.506594
v -25.350849 -38.357982 18.664086
v -25.568629 -38.076768 18.854752
v -27.615229 -36.186361 16.999453
v -26.919811 -36.169432 17.579923
v -27.268485 -36.673564 17.292473
v -26.543368 -36.696023 17.862533
v -26.909964 -37.175085 17.561628
v -26.205355 -37.167708 18.099023
v -26.588059 -37.624294 17.786852
v -25.910323 -37.578956 18.298442
v -27.686260 -34.981789 15.258819
v -27.998431 -35.542483 15.081900
v -28.568194 -34.456609 10.288093
v -28.074183 -34.111210 10.010938
v -24.281683 -39.930673 5.614009
v -20.779949 -44.980547 10.532240
v -23.062466 -41.460928 18.898271
v -23.594827 -41.713078 18.548041
v -27.915086 -34.721842 15.996173
v -23.148135 -42.284033 18.068630
v -22.593433 -42.060435 18.394892
v -23.309571 -42.082887 18.320503
v -28.675629 -34.479264 12.821413
v -28.182127 -34.003266 10.580659
v -26.093030 -38.318275 18.181314
v -26.307071 -38.015963 17.976776
v -20.369796 -44.735605 13.483667
v -26.949527 -35.399439 6.547506
v -25.685577 -37.896388 18.513208
v -22.100342 -42.694842 17.928347
v -28.443613 -33.905356 14.433162
v -26.451591 -36.044017 6.135976
v -22.762955 -41.849218 18.659353
v -21.323183 -44.060318 9.242338
v -21.598735 -43.797044 9.341020
v -21.366537 -44.013918 9.425152
v -21.648623 -43.753298 9.697182
v -21.221155 -44.493411 13.707848
v -22.821568 -42.561933 17.150663
v -23.026127 -42.369653 16.874701
v -22.794276 -42.586181 16.960607
v -22.622049 -42.840558 17.293273
v -22.033804 -43.574752 16.394625
v -21.847853 -43.787658 15.820607
v -25.900572 -38.460154 17.942231
v -26.177119 -37.329278 6.488711
v -26.177473 -37.455439 6.861611
v -24.021881 -40.921861 16.838893
v -23.886845 -41.167344 16.254350
v -23.880311 -41.205319 16.695092
v -20.923339 -44.685217 10.533687
v -20.967053 -44.668458 11.171818
v -27.968832 -35.526763 15.781861
v -26.167229 -38.083530 17.687416
v -23.585382 -41.602993 18.232734
v -21.530668 -43.736767 8.583086
v -21.751134 -43.559390 8.856769
v -21.642800 -43.583117 8.547384
v -23.792956 -41.258231 17.254644
v -23.726727 -41.430981 16.974013
v -22.444921 -42.588802 9.875878
v -22.479885 -42.621694 9.544848
v -22.242375 -42.948154 9.635782
v -21.780738 -43.533733 10.613859
v -22.167577 -43.095269 10.334056
v -21.903835 -43.448831 10.299695
v -21.029459 -44.627755 11.829234
v -22.288429 -43.271638 17.005602
v -22.493538 -43.009919 17.232479
v -21.520711 -44.152781 14.668081
v -21.387594 -44.299352 14.168848
v -20.924591 -44.635477 9.807374
v -21.520123 -43.858472 10.207622
v -21.728997 -43.666689 10.027151
v -22.728288 -42.586183 15.614947
v -23.158767 -42.104079 15.565476
v -23.067637 -42.101854 15.214629
v -23.398617 -41.788606 15.688345
v -23.504646 -41.527053 15.438487
v -24.019501 -41.019978 18.273413
v -24.398530 -40.505988 18.233941
v -24.788090 -39.975783 18.164132
v -27.760880 -35.787036 15.475168
v -27.550202 -36.160397 15.280989
v -27.560284 -36.065649 15.595662
v -27.346676 -36.439054 15.342334
v -27.298271 -36.424379 15.674634
v -27.119876 -36.737936 15.234867
v -26.960214 -36.869881 15.514448
v -26.960502 -36.928751 14.868909
v -26.702960 -37.177882 14.923729
v -27.021186 -36.820675 14.472936
v -26.813529 -36.980973 14.202279
v -23.545596 -41.488127 15.685148
v -23.697458 -41.404121 15.971097
v -23.687366 -41.291968 15.611386
v -28.227088 -34.832185 10.549943
v -28.182518 -34.876754 10.314709
v -22.326786 -42.860436 10.031311
v -22.496530 -42.535169 10.117735
v -26.582100 -36.808236 6.871896
v -26.474949 -37.072710 7.143081
v -26.609397 -36.783984 7.061950
v -26.781633 -36.529595 6.729280
v -27.555821 -35.582507 8.201949
v -27.732754 -35.383871 8.807744
v -23.641309 -40.719415 6.018029
v -28.247785 -34.839105 11.076638
v -26.557265 -36.984251 7.484627
v -26.692051 -36.695162 7.404968
v -26.604733 -36.943018 7.829429
v -26.753169 -36.642066 7.848843
v -23.333499 -41.892422 17.470798
v -23.224073 -42.054558 17.689933
v -28.480336 -34.684942 13.488867
v -28.436621 -34.701707 12.850739
v -21.434842 -43.843402 8.240696
v -21.589033 -43.599340 7.696148
v -21.464344 -43.789542 8.028278
v -21.940635 -43.098843 7.301306
v -22.273799 -42.630718 7.019761
v -22.626427 -42.137444 6.755029
v -22.945174 -41.692638 6.532014
v -23.954973 -40.295781 6.011266
v -21.843389 -43.304515 8.426897
v -22.154403 -43.003305 8.675447
v -22.105415 -42.945771 8.347918
v -22.381201 -42.704428 8.782915
v -22.443458 -42.500282 8.508109
v -22.540579 -42.513609 9.148871
v -22.700717 -42.192278 9.098826
v -26.958759 -36.781351 14.146676
v -27.174285 -36.581933 13.986474
v -26.907141 -36.834994 13.904824
v -27.987022 -35.400191 14.239720
v -27.772087 -35.775664 13.990626
v -27.852463 -35.689056 14.320596
v -28.374215 -34.742410 12.193323
v -27.115247 -36.098520 7.016953
v -28.479081 -34.734687 14.215185
v -28.298404 -35.012825 14.734671
v -28.385457 -34.884920 14.576713
v -27.197232 -36.407112 13.353224
v -27.333508 -36.347085 13.683723
v -28.309905 -34.790441 11.607872
v -25.384170 -38.350185 5.749142
v -25.005151 -38.864165 5.788613
v -25.381799 -38.448292 7.183660
v -25.614239 -38.275009 7.763428
v -25.620775 -38.237034 7.322687
v -25.859082 -37.766849 6.616837
v -25.774360 -38.011364 7.043763
v -25.967276 -37.743321 6.926413
v -26.070183 -37.477733 6.551756
v -24.615593 -39.394372 5.858421
v -25.818281 -37.767181 5.789828
v -26.138337 -37.357255 6.120610
v -26.039307 -37.480641 5.966128
v -25.371257 -38.509583 7.895088
v -25.803613 -38.038248 8.046687
v -25.610726 -38.111923 6.767910
v -24.269145 -39.866876 5.935241
v -25.858085 -37.882025 8.337405
v -25.716296 -38.078205 8.411175
v -27.258701 -36.494209 14.382000
v -28.037129 -35.356252 14.597406
v -28.173896 -35.184646 14.792666
v -27.749950 -35.882964 15.161010
v -27.929588 -35.565622 15.568935
v -21.416642 -43.969984 9.782842
v -21.670921 -43.986294 15.214813
v -21.105273 -44.357334 9.287883
v -21.018209 -44.485247 9.445845
v -22.206445 -42.963045 10.669331
v -21.155888 -44.531059 12.945920
v -21.176586 -44.537981 13.472614
v -22.943825 -42.458096 16.533150
v -22.711614 -42.675012 16.617593
v -22.896352 -42.499335 16.188350
v -22.650510 -42.728085 16.173712
v -22.948525 -42.404141 15.813483
v -23.465581 -41.724948 16.091738
v -21.093764 -44.579728 12.414688
v -23.544594 -41.603309 17.405719
v -23.533808 -41.699031 17.091367
v -23.323603 -41.986925 17.156172
v -27.814633 -35.770829 16.326411
v -27.939327 -35.580621 15.994277
v -27.463038 -36.271322 16.721251
v -27.129878 -36.739441 17.002794
v -26.777259 -37.232705 17.267522
v -26.458504 -37.677522 17.490540
v -23.265345 -42.012898 17.901942
v -23.364365 -41.889522 18.056428
v -24.032424 -40.860572 16.127465
v -25.448708 -39.074372 18.011286
v -25.762358 -38.650753 18.004529
v -25.134535 -39.503277 18.087312
v -27.622940 -35.836426 13.408696
v -27.597247 -35.993528 13.718085
v -27.902345 -35.645314 14.676759
v -26.910143 -36.360234 6.790074
v -27.369873 -35.795405 7.627930
v -27.882957 -35.217389 9.354478
v -28.016079 -35.070812 9.853710
v -27.883560 -35.511675 13.814928
v -26.552557 -37.038218 8.204298
v -26.675394 -36.783969 8.407607
v -26.342318 -37.338275 8.452303
v -26.336033 -37.268315 8.807930
v -26.102455 -37.653763 8.329439
v -25.899028 -37.843104 8.584068
v -26.035500 -37.717411 7.926043
v -23.236449 -41.286630 6.335138
v -23.503099 -40.910009 6.080325
v -21.950877 -43.281962 8.736791
v -22.590141 -42.389190 9.820279
v -24.825082 -38.054410 18.371555
v -24.573320 -38.394442 18.376976
v -21.255140 -42.798633 17.278916
v -27.770580 -33.813798 14.342100
v -27.649747 -34.007691 14.808694
v -26.825134 -34.677113 8.110745
v -24.270243 -38.808200 18.450317
v -20.597754 -43.560216 15.384199
v -27.507811 -34.216230 15.066231
v -27.005033 -34.475147 8.726666
v -23.920364 -39.285381 18.527898
v -19.832202 -44.221571 9.768767
v -19.953024 -44.027686 9.302176
v -22.130749 -41.649410 17.764659
v -22.570284 -40.248790 5.557727
v -20.094975 -43.819133 9.044634
v -27.521547 -33.907046 10.673049
v -27.538156 -33.912607 11.095829
v -20.300821 -43.535064 8.948754
v -27.663035 -33.817145 12.199544
v -19.876300 -44.259601 11.242913
v -25.666486 -36.135774 6.530196
v -25.873414 -35.850626 6.440020
v -24.472960 -37.675982 5.470913
v -20.553499 -43.196384 8.982425
v -20.400437 -43.379722 8.632214
v -26.082926 -35.574512 6.539142
v -26.347643 -35.236735 6.831951
v -20.081234 -44.128321 13.437818
v -20.064625 -44.122760 13.015039
v -21.519849 -42.460859 17.571729
v -26.631620 -34.898679 7.513334
v -27.771984 -33.758315 13.532082
v -20.446059 -43.728350 14.832050
v -27.156724 -34.307018 9.278819
v -25.465329 -36.422939 6.768432
v -20.317636 -43.869751 14.350458
v -20.184039 -44.025517 13.980410
v -27.285144 -34.165614 9.760411
v -27.418743 -34.009850 10.130457
v -24.078489 -38.210915 5.511994
v -20.335560 -43.443962 8.280186
v -27.301963 -34.500297 15.162111
v -25.472034 -36.385958 6.346208
v -20.383662 -43.356151 7.933863
v -20.004697 -44.169713 12.502575
v -24.957102 -37.025787 5.516284
v -20.544591 -43.110669 7.505209
v -19.983739 -44.282251 13.776230
v -19.939752 -44.218217 11.911321
v -25.242353 -36.655983 5.743822
v -25.403804 -36.454823 5.995690
v -20.936710 -42.552496 7.064867
v -23.129826 -40.359381 18.639954
v -22.137458 -41.612423 17.342433
v -21.936301 -41.899588 17.580670
v -21.283437 -42.065313 6.771856
v -23.524289 -39.824458 18.598875
v -21.729373 -42.184736 17.670846
v -27.202346 -34.655647 15.478652
v -27.267217 -34.591412 15.830682
v -21.641960 -41.563785 6.502697
v -27.598086 -33.865655 11.608293
v -20.971162 -43.136688 16.597533
v -27.219120 -34.679218 16.177003
v -27.058192 -34.924699 16.605657
v -23.682421 -38.749980 5.582967
v -21.963878 -41.114560 6.277468
v -22.244855 -40.722909 6.087551
v -22.458902 -40.420585 5.883009
v -20.777642 -43.358258 16.000124
v -22.777701 -39.980959 5.739312
v -23.029477 -39.640910 5.733885
v -25.032502 -37.786573 18.553137
v -26.666076 -35.482866 17.045998
v -26.319338 -35.970066 17.339015
v -25.960820 -36.471581 17.608169
v -25.638908 -36.920802 17.833397
v -27.049289 -34.838980 15.128441
v -27.619043 -33.753118 10.334638
v -23.332536 -39.227175 5.660551
v -19.830797 -44.277053 10.578784
v -22.645676 -41.009586 18.594585
v -22.360424 -41.379389 18.367046
v -22.198980 -41.580547 18.115176
v -27.726477 -33.775771 12.867957
v -25.357931 -37.312461 18.023317
v -25.143881 -37.614784 18.227858
v -20.649584 -43.093552 9.387565
v -20.471441 -43.429020 9.284105
v -20.699467 -43.049811 9.743729
v -20.514799 -43.382614 9.466918
v -20.369412 -43.862112 13.749615
v -21.942533 -41.954883 17.002374
v -22.076980 -41.666155 16.921244
v -21.969821 -41.930640 17.192432
v -21.770301 -42.209265 17.335043
v -21.182053 -42.943466 16.436396
v -20.996109 -43.156360 15.862375
v -25.048828 -37.828856 17.983998
v -25.228322 -36.751946 6.908155
v -25.325373 -36.697987 6.530480
v -22.931164 -40.501821 16.741635
v -22.937697 -40.463844 16.300893
v -23.170135 -40.290568 16.880662
v -20.115309 -44.037160 11.213585
v -20.071588 -44.053930 10.575458
v -27.117088 -34.895464 15.823629
v -25.315481 -37.452236 17.729186
v -22.733649 -40.971684 18.274497
v -20.791050 -42.951830 8.589154
v -20.850692 -42.891985 8.900922
v -20.678925 -43.105469 8.624853
v -22.777580 -40.727482 17.020556
v -22.941208 -40.626937 17.296413
v -21.293223 -42.244662 9.682327
v -21.530732 -41.918200 9.591392
v -21.593169 -41.957515 9.917649
v -21.003392 -42.781427 10.343848
v -21.218418 -42.391787 10.380604
v -20.928993 -42.902435 10.655626
v -20.177715 -43.996457 11.871002
v -21.641794 -42.378620 17.274247
v -21.436686 -42.640340 17.047369
v -20.668972 -43.521478 14.709847
v -20.535846 -43.668059 14.210618
v -20.072848 -44.004179 9.849141
v -20.779850 -42.963192 10.073694
v -20.668380 -43.227173 10.249390
v -22.215892 -41.470556 15.256396
v -22.209615 -41.400584 15.612020
v -21.876543 -41.954885 15.656715
v -22.652900 -40.895761 15.480256
v -22.449463 -41.085110 15.734889
v -23.546791 -39.874684 18.275707
v -23.167762 -40.388674 18.315179
v -23.936347 -39.344486 18.205899
v -26.708540 -35.434351 15.637429
v -26.601055 -35.456899 15.327532
v -26.909135 -35.155737 15.516936
v -26.446529 -35.793081 15.716402
v -26.397514 -35.735569 15.388882
v -26.108467 -36.238589 15.556217
v -26.170730 -36.034439 15.281410
v -25.851218 -36.546585 14.965496
v -26.011353 -36.225251 14.915452
v -25.961790 -36.349669 14.244044
v -26.072040 -36.117178 14.519479
v -22.835632 -40.660660 15.653150
v -22.748304 -40.700626 16.017641
v -22.693844 -40.856840 15.726920
v -27.417616 -34.134148 10.444994
v -21.644784 -41.903877 10.159504
v -21.377633 -42.156942 10.077856
v -25.525808 -36.369208 7.189622
v -25.757658 -36.152681 7.103716
v -25.929887 -35.898304 6.771049
v -26.704076 -34.951207 8.243717
v -26.881015 -34.752567 8.849510
v -22.789566 -40.088118 6.059796
v -27.396037 -34.207811 11.118407
v -25.840312 -36.063859 7.446733
v -25.608114 -36.280759 7.531172
v -25.901423 -36.010776 7.890612
v -25.655574 -36.239537 7.875977
v -22.372329 -41.423258 17.731700
v -22.481757 -41.261123 17.512565
v -27.584876 -34.070407 12.892506
v -27.628597 -34.053639 13.530632
v -25.804734 -36.070769 6.825589
v -20.583102 -43.212099 8.282461
v -20.612601 -43.158245 8.070046
v -20.737297 -42.968037 7.737914
v -21.088900 -42.467534 7.343069
v -21.422060 -41.999414 7.061527
v -21.774682 -41.506145 6.796797
v -22.093436 -41.061335 6.573780
v -23.103221 -39.664494 6.053037
v -21.253667 -42.314478 8.389687
v -21.205262 -42.299802 8.721987
v -20.991651 -42.673212 8.468662
v -21.591719 -41.868979 8.549875
v -21.432054 -42.000931 8.829458
v -21.848973 -41.560979 9.140594
v -21.591427 -41.810115 9.195415
v -26.055407 -36.203686 13.946588
v -26.225138 -35.878435 14.033016
v -26.107017 -36.150054 14.188443
v -26.903316 -34.985558 14.367139
v -26.871641 -35.108266 14.034781
v -27.135284 -34.768888 14.281486
v -27.522476 -34.111107 12.235089
v -26.263505 -35.467223 7.058721
v -27.627343 -34.103384 14.256951
v -27.533716 -34.253624 14.618481
v -27.446657 -34.381534 14.776441
v -26.384360 -35.643586 13.730266
v -26.345490 -35.775816 13.394992
v -27.458166 -34.159138 11.649638
v -24.153395 -38.232883 5.830385
v -24.532428 -37.718887 5.790910
v -24.720324 -37.569640 7.366844
v -24.665093 -37.571512 7.809971
v -24.530052 -37.816999 7.225429
v -25.018129 -37.039823 6.972955
v -24.825204 -37.307877 7.090310
v -25.007335 -37.135557 6.658606
v -25.218429 -36.846443 6.593527
v -23.763843 -38.763077 5.900190
v -24.966538 -37.135883 5.831595
v -25.187565 -36.849343 6.007896
v -25.286585 -36.725968 6.162381
v -24.854468 -37.334751 8.093230
v -24.519511 -37.878291 7.936857
v -24.758984 -37.480626 6.809678
v -23.417388 -39.235593 5.977014
v -24.864558 -37.446902 8.452940
v -25.006341 -37.250727 8.379172
v -26.309549 -35.790716 14.428544
v -27.322159 -34.553344 14.834431
v -27.185391 -34.724948 14.639172
v -26.849499 -35.215570 15.205167
v -27.077849 -34.934318 15.610701
v -20.564907 -43.338676 9.824606
v -20.819176 -43.354996 15.256581
v -20.166470 -43.853944 9.487611
v -20.253530 -43.726036 9.329650
v -21.354696 -42.331752 10.711100
v -20.324843 -43.906681 13.514381
v -20.304148 -43.899755 12.987686
v -21.859879 -42.043704 16.659357
v -21.994669 -41.754609 16.579696
v -21.798767 -42.096786 16.215480
v -21.947204 -41.795837 16.234893
v -21.999377 -41.700642 15.860026
v -22.516432 -41.021449 16.138281
v -20.242025 -43.948425 12.456454
v -22.584661 -40.995532 17.137909
v -22.692856 -40.972006 17.447485
v -22.374454 -41.283426 17.202714
v -27.087584 -34.949324 16.036044
v -26.962890 -35.139531 16.368178
v -26.611294 -35.640024 16.763018
v -26.278126 -36.108154 17.044565
v -25.925511 -36.601411 17.309291
v -25.606751 -37.046233 17.532311
v -22.512622 -41.258225 18.098195
v -22.413606 -41.381596 17.943708
v -23.180680 -40.229272 16.169232
v -24.910620 -38.019451 18.046295
v -24.596964 -38.443073 18.053054
v -24.282797 -38.871973 18.129077
v -26.648095 -35.290035 13.764630
v -26.771200 -35.205123 13.450462
v -26.953204 -34.941812 14.723300
v -26.058391 -35.728946 6.831845
v -26.518134 -35.164103 7.669696
v -27.031219 -34.586085 9.396244
v -27.164339 -34.439508 9.895475
v -27.031810 -34.880389 13.856700
v -25.823651 -36.152672 8.449375
v -25.603405 -36.334724 8.250843
v -25.484299 -36.637007 8.849694
v -25.441871 -36.670875 8.496458
v -25.047286 -37.211807 8.625836
v -25.153308 -36.950265 8.375982
v -25.086348 -37.013917 7.972587
v -22.384705 -40.655332 6.376906
v -22.651358 -40.278713 6.122093
v -21.001727 -42.578468 8.783336
v -21.738394 -41.757897 9.862048
v -25.383859 -43.293485 11.355005
v -28.768421 -38.580543 11.029300
v -25.782486 -42.894858 13.458927
v -40.411886 -49.566279 9.259837
v -40.170574 -50.963302 12.259855
v -41.944101 -46.881890 10.105766
v -56.260155 -56.081918 7.650311
v -25.462849 -36.853741 11.815327
v -25.276380 -37.040210 10.831158
v -56.824638 -56.162474 8.086672
v -57.172833 -54.751235 7.943642
v -56.719698 -54.291718 7.586793
v -55.928874 -57.743883 8.390707
v -56.299457 -57.416293 8.614065
v -56.437670 -57.677959 9.370090
v -57.144851 -56.057288 8.929035
v -52.343746 -51.552881 9.060862
v -51.803039 -52.220194 8.098003
v -50.700114 -55.976534 9.018682
v -51.181351 -54.168578 8.187727
v -50.580765 -56.222459 10.279630
v -57.104462 -53.906956 9.617541
v -51.731352 -53.676766 10.937029
v -52.224385 -51.798850 10.321820
v -51.121458 -55.555190 11.242500
v -56.313637 -57.359119 10.421455
v -56.773167 -55.568908 10.357937
v -56.558490 -57.157263 9.981210
v -57.431866 -54.492202 9.310787
v -57.537890 -54.320652 8.525528
v -57.150956 -55.836158 9.808944
v -51.525640 -57.388503 10.241188
v -51.940018 -57.663423 9.386590
v -51.595369 -57.318774 9.386590
v -52.817930 -56.096213 8.109105
v -54.326478 -55.276963 7.652431
v -53.981829 -54.932314 7.652431
v -54.568026 -54.346117 10.746328
v -53.743250 -55.860191 11.173838
v -53.398601 -55.515542 11.173838
v -51.888173 -57.025970 10.931984
v -51.870289 -57.733152 10.241188
v -52.059107 -56.855034 8.622060
v -53.162579 -56.440862 8.109105
v -52.904733 -56.698705 11.266174
v -52.232822 -57.370619 10.931984
v -52.403755 -57.199683 8.622060
v -52.560084 -56.354056 11.266174
v -55.328897 -55.036112 10.596298
v -51.508521 -54.566405 11.111002
v -51.806138 -53.743980 11.039722
v -54.756900 -55.611289 7.755684
v -50.954973 -55.065780 8.530077
v -51.200923 -54.296144 8.180252
v -55.549879 -54.232078 10.227060
v -52.047734 -52.977579 10.672760
v -55.037769 -54.748543 7.696409
v -51.502523 -53.470855 8.124145
v -22.470019 -40.995454 12.292809
v -20.267431 -44.897227 13.838998
v -28.284507 -33.841627 10.225323
v -54.912675 -54.690766 10.746328
v -55.052636 -55.895424 10.673780
v -54.531682 -56.418384 8.108678
v 46.151475 38.864178 11.054686
v 45.803297 39.212356 10.922748
v 32.808960 19.437598 12.207426
v 46.329581 38.686072 10.114654
v 32.987066 19.259491 11.267394
v 45.981404 39.034249 9.982717
v -1.878566 -21.243796 13.343076
v -18.153987 -35.115943 12.887731
v -17.805809 -35.464121 13.019669
v -1.700460 -21.421903 12.403044
v -17.627702 -35.642228 12.079637
v -17.975880 -35.294050 11.947699
v -1.530388 -21.591974 13.475014
v -1.352282 -21.770080 12.534982
v 17.093200 -0.892647 13.081726
v 17.271306 -1.070754 12.141695
v 17.441377 -1.240825 13.213664
v 17.619484 -1.418931 12.273632
v 33.157137 19.089420 12.339363
v 33.335244 18.911314 11.399332
v -23.679740 -35.816319 19.385964
v -28.330766 -34.769892 18.306475
v -27.284340 -39.420919 19.385964
v -23.561002 -35.935056 18.759276
v -27.165602 -39.539657 18.759276
v -28.212029 -34.888630 17.679787
v -22.633313 -40.467345 20.465453
v -22.514576 -40.586083 19.838765
v -20.999660 -38.496399 5.240724
v -25.650686 -37.449973 4.161235
v -24.604260 -42.100999 5.240724
v -20.880922 -38.615136 4.614036
v -24.485522 -42.219737 4.614036
v -25.531948 -37.568710 3.534547
v -19.953233 -43.147425 6.320213
v -19.834496 -43.266163 5.693525
v -28.767068 -44.086853 12.072830
v -27.773964 -43.595124 12.167825
v -28.134099 -43.081418 13.273657
v -29.127204 -43.573147 13.178662
v -27.907427 -43.310268 12.088566
v -28.900531 -43.801997 11.993571
v -29.213102 -43.356139 12.953350
v -28.219998 -42.864410 13.048345
v -28.668502 -42.127455 13.922386
v -29.661606 -42.619183 13.827391
v -29.676923 -42.528170 13.516398
v -28.683818 -42.036441 13.611393
v -29.233978 -40.988847 13.940186
v -30.227082 -41.480576 13.845191
v -30.167714 -41.539945 13.531847
v -29.174609 -41.048216 13.626842
v -29.679009 -39.970685 13.322286
v -30.672114 -40.462413 13.227291
v -30.553967 -40.656256 12.995557
v -29.560862 -40.164528 13.090552
v -29.884349 -39.345783 12.234253
v -30.877454 -39.837512 12.139258
v -30.732187 -40.113889 12.051226
v -29.739082 -39.622160 12.146221
v -29.794978 -39.281584 10.967625
v -30.788083 -39.773313 10.872630
v -30.654619 -40.058169 10.951888
v -29.661515 -39.566441 11.046883
v -29.434842 -39.795290 9.861792
v -30.427947 -40.287019 9.766797
v -30.342049 -40.504027 9.992109
v -29.348944 -40.012298 10.087104
v -28.900440 -40.749254 9.213063
v -29.893544 -41.240982 9.118068
v -29.878228 -41.331996 9.429061
v -28.885123 -40.840267 9.524056
v -28.334964 -41.887861 9.195264
v -29.328068 -42.379590 9.100269
v -29.387437 -42.320221 9.413612
v -28.394333 -41.828492 9.508607
v -27.889933 -42.906024 9.813163
v -28.883037 -43.397753 9.718168
v -29.001184 -43.203909 9.949902
v -28.008079 -42.712181 10.044898
v -27.684592 -43.530925 10.901196
v -28.677697 -44.022654 10.806201
v -28.822964 -43.746277 10.894233
v -27.829859 -43.254548 10.989228
v -40.135759 -49.758092 10.993341
v -39.142655 -49.266363 11.088336
v -39.502791 -48.752657 12.194168
v -40.495895 -49.244385 12.099173
v -39.276118 -48.981506 11.009077
v -40.269223 -49.473235 10.914082
v -40.581793 -49.027377 11.873861
v -39.588689 -48.535649 11.968856
v -40.037193 -47.798693 12.842897
v -41.030298 -48.290422 12.747902
v -41.045614 -48.199409 12.436909
v -40.052510 -47.707680 12.531904
v -40.602669 -46.660086 12.860697
v -41.595774 -47.151814 12.765702
v -41.536405 -47.211183 12.452358
v -40.543300 -46.719454 12.547353
v -41.047700 -45.641923 12.242798
v -42.040805 -46.133652 12.147802
v -41.922658 -46.327495 11.916068
v -40.929554 -45.835766 12.011063
v -41.253041 -45.017022 11.154765
v -42.246145 -45.508750 11.059770
v -42.100878 -45.785127 10.971737
v -41.107773 -45.293398 11.066732
v -41.163669 -44.952823 9.888136
v -42.156774 -45.444551 9.793141
v -42.023311 -45.729408 9.872399
v -41.030206 -45.237679 9.967394
v -40.803533 -45.466529 8.782303
v -41.796638 -45.958257 8.687308
v -41.710740 -46.175265 8.912620
v -40.717635 -45.683537 9.007615
v -40.269131 -46.420492 8.133574
v -41.262236 -46.912221 8.038579
v -41.246919 -47.003234 8.349572
v -40.253814 -46.511505 8.444567
v -39.703655 -47.559100 8.115775
v -40.696759 -48.050828 8.020780
v -40.756128 -47.991460 8.334124
v -39.763024 -47.499731 8.429119
v -39.258624 -48.577262 8.733674
v -40.251728 -49.068991 8.638679
v -40.369875 -48.875148 8.870414
v -39.376770 -48.383419 8.965409
v -39.053284 -49.202164 9.821707
v -40.046388 -49.693892 9.726712
v -40.191655 -49.417516 9.814744
v -39.198551 -48.925787 9.909739
v -50.532544 -55.090473 10.033795
v -49.539439 -54.598744 10.128790
v -49.899575 -54.085038 11.234622
v -50.892679 -54.576767 11.139627
v -49.672902 -54.313888 10.049531
v -50.666007 -54.805617 9.954536
v -50.978578 -54.359759 10.914316
v -49.985473 -53.868030 11.009311
v -50.433977 -53.131075 11.883352
v -51.427082 -53.622804 11.788357
v -51.442398 -53.531790 11.477364
v -50.449294 -53.040062 11.572359
v -50.999453 -51.992467 11.901151
v -51.992558 -52.484196 11.806156
v -51.933189 -52.543565 11.492812
v -50.940084 -52.051836 11.587807
v -51.444484 -50.974305 11.283252
v -52.437589 -51.466033 11.188257
v -52.319442 -51.659877 10.956522
v -51.326338 -51.168148 11.051517
v -51.649825 -50.349403 10.195219
v -52.642929 -50.841132 10.100224
v -52.497662 -51.117509 10.012192
v -51.504558 -50.625780 10.107187
v -51.560453 -50.285204 8.928590
v -52.553558 -50.776933 8.833595
v -52.420095 -51.061789 8.912854
v -51.426990 -50.570061 9.007849
v -51.200318 -50.798910 7.822758
v -52.193422 -51.290639 7.727763
v -52.107524 -51.507647 7.953074
v -51.114419 -51.015918 8.048069
v -50.665915 -51.752874 7.174028
v -51.659020 -52.244603 7.079033
v -51.643703 -52.335616 7.390026
v -50.650599 -51.843887 7.485021
v -50.100439 -52.891481 7.156229
v -51.093544 -53.383210 7.061234
v -51.152913 -53.323841 7.374578
v -50.159808 -52.832113 7.469573
v -49.655408 -53.909644 7.774128
v -50.648513 -54.401373 7.679133
v -50.766659 -54.207530 7.910868
v -49.773555 -53.715801 8.005863
v -49.450068 -54.534545 8.862161
v -50.443172 -55.026274 8.767166
v -50.588439 -54.749897 8.855198
v -49.595335 -54.258169 8.950193
v -56.531247 -58.461765 9.535983
v -55.538143 -57.970036 9.630978
v -55.959434 -57.369097 10.924593
v -56.952538 -57.860826 10.829598
v -55.671606 -57.685180 9.551719
v -56.664710 -58.176908 9.456724
v -57.038436 -57.643817 10.604286
v -56.045332 -57.152089 10.699281
v -56.584584 -56.253139 11.683484
v -57.577688 -56.744868 11.588489
v -57.593005 -56.653855 11.277496
v -56.599900 -56.162126 11.372491
v -57.246084 -54.921183 11.704306
v -58.239188 -55.412912 11.609311
v -58.179820 -55.472281 11.295967
v -57.186715 -54.980552 11.390962
v -57.766686 -53.730125 10.981480
v -58.759791 -54.221854 10.886485
v -58.641644 -54.415697 10.654751
v -57.648540 -53.923968 10.749746
v -58.006895 -52.999108 9.708687
v -59.000000 -53.490837 9.613692
v -58.854733 -53.767214 9.525660
v -57.861629 -53.275486 9.620655
v -57.902348 -52.924008 8.226970
v -58.895453 -53.415736 8.131975
v -58.761989 -53.700593 8.211234
v -57.768885 -53.208864 8.306229
v -57.481057 -53.524947 6.933355
v -58.474162 -54.016676 6.838360
v -58.388264 -54.233684 7.063672
v -57.395159 -53.741955 7.158667
v -56.855907 -54.640904 6.174464
v -57.849012 -55.132633 6.079469
v -57.833695 -55.223646 6.390462
v -56.840591 -54.731918 6.485457
v -56.194407 -55.972860 6.153642
v -57.187511 -56.464589 6.058647
v -57.246880 -56.405220 6.371991
v -56.253776 -55.913492 6.466986
v -55.673804 -57.163919 6.876468
v -56.666909 -57.655647 6.781473
v -56.785056 -57.461804 7.013207
v -55.791951 -56.970075 7.108202
v -55.433595 -57.894935 8.149261
v -56.426700 -58.386664 8.054266
v -56.571967 -58.110287 8.142298
v -55.578862 -57.618558 8.237293
v -24.936622 -36.197891 12.743186
v -27.751851 -31.416516 11.303868
v -32.250198 -30.850461 10.344322
v -24.427746 -36.706767 10.057381
v -31.741322 -31.359337 7.658517
v -27.242975 -31.925392 8.618063
v -29.762660 -35.959527 11.783641
v -29.253784 -36.468403 9.097836
v -27.528192 -33.606321 12.096985
v -30.432747 -33.978675 11.617212
v -26.917473 -35.527804 12.576757
v -26.900578 -34.233935 8.784492
v -26.289860 -36.155417 9.264265
v -29.805134 -34.606289 8.304719
v -16.989996 -42.178372 15.381937
v -21.771370 -39.363143 13.942619
v -21.533006 -44.189181 14.902164
v -16.481120 -42.687248 12.696132
v -21.024130 -44.698057 12.216359
v -21.262494 -39.872019 11.256814
v -16.423940 -46.676719 16.341483
v -15.915064 -47.185595 13.655678
v -21.220020 -41.225256 14.735735
v -19.670892 -44.740530 15.695281
v -19.298538 -41.835975 15.215508
v -20.592407 -41.852870 11.423243
v -18.670924 -42.463589 11.903015
v -19.043278 -45.368144 12.382788
v -7.057168 -25.568232 13.373148
v -8.710526 -26.208710 13.181239
v -9.351004 -27.862069 13.373148
v -6.811211 -25.814189 12.075009
v -9.105048 -28.108026 12.075009
v -8.464569 -26.454667 11.883100
v -7.697646 -27.221591 13.565057
v -7.451689 -27.467548 12.266918
v 7.993789 -11.127003 13.488672
v 6.340431 -11.767481 13.296763
v 5.699953 -13.420840 13.488672
v 8.239746 -11.372960 12.190533
v 5.945909 -13.666796 12.190533
v 6.586387 -12.013438 11.998624
v 7.353311 -12.780362 13.680581
v 7.599268 -13.026318 12.382442
v 23.175541 6.460340 13.032888
v 21.522183 5.819862 12.840979
v 20.881705 4.166504 13.032888
v 23.421498 6.214384 11.734749
v 21.127661 3.920547 11.734749
v 21.768139 5.573905 11.542840
v 22.535063 4.806982 13.224797
v 22.781020 4.561025 11.926658
v 36.842633 24.906962 12.127317
v 35.189275 24.266484 11.935407
v 34.548797 22.613125 12.127317
v 37.088590 24.661005 10.829177
v 34.794753 22.367169 10.829177
v 35.435231 24.020527 10.637268
v 36.202155 23.253603 12.319226
v 36.448112 23.007647 11.021087
v -32.881406 -45.890810 11.635085
v -32.550371 -45.726901 11.666750
v -32.866339 -45.276197 12.636961
v -33.197374 -45.440106 12.605296
v -32.683834 -45.442044 11.587491
v -33.014869 -45.605954 11.555826
v -33.283272 -45.223098 12.379984
v -32.952237 -45.059188 12.411649
v -33.335202 -44.439229 13.206129
v -33.666237 -44.603138 13.174464
v -33.681553 -44.512125 12.863471
v -33.350518 -44.348215 12.895136
v -33.831327 -43.440261 13.221746
v -34.162362 -43.604171 13.190081
v -34.102993 -43.663540 12.876737
v -33.771958 -43.499630 12.908402
v -34.221779 -42.546968 12.679627
v -34.552814 -42.710877 12.647962
v -34.434667 -42.904721 12.416227
v -34.103632 -42.740811 12.447892
v -34.401936 -41.998705 11.725032
v -34.732971 -42.162615 11.693367
v -34.587704 -42.438992 11.605335
v -34.256669 -42.275082 11.637000
v -34.323525 -41.942380 10.613744
v -34.654560 -42.106289 10.582079
v -34.521097 -42.391146 10.661338
v -34.190062 -42.227236 10.693003
v -34.007557 -42.393084 9.643533
v -34.338592 -42.556994 9.611868
v -34.252694 -42.774002 9.837180
v -33.921659 -42.610092 9.868845
v -33.538695 -43.230052 9.074365
v -33.869729 -43.393962 9.042700
v -33.854413 -43.484975 9.353693
v -33.523378 -43.321065 9.385358
v -33.042569 -44.229019 9.058748
v -33.373604 -44.392929 9.027083
v -33.432973 -44.333560 9.340427
v -33.101938 -44.169650 9.372092
v -32.652118 -45.122313 9.600868
v -32.983152 -45.286222 9.569203
v -33.101299 -45.092379 9.800937
v -32.770264 -44.928470 9.832602
v -32.471961 -45.670575 10.555462
v -32.802995 -45.834485 10.523797
v -32.948262 -45.558108 10.611829
v -32.617227 -45.394198 10.643495
v -36.338560 -47.676712 11.318435
v -36.007525 -47.512802 11.350100
v -36.323493 -47.062098 12.320311
v -36.654528 -47.226007 12.288646
v -36.140988 -47.227946 11.270841
v -36.472023 -47.391855 11.239176
v -36.740426 -47.008999 12.063334
v -36.409391 -46.845090 12.094999
v -36.792356 -46.225130 12.889479
v -37.123391 -46.389039 12.857814
v -37.138707 -46.298026 12.546821
v -36.807672 -46.134116 12.578486
v -37.288481 -45.226163 12.905096
v -37.619516 -45.390072 12.873431
v -37.560147 -45.449441 12.560087
v -37.229112 -45.285532 12.591752
v -37.678933 -44.332869 12.362976
v -38.009968 -44.496779 12.331311
v -37.891821 -44.690622 12.099577
v -37.560786 -44.526712 12.131242
v -37.859090 -43.784606 11.408382
v -38.190125 -43.948516 11.376717
v -38.044858 -44.224893 11.288684
v -37.713823 -44.060984 11.320349
v -37.780679 -43.728281 10.297094
v -38.111714 -43.892191 10.265429
v -37.978251 -44.177047 10.344688
v -37.647216 -44.013137 10.376353
v -37.464711 -44.178985 9.326883
v -37.795746 -44.342895 9.295218
v -37.709848 -44.559903 9.520530
v -37.378813 -44.395994 9.552195
v -36.995849 -45.015953 8.757715
v -37.326884 -45.179863 8.726050
v -37.311567 -45.270876 9.037043
v -36.980532 -45.106967 9.068708
v -36.499723 -46.014920 8.742098
v -36.830758 -46.178830 8.710433
v -36.890127 -46.119461 9.023777
v -36.559092 -45.955552 9.055442
v -36.109272 -46.908214 9.284217
v -36.440306 -47.072124 9.252552
v -36.558453 -46.878280 9.484287
v -36.227418 -46.714371 9.515952
v -35.929115 -47.456477 10.238812
v -36.260149 -47.620386 10.207147
v -36.405416 -47.344009 10.295179
v -36.074381 -47.180100 10.326844
v -43.252868 -51.248514 10.685135
v -42.921833 -51.084605 10.716800
v -43.237802 -50.633900 11.687011
v -43.568836 -50.797810 11.655346
v -43.055297 -50.799748 10.637541
v -43.386331 -50.963658 10.605876
v -43.654734 -50.580802 11.430034
v -43.323699 -50.416892 11.461699
v -43.706664 -49.796932 12.256179
v -44.037699 -49.960842 12.224514
v -44.053015 -49.869829 11.913521
v -43.721981 -49.705919 11.945186
v -44.202789 -48.797965 12.271796
v -44.533824 -48.961875 12.240131
v -44.474455 -49.021244 11.926787
v -44.143420 -48.857334 11.958452
v -44.593241 -47.904672 11.729676
v -44.924276 -48.068581 11.698011
v -44.806129 -48.262424 11.466277
v -44.475094 -48.098515 11.497942
v -44.773398 -47.356409 10.775081
v -45.104433 -47.520318 10.743416
v -44.959166 -47.796696 10.655384
v -44.628131 -47.632786 10.687049
v -44.694987 -47.300083 9.663794
v -45.026022 -47.463993 9.632129
v -44.892559 -47.748849 9.711388
v -44.561524 -47.584940 9.743053
v -44.379019 -47.750788 8.693583
v -44.710054 -47.914697 8.661918
v -44.624156 -48.131706 8.887229
v -44.293121 -47.967796 8.918894
v -43.910157 -48.587756 8.124415
v -44.241192 -48.751665 8.092750
v -44.225875 -48.842679 8.403743
v -43.894840 -48.678769 8.435408
v -43.414031 -49.586723 8.108798
v -43.745066 -49.750632 8.077133
v -43.804435 -49.691264 8.390477
v -43.473400 -49.527354 8.422142
v -43.023580 -50.480016 8.650917
v -43.354615 -50.643926 8.619252
v -43.472761 -50.450083 8.850987
v -43.141726 -50.286173 8.882652
v -42.843423 -51.028279 9.605512
v -43.174458 -51.192189 9.573847
v -43.319724 -50.915812 9.661879
v -42.988689 -50.751902 9.693544
v -46.710022 -53.034415 10.368484
v -46.378987 -52.870506 10.400149
v -46.694956 -52.419802 11.370361
v -47.025990 -52.583711 11.338696
v -46.512451 -52.585649 10.320891
v -46.843485 -52.749559 10.289226
v -47.111888 -52.366703 11.113384
v -46.780854 -52.202793 11.145049
v -47.163818 -51.582833 11.939529
v -47.494853 -51.746743 11.907864
v -47.510169 -51.655730 11.596871
v -47.179135 -51.491820 11.628536
v -47.659943 -50.583866 11.955146
v -47.990978 -50.747776 11.923481
v -47.931609 -50.807145 11.610137
v -47.600574 -50.643235 11.641802
v -48.050395 -49.690573 11.413026
v -48.381430 -49.854482 11.381361
v -48.263283 -50.048326 11.149627
v -47.932248 -49.884416 11.181292
v -48.230552 -49.142310 10.458431
v -48.561587 -49.306220 10.426766
v -48.416320 -49.582597 10.338734
v -48.085285 -49.418687 10.370399
v -48.152141 -49.085985 9.347144
v -48.483176 -49.249894 9.315479
v -48.349713 -49.534751 9.394737
v -48.018678 -49.370841 9.426402
v -47.836173 -49.536689 8.376933
v -48.167208 -49.700599 8.345268
v -48.081310 -49.917607 8.570579
v -47.750275 -49.753697 8.602244
v -47.367311 -50.373657 7.807764
v -47.698346 -50.537567 7.776099
v -47.683029 -50.628580 8.087093
v -47.351994 -50.464670 8.118758
v -46.871186 -51.372624 7.792148
v -47.202220 -51.536534 7.760483
v -47.261589 -51.477165 8.073827
v -46.930554 -51.313255 8.105492
v -46.480734 -52.265918 8.334267
v -46.811769 -52.429827 8.302602
v -46.929915 -52.235984 8.534337
v -46.598880 -52.072074 8.566002
v -46.300577 -52.814180 9.288862
v -46.631612 -52.978090 9.257197
v -46.776878 -52.701713 9.345229
v -46.445844 -52.537803 9.376894
v -53.624330 -56.606218 9.735184
v -53.293295 -56.442308 9.766849
v -53.609264 -55.991604 10.737061
v -53.940299 -56.155514 10.705396
v -53.426759 -56.157452 9.687591
v -53.757794 -56.321361 9.655926
v -54.026196 -55.938505 10.480084
v -53.695162 -55.774596 10.511749
v -54.078126 -55.154636 11.306229
v -54.409161 -55.318545 11.274564
v -54.424478 -55.227532 10.963571
v -54.093443 -55.063623 10.995236
v -54.574251 -54.155669 11.321845
v -54.905286 -54.319578 11.290180
v -54.845917 -54.378947 10.976836
v -54.514883 -54.215038 11.008501
v -54.964703 -53.262375 10.779726
v -55.295738 -53.426285 10.748061
v -55.177591 -53.620128 10.516326
v -54.846557 -53.456218 10.547991
v -55.144860 -52.714113 9.825131
v -55.475895 -52.878022 9.793466
v -55.330628 -53.154399 9.705434
v -54.999593 -52.990490 9.737099
v -55.066450 -52.657787 8.713844
v -55.397484 -52.821697 8.682179
v -55.264021 -53.106553 8.761437
v -54.932986 -52.942644 8.793102
v -54.750481 -53.108491 7.743632
v -55.081516 -53.272401 7.711967
v -54.995618 -53.489409 7.937279
v -54.664583 -53.325500 7.968944
v -54.281619 -53.945460 7.174464
v -54.612654 -54.109369 7.142799
v -54.597337 -54.200382 7.453792
v -54.266302 -54.036473 7.485457
v -53.785494 -54.944427 7.158848
v -54.116529 -55.108336 7.127183
v -54.175897 -55.048967 7.440527
v -53.844863 -54.885058 7.472192
v -53.395042 -55.837720 7.700967
v -53.726077 -56.001630 7.669302
v -53.844223 -55.807787 7.901037
v -53.513188 -55.643877 7.932702
v -53.214885 -56.385983 8.655562
v -53.545920 -56.549892 8.623897
v -53.691186 -56.273515 8.711929
v -53.360152 -56.109606 8.743594
v -20.414520 -39.761519 11.086496
v -11.562608 -30.367578 10.413071
v -10.174214 -32.048812 11.565354
v -21.019837 -39.156202 14.281310
v -12.369707 -29.560479 14.672875
v -22.473998 -37.165799 14.199400
v 24.237832 5.210263 14.450166
v 10.238572 -7.499890 14.776646
v 11.967193 -9.256062 14.866179
v -20.266112 -40.088682 12.888698
v -23.726347 -35.377157 13.052501
v -13.951850 -27.587913 11.716547
v -23.874776 -35.049961 11.250289
v 8.471849 -5.696336 11.817369
v 21.509992 7.835820 10.011673
v 9.317062 -6.550758 10.427301
v -13.759952 -27.880559 13.520449
v -10.779538 -31.443487 14.760207
v -21.666899 -37.972899 9.939596
v -24.892958 -37.315036 9.774441
v -23.121030 -35.982474 9.857687
v 47.580111 45.991728 7.721752
v 39.903847 35.856586 9.899771
v 46.675345 46.780750 9.112969
v 11.045671 -8.306989 10.516843
v -1.723281 -18.099555 10.523637
v 1.492370 -21.448967 11.767510
v -0.014578 -19.875166 10.613079
v -13.154634 -28.485877 10.325635
v 8.711744 -5.945441 13.622115
v -2.561872 -17.238669 11.913735
v -2.328599 -17.494238 13.718451
v 36.232062 19.350327 12.331501
v 24.843149 4.604946 11.255351
v 35.962653 19.567984 10.527122
v 1.725665 -21.704567 13.572237
v -9.980432 -32.340167 13.369409
v -0.821678 -19.068066 14.872883
v 0.887053 -20.843649 14.962325
v 20.904675 8.441137 13.206488
v 33.540182 21.835190 13.633493
v 31.924819 23.295358 12.480051
v 12.812432 -10.110510 13.476121
v 12.572510 -9.861379 11.671365
v 56.998980 54.255170 11.264200
v 51.687347 50.228631 11.692145
v 53.609304 48.685327 11.777977
v 57.547342 53.684007 8.211073
v 52.494446 49.421532 7.432341
v 55.783046 54.811883 7.140133
v 50.572540 50.964885 7.346509
v 53.835988 56.130160 7.086876
v 49.487263 44.431748 7.807980
v 54.214621 48.080009 8.583162
v 51.192658 43.073544 8.959121
v 49.662863 51.748319 8.737813
v 52.943285 56.823436 8.426080
v 50.587334 43.678869 12.153973
v 54.518971 47.901885 10.386672
v 40.188476 35.656191 11.703764
v 48.680163 45.238847 12.067783
v 46.974786 46.597053 10.916605
v 49.967223 51.570202 10.541324
v 55.051911 55.573438 11.210943
v 53.287615 56.701313 10.140003
v 57.891703 53.561914 9.924996
v 51.492083 42.889844 10.762795
v 56.134340 57.201080 10.984596
v 56.530650 57.498513 10.254901
v 55.298956 58.069025 9.652087
v 54.427415 58.193681 9.971281
v 58.017661 56.028102 11.038460
v 57.716023 56.611071 10.370549
v 58.546870 55.486953 8.159943
v 54.956634 57.652541 7.092763
v 58.277499 56.350704 9.486810
v 58.072287 56.246745 8.432667
v 54.093639 58.284068 8.354152
v 56.839933 56.479546 7.146627
v 56.979475 57.039568 7.813638
v 55.655232 57.704709 7.714205
v 55.232597 58.187345 8.581729
v 58.880607 55.396584 9.777061
v 56.844384 57.411966 9.023821
v 23.277448 6.119506 10.101013
v 34.347281 21.028091 9.373689
v 32.530136 22.690041 9.285236
v 41.849587 34.247898 12.856045
v 42.656686 33.440799 8.596242
v 40.793793 35.050874 8.508949
v 25.096000 4.369136 13.060033
v 20.651791 8.676970 11.401795
v 31.655384 23.512992 10.675670
v 35.357336 20.173302 13.721937
v 44.602435 31.832171 11.552506
v 43.712459 32.637855 12.943328
v 44.317776 32.032538 9.748513
v 22.470349 6.926605 14.360816
v -23.446681 -39.311191 9.855948
v -22.825463 -40.439628 11.983516
v -23.762863 -39.129959 11.108159
v -24.253781 -38.504092 14.115751
v -22.997558 -40.267533 12.891819
v -22.807473 -40.500225 14.197260
v -25.498275 -36.709719 12.969255
v -25.644118 -36.380635 11.167175
v -25.273775 -37.069166 11.367799
v -24.990770 -37.459777 11.982186
v -24.818675 -37.631872 11.073883
v -22.202156 -41.105542 11.002445
v -22.056367 -41.434618 12.804513
v -22.582971 -40.859672 12.595804
v -23.954409 -38.983337 11.980452
v -24.093918 -38.798904 12.855441
v 56.871146 56.519576 6.958245
v 57.005106 57.162742 7.727259
v 58.284760 56.281021 8.641968
v 58.941745 55.304345 7.893301
v 54.642261 57.791748 6.635226
v 55.390181 57.955599 7.794991
v 53.925614 58.381371 8.215443
v 54.943038 58.461765 8.493013
v 59.000000 55.357734 9.822424
v 56.868200 57.580277 9.012666
v 55.112907 49.106228 8.410033
v 52.983478 50.301446 7.172287
v 50.650334 51.731819 7.067111
v 49.930423 52.372568 8.781530
v 56.074734 57.276127 11.142295
v 54.429809 49.804647 12.045513
v 58.300548 55.959983 11.380865
v 53.999617 58.400251 10.025753
v 49.967228 52.430226 10.702592
v 52.124873 51.203852 11.774994
v 55.276053 49.037085 10.426755
v 55.089119 58.263462 9.432574
v 57.983686 56.588876 10.279550
v 58.589444 56.352170 9.559993
v 56.527372 57.651236 10.325738
v 3.556508 -16.262247 10.422528
v -7.182627 -22.903323 10.262458
v 1.689609 -14.365517 10.325822
v -21.901391 -41.628410 12.870594
v -14.516456 -34.600128 14.787231
v -22.723894 -40.627518 14.374181
v -24.285907 -38.471693 14.286151
v -17.592921 -30.635746 13.453211
v -25.638445 -36.539960 13.047501
v -17.776384 -30.300365 11.505842
v -25.798748 -36.186588 11.101112
v -13.862705 -35.253878 11.336790
v -22.070151 -41.281261 10.923781
v -16.162621 -32.508303 14.695383
v -15.290954 -33.379970 10.094795
v -3.932775 -26.723669 11.602039
v -5.448754 -24.922471 10.357154
v -16.939177 -31.289487 10.002811
v 1.035866 -13.711774 13.776222
v -8.051128 -21.939733 11.764397
v -7.836370 -22.249580 13.712857
v -3.717996 -27.033551 13.550509
v -13.677161 -35.587938 13.284346
v 4.551754 -17.287244 15.119811
v -6.320421 -24.050803 14.957741
v -4.586517 -26.069927 15.052438
v 2.684840 -15.390580 15.023115
v 5.464610 -18.210050 13.618548
v 5.205497 -17.940987 11.669412
v 0.776779 -13.442742 11.827096
v -23.414239 -39.343360 9.685564
v -24.984702 -37.193703 9.597101
v 0.642176 -19.078976 10.343779
v -3.456531 -26.398836 11.645791
v -5.140727 -24.673974 10.368433
v -2.198690 -16.183759 11.782674
v -7.048148 -22.725781 10.269363
v -7.981592 -21.778757 11.807329
v -1.934969 -16.461065 13.779437
v -6.033698 -23.781003 15.081460
v -0.250796 -18.186005 15.056806
v 1.656655 -20.134112 15.155865
v -3.192780 -26.676173 13.642565
v 2.590122 -21.081174 13.617911
v -1.265249 -17.130785 10.244709
v -4.126252 -25.729116 15.180520
v -5.736834 -18.479580 11.383603
v -5.552714 -18.669655 11.454501
v -5.805107 -18.518840 11.455658
v -5.653362 -18.267177 11.736256
v -5.469234 -18.457245 11.807153
v -5.585086 -18.227914 11.664201
v -5.620985 -18.708913 11.526556
v -5.845820 -18.519683 11.559129
v -5.661698 -18.709756 11.630027
v -5.660791 -18.671152 11.731164
v -5.361156 -18.455745 11.530492
v -5.400988 -18.521841 11.456742
v -5.545283 -18.265678 11.459594
v -5.620958 -18.605056 11.804913
v -5.844913 -18.481080 11.660265
v -5.360250 -18.417144 11.631628
v -5.544373 -18.227071 11.560730
v -5.585111 -18.331768 11.385844
v -5.656678 -18.411846 11.357027
v -5.805082 -18.414986 11.734015
v -5.733517 -18.334912 11.762832
v -5.472556 -18.601918 11.427925
v -5.549392 -18.524981 11.833730
v -5.400961 -18.417985 11.735099
v -5.759891 -19.015141 11.369092
v -5.565048 -18.514597 12.205056
v -5.346934 -18.330226 12.132711
v -5.161180 -18.223365 11.936605
v -5.050413 -18.221044 11.655014
v -5.868192 -18.912426 11.925939
v -5.759794 -18.732544 12.126645
v -5.574129 -18.908268 11.172998
v -5.052900 -18.326091 11.379788
v -5.161290 -18.505961 11.179093
v -5.356022 -18.723897 11.100673
v -5.870675 -19.017476 11.650691
v -5.191548 -18.373908 12.306435
v -5.203448 -18.874121 10.994290
v -5.480496 -19.108755 11.086207
v -4.818383 -18.368302 11.349083
v -4.956101 -18.596951 11.093990
v -5.716495 -19.244934 11.335536
v -5.857231 -19.248148 11.693672
v -4.955670 -18.237900 12.056965
v -5.716188 -18.885838 12.298996
v -5.468654 -18.608515 12.398594
v -5.854016 -19.114653 12.043762
v -4.815111 -18.234833 11.698931
v -4.663639 -18.840786 12.563215
v -4.677831 -19.399228 11.096371
v -4.986901 -19.662107 11.198982
v -4.248241 -18.833715 11.492807
v -4.401953 -19.089197 11.207844
v -5.250291 -19.815121 11.477711
v -5.407393 -19.819374 11.878380
v -4.400693 -18.688407 12.283942
v -5.249516 -19.414168 12.555668
v -4.972937 -19.103563 12.666752
v -5.403665 -19.670298 12.270165
v -4.244286 -18.684730 11.883663
v -6.862918 -17.531366 11.433993
v -6.495467 -17.174654 11.436028
v -7.133035 -18.523957 11.570879
v -4.311875 -16.451343 11.712705
v -3.816568 -16.879243 11.887624
v -4.491606 -17.271046 11.833960
v -4.401246 -17.361406 11.357046
v -3.726208 -16.969604 11.410711
v -4.221515 -16.541703 11.235792
v -7.042677 -18.614320 11.093965
v -6.405109 -17.265017 10.959113
v -6.772558 -17.621727 10.957079
v -7.796937 -19.267762 11.330441
v -7.651251 -19.115872 11.329266
v -7.711734 -19.251977 11.599171
v -7.692042 -18.757267 11.509170
v -7.768121 -18.764195 11.240491
v -7.656083 -18.627265 11.491352
v -7.729202 -18.631318 11.222689
v -6.902123 -17.502497 11.165518
v -5.235274 -16.305370 11.254516
v -4.887726 -16.433111 11.344568
v -5.245983 -16.382694 11.522715
v -4.902390 -16.514275 11.612745
v -4.751431 -16.378189 11.615563
v -6.838311 -17.188746 11.373740
v -5.369140 -16.340230 11.235757
v -5.376891 -16.414682 11.503972
v -7.652191 -19.694038 11.694209
v -7.744135 -19.716367 11.425442
v -6.521631 -17.133125 11.167624
v -7.240163 -20.202784 11.868667
v -7.255723 -20.306928 11.629874
v -4.731594 -16.292003 11.347415
v -4.285302 -16.358617 11.444594
v -6.870998 -17.153549 11.105300
v -3.710653 -16.865463 11.649504
v -7.571219 -19.105107 11.597967
v -4.327442 -17.371658 11.884127
v -4.237081 -17.462018 11.407213
v -7.621373 -19.342337 11.122257
v -7.565722 -18.717625 11.014438
v -7.601681 -18.847627 11.032256
v -4.581576 -17.395547 11.329348
v -5.179406 -17.261794 11.701891
v -5.089045 -17.352154 11.224977
v -5.257847 -17.020757 11.641360
v -5.167486 -17.111117 11.164445
v -5.405741 -17.025223 11.103029
v -4.671937 -17.305186 11.806262
v -6.788597 -19.359987 11.794542
v -5.155622 -16.473055 11.045800
v -4.661073 -16.468552 11.138649
v -4.812030 -16.604635 11.135831
v -6.747953 -17.279109 10.896825
v -6.816334 -18.850883 11.692827
v -6.725974 -18.941244 11.215913
v -5.286530 -16.505042 11.027058
v -6.642452 -19.797091 11.393894
v -7.149802 -20.293144 11.391753
v -7.561830 -19.784398 11.217295
v -5.496101 -16.934863 11.579944
v -6.828224 -19.539376 11.821022
v -6.737864 -19.629737 11.344108
v -6.732810 -19.706729 11.870808
v -6.698236 -19.450347 11.317627
v -6.964238 -18.855359 11.154496
v -7.054599 -18.764999 11.631410
v -7.480859 -19.195467 11.121053
v -12.220836 -30.881099 10.101024
v -17.153433 -37.875546 11.194683
v -18.649476 -35.932018 9.901230
v -14.820546 -27.684609 11.569786
v -20.372383 -33.761514 9.805313
v -21.249185 -32.735526 11.369991
v -14.624406 -28.029939 13.597576
v -19.557034 -35.024460 14.691244
v -13.128394 -29.973542 14.891038
v -11.405448 -32.143964 14.986946
v -16.957265 -38.220911 13.222484
v -10.528621 -33.169989 13.422279
v -13.943745 -28.710599 10.005108
v -17.834094 -37.194885 14.787151
v -18.583678 -29.681085 11.071863
v -18.421502 -29.890370 11.142243
v -18.657076 -29.714433 11.141827
v -18.486101 -29.484942 11.430268
v -18.323918 -29.694221 11.500649
v -18.412704 -29.451593 11.360304
v -18.494898 -29.923718 11.212207
v -18.537592 -29.922277 11.314870
v -18.534804 -29.885847 11.416774
v -18.699771 -29.712994 11.244489
v -18.210619 -29.698747 11.226118
v -18.255498 -29.759019 11.150309
v -18.372800 -29.489465 11.155737
v -18.696976 -29.676558 11.346394
v -18.652101 -29.616290 11.422203
v -18.370007 -29.453031 11.257642
v -18.207828 -29.662314 11.328022
v -18.417677 -29.549735 11.079928
v -18.496470 -29.621475 11.048162
v -18.489921 -29.825573 11.492584
v -18.573304 -29.544546 11.453969
v -18.334298 -29.830764 11.118542
v -18.411129 -29.753833 11.524349
v -18.250522 -29.660874 11.430685
v -18.661215 -30.211069 11.045973
v -18.433229 -29.748746 11.895458
v -18.195928 -29.586494 11.830940
v -17.996223 -29.495712 11.640523
v -17.880064 -29.499604 11.361131
v -18.769788 -30.108051 11.602710
v -18.647649 -29.944013 11.809022
v -18.461501 -30.120275 10.855569
v -17.887677 -29.598742 11.083813
v -18.009805 -29.762768 10.877514
v -18.224207 -29.958023 10.791070
v -18.777392 -30.207187 11.325372
v -18.049428 -29.649133 12.006571
v -18.085697 -30.121162 10.684469
v -18.387160 -30.327698 10.766437
v -17.658141 -29.664283 11.056585
v -17.813328 -29.872802 10.794369
v -18.640929 -30.443448 11.008528
v -18.788552 -30.438773 11.363865
v -17.795791 -29.533534 11.764333
v -18.623523 -30.104135 11.978976
v -18.350954 -29.855642 12.088780
v -18.778832 -30.312803 11.716613
v -17.648363 -29.538341 11.409092
v -17.577529 -30.172514 12.263444
v -17.618879 -30.699360 10.785468
v -17.955306 -30.930890 10.876956
v -17.141775 -30.188464 11.201255
v -17.315009 -30.421471 10.908335
v -18.238643 -31.061109 11.147588
v -18.403518 -31.056567 11.545117
v -17.294690 -30.042875 11.992249
v -18.218827 -30.682330 12.233353
v -17.914192 -30.403935 12.355856
v -18.392547 -30.915924 11.939872
v -17.130571 -30.047921 11.595084
v -19.607412 -28.623122 11.120851
v -19.205444 -28.306211 11.136967
v -19.980610 -29.585006 11.232389
v -16.965325 -27.816661 11.468645
v -16.520179 -28.296411 11.643884
v -17.230587 -28.615615 11.569763
v -17.140226 -28.705976 11.092849
v -16.429819 -28.386771 11.166970
v -16.874965 -27.907022 10.991731
v -19.890252 -29.675369 10.755474
v -19.115086 -28.396574 10.660052
v -19.517051 -28.713483 10.643937
v -20.712204 -30.251979 10.964568
v -20.551721 -30.115890 10.969189
v -20.631348 -30.250007 11.235091
v -20.559210 -29.758377 11.155611
v -20.630084 -29.752479 10.885487
v -20.509754 -29.632457 11.141122
v -20.577391 -29.624006 10.871129
v -19.637947 -28.585421 10.852345
v -17.859321 -27.568011 10.996571
v -17.528620 -27.732480 11.090391
v -17.883388 -27.648762 11.262889
v -17.557011 -27.816640 11.356535
v -17.392982 -27.696882 11.364923
v -19.546583 -28.283801 11.068086
v -17.995644 -27.588559 10.974636
v -18.016473 -27.666756 11.241083
v -20.619397 -30.697528 11.322147
v -20.707627 -30.705312 11.051327
v -19.221712 -28.257262 10.869032
v -20.265354 -31.249105 11.493733
v -20.286617 -31.346668 11.252613
v -17.358934 -27.608263 11.099006
v -16.923905 -27.722230 11.203023
v -19.569988 -28.240477 10.799865
v -16.408560 -28.289212 11.408091
v -20.476523 -30.118380 11.239486
v -16.988303 -28.823855 11.143968
v -17.078664 -28.733495 11.620882
v -20.540988 -30.340368 10.758177
v -20.419393 -29.722817 10.664209
v -20.468849 -29.848738 10.678696
v -17.322502 -28.720861 11.061133
v -17.910964 -28.533200 11.425238
v -17.820604 -28.623560 10.948323
v -17.963028 -28.284297 11.368214
v -17.872668 -28.374657 10.891299
v -18.099556 -28.263586 10.827266
v -17.412863 -28.630501 11.538048
v -19.728344 -30.456025 11.445216
v -17.793027 -27.739122 10.785975
v -17.302624 -27.787245 10.888009
v -17.466650 -27.907000 10.879621
v -19.456225 -28.374163 10.591171
v -19.701657 -29.944981 11.353446
v -19.611297 -30.035342 10.876531
v -17.926112 -27.757117 10.764169
v -19.619616 -30.898380 11.038474
v -20.174994 -31.339465 11.016819
v -20.529036 -30.787888 10.845232
v -18.189917 -28.173225 11.304181
v -19.786686 -30.630841 11.467284
v -19.696325 -30.721202 10.990370
v -19.709973 -30.808017 11.515388
v -19.637983 -30.546386 10.968302
v -19.838191 -29.924274 10.812498
v -19.928552 -29.833913 11.289412
v -20.386163 -30.208740 10.762572
v 26.105452 9.899722 9.874773
v 30.649263 16.012228 9.561885
v 27.939965 8.639869 11.043241
v 23.110581 12.128438 11.213714
v 27.634364 18.256111 10.909827
v 24.065121 11.365484 9.792661
v 29.820422 16.841069 13.936439
v 27.973686 18.109616 12.760091
v 25.282151 10.723024 14.220089
v 28.277009 8.494351 12.881136
v 32.496009 14.743751 10.738222
v 32.835293 14.597214 12.588486
v 28.595309 17.487993 9.479214
v 23.447653 11.982953 13.051609
v 27.322496 9.257338 14.302189
v 31.874386 15.365375 14.019099
v -6.164706 -23.854052 15.255919
v -3.854619 -25.755155 15.360933
v -4.826071 -22.611320 15.274090
v -1.419340 -25.472763 13.690312
v -2.757975 -26.715499 13.672142
v -1.781115 -25.247292 11.500521
v -7.252911 -20.729718 11.686375
v -7.494928 -22.932758 9.979402
v -8.591544 -21.972451 11.668205
v -3.846233 -23.591158 10.102586
v -3.119749 -26.490025 11.482351
v -5.184868 -24.833890 10.084416
v -6.891164 -20.955156 13.876153
v -8.229797 -22.197889 13.857983
v -6.156295 -21.690026 9.997572
v -2.515985 -24.512422 15.379103
v -7.640930 -25.234264 15.237728
v -5.449182 -27.270501 15.345924
v -6.346134 -24.105042 15.269099
v -3.187695 -27.029009 13.650123
v -4.508011 -28.136815 13.609859
v -3.400980 -26.856026 11.498412
v -8.639901 -22.070090 11.677542
v -8.852809 -24.177835 9.958029
v -9.909975 -23.172480 11.645771
v -5.366296 -25.084880 10.097596
v -4.714312 -28.005371 11.467342
v -6.661092 -26.214102 10.066225
v -8.311420 -22.333863 13.868281
v -9.587678 -23.442965 13.836610
v -7.576550 -23.068733 9.989699
v -4.135850 -26.121156 15.376994
v -9.358166 -26.790457 15.207215
v -7.339836 -28.998718 15.315147
v -7.961310 -25.503263 15.227993
v -4.921875 -28.369052 13.575447
v -6.540370 -29.875002 13.554123
v -5.035795 -28.275553 11.457622
v -10.228890 -23.439905 11.636015
v -10.396623 -25.562004 9.927781
v -11.395989 -24.499315 11.615612
v -6.981473 -26.483101 10.056489
v -6.604966 -29.733588 11.436565
v -8.378328 -27.770295 10.035712
v -9.903898 -23.707720 13.826859
v -11.131495 -24.827136 13.806363
v -9.169028 -24.442590 9.948278
v -5.770664 -27.540683 15.336204
v -14.391306 -31.085379 15.067347
v -11.394960 -32.441669 15.199159
v -12.992441 -29.911488 15.109972
v -12.058957 -34.350431 11.277952
v -10.535830 -33.611685 13.505093
v -11.934694 -34.785575 13.462467
v -15.868078 -28.365072 11.500731
v -13.610114 -28.361164 9.849279
v -14.469216 -27.191181 11.543356
v -12.012603 -30.891326 9.938469
v -10.660090 -33.176539 11.320578
v -13.411468 -32.065217 9.895843
v -15.743848 -28.800185 13.685234
v -14.344983 -27.626294 13.727860
v -15.008978 -29.535055 9.806653
v -12.793827 -33.615562 15.156534
v -12.643279 -29.576202 15.112601
v -9.597351 -30.945464 15.256266
v -11.398057 -28.556118 15.155258
v -10.310929 -32.841252 11.323207
v -8.796045 -31.938076 13.517631
v -10.254703 -33.145987 13.470122
v -14.120054 -26.855896 11.545985
v -12.218963 -27.146638 9.882743
v -13.145805 -26.023603 11.572881
v -10.418219 -29.535956 9.983754
v -8.862481 -31.680333 11.377685
v -11.663441 -30.556040 9.941098
v -13.995819 -27.291005 13.730489
v -12.953832 -26.411768 13.761325
v -13.260949 -28.025875 9.851908
v -11.045799 -32.106382 15.201788
v -11.039327 -28.297532 15.174232
v -7.774935 -29.354975 15.300209
v -9.745493 -27.103933 15.193223
v -8.463562 -31.390850 11.398419
v -6.953169 -30.211287 13.539626
v -8.415906 -31.545169 13.515212
v -12.840660 -25.806221 11.589509
v -10.736248 -25.832764 9.914734
v -11.719705 -24.755828 11.602879
v -8.765655 -28.083771 10.021720
v -7.040065 -30.089845 11.421628
v -10.059489 -29.277370 10.002729
v -12.635290 -26.184086 13.778540
v -11.471115 -25.097892 13.793315
v -11.900421 -26.918956 9.899959
v -9.198432 -30.655980 15.277000
v -7.547738 -20.629773 10.859073
v -8.408843 -21.876568 9.308124
v -8.672094 -21.707881 10.850310
v -6.881686 -22.263163 8.906409
v -8.006042 -23.341270 8.897647
v -6.657584 -24.141804 10.396402
v -7.821000 -24.553006 9.579526
v -7.781940 -25.219913 10.387639
v -7.511009 -21.477764 11.975789
v -8.635367 -22.555875 11.967026
v -6.696639 -23.474893 9.588289
v -8.854090 -22.028622 10.876598
v -9.715195 -23.275417 9.325649
v -9.978448 -23.106732 10.867835
v -8.188038 -23.662011 8.923934
v -9.312396 -24.740122 8.915172
v -7.963936 -25.540654 10.413927
v -9.127353 -25.951854 9.597051
v -9.088294 -26.618764 10.405164
v -8.817361 -22.876613 11.993314
v -9.941719 -23.954723 11.984552
v -8.002994 -24.873744 9.605814
v -7.831132 -20.346379 12.349351
v -9.266419 -21.018998 13.828873
v -8.955490 -21.424489 12.340588
v -8.009484 -21.135365 14.853383
v -9.133842 -22.213475 14.844620
v -7.399447 -23.399941 14.306443
v -8.801287 -23.572725 14.747930
v -8.523805 -24.478052 14.297680
v -7.458851 -21.529927 11.695042
v -8.583207 -22.608035 11.686279
v -7.676926 -22.494612 14.756692
v -9.137484 -21.745228 12.366876
v -10.572771 -22.417847 13.846399
v -10.261845 -22.823340 12.358113
v -9.315835 -22.534214 14.870908
v -10.440196 -23.612327 14.862145
v -8.705799 -24.798791 14.323968
v -10.107639 -24.971573 14.765455
v -9.830160 -25.876903 14.315206
v -8.765204 -22.928775 11.712567
v -9.889559 -24.006883 11.703805
v -8.983280 -23.893463 14.774217
v -15.143568 -27.459475 10.713915
v -14.970637 -27.708494 9.169837
v -16.345127 -28.450047 10.673940
v -14.755135 -29.261681 8.740637
v -13.553574 -28.271108 8.780613
v -12.950723 -29.734788 10.263744
v -12.387904 -28.610666 9.483040
v -11.749161 -28.744212 10.303719
v -14.331974 -27.618298 11.846869
v -15.533532 -28.608868 11.806893
v -13.589461 -29.601237 9.443065
v -13.602968 -26.326232 10.791097
v -13.430042 -26.575254 9.247018
v -14.804528 -27.316804 10.751121
v -13.214537 -28.128439 8.817818
v -12.012980 -27.137868 8.857794
v -11.410123 -28.601544 10.340925
v -10.847301 -27.477419 9.560222
v -10.208563 -27.610971 10.380901
v -12.791373 -26.485054 11.924050
v -13.992934 -27.475627 11.884074
v -12.048866 -28.467998 9.520246
v -12.337447 -24.997485 10.920485
v -10.635356 -26.336630 10.160079
v -10.959844 -26.217633 11.412677
v -11.514631 -27.764892 9.635042
v -12.778440 -26.652547 9.184835
v -13.216671 -29.658161 10.569686
v -12.532943 -28.977563 10.015264
v -14.285845 -28.730207 10.191293
v -13.136791 -25.956010 11.731776
v -11.854621 -27.085745 12.188757
v -13.675975 -27.979637 9.609620
v -16.628391 -28.166538 12.164220
v -15.828083 -26.850808 13.690589
v -15.426832 -27.175966 12.204196
v -14.681245 -27.143197 14.727589
v -15.882804 -28.133769 14.687613
v -12.490897 -28.002236 14.213763
v -13.368058 -27.630267 14.651447
v -13.692455 -28.992807 14.173788
v -15.481245 -28.660916 11.526149
v -14.279687 -27.670345 11.566124
v -14.569618 -28.620841 14.611471
v -15.087795 -27.033297 12.241401
v -14.287483 -25.717564 13.767770
v -13.886232 -26.042722 12.281377
v -13.140647 -26.009956 14.804770
v -14.342207 -27.000529 14.764795
v -10.950296 -26.868992 14.290945
v -11.827460 -26.497025 14.728628
v -12.151859 -27.859568 14.250969
v -13.940644 -27.527671 11.603330
v -12.739086 -26.537101 11.643306
v -13.029015 -27.487594 14.688653
v -12.568537 -24.763606 12.147320
v -11.339006 -25.630174 13.881090
v -11.190925 -25.983752 12.639513
v -12.440690 -26.836037 14.529881
v -13.704493 -25.723699 14.079677
v -13.825097 -29.046945 13.788064
v -13.337596 -28.170121 14.269315
v -14.894271 -28.118991 13.409671
v -13.091705 -25.998300 11.501000
v -11.809541 -27.128035 11.957979
v -14.480623 -27.172204 13.863674
v -11.141933 -23.778969 10.904201
v -10.040163 -25.637159 10.128396
v -10.147891 -25.330749 11.386555
v -9.390397 -23.538343 9.224793
v -8.485365 -24.960892 9.665796
v -7.147736 -22.373646 10.327446
v -7.150363 -24.138857 10.106385
v -6.394951 -23.575155 10.697724
v -10.102501 -23.147665 11.762660
v -9.183110 -24.591064 12.210335
v -7.960921 -22.853469 9.709269
v -11.375988 -23.547653 12.130959
v -10.746798 -24.933284 13.849330
v -10.381951 -25.099444 12.613314
v -10.319430 -22.612070 14.119558
v -9.414399 -24.034609 14.560560
v -7.759130 -21.764996 13.545748
v -7.957982 -23.333979 14.360360
v -7.006345 -22.966506 13.916025
v -10.060392 -23.192529 11.531807
v -9.141004 -24.635924 11.979481
v -8.768533 -22.048597 13.963247
v -22.461384 -32.473439 14.421306
v -22.712574 -31.686121 12.614731
v -22.552778 -32.382045 12.572431
v -22.981105 -31.751176 14.482700
v -17.865680 -26.673861 12.651770
v -17.774285 -26.765254 14.500645
v -9.765379 -52.921168 13.337053
v -10.409628 -46.810172 14.097121
v -10.359618 -52.371398 11.691299
v -21.856460 -32.220554 12.545994
v -21.765066 -32.311948 14.394869
v -23.487051 -31.930286 14.498856
v -23.072499 -31.659783 12.633825
v -17.179233 -27.288823 12.587439
v -17.087840 -27.380218 14.436313
v -23.683749 -31.073061 12.777693
v -23.578445 -31.838892 12.649982
v -9.439124 -19.802813 14.432788
v -9.530518 -19.711419 12.583914
v -18.160693 -26.497986 14.532957
v -23.592355 -31.164455 14.626568
v -4.760252 -16.010806 12.531039
v -4.668859 -16.102199 14.379913
v -5.842595 -14.005118 14.372077
v -18.252087 -26.406593 12.684083
v -4.117811 -16.117120 12.494026
v -4.026415 -16.208511 14.342901
v 0.455739 -12.895914 15.003330
v -5.611726 -14.146629 12.628389
v -4.279388 -16.884834 12.464064
v -4.187995 -16.976227 14.312939
v 0.222624 -19.911511 16.619440
v 1.188565 -13.628735 13.466782
v -9.011175 -20.159274 14.394014
v -9.102569 -20.067880 12.545139
v 3.711912 -23.782042 17.793148
v -0.510202 -19.178685 18.155987
v -16.731202 -27.665371 14.404588
v -16.822595 -27.573976 12.555714
v 6.495396 -27.719665 17.528756
v 4.444733 -24.514868 16.256601
v -22.097916 -33.336069 13.564226
v -22.411337 -33.170568 15.416701
v 12.003037 -28.776197 19.533532
v 7.228216 -28.452494 15.992209
v -9.688624 -19.481831 14.460988
v -5.060313 -15.680959 12.562177
v -9.780015 -19.390435 12.612114
v -23.836061 -36.785475 14.132011
v -24.439340 -36.182199 15.777355
v -4.968922 -15.772356 14.411051
v -5.014983 -15.100804 12.588614
v -20.968856 -41.483456 17.228940
v -21.572134 -40.880178 18.874283
v -17.553656 -26.950145 12.622689
v -17.462261 -27.041538 14.471563
v -4.923589 -15.192198 14.437488
v -5.639597 -15.012317 12.623864
v -13.782574 -43.885828 17.775971
v -13.599902 -44.027104 15.989378
v -22.621180 -31.777515 14.463606
v -5.548206 -15.103714 14.472738
v -10.388067 -46.735126 16.376097
v -17.342081 -24.870245 13.610761
v -18.169997 -26.110738 12.571697
v -18.392935 -25.887800 13.604452
v -15.602096 -26.610234 12.423399
v -16.221140 -28.059602 13.258237
v -16.652949 -27.627788 12.417090
v -17.119143 -25.093182 12.578006
v -17.047602 -25.164728 14.594231
v -16.525156 -27.755583 14.476536
v -15.474302 -26.738028 14.482845
v -16.200334 -28.080404 13.593507
v -15.149478 -27.062847 13.599816
v -16.126895 -23.655059 13.610761
v -16.954806 -24.895547 12.571697
v -17.177744 -24.672609 13.604452
v -14.386905 -25.395043 12.423399
v -15.005949 -26.844410 13.258237
v -15.437760 -26.412599 12.417090
v -15.903952 -23.877992 12.578006
v -15.832411 -23.949538 14.594231
v -15.309966 -26.540393 14.476536
v -14.259111 -25.522837 14.482845
v -14.985144 -26.865214 13.593507
v -13.934290 -25.847659 13.599816
v -14.896227 -22.524288 13.629688
v -15.724144 -23.764781 12.590625
v -15.947081 -23.541843 13.623379
v -13.156238 -24.264272 12.442326
v -13.775286 -25.713644 13.277164
v -14.207094 -25.281830 12.436017
v -14.673287 -22.747223 12.596934
v -14.601746 -22.818769 14.613158
v -14.079300 -25.409624 14.495463
v -13.028449 -24.392071 14.501772
v -13.754479 -25.734445 13.612434
v -12.703625 -24.716890 13.618743
v -13.191258 -20.902566 13.645461
v -14.019175 -22.143059 12.606397
v -14.242112 -21.920121 13.639152
v -11.451271 -22.642552 12.458099
v -12.070317 -24.091921 13.292937
v -12.502127 -23.660110 12.451790
v -12.968318 -21.125501 12.612706
v -12.896777 -21.197047 14.628931
v -12.374331 -23.787902 14.511236
v -11.323482 -22.770352 14.517545
v -12.049510 -24.112723 13.628207
v -10.998653 -23.095166 13.634516
v -11.993599 -19.721555 13.648615
v -12.821512 -20.962046 12.609552
v -13.044453 -20.739111 13.642306
v -10.253609 -21.461540 12.461253
v -10.872655 -22.910909 13.296091
v -11.304466 -22.479098 12.454944
v -11.770656 -19.944488 12.615861
v -11.699120 -20.016040 14.632085
v -11.176672 -22.606892 14.514390
v -10.125820 -21.589339 14.520699
v -10.851851 -22.931713 13.631361
v -9.800994 -21.914156 13.637670
v -10.778704 -18.523310 13.651770
v -11.606618 -19.763801 12.612706
v -11.829558 -19.540865 13.645461
v -9.038714 -20.263295 12.464408
v -9.657760 -21.712663 13.299246
v -10.089571 -21.280852 12.458099
v -10.555761 -18.746243 12.619016
v -10.484223 -18.817791 14.635240
v -9.961774 -21.408644 14.517545
v -8.910923 -20.391091 14.523854
v -9.636955 -21.733468 13.634516
v -8.586099 -20.715910 13.640825
v -11.535074 -19.835344 14.628931
v -12.749971 -21.033592 14.625776
v -13.947631 -22.214602 14.622622
v -15.652598 -23.836321 14.606849
v -16.883266 -24.967093 14.587922
v -18.098455 -26.182282 14.587922
v -18.171083 -28.528277 11.121593
v -18.296617 -28.402742 11.402622
v -19.690955 -29.731809 11.061657
v -19.017631 -27.403542 11.003673
v -19.816489 -29.606275 11.342686
v -17.344001 -22.004833 10.297887
v -17.236496 -21.853795 10.020335
v -20.764785 -21.069017 9.472448
v -18.180441 -28.518920 10.789449
v -19.700313 -29.722453 10.729513
v -18.927273 -27.493903 10.526761
v -20.674426 -21.159376 8.995537
v -17.253644 -22.095196 9.820976
v -21.836271 -25.814939 10.168638
v -21.548024 -27.168511 10.479712
v -20.382636 -27.795249 10.819264
v -19.833676 -24.286390 10.258455
v -19.992242 -25.019249 10.600936
v -20.545707 -25.415187 9.607200
v -20.716100 -25.244794 10.506521
v -20.131529 -27.169067 10.017980
v -20.951554 -26.051928 9.650947
v -19.176052 -25.639615 9.909229
v -19.346445 -25.469222 10.808550
v -19.011721 -26.303633 10.066176
v -20.959344 -26.645117 10.725752
v -20.301922 -26.998674 10.917301
v -21.121948 -25.881535 10.550269
v -19.821849 -25.189643 9.701615
v -19.531892 -26.777702 11.021330
v -19.182114 -26.133240 10.965497
v -19.361499 -26.948095 10.122009
v -20.788950 -26.815510 9.826431
v -6.789184 -18.652476 11.406952
v -6.903116 -18.516963 11.688288
v -5.371487 -17.328886 11.424782
v -7.771204 -17.644286 11.285446
v -5.485412 -17.193365 11.706118
v -13.334953 -18.471729 10.388064
v -13.491803 -18.548112 10.103514
v -13.725400 -14.928982 9.642847
v -6.786939 -18.633140 11.075115
v -5.369235 -17.309542 11.092945
v -7.680844 -17.734646 10.808534
v -13.635038 -15.019339 9.165935
v -13.244587 -18.562085 9.911153
v -8.896230 -14.598704 10.495246
v -7.610768 -15.094395 10.832719
v -7.175175 -16.348960 11.152951
v -10.116620 -15.138759 10.366343
v -10.707958 -16.351531 10.484086
v -9.636833 -15.629341 10.783868
v -9.466440 -15.799734 9.884548
v -9.970420 -16.313493 10.850290
v -9.457764 -17.194982 10.150547
v -8.777989 -15.495076 9.957264
v -7.807104 -16.482432 10.328290
v -9.628156 -17.024589 11.049868
v -9.001097 -17.290531 11.219064
v -7.977497 -16.312040 11.227611
v -8.223224 -15.604312 11.046961
v -8.948382 -15.324683 10.856585
v -9.800026 -16.483886 9.950969
v -8.830703 -17.460924 10.319743
v -8.313733 -17.042764 11.302355
v -8.143340 -17.213157 10.403033
v -8.052831 -15.774705 10.147640
v -21.023028 -23.072378 9.952058
v -18.797144 -25.156005 10.768576
v -18.100379 -23.638330 10.613039
v -21.164372 -24.727249 9.826980
v -21.165292 -24.833340 10.258751
v -18.486197 -25.131131 10.419697
v -17.916341 -23.809738 10.277304
v -17.864257 -23.799640 9.882178
v -18.561023 -25.317315 10.037714
v -20.878700 -23.110030 9.180376
v -21.020965 -24.870990 9.487068
v -20.894302 -21.360845 9.240321
v -16.235670 -23.532584 10.575899
v -21.028706 -23.007573 9.526860
v -11.463378 -23.627670 11.456680
v -11.719250 -24.914293 11.693410
v -21.745912 -25.905300 9.691727
v -18.598537 -25.174403 10.149574
v -20.292277 -27.885610 10.342352
v -19.743318 -24.376751 9.781544
v -8.805868 -14.689062 10.018335
v -10.010876 -17.702424 10.360961
v -7.084816 -16.439320 10.676039
v -10.617598 -16.441891 10.007175
v -11.746222 -18.030518 10.754448
v -10.139319 -17.605377 10.978355
v -11.823663 -14.920936 10.150607
v -10.075558 -15.087637 10.513403
v -10.033147 -15.075512 10.107297
v -11.498755 -18.133285 10.417726
v -11.562887 -15.073648 9.422788
v -9.910238 -17.701464 10.233802
v -11.517141 -18.126604 10.009895
v -9.814782 -15.240350 9.785584
v -10.106104 -17.799583 10.618363
v -11.739700 -14.909485 9.752502
v -11.902324 -19.913244 10.544691
v -13.374644 -14.754951 9.413451
v -11.339232 -24.629024 11.544872
v -12.641569 -24.656527 11.261896
v -16.264700 -23.444116 10.176357
v -13.247365 -22.800150 10.626036
v -16.245968 -24.064039 10.644216
v -16.372922 -22.347152 10.008863
v -13.992439 -22.003598 10.394798
v -16.474037 -22.246032 10.542552
v -14.336305 -21.673808 10.550121
v -16.482833 -21.890879 10.184549
v -13.369995 -22.677515 11.273275
v -16.387329 -23.321482 10.823596
v -14.093558 -21.902480 10.928485
v -12.230615 -19.433168 10.874449
v -13.260850 -19.141877 10.563210
v -12.107983 -19.555805 10.227211
v -11.508391 -19.666505 10.708644
v -13.609040 -19.101578 10.200558
v -13.159728 -19.242994 10.029522
v 2.326376 -20.803833 11.621136
v -7.717869 -22.056061 13.804092
v -10.724788 -32.824624 11.394478
v -21.053042 -33.080854 13.397781
v -7.284487 -20.798461 9.316887
v -8.590839 -22.197310 9.334412
v -8.142060 -19.940888 13.837636
v -9.448412 -21.339737 13.855161
v -16.172199 -28.699068 9.129861
v -14.631600 -27.565825 9.207043
v -12.024085 -25.105946 9.663782
v -17.029642 -27.841379 13.650613
v -15.489046 -26.708139 13.727795
v -12.727741 -24.399504 13.384795
v -11.042901 -24.072743 9.642000
v -11.749526 -23.368867 13.362937
v 12.735866 -29.509026 17.996986
v -15.170285 -27.042045 13.264546
v -13.955095 -25.826854 13.264546
v -12.724429 -24.696086 13.283473
v -11.019460 -23.074364 13.299246
v -9.821798 -21.893351 13.302400
v -8.606903 -20.695105 13.305555
v -20.657278 -20.917976 9.194896
v -18.688895 -25.084043 10.626486
v -21.116837 -24.686206 10.091089
v -18.397590 -26.261125 10.904699
v -13.882251 -15.005363 9.358297
v -10.101239 -17.612067 10.837873
v -8.989675 -18.083499 11.137801
v -15.770311 -22.161281 10.362816
v -18.307231 -26.351486 10.427787
v -21.457666 -27.258872 10.002800
v -21.026478 -24.776567 9.614178
v -8.899315 -18.173859 10.660889
v -7.520402 -15.184751 10.355808
v -10.026257 -15.229116 9.889432
v -13.324126 -20.133492 10.275599
v -12.832635 -23.220255 11.131065
v 51.502616 44.130224 13.157821
v 46.754739 48.878101 11.358673
v 45.968280 48.091643 11.358673
v 52.418593 43.214247 8.323372
v 46.884257 47.175666 6.524224
v 47.670715 47.962125 6.524224
v 50.716158 43.343766 13.157821
v 51.632134 42.427789 8.323372
v 25.064024 5.030625 15.556685
v 20.316146 9.778503 13.757537
v 19.529688 8.992045 13.757537
v 25.980000 4.114649 10.722236
v 20.445665 8.076068 8.923088
v 21.232123 8.862526 8.923088
v 24.277565 4.244167 15.556685
v 25.193542 3.328190 10.722236
v 5.188475 -17.693650 16.096430
v 0.440597 -12.945772 14.297281
v -0.345861 -13.732231 14.297281
v 6.104451 -18.609627 11.261980
v 0.570116 -14.648207 9.462832
v 1.356574 -13.861749 9.462832
v 4.402016 -18.480108 16.096430
v 5.317993 -19.396085 11.261980
v 11.599174 -6.015809 15.194426
v 8.590729 -6.808578 14.774624
v 7.797959 -9.817024 15.194426
v 11.675506 -6.092140 14.791555
v 7.874291 -9.893355 14.791555
v 8.667060 -6.884910 14.371754
v 10.806405 -9.024254 15.614227
v 10.882736 -9.100586 15.211356
v 12.472745 -6.889379 10.583794
v 9.464299 -7.682149 10.163993
v 8.671530 -10.690594 10.583794
v 12.549076 -6.965711 10.180923
v 8.747861 -10.766926 10.180923
v 9.540631 -7.758480 9.761122
v 11.679975 -9.897825 11.003595
v 11.756307 -9.974156 10.600724
v 18.259732 1.742036 14.986524
v 15.251286 0.949266 14.566723
v 14.458517 -2.059179 14.986524
v 18.336063 1.665704 14.583653
v 14.534848 -2.135511 14.583653
v 15.327618 0.872935 14.163852
v 17.466962 -1.266410 15.406325
v 17.543294 -1.342741 15.003455
v 19.133302 0.868465 10.375892
v 16.124857 0.075696 9.956091
v 15.332087 -2.932750 10.375892
v 19.209634 0.792134 9.973022
v 15.408419 -3.009081 9.973022
v 16.201188 -0.000636 9.553220
v 18.340533 -2.139980 10.795694
v 18.416864 -2.216312 10.392823
v 54.551199 53.865196 9.300186
v 52.161047 53.550099 8.676593
v 53.790900 56.473717 8.661900
v 52.428191 50.510302 9.805285
v 54.211704 49.674000 10.029962
v 52.079576 53.631570 9.106591
v 44.251317 40.366343 10.136726
v 45.810759 39.458303 10.645496
v 44.332789 40.284871 9.706729
v 52.524250 50.414243 9.298294
v 37.735920 30.777031 10.719136
v 39.299705 29.356411 11.325848
v 10.902205 -4.301424 12.289929
v -0.621479 -16.736220 11.980362
v -0.707796 -16.649903 12.435936
v 30.256201 19.906937 10.893094
v 30.171471 19.991667 11.340289
v 0.957907 -18.358208 12.543208
v 14.063261 -7.447089 13.246367
v 2.479029 -19.921456 13.415455
v 12.454060 -5.845778 12.919266
v 0.856134 -18.256435 13.080354
v 31.776463 18.489538 11.971901
v 37.817391 30.695560 10.289139
v 22.910594 6.481550 12.003747
v 33.439048 16.930117 12.299809
v 24.441218 5.007767 12.853616
v 47.657962 38.352984 10.933211
v 45.906818 39.362244 10.138506
v 40.919035 27.880427 11.640617
v 21.322688 8.012973 11.455349
v 10.986523 -4.385742 11.844905
v 22.811377 6.580767 12.527406
v 21.238539 8.097123 11.899484
v -10.606942 -31.617579 13.133390
v -11.991189 -29.953563 12.244612
v -22.476400 -40.792375 12.602624
v -23.784210 -38.932514 11.702894
v -12.101224 -29.843527 12.825370
v -13.505796 -28.141256 11.661530
v -25.242569 -36.921513 11.599179
v -13.599121 -28.047931 12.154093
v 12.553476 -5.945194 12.394559
v 39.395764 29.260352 10.818858
v 31.876364 18.389638 11.444634
v -23.980746 -38.942522 12.586221
v -19.441175 -38.539097 13.095029
v -20.829264 -36.608805 12.741162
v -19.318536 -38.661736 12.447750
v -20.609446 -36.828623 11.580983
v -22.124898 -34.706493 10.986099
v -22.311367 -34.520024 11.970267
v -25.187516 -43.489827 12.556895
v -23.248225 -41.764319 11.550941
v -23.044719 -41.967823 12.715031
v -22.592658 -40.872815 12.940088
v -57.039035 -54.011535 9.391120
v -48.837484 -52.582161 11.322861
v -49.389695 -50.761063 10.346693
v -56.739056 -55.597804 10.204860
v -48.179804 -54.510547 11.367368
v -56.743803 -54.306766 7.832912
v -48.304701 -53.114944 8.510877
v -49.051285 -51.099472 8.560596
v -27.145789 -40.921888 13.451136
v -23.632528 -41.380016 13.579261
v -24.995829 -39.407046 13.571471
v -28.557753 -38.791209 12.155588
v -26.407795 -37.276368 12.275923
v -24.390792 -40.012083 10.378139
v -28.173449 -39.175511 10.127268
v -26.023492 -37.660671 10.247603
v -26.540752 -41.526925 10.257804
v -23.760929 -39.162339 11.426042
v -55.982497 -57.640650 8.608821
v -56.292053 -57.331094 10.242632
v -39.801195 -51.332680 10.310304
v -47.827070 -54.863279 9.505669
v -31.890292 -47.137861 10.943932
v -32.764637 -45.393466 9.882635
v -41.363755 -47.462236 9.280920
v -34.043742 -43.191516 9.828727
v -40.970874 -49.007291 12.210132
v -32.270256 -46.757898 12.949349
v -33.340290 -44.817813 12.920884
v -41.718809 -47.107181 11.154869
v -34.409382 -42.825877 11.758542
v -23.890118 -38.826605 12.261872
v -26.618461 -37.065700 11.149635
v -25.152744 -37.011338 11.125089
v -49.623308 -50.527450 9.341516
v -57.227217 -53.657209 8.458689
v -34.629380 -42.605878 10.681507
v -55.806126 -57.993585 9.549549
v -47.607780 -55.082569 10.586448
v -39.590228 -51.543648 11.435008
v -31.684617 -47.343536 12.096569
v -25.522465 -39.097939 18.330434
v -25.086483 -38.715037 18.669785
v -25.774241 -38.757891 18.325006
v -22.204292 -43.502125 17.232371
v -21.304230 -43.694382 16.801363
v -21.602408 -43.339422 17.516815
v -28.598896 -34.711190 14.762151
v -28.316750 -34.108926 14.923080
v -28.719732 -34.517291 14.295556
v -27.774286 -35.380607 8.064200
v -27.639784 -34.599776 8.536959
v -27.450900 -34.811828 7.890238
v -24.768266 -39.149468 18.746788
v -25.219394 -39.511693 18.403773
v -21.546905 -44.263708 15.337655
v -20.752861 -44.315633 14.947609
v -20.912141 -44.139095 15.527367
v -28.456959 -34.919729 15.019688
v -28.167707 -34.327901 15.193497
v -27.954180 -35.178645 8.680123
v -27.799066 -34.423231 9.116715
v -24.400886 -39.650520 18.828251
v -24.869512 -39.988881 18.481355
v -20.902176 -44.731180 9.255631
v -20.235181 -44.629935 9.141242
v -20.781354 -44.925063 9.722222
v -23.079900 -42.352903 17.718114
v -22.528828 -42.093919 17.583514
v -22.521791 -42.132746 18.026848
v -23.519429 -40.952286 5.511185
v -23.201089 -40.380873 5.400235
v -22.983298 -40.662096 5.209572
v -21.044118 -44.522636 8.998093
v -20.384232 -44.410946 8.870821
v -28.487307 -34.616099 11.049284
v -28.199579 -34.009092 11.024573
v -28.470695 -34.610545 10.626506
v -21.249964 -44.238567 8.902213
v -20.600360 -44.112691 8.770152
v -28.330685 -33.908875 12.183481
v -28.262496 -33.959801 11.562664
v -28.612182 -34.520643 12.153002
v -20.154619 -44.873446 11.179015
v -20.221240 -44.829997 11.880846
v -20.825451 -44.963094 11.196368
v -26.822563 -36.554125 6.393477
v -26.234314 -36.343432 6.230663
v -26.615635 -36.839274 6.483653
v -24.981113 -37.960645 5.118415
v -24.566923 -38.522318 5.161549
v -25.422117 -38.379470 5.424366
v -21.349587 -44.083215 8.585670
v -20.865678 -43.757066 8.805503
v -21.502645 -43.899882 8.935882
v -27.296795 -35.940229 6.785406
v -26.671589 -35.754087 6.240050
v -27.032080 -36.278006 6.492597
v -21.013778 -44.826253 12.968494
v -20.352359 -44.729764 13.039748
v -21.030387 -44.831815 13.391274
v -21.880344 -42.984773 17.824273
v -22.468999 -43.164359 17.525186
v -27.580761 -35.602180 7.466793
v -27.247706 -35.044479 7.262959
v -28.445087 -33.847097 13.582642
v -28.397309 -33.865419 12.885309
v -28.721121 -34.461823 13.485543
v -21.395214 -44.431837 14.785503
v -20.618021 -44.464104 14.441938
v -28.105876 -35.010511 9.232274
v -27.933909 -34.274763 9.622387
v -26.023107 -36.644942 6.480807
v -26.414480 -37.126431 6.721887
v -21.133191 -44.729011 13.933866
v -21.266797 -44.573234 14.303910
v -28.367891 -34.713349 10.083914
v -28.234288 -34.869118 9.713869
v -24.151049 -39.088341 5.236072
v -25.027636 -38.914414 5.465452
v -21.284712 -44.147455 8.233641
v -20.704962 -43.949573 8.437782
v -20.108322 -44.833506 9.631161
v -20.106847 -44.891765 10.481680
v -28.251112 -35.203796 15.115568
v -27.951566 -34.626181 15.294175
v -26.421175 -37.089460 6.299667
v -26.030140 -36.606121 6.037475
v -21.332817 -44.059637 7.887316
v -20.636837 -44.017028 8.068153
v -20.289431 -44.779064 12.501661
v -20.953851 -44.873199 12.456028
v -25.489459 -37.277943 5.166056
v -25.906254 -37.729280 5.469739
v -21.493738 -43.814167 7.458667
v -20.687356 -43.924818 7.704511
v -20.932881 -44.985754 13.729689
v -20.477740 -44.627660 14.053389
v -20.888903 -44.921710 11.864777
v -26.191505 -37.359476 5.697278
v -25.788974 -36.889648 5.404971
v -21.268052 -43.080981 6.792066
v -20.856326 -43.667064 7.254426
v -26.352955 -37.158315 5.949146
v -25.958498 -36.678430 5.669432
v -21.885858 -43.255994 7.018324
v -21.632123 -42.569427 6.484401
v -23.570816 -40.778222 18.945910
v -23.985009 -40.216541 18.902773
v -24.078978 -41.062874 18.593409
v -22.885442 -42.603090 17.534129
v -23.086605 -42.315922 17.295890
v -22.232595 -42.768794 6.725308
v -22.008567 -42.042839 6.201788
v -24.473441 -40.527950 18.552331
v -22.678515 -42.888239 17.624305
v -22.317612 -42.395440 17.833662
v -28.216376 -35.294893 15.784134
v -27.846967 -34.789294 15.626542
v -28.151492 -35.359143 15.432109
v -22.591112 -42.267279 6.456152
v -22.346579 -41.571155 5.965298
v -28.547238 -34.569149 11.561748
v -21.920314 -43.840183 16.550989
v -21.101029 -43.927036 16.174087
v -28.007343 -35.628192 16.559113
v -27.864574 -34.814049 16.359814
v -28.168268 -35.382717 16.130460
v -23.783664 -39.589399 5.317536
v -24.631572 -39.453472 5.536423
v -22.913029 -41.818054 6.230923
v -22.641607 -41.159910 5.765882
v -23.408057 -41.124071 5.836462
v -23.194009 -41.426396 6.041004
v -21.726795 -44.061752 15.953579
v -27.283885 -35.657873 17.272255
v -27.695599 -35.071806 16.809899
v -23.978618 -40.344412 5.687345
v -23.465447 -40.023829 5.394540
v -23.726843 -40.684462 5.692771
v -22.866348 -40.842484 5.551118
v -25.981649 -38.490071 18.506594
v -25.350849 -38.357982 18.664086
v -25.568629 -38.076768 18.854752
v -27.615229 -36.186361 16.999453
v -26.919811 -36.169432 17.579923
v -27.268485 -36.673564 17.292473
v -26.543368 -36.696023 17.862533
v -26.909964 -37.175085 17.561628
v -26.205355 -37.167708 18.099023
v -26.588059 -37.624294 17.786852
v -25.910323 -37.578956 18.298442
v -27.686260 -34.981789 15.258819
v -27.998431 -35.542483 15.081900
v -28.568194 -34.456609 10.288093
v -28.074183 -34.111210 10.010938
v -24.281683 -39.930673 5.614009
v -20.779949 -44.980547 10.532240
v -23.062466 -41.460928 18.898271
v -23.594827 -41.713078 18.548041
v -27.915086 -34.721842 15.996173
v -23.148135 -42.284033 18.068630
v -22.593433 -42.060435 18.394892
v -23.309571 -42.082887 18.320503
v -28.675629 -34.479264 12.821413
v -28.182127 -34.003266 10.580659
v -26.093030 -38.318275 18.181314
v -26.307071 -38.015963 17.976776
v -20.369796 -44.735605 13.483667
v -26.949527 -35.399439 6.547506
v -25.685577 -37.896388 18.513208
v -22.100342 -42.694842 17.928347
v -28.443613 -33.905356 14.433162
v -26.451591 -36.044017 6.135976
v -22.762955 -41.849218 18.659353
v -21.323183 -44.060318 9.242338
v -21.598735 -43.797044 9.341020
v -21.366537 -44.013918 9.425152
v -21.648623 -43.753298 9.697182
v -21.221155 -44.493411 13.707848
v -22.821568 -42.561933 17.150663
v -23.026127 -42.369653 16.874701
v -22.794276 -42.586181 16.960607
v -22.622049 -42.840558 17.293273
v -22.033804 -43.574752 16.394625
v -21.847853 -43.787658 15.820607
v -25.900572 -38.460154 17.942231
v -26.177119 -37.329278 6.488711
v -26.177473 -37.455439 6.861611
v -24.021881 -40.921861 16.838893
v -23.886845 -41.167344 16.254350
v -23.880311 -41.205319 16.695092
v -20.923339 -44.685217 10.533687
v -20.967053 -44.668458 11.171818
v -27.968832 -35.526763 15.781861
v -26.167229 -38.083530 17.687416
v -23.585382 -41.602993 18.232734
v -21.530668 -43.736767 8.583086
v -21.751134 -43.559390 8.856769
v -21.642800 -43.583117 8.547384
v -23.792956 -41.258231 17.254644
v -23.726727 -41.430981 16.974013
v -22.444921 -42.588802 9.875878
v -22.479885 -42.621694 9.544848
v -22.242375 -42.948154 9.635782
v -21.780738 -43.533733 10.613859
v -22.167577 -43.095269 10.334056
v -21.903835 -43.448831 10.299695
v -21.029459 -44.627755 11.829234
v -22.288429 -43.271638 17.005602
v -22.493538 -43.009919 17.232479
v -21.520711 -44.152781 14.668081
v -21.387594 -44.299352 14.168848
v -20.924591 -44.635477 9.807374
v -21.520123 -43.858472 10.207622
v -21.728997 -43.666689 10.027151
v -22.728288 -42.586183 15.614947
v -23.158767 -42.104079 15.565476
v -23.067637 -42.101854 15.214629
v -23.398617 -41.788606 15.688345
v -23.504646 -41.527053 15.438487
v -24.019501 -41.019978 18.273413
v -24.398530 -40.505988 18.233941
v -24.788090 -39.975783 18.164132
v -27.760880 -35.787036 15.475168
v -27.550202 -36.160397 15.280989
v -27.560284 -36.065649 15.595662
v -27.346676 -36.439054 15.342334
v -27.298271 -36.424379 15.674634
v -27.119876 -36.737936 15.234867
v -26.960214 -36.869881 15.514448
v -26.960502 -36.928751 14.868909
v -26.702960 -37.177882 14.923729
v -27.021186 -36.820675 14.472936
v -26.813529 -36.980973 14.202279
v -23.545596 -41.488127 15.685148
v -23.697458 -41.404121 15.971097
v -23.687366 -41.291968 15.611386
v -28.227088 -34.832185 10.549943
v -28.182518 -34.876754 10.314709
v -22.326786 -42.860436 10.031311
v -22.496530 -42.535169 10.117735
v -26.582100 -36.808236 6.871896
v -26.474949 -37.072710 7.143081
v -26.609397 -36.783984 7.061950
v -26.781633 -36.529595 6.729280
v -27.555821 -35.582507 8.201949
v -27.732754 -35.383871 8.807744
v -23.641309 -40.719415 6.018029
v -28.247785 -34.839105 11.076638
v -26.557265 -36.984251 7.484627
v -26.692051 -36.695162 7.404968
v -26.604733 -36.943018 7.829429
v -26.753169 -36.642066 7.848843
v -23.333499 -41.892422 17.470798
v -23.224073 -42.054558 17.689933
v -28.480336 -34.684942 13.488867
v -28.436621 -34.701707 12.850739
v -21.434842 -43.843402 8.240696
v -21.589033 -43.599340 7.696148
v -21.464344 -43.789542 8.028278
v -21.940635 -43.098843 7.301306
v -22.273799 -42.630718 7.019761
v -22.626427 -42.137444 6.755029
v -22.945174 -41.692638 6.532014
v -23.954973 -40.295781 6.011266
v -21.843389 -43.304515 8.426897
v -22.154403 -43.003305 8.675447
v -22.105415 -42.945771 8.347918
v -22.381201 -42.704428 8.782915
v -22.443458 -42.500282 8.508109
v -22.540579 -42.513609 9.148871
v -22.700717 -42.192278 9.098826
v -26.958759 -36.781351 14.146676
v -27.174285 -36.581933 13.986474
v -26.907141 -36.834994 13.904824
v -27.987022 -35.400191 14.239720
v -27.772087 -35.775664 13.990626
v -27.852463 -35.689056 14.320596
v -28.374215 -34.742410 12.193323
v -27.115247 -36.098520 7.016953
v -28.479081 -34.734687 14.215185
v -28.298404 -35.012825 14.734671
v -28.385457 -34.884920 14.576713
v -27.197232 -36.407112 13.353224
v -27.333508 -36.347085 13.683723
v -28.309905 -34.790441 11.607872
v -25.384170 -38.350185 5.749142
v -25.005151 -38.864165 5.788613
v -25.381799 -38.448292 7.183660
v -25.614239 -38.275009 7.763428
v -25.620775 -38.237034 7.322687
v -25.859082 -37.766849 6.616837
v -25.774360 -38.011364 7.043763
v -25.967276 -37.743321 6.926413
v -26.070183 -37.477733 6.551756
v -24.615593 -39.394372 5.858421
v -25.818281 -37.767181 5.789828
v -26.138337 -37.357255 6.120610
v -26.039307 -37.480641 5.966128
v -25.371257 -38.509583 7.895088
v -25.803613 -38.038248 8.046687
v -25.610726 -38.111923 6.767910
v -24.269145 -39.866876 5.935241
v -25.858085 -37.882025 8.337405
v -25.716296 -38.078205 8.411175
v -27.258701 -36.494209 14.382000
v -28.037129 -35.356252 14.597406
v -28.173896 -35.184646 14.792666
v -27.749950 -35.882964 15.161010
v -27.929588 -35.565622 15.568935
v -21.416642 -43.969984 9.782842
v -21.670921 -43.986294 15.214813
v -21.105273 -44.357334 9.287883
v -21.018209 -44.485247 9.445845
v -22.206445 -42.963045 10.669331
v -21.155888 -44.531059 12.945920
v -21.176586 -44.537981 13.472614
v -22.943825 -42.458096 16.533150
v -22.711614 -42.675012 16.617593
v -22.896352 -42.499335 16.188350
v -22.650510 -42.728085 16.173712
v -22.948525 -42.404141 15.813483
v -23.465581 -41.724948 16.091738
v -21.093764 -44.579728 12.414688
v -23.544594 -41.603309 17.405719
v -23.533808 -41.699031 17.091367
v -23.323603 -41.986925 17.156172
v -27.814633 -35.770829 16.326411
v -27.939327 -35.580621 15.994277
v -27.463038 -36.271322 16.721251
v -27.129878 -36.739441 17.002794
v -26.777259 -37.232705 17.267522
v -26.458504 -37.677522 17.490540
v -23.265345 -42.012898 17.901942
v -23.364365 -41.889522 18.056428
v -24.032424 -40.860572 16.127465
v -25.448708 -39.074372 18.011286
v -25.762358 -38.650753 18.004529
v -25.134535 -39.503277 18.087312
v -27.622940 -35.836426 13.408696
v -27.597247 -35.993528 13.718085
v -27.902345 -35.645314 14.676759
v -26.910143 -36.360234 6.790074
v -27.369873 -35.795405 7.627930
v -27.882957 -35.217389 9.354478
v -28.016079 -35.070812 9.853710
v -27.883560 -35.511675 13.814928
v -26.552557 -37.038218 8.204298
v -26.675394 -36.783969 8.407607
v -26.342318 -37.338275 8.452303
v -26.336033 -37.268315 8.807930
v -26.102455 -37.653763 8.329439
v -25.899028 -37.843104 8.584068
v -26.035500 -37.717411 7.926043
v -23.236449 -41.286630 6.335138
v -23.503099 -40.910009 6.080325
v -21.950877 -43.281962 8.736791
v -22.590141 -42.389190 9.820279
v -24.825082 -38.054410 18.371555
v -24.573320 -38.394442 18.376976
v -21.255140 -42.798633 17.278916
v -27.770580 -33.813798 14.342100
v -27.649747 -34.007691 14.808694
v -26.825134 -34.677113 8.110745
v -24.270243 -38.808200 18.450317
v -20.597754 -43.560216 15.384199
v -27.507811 -34.216230 15.066231
v -27.005033 -34.475147 8.726666
v -23.920364 -39.285381 18.527898
v -19.832202 -44.221571 9.768767
v -19.953024 -44.027686 9.302176
v -22.130749 -41.649410 17.764659
v -22.570284 -40.248790 5.557727
v -20.094975 -43.819133 9.044634
v -27.521547 -33.907046 10.673049
v -27.538156 -33.912607 11.095829
v -20.300821 -43.535064 8.948754
v -27.663035 -33.817145 12.199544
v -19.876300 -44.259601 11.242913
v -25.666486 -36.135774 6.530196
v -25.873414 -35.850626 6.440020
v -24.472960 -37.675982 5.470913
v -20.553499 -43.196384 8.982425
v -20.400437 -43.379722 8.632214
v -26.082926 -35.574512 6.539142
v -26.347643 -35.236735 6.831951
v -20.081234 -44.128321 13.437818
v -20.064625 -44.122760 13.015039
v -21.519849 -42.460859 17.571729
v -26.631620 -34.898679 7.513334
v -27.771984 -33.758315 13.532082
v -20.446059 -43.728350 14.832050
v -27.156724 -34.307018 9.278819
v -25.465329 -36.422939 6.768432
v -20.317636 -43.869751 14.350458
v -20.184039 -44.025517 13.980410
v -27.285144 -34.165614 9.760411
v -27.418743 -34.009850 10.130457
v -24.078489 -38.210915 5.511994
v -20.335560 -43.443962 8.280186
v -27.301963 -34.500297 15.162111
v -25.472034 -36.385958 6.346208
v -20.383662 -43.356151 7.933863
v -20.004697 -44.169713 12.502575
v -24.957102 -37.025787 5.516284
v -20.544591 -43.110669 7.505209
v -19.983739 -44.282251 13.776230
v -19.939752 -44.218217 11.911321
v -25.242353 -36.655983 5.743822
v -25.403804 -36.454823 5.995690
v -20.936710 -42.552496 7.064867
v -23.129826 -40.359381 18.639954
v -22.137458 -41.612423 17.342433
v -21.936301 -41.899588 17.580670
v -21.283437 -42.065313 6.771856
v -23.524289 -39.824458 18.598875
v -21.729373 -42.184736 17.670846
v -27.202346 -34.655647 15.478652
v -27.267217 -34.591412 15.830682
v -21.641960 -41.563785 6.502697
v -27.598086 -33.865655 11.608293
v -20.971162 -43.136688 16.597533
v -27.219120 -34.679218 16.177003
v -27.058192 -34.924699 16.605657
v -23.682421 -38.749980 5.582967
v -21.963878 -41.114560 6.277468
v -22.244855 -40.722909 6.087551
v -22.458902 -40.420585 5.883009
v -20.777642 -43.358258 16.000124
v -22.777701 -39.980959 5.739312
v -23.029477 -39.640910 5.733885
v -25.032502 -37.786573 18.553137
v -26.666076 -35.482866 17.045998
v -26.319338 -35.970066 17.339015
v -25.960820 -36.471581 17.608169
v -25.638908 -36.920802 17.833397
v -27.049289 -34.838980 15.128441
v -27.619043 -33.753118 10.334638
v -23.332536 -39.227175 5.660551
v -19.830797 -44.277053 10.578784
v -22.645676 -41.009586 18.594585
v -22.360424 -41.379389 18.367046
v -22.198980 -41.580547 18.115176
v -27.726477 -33.775771 12.867957
v -25.357931 -37.312461 18.023317
v -25.143881 -37.614784 18.227858
v -20.649584 -43.093552 9.387565
v -20.471441 -43.429020 9.284105
v -20.699467 -43.049811 9.743729
v -20.514799 -43.382614 9.466918
v -20.369412 -43.862112 13.749615
v -21.942533 -41.954883 17.002374
v -22.076980 -41.666155 16.921244
v -21.969821 -41.930640 17.192432
v -21.770301 -42.209265 17.335043
v -21.182053 -42.943466 16.436396
v -20.996109 -43.156360 15.862375
v -25.048828 -37.828856 17.983998
v -25.228322 -36.751946 6.908155
v -25.325373 -36.697987 6.530480
v -22.931164 -40.501821 16.741635
v -22.937697 -40.463844 16.300893
v -23.170135 -40.290568 16.880662
v -20.115309 -44.037160 11.213585
v -20.071588 -44.053930 10.575458
v -27.117088 -34.895464 15.823629
v -25.315481 -37.452236 17.729186
v -22.733649 -40.971684 18.274497
v -20.791050 -42.951830 8.589154
v -20.850692 -42.891985 8.900922
v -20.678925 -43.105469 8.624853
v -22.777580 -40.727482 17.020556
v -22.941208 -40.626937 17.296413
v -21.293223 -42.244662 9.682327
v -21.530732 -41.918200 9.591392
v -21.593169 -41.957515 9.917649
v -21.003392 -42.781427 10.343848
v -21.218418 -42.391787 10.380604
v -20.928993 -42.902435 10.655626
v -20.177715 -43.996457 11.871002
v -21.641794 -42.378620 17.274247
v -21.436686 -42.640340 17.047369
v -20.668972 -43.521478 14.709847
v -20.535846 -43.668059 14.210618
v -20.072848 -44.004179 9.849141
v -20.779850 -42.963192 10.073694
v -20.668380 -43.227173 10.249390
v -22.215892 -41.470556 15.256396
v -22.209615 -41.400584 15.612020
v -21.876543 -41.954885 15.656715
v -22.652900 -40.895761 15.480256
v -22.449463 -41.085110 15.734889
v -23.546791 -39.874684 18.275707
v -23.167762 -40.388674 18.315179
v -23.936347 -39.344486 18.205899
v -26.708540 -35.434351 15.637429
v -26.601055 -35.456899 15.327532
v -26.909135 -35.155737 15.516936
v -26.446529 -35.793081 15.716402
v -26.397514 -35.735569 15.388882
v -26.108467 -36.238589 15.556217
v -26.170730 -36.034439 15.281410
v -25.851218 -36.546585 14.965496
v -26.011353 -36.225251 14.915452
v -25.961790 -36.349669 14.244044
v -26.072040 -36.117178 14.519479
v -22.835632 -40.660660 15.653150
v -22.748304 -40.700626 16.017641
v -22.693844 -40.856840 15.726920
v -27.417616 -34.134148 10.444994
v -21.644784 -41.903877 10.159504
v -21.377633 -42.156942 10.077856
v -25.525808 -36.369208 7.189622
v -25.757658 -36.152681 7.103716
v -25.929887 -35.898304 6.771049
v -26.704076 -34.951207 8.243717
v -26.881015 -34.752567 8.849510
v -22.789566 -40.088118 6.059796
v -27.396037 -34.207811 11.118407
v -25.840312 -36.063859 7.446733
v -25.608114 -36.280759 7.531172
v -25.901423 -36.010776 7.890612
v -25.655574 -36.239537 7.875977
v -22.372329 -41.423258 17.731700
v -22.481757 -41.261123 17.512565
v -27.584876 -34.070407 12.892506
v -27.628597 -34.053639 13.530632
v -25.804734 -36.070769 6.825589
v -20.583102 -43.212099 8.282461
v -20.612601 -43.158245 8.070046
v -20.737297 -42.968037 7.737914
v -21.088900 -42.467534 7.343069
v -21.422060 -41.999414 7.061527
v -21.774682 -41.506145 6.796797
v -22.093436 -41.061335 6.573780
v -23.103221 -39.664494 6.053037
v -21.253667 -42.314478 8.389687
v -21.205262 -42.299802 8.721987
v -20.991651 -42.673212 8.468662
v -21.591719 -41.868979 8.549875
v -21.432054 -42.000931 8.829458
v -21.848973 -41.560979 9.140594
v -21.591427 -41.810115 9.195415
v -26.055407 -36.203686 13.946588
v -26.225138 -35.878435 14.033016
v -26.107017 -36.150054 14.188443
v -26.903316 -34.985558 14.367139
v -26.871641 -35.108266 14.034781
v -27.135284 -34.768888 14.281486
v -27.522476 -34.111107 12.235089
v -26.263505 -35.467223 7.058721
v -27.627343 -34.103384 14.256951
v -27.533716 -34.253624 14.618481
v -27.446657 -34.381534 14.776441
v -26.384360 -35.643586 13.730266
v -26.345490 -35.775816 13.394992
v -27.458166 -34.159138 11.649638
v -24.153395 -38.232883 5.830385
v -24.532428 -37.718887 5.790910
v -24.720324 -37.569640 7.366844
v -24.665093 -37.571512 7.809971
v -24.530052 -37.816999 7.225429
v -25.018129 -37.039823 6.972955
v -24.825204 -37.307877 7.090310
v -25.007335 -37.135557 6.658606
v -25.218429 -36.846443 6.593527
v -23.763843 -38.763077 5.900190
v -24.966538 -37.135883 5.831595
v -25.187565 -36.849343 6.007896
v -25.286585 -36.725968 6.162381
v -24.854468 -37.334751 8.093230
v -24.519511 -37.878291 7.936857
v -24.758984 -37.480626 6.809678
v -23.417388 -39.235593 5.977014
v -24.864558 -37.446902 8.452940
v -25.006341 -37.250727 8.379172
v -26.309549 -35.790716 14.428544
v -27.322159 -34.553344 14.834431
v -27.185391 -34.724948 14.639172
v -26.849499 -35.215570 15.205167
v -27.077849 -34.934318 15.610701
v -20.564907 -43.338676 9.824606
v -20.819176 -43.354996 15.256581
v -20.166470 -43.853944 9.487611
v -20.253530 -43.726036 9.329650
v -21.354696 -42.331752 10.711100
v -20.324843 -43.906681 13.514381
v -20.304148 -43.899755 12.987686
v -21.859879 -42.043704 16.659357
v -21.994669 -41.754609 16.579696
v -21.798767 -42.096786 16.215480
v -21.947204 -41.795837 16.234893
v -21.999377 -41.700642 15.860026
v -22.516432 -41.021449 16.138281
v -20.242025 -43.948425 12.456454
v -22.584661 -40.995532 17.137909
v -22.692856 -40.972006 17.447485
v -22.374454 -41.283426 17.202714
v -27.087584 -34.949324 16.036044
v -26.962890 -35.139531 16.368178
v -26.611294 -35.640024 16.763018
v -26.278126 -36.108154 17.044565
v -25.925511 -36.601411 17.309291
v -25.606751 -37.046233 17.532311
v -22.512622 -41.258225 18.098195
v -22.413606 -41.381596 17.943708
v -23.180680 -40.229272 16.169232
v -24.910620 -38.019451 18.046295
v -24.596964 -38.443073 18.053054
v -24.282797 -38.871973 18.129077
v -26.648095 -35.290035 13.764630
v -26.771200 -35.205123 13.450462
v -26.953204 -34.941812 14.723300
v -26.058391 -35.728946 6.831845
v -26.518134 -35.164103 7.669696
v -27.031219 -34.586085 9.396244
v -27.164339 -34.439508 9.895475
v -27.031810 -34.880389 13.856700
v -25.823651 -36.152672 8.449375
v -25.603405 -36.334724 8.250843
v -25.484299 -36.637007 8.849694
v -25.441871 -36.670875 8.496458
v -25.047286 -37.211807 8.625836
v -25.153308 -36.950265 8.375982
v -25.086348 -37.013917 7.972587
v -22.384705 -40.655332 6.376906
v -22.651358 -40.278713 6.122093
v -21.001727 -42.578468 8.783336
v -21.738394 -41.757897 9.862048
v -25.383859 -43.293485 11.355005
v -28.768421 -38.580543 11.029300
v -25.782486 -42.894858 13.458927
v -40.411886 -49.566279 9.259837
v -40.170574 -50.963302 12.259855
v -41.944101 -46.881890 10.105766
v -56.260155 -56.081918 7.650311
v -25.462849 -36.853741 11.815327
v -25.276380 -37.040210 10.831158
v -56.824638 -56.162474 8.086672
v -57.172833 -54.751235 7.943642
v -56.719698 -54.291718 7.586793
v -55.928874 -57.743883 8.390707
v -56.299457 -57.416293 8.614065
v -56.437670 -57.677959 9.370090
v -57.144851 -56.057288 8.929035
v -52.343746 -51.552881 9.060862
v -51.803039 -52.220194 8.098003
v -50.700114 -55.976534 9.018682
v -51.181351 -54.168578 8.187727
v -50.580765 -56.222459 10.279630
v -57.104462 -53.906956 9.617541
v -51.731352 -53.676766 10.937029
v -52.224385 -51.798850 10.321820
v -51.121458 -55.555190 11.242500
v -56.313637 -57.359119 10.421455
v -56.773167 -55.568908 10.357937
v -56.558490 -57.157263 9.981210
v -57.431866 -54.492202 9.310787
v -57.537890 -54.320652 8.525528
v -57.150956 -55.836158 9.808944
v -51.525640 -57.388503 10.241188
v -51.940018 -57.663423 9.386590
v -51.595369 -57.318774 9.386590
v -52.817930 -56.096213 8.109105
v -54.326478 -55.276963 7.652431
v -53.981829 -54.932314 7.652431
v -54.568026 -54.346117 10.746328
v -53.743250 -55.860191 11.173838
v -53.398601 -55.515542 11.173838
v -51.888173 -57.025970 10.931984
v -51.870289 -57.733152 10.241188
v -52.059107 -56.855034 8.622060
v -53.162579 -56.440862 8.109105
v -52.904733 -56.698705 11.266174
v -52.232822 -57.370619 10.931984
v -52.403755 -57.199683 8.622060
v -52.560084 -56.354056 11.266174
v -55.328897 -55.036112 10.596298
v -51.508521 -54.566405 11.111002
v -51.806138 -53.743980 11.039722
v -54.756900 -55.611289 7.755684
v -50.954973 -55.065780 8.530077
v -51.200923 -54.296144 8.180252
v -55.549879 -54.232078 10.227060
v -52.047734 -52.977579 10.672760
v -55.037769 -54.748543 7.696409
v -51.502523 -53.470855 8.124145
v -22.470019 -40.995454 12.292809
v -20.267431 -44.897227 13.838998
v -28.284507 -33.841627 10.225323
v -54.912675 -54.690766 10.746328
v -55.052636 -55.895424 10.673780
v -54.531682 -56.418384 8.108678
v 46.151475 38.864178 11.054686
v 45.803297 39.212356 10.922748
v 32.808960 19.437598 12.207426
v 46.329581 38.686072 10.114654
v 32.987066 19.259491 11.267394
v 45.981404 39.034249 9.982717
v -1.878566 -21.243796 13.343076
v -18.153987 -35.115943 12.887731
v -17.805809 -35.464121 13.019669
v -1.700460 -21.421903 12.403044
v -17.627702 -35.642228 12.079637
v -17.975880 -35.294050 11.947699
v -1.530388 -21.591974 13.475014
v -1.352282 -21.770080 12.534982
v 17.093200 -0.892647 13.081726
v 17.271306 -1.070754 12.141695
v 17.441377 -1.240825 13.213664
v 17.619484 -1.418931 12.273632
v 33.157137 19.089420 12.339363
v 33.335244 18.911314 11.399332
v -23.679740 -35.816319 19.385964
v -28.330766 -34.769892 18.306475
v -27.284340 -39.420919 19.385964
v -23.561002 -35.935056 18.759276
v -27.165602 -39.539657 18.759276
v -28.212029 -34.888630 17.679787
v -22.633313 -40.467345 20.465453
v -22.514576 -40.586083 19.838765
v -20.999660 -38.496399 5.240724
v -25.650686 -37.449973 4.161235
v -24.604260 -42.100999 5.240724
v -20.880922 -38.615136 4.614036
v -24.485522 -42.219737 4.614036
v -25.531948 -37.568710 3.534547
v -19.953233 -43.147425 6.320213
v -19.834496 -43.266163 5.693525
v -28.767068 -44.086853 12.072830
v -27.773964 -43.595124 12.167825
v -28.134099 -43.081418 13.273657
v -29.127204 -43.573147 13.178662
v -27.907427 -43.310268 12.088566
v -28.900531 -43.801997 11.993571
v -29.213102 -43.356139 12.953350
v -28.219998 -42.864410 13.048345
v -28.668502 -42.127455 13.922386
v -29.661606 -42.619183 13.827391
v -29.676923 -42.528170 13.516398
v -28.683818 -42.036441 13.611393
v -29.233978 -40.988847 13.940186
v -30.227082 -41.480576 13.845191
v -30.167714 -41.539945 13.531847
v -29.174609 -41.048216 13.626842
v -29.679009 -39.970685 13.322286
v -30.672114 -40.462413 13.227291
v -30.553967 -40.656256 12.995557
v -29.560862 -40.164528 13.090552
v -29.884349 -39.345783 12.234253
v -30.877454 -39.837512 12.139258
v -30.732187 -40.113889 12.051226
v -29.739082 -39.622160 12.146221
v -29.794978 -39.281584 10.967625
v -30.788083 -39.773313 10.872630
v -30.654619 -40.058169 10.951888
v -29.661515 -39.566441 11.046883
v -29.434842 -39.795290 9.861792
v -30.427947 -40.287019 9.766797
v -30.342049 -40.504027 9.992109
v -29.348944 -40.012298 10.087104
v -28.900440 -40.749254 9.213063
v -29.893544 -41.240982 9.118068
v -29.878228 -41.331996 9.429061
v -28.885123 -40.840267 9.524056
v -28.334964 -41.887861 9.195264
v -29.328068 -42.379590 9.100269
v -29.387437 -42.320221 9.413612
v -28.394333 -41.828492 9.508607
v -27.889933 -42.906024 9.813163
v -28.883037 -43.397753 9.718168
v -29.001184 -43.203909 9.949902
v -28.008079 -42.712181 10.044898
v -27.684592 -43.530925 10.901196
v -28.677697 -44.022654 10.806201
v -28.822964 -43.746277 10.894233
v -27.829859 -43.254548 10.989228
v -40.135759 -49.758092 10.993341
v -39.142655 -49.266363 11.088336
v -39.502791 -48.752657 12.194168
v -40.495895 -49.244385 12.099173
v -39.276118 -48.981506 11.009077
v -40.269223 -49.473235 10.914082
v -40.581793 -49.027377 11.873861
v -39.588689 -48.535649 11.968856
v -40.037193 -47.798693 12.842897
v -41.030298 -48.290422 12.747902
v -41.045614 -48.199409 12.436909
v -40.052510 -47.707680 12.531904
v -40.602669 -46.660086 12.860697
v -41.595774 -47.151814 12.765702
v -41.536405 -47.211183 12.452358
v -40.543300 -46.719454 12.547353
v -41.047700 -45.641923 12.242798
v -42.040805 -46.133652 12.147802
v -41.922658 -46.327495 11.916068
v -40.929554 -45.835766 12.011063
v -41.253041 -45.017022 11.154765
v -42.246145 -45.508750 11.059770
v -42.100878 -45.785127 10.971737
v -41.107773 -45.293398 11.066732
v -41.163669 -44.952823 9.888136
v -42.156774 -45.444551 9.793141
v -42.023311 -45.729408 9.872399
v -41.030206 -45.237679 9.967394
v -40.803533 -45.466529 8.782303
v -41.796638 -45.958257 8.687308
v -41.710740 -46.175265 8.912620
v -40.717635 -45.683537 9.007615
v -40.269131 -46.420492 8.133574
v -41.262236 -46.912221 8.038579
v -41.246919 -47.003234 8.349572
v -40.253814 -46.511505 8.444567
v -39.703655 -47.559100 8.115775
v -40.696759 -48.050828 8.020780
v -40.756128 -47.991460 8.334124
v -39.763024 -47.499731 8.429119
v -39.258624 -48.577262 8.733674
v -40.251728 -49.068991 8.638679
v -40.369875 -48.875148 8.870414
v -39.376770 -48.383419 8.965409
v -39.053284 -49.202164 9.821707
v -40.046388 -49.693892 9.726712
v -40.191655 -49.417516 9.814744
v -39.198551 -48.925787 9.909739
v -50.532544 -55.090473 10.033795
v -49.539439 -54.598744 10.128790
v -49.899575 -54.085038 11.234622
v -50.892679 -54.576767 11.139627
v -49.672902 -54.313888 10.049531
v -50.666007 -54.805617 9.954536
v -50.978578 -54.359759 10.914316
v -49.985473 -53.868030 11.009311
v -50.433977 -53.131075 11.883352
v -51.427082 -53.622804 11.788357
v -51.442398 -53.531790 11.477364
v -50.449294 -53.040062 11.572359
v -50.999453 -51.992467 11.901151
v -51.992558 -52.484196 11.806156
v -51.933189 -52.543565 11.492812
v -50.940084 -52.051836 11.587807
v -51.444484 -50.974305 11.283252
v -52.437589 -51.466033 11.188257
v -52.319442 -51.659877 10.956522
v -51.326338 -51.168148 11.051517
v -51.649825 -50.349403 10.195219
v -52.642929 -50.841132 10.100224
v -52.497662 -51.117509 10.012192
v -51.504558 -50.625780 10.107187
v -51.560453 -50.285204 8.928590
v -52.553558 -50.776933 8.833595
v -52.420095 -51.061789 8.912854
v -51.426990 -50.570061 9.007849
v -51.200318 -50.798910 7.822758
v -52.193422 -51.290639 7.727763
v -52.107524 -51.507647 7.953074
v -51.114419 -51.015918 8.048069
v -50.665915 -51.752874 7.174028
v -51.659020 -52.244603 7.079033
v -51.643703 -52.335616 7.390026
v -50.650599 -51.843887 7.485021
v -50.100439 -52.891481 7.156229
v -51.093544 -53.383210 7.061234
v -51.152913 -53.323841 7.374578
v -50.159808 -52.832113 7.469573
v -49.655408 -53.909644 7.774128
v -50.648513 -54.401373 7.679133
v -50.766659 -54.207530 7.910868
v -49.773555 -53.715801 8.005863
v -49.450068 -54.534545 8.862161
v -50.443172 -55.026274 8.767166
v -50.588439 -54.749897 8.855198
v -49.595335 -54.258169 8.950193
v -56.531247 -58.461765 9.535983
v -55.538143 -57.970036 9.630978
v -55.959434 -57.369097 10.924593
v -56.952538 -57.860826 10.829598
v -55.671606 -57.685180 9.551719
v -56.664710 -58.176908 9.456724
v -57.038436 -57.643817 10.604286
v -56.045332 -57.152089 10.699281
v -56.584584 -56.253139 11.683484
v -57.577688 -56.744868 11.588489
v -57.593005 -56.653855 11.277496
v -56.599900 -56.162126 11.372491
v -57.246084 -54.921183 11.704306
v -58.239188 -55.412912 11.609311
v -58.179820 -55.472281 11.295967
v -57.186715 -54.980552 11.390962
v -57.766686 -53.730125 10.981480
v -58.759791 -54.221854 10.886485
v -58.641644 -54.415697 10.654751
v -57.648540 -53.923968 10.749746
v -58.006895 -52.999108 9.708687
v -59.000000 -53.490837 9.613692
v -58.854733 -53.767214 9.525660
v -57.861629 -53.275486 9.620655
v -57.902348 -52.924008 8.226970
v -58.895453 -53.415736 8.131975
v -58.761989 -53.700593 8.211234
v -57.768885 -53.208864 8.306229
v -57.481057 -53.524947 6.933355
v -58.474162 -54.016676 6.838360
v -58.388264 -54.233684 7.063672
v -57.395159 -53.741955 7.158667
v -56.855907 -54.640904 6.174464
v -57.849012 -55.132633 6.079469
v -57.833695 -55.223646 6.390462
v -56.840591 -54.731918 6.485457
v -56.194407 -55.972860 6.153642
v -57.187511 -56.464589 6.058647
v -57.246880 -56.405220 6.371991
v -56.253776 -55.913492 6.466986
v -55.673804 -57.163919 6.876468
v -56.666909 -57.655647 6.781473
v -56.785056 -57.461804 7.013207
v -55.791951 -56.970075 7.108202
v -55.433595 -57.894935 8.149261
v -56.426700 -58.386664 8.054266
v -56.571967 -58.110287 8.142298
v -55.578862 -57.618558 8.237293
v -24.936622 -36.197891 12.743186
v -27.751851 -31.416516 11.303868
v -32.250198 -30.850461 10.344322
v -24.427746 -36.706767 10.057381
v -31.741322 -31.359337 7.658517
v -27.242975 -31.925392 8.618063
v -29.762660 -35.959527 11.783641
v -29.253784 -36.468403 9.097836
v -27.528192 -33.606321 12.096985
v -30.432747 -33.978675 11.617212
v -26.917473 -35.527804 12.576757
v -26.900578 -34.233935 8.784492
v -26.289860 -36.155417 9.264265
v -29.805134 -34.606289 8.304719
v -16.989996 -42.178372 15.381937
v -21.771370 -39.363143 13.942619
v -21.533006 -44.189181 14.902164
v -16.481120 -42.687248 12.696132
v -21.024130 -44.698057 12.216359
v -21.262494 -39.872019 11.256814
v -16.423940 -46.676719 16.341483
v -15.915064 -47.185595 13.655678
v -21.220020 -41.225256 14.735735
v -19.670892 -44.740530 15.695281
v -19.298538 -41.835975 15.215508
v -20.592407 -41.852870 11.423243
v -18.670924 -42.463589 11.903015
v -19.043278 -45.368144 12.382788
v -7.057168 -25.568232 13.373148
v -8.710526 -26.208710 13.181239
v -9.351004 -27.862069 13.373148
v -6.811211 -25.814189 12.075009
v -9.105048 -28.108026 12.075009
v -8.464569 -26.454667 11.883100
v -7.697646 -27.221591 13.565057
v -7.451689 -27.467548 12.266918
v 7.993789 -11.127003 13.488672
v 6.340431 -11.767481 13.296763
v 5.699953 -13.420840 13.488672
v 8.239746 -11.372960 12.190533
v 5.945909 -13.666796 12.190533
v 6.586387 -12.013438 11.998624
v 7.353311 -12.780362 13.680581
v 7.599268 -13.026318 12.382442
v 23.175541 6.460340 13.032888
v 21.522183 5.819862 12.840979
v 20.881705 4.166504 13.032888
v 23.421498 6.214384 11.734749
v 21.127661 3.920547 11.734749
v 21.768139 5.573905 11.542840
v 22.535063 4.806982 13.224797
v 22.781020 4.561025 11.926658
v 36.842633 24.906962 12.127317
v 35.189275 24.266484 11.935407
v 34.548797 22.613125 12.127317
v 37.088590 24.661005 10.829177
v 34.794753 22.367169 10.829177
v 35.435231 24.020527 10.637268
v 36.202155 23.253603 12.319226
v 36.448112 23.007647 11.021087
v -32.881406 -45.890810 11.635085
v -32.550371 -45.726901 11.666750
v -32.866339 -45.276197 12.636961
v -33.197374 -45.440106 12.605296
v -32.683834 -45.442044 11.587491
v -33.014869 -45.605954 11.555826
v -33.283272 -45.223098 12.379984
v -32.952237 -45.059188 12.411649
v -33.335202 -44.439229 13.206129
v -33.666237 -44.603138 13.174464
v -33.681553 -44.512125 12.863471
v -33.350518 -44.348215 12.895136
v -33.831327 -43.440261 13.221746
v -34.162362 -43.604171 13.190081
v -34.102993 -43.663540 12.876737
v -33.771958 -43.499630 12.908402
v -34.221779 -42.546968 12.679627
v -34.552814 -42.710877 12.647962
v -34.434667 -42.904721 12.416227
v -34.103632 -42.740811 12.447892
v -34.401936 -41.998705 11.725032
v -34.732971 -42.162615 11.693367
v -34.587704 -42.438992 11.605335
v -34.256669 -42.275082 11.637000
v -34.323525 -41.942380 10.613744
v -34.654560 -42.106289 10.582079
v -34.521097 -42.391146 10.661338
v -34.190062 -42.227236 10.693003
v -34.007557 -42.393084 9.643533
v -34.338592 -42.556994 9.611868
v -34.252694 -42.774002 9.837180
v -33.921659 -42.610092 9.868845
v -33.538695 -43.230052 9.074365
v -33.869729 -43.393962 9.042700
v -33.854413 -43.484975 9.353693
v -33.523378 -43.321065 9.385358
v -33.042569 -44.229019 9.058748
v -33.373604 -44.392929 9.027083
v -33.432973 -44.333560 9.340427
v -33.101938 -44.169650 9.372092
v -32.652118 -45.122313 9.600868
v -32.983152 -45.286222 9.569203
v -33.101299 -45.092379 9.800937
v -32.770264 -44.928470 9.832602
v -32.471961 -45.670575 10.555462
v -32.802995 -45.834485 10.523797
v -32.948262 -45.558108 10.611829
v -32.617227 -45.394198 10.643495
v -36.338560 -47.676712 11.318435
v -36.007525 -47.512802 11.350100
v -36.323493 -47.062098 12.320311
v -36.654528 -47.226007 12.288646
v -36.140988 -47.227946 11.270841
v -36.472023 -47.391855 11.239176
v -36.740426 -47.008999 12.063334
v -36.409391 -46.845090 12.094999
v -36.792356 -46.225130 12.889479
v -37.123391 -46.389039 12.857814
v -37.138707 -46.298026 12.546821
v -36.807672 -46.134116 12.578486
v -37.288481 -45.226163 12.905096
v -37.619516 -45.390072 12.873431
v -37.560147 -45.449441 12.560087
v -37.229112 -45.285532 12.591752
v -37.678933 -44.332869 12.362976
v -38.009968 -44.496779 12.331311
v -37.891821 -44.690622 12.099577
v -37.560786 -44.526712 12.131242
v -37.859090 -43.784606 11.408382
v -38.190125 -43.948516 11.376717
v -38.044858 -44.224893 11.288684
v -37.713823 -44.060984 11.320349
v -37.780679 -43.728281 10.297094
v -38.111714 -43.892191 10.265429
v -37.978251 -44.177047 10.344688
v -37.647216 -44.013137 10.376353
v -37.464711 -44.178985 9.326883
v -37.795746 -44.342895 9.295218
v -37.709848 -44.559903 9.520530
v -37.378813 -44.395994 9.552195
v -36.995849 -45.015953 8.757715
v -37.326884 -45.179863 8.726050
v -37.311567 -45.270876 9.037043
v -36.980532 -45.106967 9.068708
v -36.499723 -46.014920 8.742098
v -36.830758 -46.178830 8.710433
v -36.890127 -46.119461 9.023777
v -36.559092 -45.955552 9.055442
v -36.109272 -46.908214 9.284217
v -36.440306 -47.072124 9.252552
v -36.558453 -46.878280 9.484287
v -36.227418 -46.714371 9.515952
v -35.929115 -47.456477 10.238812
v -36.260149 -47.620386 10.207147
v -36.405416 -47.344009 10.295179
v -36.074381 -47.180100 10.326844
v -43.252868 -51.248514 10.685135
v -42.921833 -51.084605 10.716800
v -43.237802 -50.633900 11.687011
v -43.568836 -50.797810 11.655346
v -43.055297 -50.799748 10.637541
v -43.386331 -50.963658 10.605876
v -43.654734 -50.580802 11.430034
v -43.323699 -50.416892 11.461699
v -43.706664 -49.796932 12.256179
v -44.037699 -49.960842 12.224514
v -44.053015 -49.869829 11.913521
v -43.721981 -49.705919 11.945186
v -44.202789 -48.797965 12.271796
v -44.533824 -48.961875 12.240131
v -44.474455 -49.021244 11.926787
v -44.143420 -48.857334 11.958452
v -44.593241 -47.904672 11.729676
v -44.924276 -48.068581 11.698011
v -44.806129 -48.262424 11.466277
v -44.475094 -48.098515 11.497942
v -44.773398 -47.356409 10.775081
v -45.104433 -47.520318 10.743416
v -44.959166 -47.796696 10.655384
v -44.628131 -47.632786 10.687049
v -44.694987 -47.300083 9.663794
v -45.026022 -47.463993 9.632129
v -44.892559 -47.748849 9.711388
v -44.561524 -47.584940 9.743053
v -44.379019 -47.750788 8.693583
v -44.710054 -47.914697 8.661918
v -44.624156 -48.131706 8.887229
v -44.293121 -47.967796 8.918894
v -43.910157 -48.587756 8.124415
v -44.241192 -48.751665 8.092750
v -44.225875 -48.842679 8.403743
v -43.894840 -48.678769 8.435408
v -43.414031 -49.586723 8.108798
v -43.745066 -49.750632 8.077133
v -43.804435 -49.691264 8.390477
v -43.473400 -49.527354 8.422142
v -43.023580 -50.480016 8.650917
v -43.354615 -50.643926 8.619252
v -43.472761 -50.450083 8.850987
v -43.141726 -50.286173 8.882652
v -42.843423 -51.028279 9.605512
v -43.174458 -51.192189 9.573847
v -43.319724 -50.915812 9.661879
v -42.988689 -50.751902 9.693544
v -46.710022 -53.034415 10.368484
v -46.378987 -52.870506 10.400149
v -46.694956 -52.419802 11.370361
v -47.025990 -52.583711 11.338696
v -46.512451 -52.585649 10.320891
v -46.843485 -52.749559 10.289226
v -47.111888 -52.366703 11.113384
v -46.780854 -52.202793 11.145049
v -47.163818 -51.582833 11.939529
v -47.494853 -51.746743 11.907864
v -47.510169 -51.655730 11.596871
v -47.179135 -51.491820 11.628536
v -47.659943 -50.583866 11.955146
v -47.990978 -50.747776 11.923481
v -47.931609 -50.807145 11.610137
v -47.600574 -50.643235 11.641802
v -48.050395 -49.690573 11.413026
v -48.381430 -49.854482 11.381361
v -48.263283 -50.048326 11.149627
v -47.932248 -49.884416 11.181292
v -48.230552 -49.142310 10.458431
v -48.561587 -49.306220 10.426766
v -48.416320 -49.582597 10.338734
v -48.085285 -49.418687 10.370399
v -48.152141 -49.085985 9.347144
v -48.483176 -49.249894 9.315479
v -48.349713 -49.534751 9.394737
v -48.018678 -49.370841 9.426402
v -47.836173 -49.536689 8.376933
v -48.167208 -49.700599 8.345268
v -48.081310 -49.917607 8.570579
v -47.750275 -49.753697 8.602244
v -47.367311 -50.373657 7.807764
v -47.698346 -50.537567 7.776099
v -47.683029 -50.628580 8.087093
v -47.351994 -50.464670 8.118758
v -46.871186 -51.372624 7.792148
v -47.202220 -51.536534 7.760483
v -47.261589 -51.477165 8.073827
v -46.930554 -51.313255 8.105492
v -46.480734 -52.265918 8.334267
v -46.811769 -52.429827 8.302602
v -46.929915 -52.235984 8.534337
v -46.598880 -52.072074 8.566002
v -46.300577 -52.814180 9.288862
v -46.631612 -52.978090 9.257197
v -46.776878 -52.701713 9.345229
v -46.445844 -52.537803 9.376894
v -53.624330 -56.606218 9.735184
v -53.293295 -56.442308 9.766849
v -53.609264 -55.991604 10.737061
v -53.940299 -56.155514 10.705396
v -53.426759 -56.157452 9.687591
v -53.757794 -56.321361 9.655926
v -54.026196 -55.938505 10.480084
v -53.695162 -55.774596 10.511749
v -54.078126 -55.154636 11.306229
v -54.409161 -55.318545 11.274564
v -54.424478 -55.227532 10.963571
v -54.093443 -55.063623 10.995236
v -54.574251 -54.155669 11.321845
v -54.905286 -54.319578 11.290180
v -54.845917 -54.378947 10.976836
v -54.514883 -54.215038 11.008501
v -54.964703 -53.262375 10.779726
v -55.295738 -53.426285 10.748061
v -55.177591 -53.620128 10.516326
v -54.846557 -53.456218 10.547991
v -55.144860 -52.714113 9.825131
v -55.475895 -52.878022 9.793466
v -55.330628 -53.154399 9.705434
v -54.999593 -52.990490 9.737099
v -55.066450 -52.657787 8.713844
v -55.397484 -52.821697 8.682179
v -55.264021 -53.106553 8.761437
v -54.932986 -52.942644 8.793102
v -54.750481 -53.108491 7.743632
v -55.081516 -53.272401 7.711967
v -54.995618 -53.489409 7.937279
v -54.664583 -53.325500 7.968944
v -54.281619 -53.945460 7.174464
v -54.612654 -54.109369 7.142799
v -54.597337 -54.200382 7.453792
v -54.266302 -54.036473 7.485457
v -53.785494 -54.944427 7.158848
v -54.116529 -55.108336 7.127183
v -54.175897 -55.048967 7.440527
v -53.844863 -54.885058 7.472192
v -53.395042 -55.837720 7.700967
v -53.726077 -56.001630 7.669302
v -53.844223 -55.807787 7.901037
v -53.513188 -55.643877 7.932702
v -53.214885 -56.385983 8.655562
v -53.545920 -56.549892 8.623897
v -53.691186 -56.273515 8.711929
v -53.360152 -56.109606 8.743594
v 4.437758 -17.829530 13.390218
v -11.991189 -29.953563 12.244612
v 2.916634 -16.266285 12.517971
v -22.476400 -40.792375 12.602624
v -23.784210 -38.932514 11.702894
v 2.814862 -16.164512 13.055118
v -13.599121 -28.047931 12.154093
v -12.101224 -29.843527 12.825370
v -10.606942 -31.617579 13.133390
v -13.505796 -28.141256 11.661530
v -25.242569 -36.921513 11.599179
v 1.337248 -14.644297 11.955126
v 1.250931 -14.557980 12.410700
v -23.980746 -38.942522 12.586221
v -19.441175 -38.539097 13.095029
v -20.829264 -36.608805 12.741162
v -19.318536 -38.661736 12.447750
v -20.609446 -36.828623 11.580983
v -22.124898 -34.706493 10.986099
v -22.311367 -34.520024 11.970267
v -25.187515 -43.489826 12.556895
v -23.248225 -41.764319 11.550941
v -23.044719 -41.967823 12.715031
v -22.592658 -40.872815 12.940088
v -57.039035 -54.011535 9.391120
v -48.837484 -52.582161 11.322861
v -49.389695 -50.761063 10.346693
v -56.739056 -55.597804 10.204860
v -48.179804 -54.510547 11.367368
v -56.743803 -54.306766 7.832912
v -48.304701 -53.114944 8.510877
v -49.051285 -51.099472 8.560596
v -27.145789 -40.921888 13.451136
v -23.632528 -41.380016 13.579261
v -24.995829 -39.407046 13.571471
v -28.557753 -38.791209 12.155588
v -26.407795 -37.276368 12.275923
v -24.390792 -40.012083 10.378139
v -28.173449 -39.175511 10.127268
v -26.023492 -37.660671 10.247603
v -26.540752 -41.526925 10.257804
v -23.760929 -39.162339 11.426042
v -55.982497 -57.640650 8.608821
v -56.292053 -57.331094 10.242632
v -39.801195 -51.332680 10.310304
v -47.827070 -54.863279 9.505669
v -31.890292 -47.137861 10.943932
v -32.764637 -45.393466 9.882635
v -41.363755 -47.462236 9.280920
v -34.043742 -43.191516 9.828727
v -40.970874 -49.007291 12.210132
v -32.270256 -46.757898 12.949349
v -33.340290 -44.817813 12.920884
v -41.718809 -47.107181 11.154869
v -34.409382 -42.825877 11.758542
v -23.890118 -38.826605 12.261872
v -26.618461 -37.065700 11.149635
v -25.152744 -37.011338 11.125089
v -49.623308 -50.527450 9.341516
v -57.227217 -53.657209 8.458689
v -34.629380 -42.605878 10.681507
v -55.806126 -57.993585 9.549549
v -47.607780 -55.082569 10.586448
v -39.590228 -51.543648 11.435008
v -31.684617 -47.343536 12.096569
v -25.522465 -39.097939 18.330434
v -25.086483 -38.715037 18.669785
v -25.774241 -38.757891 18.325006
v -22.204292 -43.502125 17.232371
v -21.304230 -43.694382 16.801363
v -21.602408 -43.339422 17.516815
v -28.598896 -34.711190 14.762151
v -28.316750 -34.108926 14.923080
v -28.719732 -34.517291 14.295556
v -27.774286 -35.380607 8.064200
v -27.639784 -34.599776 8.536959
v -27.450900 -34.811828 7.890238
v -24.768266 -39.149468 18.746788
v -25.219394 -39.511693 18.403773
v -21.546905 -44.263708 15.337655
v -20.752861 -44.315633 14.947609
v -20.912141 -44.139095 15.527367
v -28.456959 -34.919729 15.019688
v -28.167707 -34.327901 15.193497
v -27.954180 -35.178645 8.680123
v -27.799066 -34.423231 9.116715
v -24.400886 -39.650520 18.828251
v -24.869512 -39.988881 18.481355
v -20.902176 -44.731180 9.255631
v -20.235181 -44.629935 9.141242
v -20.781354 -44.925063 9.722222
v -23.079900 -42.352903 17.718114
v -22.528828 -42.093919 17.583514
v -22.521791 -42.132746 18.026848
v -23.519429 -40.952286 5.511185
v -23.201089 -40.380873 5.400235
v -22.983298 -40.662096 5.209572
v -21.044118 -44.522636 8.998093
v -20.384232 -44.410946 8.870821
v -28.487307 -34.616099 11.049284
v -28.199579 -34.009092 11.024573
v -28.470695 -34.610545 10.626506
v -21.249964 -44.238567 8.902213
v -20.600360 -44.112691 8.770152
v -28.330685 -33.908875 12.183481
v -28.262496 -33.959801 11.562664
v -28.612182 -34.520643 12.153002
v -20.154619 -44.873446 11.179015
v -20.221240 -44.829997 11.880846
v -20.825451 -44.963094 11.196368
v -26.822563 -36.554125 6.393477
v -26.234314 -36.343432 6.230663
v -26.615635 -36.839274 6.483653
v -24.981113 -37.960645 5.118415
v -24.566923 -38.522318 5.161549
v -25.422117 -38.379470 5.424366
v -21.349587 -44.083215 8.585670
v -20.865678 -43.757066 8.805503
v -21.502645 -43.899882 8.935882
v -27.296795 -35.940229 6.785406
v -26.671589 -35.754087 6.240050
v -27.032080 -36.278006 6.492597
v -21.013778 -44.826253 12.968494
v -20.352359 -44.729764 13.039748
v -21.030387 -44.831815 13.391274
v -21.880344 -42.984773 17.824273
v -22.468999 -43.164359 17.525186
v -27.580761 -35.602180 7.466793
v -27.247706 -35.044479 7.262959
v -28.445087 -33.847097 13.582642
v -28.397309 -33.865419 12.885309
v -28.721121 -34.461823 13.485543
v -21.395214 -44.431837 14.785503
v -20.618021 -44.464104 14.441938
v -28.105876 -35.010511 9.232274
v -27.933909 -34.274763 9.622387
v -26.023107 -36.644942 6.480807
v -26.414480 -37.126431 6.721887
v -21.133191 -44.729011 13.933866
v -21.266797 -44.573234 14.303910
v -28.367891 -34.713349 10.083914
v -28.234288 -34.869118 9.713869
v -24.151049 -39.088341 5.236072
v -25.027636 -38.914414 5.465452
v -21.284712 -44.147455 8.233641
v -20.704962 -43.949573 8.437782
v -20.108322 -44.833506 9.631161
v -20.106847 -44.891765 10.481680
v -28.251112 -35.203796 15.115568
v -27.951566 -34.626181 15.294175
v -26.421175 -37.089460 6.299667
v -26.030140 -36.606121 6.037475
v -21.332817 -44.059637 7.887316
v -20.636837 -44.017028 8.068153
v -20.289431 -44.779064 12.501661
v -20.953851 -44.873199 12.456028
v -25.489459 -37.277943 5.166056
v -25.906254 -37.729280 5.469739
v -21.493738 -43.814167 7.458667
v -20.687356 -43.924818 7.704511
v -20.932881 -44.985754 13.729689
v -20.477740 -44.627660 14.053389
v -20.888903 -44.921710 11.864777
v -26.191505 -37.359476 5.697278
v -25.788974 -36.889648 5.404971
v -21.268052 -43.080981 6.792066
v -20.856326 -43.667064 7.254426
v -26.352955 -37.158315 5.949146
v -25.958498 -36.678430 5.669432
v -21.885858 -43.255994 7.018324
v -21.632123 -42.569427 6.484401
v -23.570816 -40.778222 18.945910
v -23.985009 -40.216541 18.902773
v -24.078978 -41.062874 18.593409
v -22.885442 -42.603090 17.534129
v -23.086605 -42.315922 17.295890
v -22.232595 -42.768794 6.725308
v -22.008567 -42.042839 6.201788
v -24.473441 -40.527950 18.552331
v -22.678515 -42.888239 17.624305
v -22.317612 -42.395440 17.833662
v -28.216376 -35.294893 15.784134
v -27.846967 -34.789294 15.626542
v -28.151492 -35.359143 15.432109
v -22.591112 -42.267279 6.456152
v -22.346579 -41.571155 5.965298
v -28.547238 -34.569149 11.561748
v -21.920314 -43.840183 16.550989
v -21.101029 -43.927036 16.174087
v -28.007343 -35.628192 16.559113
v -27.864574 -34.814049 16.359814
v -28.168268 -35.382717 16.130460
v -23.783664 -39.589399 5.317536
v -24.631572 -39.453472 5.536423
v -22.913029 -41.818054 6.230923
v -22.641607 -41.159910 5.765882
v -23.408057 -41.124071 5.836462
v -23.194009 -41.426396 6.041004
v -21.726795 -44.061752 15.953579
v -27.283885 -35.657873 17.272255
v -27.695599 -35.071806 16.809899
v -23.978618 -40.344412 5.687345
v -23.465447 -40.023829 5.394540
v -23.726843 -40.684462 5.692771
v -22.866348 -40.842484 5.551118
v -25.981649 -38.490071 18.506594
v -25.350849 -38.357982 18.664086
v -25.568629 -38.076768 18.854752
v -27.615229 -36.186361 16.999453
v -26.919811 -36.169432 17.579923
v -27.268485 -36.673564 17.292473
v -26.543368 -36.696023 17.862533
v -26.909964 -37.175085 17.561628
v -26.205355 -37.167708 18.099023
v -26.588059 -37.624294 17.786852
v -25.910323 -37.578956 18.298442
v -27.686260 -34.981789 15.258819
v -27.998431 -35.542483 15.081900
v -28.568194 -34.456609 10.288093
v -28.074183 -34.111210 10.010938
v -24.281683 -39.930673 5.614009
v -20.779949 -44.980547 10.532240
v -23.062466 -41.460928 18.898271
v -23.594827 -41.713078 18.548041
v -27.915086 -34.721842 15.996173
v -23.148135 -42.284033 18.068630
v -22.593433 -42.060435 18.394892
v -23.309571 -42.082887 18.320503
v -28.675629 -34.479264 12.821413
v -28.182127 -34.003266 10.580659
v -26.093030 -38.318275 18.181314
v -26.307071 -38.015963 17.976776
v -20.369796 -44.735605 13.483667
v -26.949527 -35.399439 6.547506
v -25.685577 -37.896388 18.513208
v -22.100342 -42.694842 17.928347
v -28.443613 -33.905356 14.433162
v -26.451591 -36.044017 6.135976
v -22.762955 -41.849218 18.659353
v -21.323183 -44.060318 9.242338
v -21.598735 -43.797044 9.341020
v -21.366537 -44.013918 9.425152
v -21.648623 -43.753298 9.697182
v -21.221155 -44.493411 13.707848
v -22.821568 -42.561933 17.150663
v -23.026127 -42.369653 16.874701
v -22.794276 -42.586181 16.960607
v -22.622049 -42.840558 17.293273
v -22.033804 -43.574752 16.394625
v -21.847853 -43.787658 15.820607
v -25.900572 -38.460154 17.942231
v -26.177119 -37.329278 6.488711
v -26.177473 -37.455439 6.861611
v -24.021881 -40.921861 16.838893
v -23.886845 -41.167344 16.254350
v -23.880311 -41.205319 16.695092
v -20.923339 -44.685217 10.533687
v -20.967053 -44.668458 11.171818
v -27.968832 -35.526763 15.781861
v -26.167229 -38.083530 17.687416
v -23.585382 -41.602993 18.232734
v -21.530668 -43.736767 8.583086
v -21.751134 -43.559390 8.856769
v -21.642800 -43.583117 8.547384
v -23.792956 -41.258231 17.254644
v -23.726727 -41.430981 16.974013
v -22.444921 -42.588802 9.875878
v -22.479885 -42.621694 9.544848
v -22.242375 -42.948154 9.635782
v -21.780738 -43.533733 10.613859
v -22.167577 -43.095269 10.334056
v -21.903835 -43.448831 10.299695
v -21.029459 -44.627755 11.829234
v -22.288429 -43.271638 17.005602
v -22.493538 -43.009919 17.232479
v -21.520711 -44.152781 14.668081
v -21.387594 -44.299352 14.168848
v -20.924591 -44.635477 9.807374
v -21.520123 -43.858472 10.207622
v -21.728997 -43.666689 10.027151
v -22.728288 -42.586183 15.614947
v -23.158767 -42.104079 15.565476
v -23.067637 -42.101854 15.214629
v -23.398617 -41.788606 15.688345
v -23.504646 -41.527053 15.438487
v -24.019501 -41.019978 18.273413
v -24.398530 -40.505988 18.233941
v -24.788090 -39.975783 18.164132
v -27.760880 -35.787036 15.475168
v -27.550202 -36.160397 15.280989
v -27.560284 -36.065649 15.595662
v -27.346676 -36.439054 15.342334
v -27.298271 -36.424379 15.674634
v -27.119876 -36.737936 15.234867
v -26.960214 -36.869881 15.514448
v -26.960502 -36.928751 14.868909
v -26.702960 -37.177882 14.923729
v -27.021186 -36.820675 14.472936
v -26.813529 -36.980973 14.202279
v -23.545596 -41.488127 15.685148
v -23.697458 -41.404121 15.971097
v -23.687366 -41.291968 15.611386
v -28.227088 -34.832185 10.549943
v -28.182518 -34.876754 10.314709
v -22.326786 -42.860436 10.031311
v -22.496530 -42.535169 10.117735
v -26.582100 -36.808236 6.871896
v -26.474949 -37.072710 7.143081
v -26.609397 -36.783984 7.061950
v -26.781633 -36.529595 6.729280
v -27.555821 -35.582507 8.201949
v -27.732754 -35.383871 8.807744
v -23.641309 -40.719415 6.018029
v -28.247785 -34.839105 11.076638
v -26.557265 -36.984251 7.484627
v -26.692051 -36.695162 7.404968
v -26.604733 -36.943018 7.829429
v -26.753169 -36.642066 7.848843
v -23.333499 -41.892422 17.470798
v -23.224073 -42.054558 17.689933
v -28.480336 -34.684942 13.488867
v -28.436621 -34.701707 12.850739
v -21.434842 -43.843402 8.240696
v -21.589033 -43.599340 7.696148
v -21.464344 -43.789542 8.028278
v -21.940635 -43.098843 7.301306
v -22.273799 -42.630718 7.019761
v -22.626427 -42.137444 6.755029
v -22.945174 -41.692638 6.532014
v -23.954973 -40.295781 6.011266
v -21.843389 -43.304515 8.426897
v -22.154403 -43.003305 8.675447
v -22.105415 -42.945771 8.347918
v -22.381201 -42.704428 8.782915
v -22.443458 -42.500282 8.508109
v -22.540579 -42.513609 9.148871
v -22.700717 -42.192278 9.098826
v -26.958759 -36.781351 14.146676
v -27.174285 -36.581933 13.986474
v -26.907141 -36.834994 13.904824
v -27.987022 -35.400191 14.239720
v -27.772087 -35.775664 13.990626
v -27.852463 -35.689056 14.320596
v -28.374215 -34.742410 12.193323
v -27.115247 -36.098520 7.016953
v -28.479081 -34.734687 14.215185
v -28.298404 -35.012825 14.734671
v -28.385457 -34.884920 14.576713
v -27.197232 -36.407112 13.353224
v -27.333508 -36.347085 13.683723
v -28.309905 -34.790441 11.607872
v -25.384170 -38.350185 5.749142
v -25.005151 -38.864165 5.788613
v -25.381799 -38.448292 7.183660
v -25.614239 -38.275009 7.763428
v -25.620775 -38.237034 7.322687
v -25.859082 -37.766849 6.616837
v -25.774360 -38.011364 7.043763
v -25.967276 -37.743321 6.926413
v -26.070183 -37.477733 6.551756
v -24.615593 -39.394372 5.858421
v -25.818281 -37.767181 5.789828
v -26.138337 -37.357255 6.120610
v -26.039307 -37.480641 5.966128
v -25.371257 -38.509583 7.895088
v -25.803613 -38.038248 8.046687
v -25.610726 -38.111923 6.767910
v -24.269145 -39.866876 5.935241
v -25.858085 -37.882025 8.337405
v -25.716296 -38.078205 8.411175
v -27.258701 -36.494209 14.382000
v -28.037129 -35.356252 14.597406
v -28.173896 -35.184646 14.792666
v -27.749950 -35.882964 15.161010
v -27.929588 -35.565622 15.568935
v -21.416642 -43.969984 9.782842
v -21.670921 -43.986294 15.214813
v -21.105273 -44.357334 9.287883
v -21.018209 -44.485247 9.445845
v -22.206445 -42.963045 10.669331
v -21.155888 -44.531059 12.945920
v -21.176586 -44.537981 13.472614
v -22.943825 -42.458096 16.533150
v -22.711614 -42.675012 16.617593
v -22.896352 -42.499335 16.188350
v -22.650510 -42.728085 16.173712
v -22.948525 -42.404141 15.813483
v -23.465581 -41.724948 16.091738
v -21.093764 -44.579728 12.414688
v -23.544594 -41.603309 17.405719
v -23.533808 -41.699031 17.091367
v -23.323603 -41.986925 17.156172
v -27.814633 -35.770829 16.326411
v -27.939327 -35.580621 15.994277
v -27.463038 -36.271322 16.721251
v -27.129878 -36.739441 17.002794
v -26.777259 -37.232705 17.267522
v -26.458504 -37.677522 17.490540
v -23.265345 -42.012898 17.901942
v -23.364365 -41.889522 18.056428
v -24.032424 -40.860572 16.127465
v -25.448708 -39.074372 18.011286
v -25.762358 -38.650753 18.004529
v -25.134535 -39.503277 18.087312
v -27.622940 -35.836426 13.408696
v -27.597247 -35.993528 13.718085
v -27.902345 -35.645314 14.676759
v -26.910143 -36.360234 6.790074
v -27.369873 -35.795405 7.627930
v -27.882957 -35.217389 9.354478
v -28.016079 -35.070812 9.853710
v -27.883560 -35.511675 13.814928
v -26.552557 -37.038218 8.204298
v -26.675394 -36.783969 8.407607
v -26.342318 -37.338275 8.452303
v -26.336033 -37.268315 8.807930
v -26.102455 -37.653763 8.329439
v -25.899028 -37.843104 8.584068
v -26.035500 -37.717411 7.926043
v -23.236449 -41.286630 6.335138
v -23.503099 -40.910009 6.080325
v -21.950877 -43.281962 8.736791
v -22.590141 -42.389190 9.820279
v -24.825082 -38.054410 18.371555
v -24.573320 -38.394442 18.376976
v -21.255140 -42.798633 17.278916
v -27.770580 -33.813798 14.342100
v -27.649747 -34.007691 14.808694
v -26.825134 -34.677113 8.110745
v -24.270243 -38.808200 18.450317
v -20.597754 -43.560216 15.384199
v -27.507811 -34.216230 15.066231
v -27.005033 -34.475147 8.726666
v -23.920364 -39.285381 18.527898
v -19.832202 -44.221571 9.768767
v -19.953024 -44.027686 9.302176
v -22.130749 -41.649410 17.764659
v -22.570284 -40.248790 5.557727
v -20.094975 -43.819133 9.044634
v -27.521547 -33.907046 10.673049
v -27.538156 -33.912607 11.095829
v -20.300821 -43.535064 8.948754
v -27.663035 -33.817145 12.199544
v -19.876300 -44.259601 11.242913
v -25.666486 -36.135774 6.530196
v -25.873414 -35.850626 6.440020
v -24.472960 -37.675982 5.470913
v -20.553499 -43.196384 8.982425
v -20.400437 -43.379722 8.632214
v -26.082926 -35.574512 6.539142
v -26.347643 -35.236735 6.831951
v -20.081234 -44.128321 13.437818
v -20.064625 -44.122760 13.015039
v -21.519849 -42.460859 17.571729
v -26.631620 -34.898679 7.513334
v -27.771984 -33.758315 13.532082
v -20.446059 -43.728350 14.832050
v -27.156724 -34.307018 9.278819
v -25.465329 -36.422939 6.768432
v -20.317636 -43.869751 14.350458
v -20.184039 -44.025517 13.980410
v -27.285144 -34.165614 9.760411
v -27.418743 -34.009850 10.130457
v -24.078489 -38.210915 5.511994
v -20.335560 -43.443962 8.280186
v -27.301963 -34.500297 15.162111
v -25.472034 -36.385958 6.346208
v -20.383662 -43.356151 7.933863
v -20.004697 -44.169713 12.502575
v -24.957102 -37.025787 5.516284
v -20.544591 -43.110669 7.505209
v -19.983739 -44.282251 13.776230
v -19.939752 -44.218217 11.911321
v -25.242353 -36.655983 5.743822
v -25.403804 -36.454823 5.995690
v -20.936710 -42.552496 7.064867
v -23.129826 -40.359381 18.639954
v -22.137458 -41.612423 17.342433
v -21.936301 -41.899588 17.580670
v -21.283437 -42.065313 6.771856
v -23.524289 -39.824458 18.598875
v -21.729373 -42.184736 17.670846
v -27.202346 -34.655647 15.478652
v -27.267217 -34.591412 15.830682
v -21.641960 -41.563785 6.502697
v -27.598086 -33.865655 11.608293
v -20.971162 -43.136688 16.597533
v -27.219120 -34.679218 16.177003
v -27.058192 -34.924699 16.605657
v -23.682421 -38.749980 5.582967
v -21.963878 -41.114560 6.277468
v -22.244855 -40.722909 6.087551
v -22.458902 -40.420585 5.883009
v -20.777642 -43.358258 16.000124
v -22.777701 -39.980959 5.739312
v -23.029477 -39.640910 5.733885
v -25.032502 -37.786573 18.553137
v -26.666076 -35.482866 17.045998
v -26.319338 -35.970066 17.339015
v -25.960820 -36.471581 17.608169
v -25.638908 -36.920802 17.833397
v -27.049289 -34.838980 15.128441
v -27.619043 -33.753118 10.334638
v -23.332536 -39.227175 5.660551
v -19.830797 -44.277053 10.578784
v -22.645676 -41.009586 18.594585
v -22.360424 -41.379389 18.367046
v -22.198980 -41.580547 18.115176
v -27.726477 -33.775771 12.867957
v -25.357931 -37.312461 18.023317
v -25.143881 -37.614784 18.227858
v -20.649584 -43.093552 9.387565
v -20.471441 -43.429020 9.284105
v -20.699467 -43.049811 9.743729
v -20.514799 -43.382614 9.466918
v -20.369412 -43.862112 13.749615
v -21.942533 -41.954883 17.002374
v -22.076980 -41.666155 16.921244
v -21.969821 -41.930640 17.192432
v -21.770301 -42.209265 17.335043
v -21.182053 -42.943466 16.436396
v -20.996109 -43.156360 15.862375
v -25.048828 -37.828856 17.983998
v -25.228322 -36.751946 6.908155
v -25.325373 -36.697987 6.530480
v -22.931164 -40.501821 16.741635
v -22.937697 -40.463844 16.300893
v -23.170135 -40.290568 16.880662
v -20.115309 -44.037160 11.213585
v -20.071588 -44.053930 10.575458
v -27.117088 -34.895464 15.823629
v -25.315481 -37.452236 17.729186
v -22.733649 -40.971684 18.274497
v -20.791050 -42.951830 8.589154
v -20.850692 -42.891985 8.900922
v -20.678925 -43.105469 8.624853
v -22.777580 -40.727482 17.020556
v -22.941208 -40.626937 17.296413
v -21.293223 -42.244662 9.682327
v -21.530732 -41.918200 9.591392
v -21.593169 -41.957515 9.917649
v -21.003392 -42.781427 10.343848
v -21.218418 -42.391787 10.380604
v -20.928993 -42.902435 10.655626
v -20.177715 -43.996457 11.871002
v -21.641794 -42.378620 17.274247
v -21.436686 -42.640340 17.047369
v -20.668972 -43.521478 14.709847
v -20.535846 -43.668059 14.210618
v -20.072848 -44.004179 9.849141
v -20.779850 -42.963192 10.073694
v -20.668380 -43.227173 10.249390
v -22.215892 -41.470556 15.256396
v -22.209615 -41.400584 15.612020
v -21.876543 -41.954885 15.656715
v -22.652900 -40.895761 15.480256
v -22.449463 -41.085110 15.734889
v -23.546791 -39.874684 18.275707
v -23.167762 -40.388674 18.315179
v -23.936347 -39.344486 18.205899
v -26.708540 -35.434351 15.637429
v -26.601055 -35.456899 15.327532
v -26.909135 -35.155737 15.516936
v -26.446529 -35.793081 15.716402
v -26.397514 -35.735569 15.388882
v -26.108467 -36.238589 15.556217
v -26.170730 -36.034439 15.281410
v -25.851218 -36.546585 14.965496
v -26.011353 -36.225251 14.915452
v -25.961790 -36.349669 14.244044
v -26.072040 -36.117178 14.519479
v -22.835632 -40.660660 15.653150
v -22.748304 -40.700626 16.017641
v -22.693844 -40.856840 15.726920
v -27.417616 -34.134148 10.444994
v -21.644784 -41.903877 10.159504
v -21.377633 -42.156942 10.077856
v -25.525808 -36.369208 7.189622
v -25.757658 -36.152681 7.103716
v -25.929887 -35.898304 6.771049
v -26.704076 -34.951207 8.243717
v -26.881015 -34.752567 8.849510
v -22.789566 -40.088118 6.059796
v -27.396037 -34.207811 11.118407
v -25.840312 -36.063859 7.446733
v -25.608114 -36.280759 7.531172
v -25.901423 -36.010776 7.890612
v -25.655574 -36.239537 7.875977
v -22.372329 -41.423258 17.731700
v -22.481757 -41.261123 17.512565
v -27.584876 -34.070407 12.892506
v -27.628597 -34.053639 13.530632
v -25.804734 -36.070769 6.825589
v -20.583102 -43.212099 8.282461
v -20.612601 -43.158245 8.070046
v -20.737297 -42.968037 7.737914
v -21.088900 -42.467534 7.343069
v -21.422060 -41.999414 7.061527
v -21.774682 -41.506145 6.796797
v -22.093436 -41.061335 6.573780
v -23.103221 -39.664494 6.053037
v -21.253667 -42.314478 8.389687
v -21.205262 -42.299802 8.721987
v -20.991651 -42.673212 8.468662
v -21.591719 -41.868979 8.549875
v -21.432054 -42.000931 8.829458
v -21.848973 -41.560979 9.140594
v -21.591427 -41.810115 9.195415
v -26.055407 -36.203686 13.946588
v -26.225138 -35.878435 14.033016
v -26.107017 -36.150054 14.188443
v -26.903316 -34.985558 14.367139
v -26.871641 -35.108266 14.034781
v -27.135284 -34.768888 14.281486
v -27.522476 -34.111107 12.235089
v -26.263505 -35.467223 7.058721
v -27.627343 -34.103384 14.256951
v -27.533716 -34.253624 14.618481
v -27.446657 -34.381534 14.776441
v -26.384360 -35.643586 13.730266
v -26.345490 -35.775816 13.394992
v -27.458166 -34.159138 11.649638
v -24.153395 -38.232883 5.830385
v -24.532428 -37.718887 5.790910
v -24.720324 -37.569640 7.366844
v -24.665093 -37.571512 7.809971
v -24.530052 -37.816999 7.225429
v -25.018129 -37.039823 6.972955
v -24.825204 -37.307877 7.090310
v -25.007335 -37.135557 6.658606
v -25.218429 -36.846443 6.593527
v -23.763843 -38.763077 5.900190
v -24.966538 -37.135883 5.831595
v -25.187565 -36.849343 6.007896
v -25.286585 -36.725968 6.162381
v -24.854468 -37.334751 8.093230
v -24.519511 -37.878291 7.936857
v -24.758984 -37.480626 6.809678
v -23.417388 -39.235593 5.977014
v -24.864558 -37.446902 8.452940
v -25.006341 -37.250727 8.379172
v -26.309549 -35.790716 14.428544
v -27.322159 -34.553344 14.834431
v -27.185391 -34.724948 14.639172
v -26.849499 -35.215570 15.205167
v -27.077849 -34.934318 15.610701
v -20.564907 -43.338676 9.824606
v -20.819176 -43.354996 15.256581
v -20.166470 -43.853944 9.487611
v -20.253530 -43.726036 9.329650
v -21.354696 -42.331752 10.711100
v -20.324843 -43.906681 13.514381
v -20.304148 -43.899755 12.987686
v -21.859879 -42.043704 16.659357
v -21.994669 -41.754609 16.579696
v -21.798767 -42.096786 16.215480
v -21.947204 -41.795837 16.234893
v -21.999377 -41.700642 15.860026
v -22.516432 -41.021449 16.138281
v -20.242025 -43.948425 12.456454
v -22.584661 -40.995532 17.137909
v -22.692856 -40.972006 17.447485
v -22.374454 -41.283426 17.202714
v -27.087584 -34.949324 16.036044
v -26.962890 -35.139531 16.368178
v -26.611294 -35.640024 16.763018
v -26.278126 -36.108154 17.044565
v -25.925511 -36.601411 17.309291
v -25.606751 -37.046233 17.532311
v -22.512622 -41.258225 18.098195
v -22.413606 -41.381596 17.943708
v -23.180680 -40.229272 16.169232
v -24.910620 -38.019451 18.046295
v -24.596964 -38.443073 18.053054
v -24.282797 -38.871973 18.129077
v -26.648095 -35.290035 13.764630
v -26.771200 -35.205123 13.450462
v -26.953204 -34.941812 14.723300
v -26.058391 -35.728946 6.831845
v -26.518134 -35.164103 7.669696
v -27.031219 -34.586085 9.396244
v -27.164339 -34.439508 9.895475
v -27.031810 -34.880389 13.856700
v -25.823651 -36.152672 8.449375
v -25.603405 -36.334724 8.250843
v -25.484299 -36.637007 8.849694
v -25.441871 -36.670875 8.496458
v -25.047286 -37.211807 8.625836
v -25.153308 -36.950265 8.375982
v -25.086348 -37.013917 7.972587
v -22.384705 -40.655332 6.376906
v -22.651358 -40.278713 6.122093
v -21.001727 -42.578468 8.783336
v -21.738394 -41.757897 9.862048
v -25.383859 -43.293485 11.355005
v -28.768421 -38.580543 11.029300
v -25.782486 -42.894858 13.458927
v -40.411886 -49.566279 9.259837
v -40.170574 -50.963302 12.259855
v -41.944101 -46.881890 10.105766
v -56.260155 -56.081918 7.650311
v -25.462849 -36.853741 11.815327
v -25.276380 -37.040210 10.831158
v -56.824638 -56.162474 8.086672
v -57.172833 -54.751235 7.943642
v -56.719698 -54.291718 7.586793
v -55.928874 -57.743883 8.390707
v -56.299457 -57.416293 8.614065
v -56.437670 -57.677959 9.370090
v -57.144851 -56.057288 8.929035
v -52.343746 -51.552881 9.060862
v -51.803039 -52.220194 8.098003
v -50.700114 -55.976534 9.018682
v -51.181351 -54.168578 8.187727
v -50.580765 -56.222459 10.279630
v -57.104462 -53.906956 9.617541
v -51.731352 -53.676766 10.937029
v -52.224385 -51.798850 10.321820
v -51.121458 -55.555190 11.242500
v -56.313637 -57.359119 10.421455
v -56.773167 -55.568908 10.357937
v -56.558490 -57.157263 9.981210
v -57.431866 -54.492202 9.310787
v -57.537890 -54.320652 8.525528
v -57.150956 -55.836158 9.808944
v -51.525640 -57.388503 10.241188
v -51.940018 -57.663423 9.386590
v -51.595369 -57.318774 9.386590
v -52.817930 -56.096213 8.109105
v -54.326478 -55.276963 7.652431
v -53.981829 -54.932314 7.652431
v -54.568026 -54.346117 10.746328
v -53.743250 -55.860191 11.173838
v -53.398601 -55.515542 11.173838
v -51.888173 -57.025970 10.931984
v -51.870289 -57.733152 10.241188
v -52.059107 -56.855034 8.622060
v -53.162579 -56.440862 8.109105
v -52.904733 -56.698705 11.266174
v -52.232822 -57.370619 10.931984
v -52.403755 -57.199683 8.622060
v -52.560084 -56.354056 11.266174
v -55.328897 -55.036112 10.596298
v -51.508521 -54.566405 11.111002
v -51.806138 -53.743980 11.039722
v -54.756900 -55.611289 7.755684
v -50.954973 -55.065780 8.530077
v -51.200923 -54.296144 8.180252
v -55.549879 -54.232078 10.227060
v -52.047734 -52.977579 10.672760
v -55.037769 -54.748543 7.696409
v -51.502523 -53.470855 8.124145
v -22.470019 -40.995454 12.292809
v -20.267431 -44.897227 13.838998
v -28.284507 -33.841627 10.225323
v -54.912675 -54.690766 10.746328
v -55.052636 -55.895424 10.673780
v -54.531682 -56.418384 8.108678
v -23.679740 -35.816319 19.385964
v -28.330766 -34.769892 18.306475
v -27.284340 -39.420919 19.385964
v -23.561002 -35.935056 18.759276
v -27.165602 -39.539657 18.759276
v -28.212029 -34.888630 17.679787
v -22.633313 -40.467345 20.465453
v -22.514576 -40.586083 19.838765
v -20.999660 -38.496399 5.240724
v -25.650686 -37.449973 4.161235
v -24.604260 -42.100999 5.240724
v -20.880922 -38.615136 4.614036
v -24.485522 -42.219737 4.614036
v -25.531948 -37.568710 3.534547
v -19.953233 -43.147425 6.320213
v -19.834496 -43.266163 5.693525
v -28.767068 -44.086853 12.072830
v -27.773964 -43.595124 12.167825
v -28.134099 -43.081418 13.273657
v -29.127204 -43.573147 13.178662
v -27.907427 -43.310268 12.088566
v -28.900531 -43.801997 11.993571
v -29.213102 -43.356139 12.953350
v -28.219998 -42.864410 13.048345
v -28.668502 -42.127455 13.922386
v -29.661606 -42.619183 13.827391
v -29.676923 -42.528170 13.516398
v -28.683818 -42.036441 13.611393
v -29.233978 -40.988847 13.940186
v -30.227082 -41.480576 13.845191
v -30.167714 -41.539945 13.531847
v -29.174609 -41.048216 13.626842
v -29.679009 -39.970685 13.322286
v -30.672114 -40.462413 13.227291
v -30.553967 -40.656256 12.995557
v -29.560862 -40.164528 13.090552
v -29.884349 -39.345783 12.234253
v -30.877454 -39.837512 12.139258
v -30.732187 -40.113889 12.051226
v -29.739082 -39.622160 12.146221
v -29.794978 -39.281584 10.967625
v -30.788083 -39.773313 10.872630
v -30.654619 -40.058169 10.951888
v -29.661515 -39.566441 11.046883
v -29.434842 -39.795290 9.861792
v -30.427947 -40.287019 9.766797
v -30.342049 -40.504027 9.992109
v -29.348944 -40.012298 10.087104
v -28.900440 -40.749254 9.213063
v -29.893544 -41.240982 9.118068
v -29.878228 -41.331996 9.429061
v -28.885123 -40.840267 9.524056
v -28.334964 -41.887861 9.195264
v -29.328068 -42.379590 9.100269
v -29.387437 -42.320221 9.413612
v -28.394333 -41.828492 9.508607
v -27.889933 -42.906024 9.813163
v -28.883037 -43.397753 9.718168
v -29.001184 -43.203909 9.949902
v -28.008079 -42.712181 10.044898
v -27.684592 -43.530925 10.901196
v -28.677697 -44.022654 10.806201
v -28.822964 -43.746277 10.894233
v -27.829859 -43.254548 10.989228
v -40.135759 -49.758092 10.993341
v -39.142655 -49.266363 11.088336
v -39.502791 -48.752657 12.194168
v -40.495895 -49.244385 12.099173
v -39.276118 -48.981506 11.009077
v -40.269223 -49.473235 10.914082
v -40.581793 -49.027377 11.873861
v -39.588689 -48.535649 11.968856
v -40.037193 -47.798693 12.842897
v -41.030298 -48.290422 12.747902
v -41.045614 -48.199409 12.436909
v -40.052510 -47.707680 12.531904
v -40.602669 -46.660086 12.860697
v -41.595774 -47.151814 12.765702
v -41.536405 -47.211183 12.452358
v -40.543300 -46.719454 12.547353
v -41.047700 -45.641923 12.242798
v -42.040805 -46.133652 12.147802
v -41.922658 -46.327495 11.916068
v -40.929554 -45.835766 12.011063
v -41.253041 -45.017022 11.154765
v -42.246145 -45.508750 11.059770
v -42.100878 -45.785127 10.971737
v -41.107773 -45.293398 11.066732
v -41.163669 -44.952823 9.888136
v -42.156774 -45.444551 9.793141
v -42.023311 -45.729408 9.872399
v -41.030206 -45.237679 9.967394
v -40.803533 -45.466529 8.782303
v -41.796638 -45.958257 8.687308
v -41.710740 -46.175265 8.912620
v -40.717635 -45.683537 9.007615
v -40.269131 -46.420492 8.133574
v -41.262236 -46.912221 8.038579
v -41.246919 -47.003234 8.349572
v -40.253814 -46.511505 8.444567
v -39.703655 -47.559100 8.115775
v -40.696759 -48.050828 8.020780
v -40.756128 -47.991460 8.334124
v -39.763024 -47.499731 8.429119
v -39.258624 -48.577262 8.733674
v -40.251728 -49.068991 8.638679
v -40.369875 -48.875148 8.870414
v -39.376770 -48.383419 8.965409
v -39.053284 -49.202164 9.821707
v -40.046388 -49.693892 9.726712
v -40.191655 -49.417516 9.814744
v -39.198551 -48.925787 9.909739
v -50.532544 -55.090473 10.033795
v -49.539439 -54.598744 10.128790
v -49.899575 -54.085038 11.234622
v -50.892679 -54.576767 11.139627
v -49.672902 -54.313888 10.049531
v -50.666007 -54.805617 9.954536
v -50.978578 -54.359759 10.914316
v -49.985473 -53.868030 11.009311
v -50.433977 -53.131075 11.883352
v -51.427082 -53.622804 11.788357
v -51.442398 -53.531790 11.477364
v -50.449294 -53.040062 11.572359
v -50.999453 -51.992467 11.901151
v -51.992558 -52.484196 11.806156
v -51.933189 -52.543565 11.492812
v -50.940084 -52.051836 11.587807
v -51.444484 -50.974305 11.283252
v -52.437589 -51.466033 11.188257
v -52.319442 -51.659877 10.956522
v -51.326338 -51.168148 11.051517
v -51.649825 -50.349403 10.195219
v -52.642929 -50.841132 10.100224
v -52.497662 -51.117509 10.012192
v -51.504558 -50.625780 10.107187
v -51.560453 -50.285204 8.928590
v -52.553558 -50.776933 8.833595
v -52.420095 -51.061789 8.912854
v -51.426990 -50.570061 9.007849
v -51.200318 -50.798910 7.822758
v -52.193422 -51.290639 7.727763
v -52.107524 -51.507647 7.953074
v -51.114419 -51.015918 8.048069
v -50.665915 -51.752874 7.174028
v -51.659020 -52.244603 7.079033
v -51.643703 -52.335616 7.390026
v -50.650599 -51.843887 7.485021
v -50.100439 -52.891481 7.156229
v -51.093544 -53.383210 7.061234
v -51.152913 -53.323841 7.374578
v -50.159808 -52.832113 7.469573
v -49.655408 -53.909644 7.774128
v -50.648513 -54.401373 7.679133
v -50.766659 -54.207530 7.910868
v -49.773555 -53.715801 8.005863
v -49.450068 -54.534545 8.862161
v -50.443172 -55.026274 8.767166
v -50.588439 -54.749897 8.855198
v -49.595335 -54.258169 8.950193
v -56.531247 -58.461765 9.535983
v -55.538143 -57.970036 9.630978
v -55.959434 -57.369097 10.924593
v -56.952538 -57.860826 10.829598
v -55.671606 -57.685180 9.551719
v -56.664710 -58.176908 9.456724
v -57.038436 -57.643817 10.604286
v -56.045332 -57.152089 10.699281
v -56.584584 -56.253139 11.683484
v -57.577688 -56.744868 11.588489
v -57.593005 -56.653855 11.277496
v -56.599900 -56.162126 11.372491
v -57.246084 -54.921183 11.704306
v -58.239188 -55.412912 11.609311
v -58.179820 -55.472281 11.295967
v -57.186715 -54.980552 11.390962
v -57.766686 -53.730125 10.981480
v -58.759791 -54.221854 10.886485
v -58.641644 -54.415697 10.654751
v -57.648540 -53.923968 10.749746
v -58.006895 -52.999108 9.708687
v -59.000000 -53.490837 9.613692
v -58.854733 -53.767214 9.525660
v -57.861629 -53.275486 9.620655
v -57.902348 -52.924008 8.226970
v -58.895453 -53.415736 8.131975
v -58.761989 -53.700593 8.211234
v -57.768885 -53.208864 8.306229
v -57.481057 -53.524947 6.933355
v -58.474162 -54.016676 6.838360
v -58.388264 -54.233684 7.063672
v -57.395159 -53.741955 7.158667
v -56.855907 -54.640904 6.174464
v -57.849012 -55.132633 6.079469
v -57.833695 -55.223646 6.390462
v -56.840591 -54.731918 6.485457
v -56.194407 -55.972860 6.153642
v -57.187511 -56.464589 6.058647
v -57.246880 -56.405220 6.371991
v -56.253776 -55.913492 6.466986
v -55.673804 -57.163919 6.876468
v -56.666909 -57.655647 6.781473
v -56.785056 -57.461804 7.013207
v -55.791951 -56.970075 7.108202
v -55.433595 -57.894935 8.149261
v -56.426700 -58.386664 8.054266
v -56.571967 -58.110287 8.142298
v -55.578862 -57.618558 8.237293
v -24.936622 -36.197891 12.743186
v -27.751851 -31.416516 11.303868
v -32.250198 -30.850461 10.344322
v -24.427746 -36.706767 10.057381
v -31.741322 -31.359337 7.658517
v -27.242975 -31.925392 8.618063
v -29.762660 -35.959527 11.783641
v -29.253784 -36.468403 9.097836
v -27.528192 -33.606321 12.096985
v -30.432747 -33.978675 11.617212
v -26.917473 -35.527804 12.576757
v -26.900578 -34.233935 8.784492
v -26.289860 -36.155417 9.264265
v -29.805134 -34.606289 8.304719
v -16.989996 -42.178372 15.381937
v -21.771370 -39.363143 13.942619
v -21.533006 -44.189181 14.902164
v -16.481120 -42.687248 12.696132
v -21.024130 -44.698057 12.216359
v -21.262494 -39.872019 11.256814
v -16.423940 -46.676719 16.341483
v -15.915064 -47.185595 13.655678
v -21.220020 -41.225256 14.735735
v -19.670892 -44.740530 15.695281
v -19.298538 -41.835975 15.215508
v -20.592407 -41.852870 11.423243
v -18.670924 -42.463589 11.903015
v -19.043278 -45.368144 12.382788
v -32.881406 -45.890810 11.635085
v -32.550371 -45.726901 11.666750
v -32.866339 -45.276197 12.636961
v -33.197374 -45.440106 12.605296
v -32.683834 -45.442044 11.587491
v -33.014869 -45.605954 11.555826
v -33.283272 -45.223098 12.379984
v -32.952237 -45.059188 12.411649
v -33.335202 -44.439229 13.206129
v -33.666237 -44.603138 13.174464
v -33.681553 -44.512125 12.863471
v -33.350518 -44.348215 12.895136
v -33.831327 -43.440261 13.221746
v -34.162362 -43.604171 13.190081
v -34.102993 -43.663540 12.876737
v -33.771958 -43.499630 12.908402
v -34.221779 -42.546968 12.679627
v -34.552814 -42.710877 12.647962
v -34.434667 -42.904721 12.416227
v -34.103632 -42.740811 12.447892
v -34.401936 -41.998705 11.725032
v -34.732971 -42.162615 11.693367
v -34.587704 -42.438992 11.605335
v -34.256669 -42.275082 11.637000
v -34.323525 -41.942380 10.613744
v -34.654560 -42.106289 10.582079
v -34.521097 -42.391146 10.661338
v -34.190062 -42.227236 10.693003
v -34.007557 -42.393084 9.643533
v -34.338592 -42.556994 9.611868
v -34.252694 -42.774002 9.837180
v -33.921659 -42.610092 9.868845
v -33.538695 -43.230052 9.074365
v -33.869729 -43.393962 9.042700
v -33.854413 -43.484975 9.353693
v -33.523378 -43.321065 9.385358
v -33.042569 -44.229019 9.058748
v -33.373604 -44.392929 9.027083
v -33.432973 -44.333560 9.340427
v -33.101938 -44.169650 9.372092
v -32.652118 -45.122313 9.600868
v -32.983152 -45.286222 9.569203
v -33.101299 -45.092379 9.800937
v -32.770264 -44.928470 9.832602
v -32.471961 -45.670575 10.555462
v -32.802995 -45.834485 10.523797
v -32.948262 -45.558108 10.611829
v -32.617227 -45.394198 10.643495
v -36.338560 -47.676712 11.318435
v -36.007525 -47.512802 11.350100
v -36.323493 -47.062098 12.320311
v -36.654528 -47.226007 12.288646
v -36.140988 -47.227946 11.270841
v -36.472023 -47.391855 11.239176
v -36.740426 -47.008999 12.063334
v -36.409391 -46.845090 12.094999
v -36.792356 -46.225130 12.889479
v -37.123391 -46.389039 12.857814
v -37.138707 -46.298026 12.546821
v -36.807672 -46.134116 12.578486
v -37.288481 -45.226163 12.905096
v -37.619516 -45.390072 12.873431
v -37.560147 -45.449441 12.560087
v -37.229112 -45.285532 12.591752
v -37.678933 -44.332869 12.362976
v -38.009968 -44.496779 12.331311
v -37.891821 -44.690622 12.099577
v -37.560786 -44.526712 12.131242
v -37.859090 -43.784606 11.408382
v -38.190125 -43.948516 11.376717
v -38.044858 -44.224893 11.288684
v -37.713823 -44.060984 11.320349
v -37.780679 -43.728281 10.297094
v -38.111714 -43.892191 10.265429
v -37.978251 -44.177047 10.344688
v -37.647216 -44.013137 10.376353
v -37.464711 -44.178985 9.326883
v -37.795746 -44.342895 9.295218
v -37.709848 -44.559903 9.520530
v -37.378813 -44.395994 9.552195
v -36.995849 -45.015953 8.757715
v -37.326884 -45.179863 8.726050
v -37.311567 -45.270876 9.037043
v -36.980532 -45.106967 9.068708
v -36.499723 -46.014920 8.742098
v -36.830758 -46.178830 8.710433
v -36.890127 -46.119461 9.023777
v -36.559092 -45.955552 9.055442
v -36.109272 -46.908214 9.284217
v -36.440306 -47.072124 9.252552
v -36.558453 -46.878280 9.484287
v -36.227418 -46.714371 9.515952
v -35.929115 -47.456477 10.238812
v -36.260149 -47.620386 10.207147
v -36.405416 -47.344009 10.295179
v -36.074381 -47.180100 10.326844
v -43.252868 -51.248514 10.685135
v -42.921833 -51.084605 10.716800
v -43.237802 -50.633900 11.687011
v -43.568836 -50.797810 11.655346
v -43.055297 -50.799748 10.637541
v -43.386331 -50.963658 10.605876
v -43.654734 -50.580802 11.430034
v -43.323699 -50.416892 11.461699
v -43.706664 -49.796932 12.256179
v -44.037699 -49.960842 12.224514
v -44.053015 -49.869829 11.913521
v -43.721981 -49.705919 11.945186
v -44.202789 -48.797965 12.271796
v -44.533824 -48.961875 12.240131
v -44.474455 -49.021244 11.926787
v -44.143420 -48.857334 11.958452
v -44.593241 -47.904672 11.729676
v -44.924276 -48.068581 11.698011
v -44.806129 -48.262424 11.466277
v -44.475094 -48.098515 11.497942
v -44.773398 -47.356409 10.775081
v -45.104433 -47.520318 10.743416
v -44.959166 -47.796696 10.655384
v -44.628131 -47.632786 10.687049
v -44.694987 -47.300083 9.663794
v -45.026022 -47.463993 9.632129
v -44.892559 -47.748849 9.711388
v -44.561524 -47.584940 9.743053
v -44.379019 -47.750788 8.693583
v -44.710054 -47.914697 8.661918
v -44.624156 -48.131706 8.887229
v -44.293121 -47.967796 8.918894
v -43.910157 -48.587756 8.124415
v -44.241192 -48.751665 8.092750
v -44.225875 -48.842679 8.403743
v -43.894840 -48.678769 8.435408
v -43.414031 -49.586723 8.108798
v -43.745066 -49.750632 8.077133
v -43.804435 -49.691264 8.390477
v -43.473400 -49.527354 8.422142
v -43.023580 -50.480016 8.650917
v -43.354615 -50.643926 8.619252
v -43.472761 -50.450083 8.850987
v -43.141726 -50.286173 8.882652
v -42.843423 -51.028279 9.605512
v -43.174458 -51.192189 9.573847
v -43.319724 -50.915812 9.661879
v -42.988689 -50.751902 9.693544
v -46.710022 -53.034415 10.368484
v -46.378987 -52.870506 10.400149
v -46.694956 -52.419802 11.370361
v -47.025990 -52.583711 11.338696
v -46.512451 -52.585649 10.320891
v -46.843485 -52.749559 10.289226
v -47.111888 -52.366703 11.113384
v -46.780854 -52.202793 11.145049
v -47.163818 -51.582833 11.939529
v -47.494853 -51.746743 11.907864
v -47.510169 -51.655730 11.596871
v -47.179135 -51.491820 11.628536
v -47.659943 -50.583866 11.955146
v -47.990978 -50.747776 11.923481
v -47.931609 -50.807145 11.610137
v -47.600574 -50.643235 11.641802
v -48.050395 -49.690573 11.413026
v -48.381430 -49.854482 11.381361
v -48.263283 -50.048326 11.149627
v -47.932248 -49.884416 11.181292
v -48.230552 -49.142310 10.458431
v -48.561587 -49.306220 10.426766
v -48.416320 -49.582597 10.338734
v -48.085285 -49.418687 10.370399
v -48.152141 -49.085985 9.347144
v -48.483176 -49.249894 9.315479
v -48.349713 -49.534751 9.394737
v -48.018678 -49.370841 9.426402
v -47.836173 -49.536689 8.376933
v -48.167208 -49.700599 8.345268
v -48.081310 -49.917607 8.570579
v -47.750275 -49.753697 8.602244
v -47.367311 -50.373657 7.807764
v -47.698346 -50.537567 7.776099
v -47.683029 -50.628580 8.087093
v -47.351994 -50.464670 8.118758
v -46.871186 -51.372624 7.792148
v -47.202220 -51.536534 7.760483
v -47.261589 -51.477165 8.073827
v -46.930554 -51.313255 8.105492
v -46.480734 -52.265918 8.334267
v -46.811769 -52.429827 8.302602
v -46.929915 -52.235984 8.534337
v -46.598880 -52.072074 8.566002
v -46.300577 -52.814180 9.288862
v -46.631612 -52.978090 9.257197
v -46.776878 -52.701713 9.345229
v -46.445844 -52.537803 9.376894
v -53.624330 -56.606218 9.735184
v -53.293295 -56.442308 9.766849
v -53.609264 -55.991604 10.737061
v -53.940299 -56.155514 10.705396
v -53.426759 -56.157452 9.687591
v -53.757794 -56.321361 9.655926
v -54.026196 -55.938505 10.480084
v -53.695162 -55.774596 10.511749
v -54.078126 -55.154636 11.306229
v -54.409161 -55.318545 11.274564
v -54.424478 -55.227532 10.963571
v -54.093443 -55.063623 10.995236
v -54.574251 -54.155669 11.321845
v -54.905286 -54.319578 11.290180
v -54.845917 -54.378947 10.976836
v -54.514883 -54.215038 11.008501
v -54.964703 -53.262375 10.779726
v -55.295738 -53.426285 10.748061
v -55.177591 -53.620128 10.516326
v -54.846557 -53.456218 10.547991
v -55.144860 -52.714113 9.825131
v -55.475895 -52.878022 9.793466
v -55.330628 -53.154399 9.705434
v -54.999593 -52.990490 9.737099
v -55.066450 -52.657787 8.713844
v -55.397484 -52.821697 8.682179
v -55.264021 -53.106553 8.761437
v -54.932986 -52.942644 8.793102
v -54.750481 -53.108491 7.743632
v -55.081516 -53.272401 7.711967
v -54.995618 -53.489409 7.937279
v -54.664583 -53.325500 7.968944
v -54.281619 -53.945460 7.174464
v -54.612654 -54.109369 7.142799
v -54.597337 -54.200382 7.453792
v -54.266302 -54.036473 7.485457
v -53.785494 -54.944427 7.158848
v -54.116529 -55.108336 7.127183
v -54.175897 -55.048967 7.440527
v -53.844863 -54.885058 7.472192
v -53.395042 -55.837720 7.700967
v -53.726077 -56.001630 7.669302
v -53.844223 -55.807787 7.901037
v -53.513188 -55.643877 7.932702
v -53.214885 -56.385983 8.655562
v -53.545920 -56.549892 8.623897
v -53.691186 -56.273515 8.711929
v -53.360152 -56.109606 8.743594
g blade
f 9/3 5/2 8/1
f 7/4 56/3 9/1
f 5/7 6/6 8/5
f 7/2 57/8 55/4
f 6/6 54/6 57/6
f 56/3 71/4 9/1
f 55/4 11/10 12/9
f 49/6 17/6 18/6
f 11/6 50/6 53/6
f 61/12 64/3 60/11
f 48/15 18/14 19/13
f 12/9 53/17 51/16
f 57/6 10/6 11/6
f 2/12 52/3 14/11
f 71/4 70/11 69/12
f 70/3 12/12 67/11
f 49/6 13/6 47/6
f 16/19 49/18 48/15
f 15/6 50/6 13/6
f 14/3 48/12 64/11
f 52/3 16/12 14/11
f 61/4 59/11 62/12
f 62/4 58/21 65/20
f 51/16 15/22 16/19
f 18/14 42/23 19/13
f 19/4 59/11 60/3
f 43/6 3/6 41/6
f 17/6 41/6 18/6
f 63/12 14/3 64/11
f 68/12 70/3 67/11
f 67/3 51/12 52/11
f 6/2 9/3 8/1
f 66/12 67/3 52/11
f 27/24 25/25 29/24
f 25/25 23/25 28/25
f 22/25 25/25 28/25
f 29/25 25/25 22/25
f 24/25 29/25 22/25
f 769/28 32/27 777/26
f 21/25 23/25 25/25
f 75/31 720/30 721/29
f 35/33 719/32 720/30
f 30/34 35/35 75/34
f 722/30 30/31 723/29
f 40/38 34/37 37/36
f 44/27 37/38 33/39
f 36/36 74/41 31/40
f 32/27 46/38 36/36
f 23/25 26/25 28/25
f 35/35 76/42 77/42
f 722/45 38/44 718/43
f 46/48 717/47 715/46
f 715/46 73/50 716/49
f 39/51 712/47 713/46
f 72/50 713/46 714/49
f 41/52 4/12 42/23
f 778/28 44/27 33/39
f 42/4 58/11 59/3
f 64/3 19/12 60/11
f 7/4 70/11 56/3
f 17/14 63/15 61/13
f 69/55 10/54 54/53
f 50/58 68/57 66/56
f 17/14 62/60 43/59
f 13/22 66/56 2/19
f 43/59 65/12 1/61
f 47/18 2/19 63/15
f 71/2 54/53 5/62
f 776/64 30/63 734/63
f 775/65 72/66 714/65
f 719/67 736/68 772/67
f 770/70 717/69 771/69
f 345/71 508/71 225/71
f 249/71 470/71 491/71
f 309/71 539/71 308/71
f 276/71 514/71 513/71
f 490/71 508/71 346/71
f 223/71 492/71 472/71
f 310/71 540/71 309/71
f 277/71 515/71 514/71
f 510/71 490/71 259/71
f 332/71 473/71 252/71
f 311/71 467/71 487/71
f 279/71 531/71 530/71
f 333/71 497/71 332/71
f 281/71 519/71 271/71
f 226/71 474/71 333/71
f 543/71 542/71 305/71
f 499/71 500/71 232/71
f 274/71 533/71 287/71
f 545/71 549/71 314/71
f 247/71 553/71 210/71
f 306/71 512/71 275/71
f 334/71 498/71 331/71
f 249/71 477/71 248/71
f 307/71 513/71 535/71
f 537/71 541/71 285/71
f 250/71 493/71 492/71
f 278/71 536/71 515/71
f 287/71 554/71 211/71
f 215/71 493/71 251/71
f 268/71 536/71 348/71
f 549/71 551/71 315/71
f 288/71 520/71 247/71
f 496/71 495/71 252/71
f 330/71 517/71 310/71
f 321/71 554/71 529/71
f 289/71 521/71 288/71
f 478/71 498/71 337/71
f 546/71 545/71 322/71
f 290/71 522/71 289/71
f 216/71 494/71 215/71
f 500/71 478/71 246/71
f 323/71 547/71 322/71
f 290/71 524/71 523/71
f 324/71 548/71 323/71
f 291/71 525/71 524/71
f 505/71 509/71 257/71
f 219/71 467/71 81/71
f 292/71 526/71 525/71
f 509/71 510/71 258/71
f 220/71 468/71 219/71
f 233/71 501/71 329/71
f 293/71 527/71 526/71
f 542/71 519/71 313/71
f 221/71 471/71 470/71
f 339/71 480/71 234/71
f 551/71 550/71 320/71
f 294/71 528/71 527/71
f 352/71 528/71 295/71
f 222/71 472/71 471/71
f 339/71 481/71 502/71
f 296/71 532/71 280/71
f 279/71 544/71 352/71
f 224/71 489/71 488/71
f 340/71 503/71 481/71
f 321/71 529/71 324/71
f 226/71 553/71 474/71
f 341/71 482/71 503/71
f 342/71 504/71 482/71
f 343/71 483/71 504/71
f 329/71 552/71 209/71
f 269/71 516/71 268/71
f 550/71 532/71 326/71
f 495/71 499/71 231/71
f 485/71 505/71 238/71
f 330/71 552/71 517/71
f 234/71 479/71 233/71
f 344/71 506/71 237/71
f 541/71 543/71 286/71
f 271/71 518/71 269/71
f 236/71 483/71 235/71
f 311/71 487/71 344/71
f 331/71 476/71 216/71
f 306/71 535/71 534/71
f 224/71 484/71 236/71
f 248/71 469/71 220/71
f 538/71 537/71 308/71
f 275/71 511/71 274/71
f 237/71 486/71 238/71
f 213/71 90/71 210/71
f 212/71 89/71 90/71
f 114/71 216/71 215/71
f 218/71 91/71 217/71
f 218/71 219/71 81/71
f 82/71 219/71 218/71
f 83/71 222/71 221/71
f 84/71 223/71 222/71
f 101/71 225/71 224/71
f 213/71 210/71 226/71
f 228/71 203/71 211/71
f 229/71 106/71 107/71
f 115/71 232/71 127/71
f 96/71 234/71 233/71
f 100/71 236/71 235/71
f 101/71 224/71 236/71
f 102/71 237/71 238/71
f 240/71 204/71 239/71
f 241/71 107/71 108/71
f 243/71 205/71 118/71
f 244/71 119/71 120/71
f 127/71 246/71 128/71
f 240/71 247/71 210/71
f 111/71 248/71 94/71
f 112/71 251/71 250/71
f 113/71 215/71 251/71
f 116/71 231/71 115/71
f 253/71 120/71 121/71
f 254/71 125/71 255/71
f 255/71 126/71 256/71
f 133/71 258/71 144/71
f 144/71 259/71 145/71
f 260/71 139/71 261/71
f 261/71 140/71 262/71
f 262/71 141/71 263/71
f 263/71 142/71 264/71
f 264/71 143/71 265/71
f 267/71 135/71 266/71
f 153/71 268/71 151/71
f 243/71 88/71 270/71
f 153/71 271/71 269/71
f 273/71 157/71 272/71
f 146/71 275/71 274/71
f 148/71 277/71 276/71
f 149/71 278/71 277/71
f 170/71 280/71 279/71
f 155/71 271/71 153/71
f 272/71 158/71 282/71
f 282/71 159/71 283/71
f 284/71 81/71 104/71
f 179/71 286/71 190/71
f 273/71 287/71 211/71
f 162/71 247/71 240/71
f 162/71 289/71 288/71
f 164/71 289/71 163/71
f 164/71 291/71 290/71
f 165/71 292/71 291/71
f 166/71 293/71 292/71
f 167/71 294/71 293/71
f 168/71 295/71 294/71
f 171/71 280/71 170/71
f 297/71 173/71 298/71
f 298/71 174/71 299/71
f 299/71 175/71 300/71
f 302/71 184/71 301/71
f 303/71 186/71 187/71
f 190/71 305/71 192/71
f 176/71 307/71 306/71
f 180/71 285/71 179/71
f 180/71 309/71 308/71
f 182/71 309/71 181/71
f 104/71 81/71 311/71
f 312/71 184/71 185/71
f 192/71 313/71 191/71
f 194/71 315/71 206/71
f 316/71 199/71 200/71
f 318/71 201/71 202/71
f 227/71 202/71 203/71
f 206/71 320/71 208/71
f 228/71 211/71 321/71
f 195/71 314/71 194/71
f 195/71 323/71 322/71
f 197/71 323/71 196/71
f 317/71 198/71 199/71
f 319/71 200/71 201/71
f 208/71 326/71 207/71
f 327/71 198/71 325/71
f 302/71 143/71 183/71
f 328/71 209/71 152/71
f 260/71 209/71 138/71
f 129/71 329/71 209/71
f 152/71 209/71 330/71
f 214/71 121/71 89/71
f 114/71 331/71 216/71
f 82/71 248/71 220/71
f 111/71 221/71 249/71
f 85/71 250/71 223/71
f 116/71 332/71 252/71
f 117/71 332/71 86/71
f 117/71 226/71 333/71
f 245/71 88/71 119/71
f 122/71 331/71 87/71
f 217/71 123/71 335/71
f 335/71 92/71 336/71
f 336/71 124/71 254/71
f 267/71 126/71 93/71
f 95/71 334/71 122/71
f 128/71 337/71 95/71
f 338/71 108/71 136/71
f 284/71 136/71 109/71
f 96/71 329/71 129/71
f 130/71 234/71 97/71
f 130/71 340/71 339/71
f 98/71 341/71 340/71
f 131/71 342/71 341/71
f 99/71 343/71 342/71
f 132/71 235/71 343/71
f 102/71 257/71 133/71
f 134/71 237/71 103/71
f 134/71 311/71 344/71
f 230/71 135/71 106/71
f 137/71 225/71 105/71
f 110/71 345/71 137/71
f 145/71 346/71 110/71
f 347/71 185/71 154/71
f 328/71 187/71 156/71
f 146/71 287/71 273/71
f 176/71 275/71 147/71
f 177/71 276/71 307/71
f 150/71 348/71 278/71
f 178/71 268/71 348/71
f 182/71 330/71 310/71
f 304/71 154/71 186/71
f 283/71 188/71 349/71
f 349/71 160/71 350/71
f 350/71 189/71 351/71
f 327/71 189/71 161/71
f 191/71 281/71 155/71
f 169/71 352/71 295/71
f 170/71 352/71 193/71
f 197/71 321/71 324/71
f 239/71 172/71 297/71
f 300/71 205/71 242/71
f 207/71 296/71 171/71
f 568/71 508/71 687/71
f 491/71 470/71 592/71
f 650/71 539/71 651/71
f 513/71 514/71 618/71
f 688/71 508/71 490/71
f 472/71 492/71 566/71
f 651/71 540/71 652/71
f 514/71 515/71 619/71
f 602/71 490/71 510/71
f 595/71 473/71 674/71
f 487/71 467/71 653/71
f 530/71 531/71 621/71
f 674/71 497/71 675/71
f 614/71 519/71 623/71
f 675/71 474/71 569/71
f 647/71 542/71 543/71
f 575/71 500/71 499/71
f 629/71 533/71 616/71
f 656/71 549/71 545/71
f 358/71 553/71 590/71
f 617/71 512/71 648/71
f 673/71 498/71 676/71
f 591/71 477/71 592/71
f 535/71 513/71 649/71
f 627/71 541/71 537/71
f 492/71 493/71 593/71
f 515/71 536/71 620/71
f 466/71 554/71 629/71
f 594/71 493/71 558/71
f 690/71 536/71 611/71
f 657/71 551/71 549/71
f 590/71 520/71 630/71
f 595/71 495/71 496/71
f 652/71 517/71 672/71
f 529/71 554/71 663/71
f 630/71 521/71 631/71
f 679/71 498/71 478/71
f 664/71 545/71 546/71
f 631/71 522/71 632/71
f 558/71 494/71 559/71
f 589/71 478/71 500/71
f 664/71 547/71 665/71
f 523/71 524/71 632/71
f 665/71 548/71 666/71
f 524/71 525/71 633/71
f 600/71 509/71 505/71
f 707/71 467/71 562/71
f 525/71 526/71 634/71
f 601/71 510/71 509/71
f 562/71 468/71 563/71
f 671/71 501/71 576/71
f 526/71 527/71 635/71
f 655/71 519/71 542/71
f 470/71 471/71 564/71
f 577/71 480/71 681/71
f 662/71 550/71 551/71
f 527/71 528/71 636/71
f 637/71 528/71 694/71
f 471/71 472/71 565/71
f 502/71 481/71 681/71
f 622/71 532/71 638/71
f 694/71 544/71 621/71
f 488/71 489/71 567/71
f 481/71 503/71 682/71
f 666/71 529/71 663/71
f 474/71 553/71 569/71
f 503/71 482/71 683/71
f 482/71 504/71 684/71
f 504/71 483/71 685/71
f 365/71 552/71 671/71
f 611/71 516/71 612/71
f 668/71 532/71 550/71
f 574/71 499/71 495/71
f 581/71 505/71 485/71
f 517/71 552/71 672/71
f 576/71 479/71 577/71
f 580/71 506/71 686/71
f 628/71 543/71 541/71
f 612/71 518/71 614/71
f 578/71 483/71 579/71
f 686/71 487/71 653/71
f 559/71 476/71 673/71
f 534/71 535/71 648/71
f 579/71 484/71 567/71
f 563/71 469/71 591/71
f 650/71 537/71 538/71
f 616/71 511/71 617/71
f 581/71 486/71 580/71
f 358/71 362/71 556/71
f 362/71 361/71 555/71
f 558/71 559/71 381/71
f 560/71 695/71 561/71
f 707/71 562/71 561/71
f 561/71 562/71 353/71
f 564/71 565/71 354/71
f 565/71 566/71 355/71
f 567/71 568/71 371/71
f 569/71 358/71 556/71
f 466/71 461/71 571/71
f 699/71 698/71 572/71
f 391/71 575/71 382/71
f 576/71 577/71 366/71
f 578/71 579/71 370/71
f 579/71 567/71 371/71
f 581/71 580/71 372/71
f 582/71 711/71 583/71
f 700/71 699/71 584/71
f 385/71 462/71 586/71
f 390/71 386/71 587/71
f 392/71 589/71 391/71
f 358/71 590/71 583/71
f 363/71 591/71 378/71
f 593/71 594/71 379/71
f 594/71 558/71 380/71
f 382/71 574/71 383/71
f 387/71 390/71 596/71
f 598/71 703/71 597/71
f 599/71 704/71 598/71
f 406/71 601/71 397/71
f 407/71 602/71 406/71
f 604/71 401/71 603/71
f 605/71 402/71 604/71
f 606/71 403/71 605/71
f 607/71 404/71 606/71
f 608/71 405/71 607/71
f 609/71 705/71 610/71
f 611/71 612/71 399/71
f 613/71 360/71 586/71
f 612/71 614/71 399/71
f 417/71 466/71 615/71
f 616/71 617/71 408/71
f 618/71 619/71 410/71
f 619/71 620/71 411/71
f 621/71 622/71 429/71
f 399/71 614/71 415/71
f 624/71 418/71 615/71
f 625/71 419/71 624/71
f 374/71 707/71 626/71
f 449/71 628/71 439/71
f 466/71 629/71 435/71
f 583/71 590/71 421/71
f 630/71 631/71 421/71
f 422/71 631/71 423/71
f 632/71 633/71 423/71
f 633/71 634/71 424/71
f 634/71 635/71 425/71
f 635/71 636/71 426/71
f 636/71 637/71 427/71
f 429/71 622/71 430/71
f 640/71 432/71 639/71
f 641/71 433/71 640/71
f 642/71 434/71 641/71
f 643/71 444/71 644/71
f 446/71 709/71 645/71
f 451/71 647/71 449/71
f 648/71 649/71 436/71
f 439/71 627/71 440/71
f 650/71 651/71 440/71
f 441/71 651/71 442/71
f 653/71 707/71 374/71
f 445/71 444/71 654/71
f 450/71 655/71 451/71
f 463/71 657/71 453/71
f 710/71 458/71 658/71
f 460/71 459/71 660/71
f 461/71 460/71 570/71
f 465/71 662/71 463/71
f 663/71 466/71 571/71
f 453/71 656/71 454/71
f 664/71 665/71 454/71
f 455/71 665/71 456/71
f 458/71 457/71 659/71
f 459/71 710/71 661/71
f 464/71 668/71 465/71
f 667/71 457/71 669/71
f 443/71 405/71 644/71
f 413/71 365/71 670/71
f 376/71 365/71 603/71
f 365/71 671/71 393/71
f 672/71 365/71 413/71
f 361/71 387/71 557/71
f 559/71 673/71 381/71
f 563/71 591/71 353/71
f 592/71 564/71 378/71
f 566/71 593/71 356/71
f 595/71 674/71 383/71
f 357/71 674/71 384/71
f 675/71 569/71 384/71
f 386/71 360/71 588/71
f 359/71 673/71 388/71
f 677/71 389/71 560/71
f 678/71 696/71 677/71
f 597/71 702/71 678/71
f 697/71 704/71 610/71
f 388/71 676/71 364/71
f 364/71 679/71 392/71
f 706/71 700/71 680/71
f 701/71 706/71 626/71
f 393/71 671/71 366/71
f 367/71 577/71 394/71
f 681/71 682/71 394/71
f 682/71 683/71 368/71
f 683/71 684/71 395/71
f 684/71 685/71 369/71
f 685/71 578/71 396/71
f 397/71 600/71 372/71
f 373/71 580/71 398/71
f 686/71 653/71 398/71
f 698/71 705/71 573/71
f 375/71 568/71 400/71
f 400/71 687/71 377/71
f 377/71 688/71 407/71
f 414/71 445/71 689/71
f 416/71 446/71 670/71
f 435/71 629/71 408/71
f 409/71 617/71 436/71
f 649/71 618/71 437/71
f 620/71 690/71 412/71
f 690/71 611/71 438/71
f 652/71 672/71 442/71
f 709/71 414/71 646/71
f 691/71 447/71 625/71
f 692/71 708/71 691/71
f 693/71 448/71 692/71
f 420/71 448/71 669/71
f 415/71 623/71 450/71
f 637/71 694/71 428/71
f 452/71 694/71 429/71
f 666/71 663/71 456/71
f 639/71 431/71 582/71
f 585/71 462/71 642/71
f 430/71 638/71 464/71
f 123/72 695/72 389/72
f 124/72 703/72 125/72
f 125/72 704/72 126/72
f 123/72 696/72 92/72
f 93/72 705/72 135/72
f 124/72 696/72 702/72
f 126/72 697/72 93/72
f 135/72 698/72 106/72
f 108/72 699/72 700/72
f 106/72 699/72 107/72
f 108/72 706/72 136/72
f 109/72 707/72 81/72
f 136/72 701/72 109/72
f 203/72 460/72 461/72
f 203/72 466/72 211/72
f 183/72 444/72 184/72
f 154/72 709/72 186/72
f 187/72 709/72 446/72
f 89/72 387/72 361/72
f 118/72 360/72 88/72
f 188/72 419/72 447/72
f 188/72 708/72 160/72
f 210/72 362/72 358/72
f 121/72 390/72 387/72
f 189/72 708/72 448/72
f 89/72 362/72 90/72
f 189/72 420/72 161/72
f 199/72 457/72 458/72
f 185/72 414/72 154/72
f 201/72 710/72 459/72
f 187/72 416/72 156/72
f 184/72 445/72 185/72
f 139/72 376/72 401/72
f 161/72 457/72 198/72
f 118/72 462/72 385/72
f 119/72 360/72 386/72
f 140/72 401/72 402/72
f 183/72 405/72 443/72
f 119/72 390/72 120/72
f 157/72 418/72 158/72
f 172/72 711/72 431/72
f 141/72 402/72 403/72
f 173/72 431/72 432/72
f 156/72 365/72 209/72
f 159/72 418/72 419/72
f 205/72 434/72 462/72
f 199/72 710/72 200/72
f 142/72 403/72 404/72
f 174/72 432/72 433/72
f 201/72 460/72 202/72
f 143/72 404/72 405/72
f 174/72 434/72 175/72
f 466/72 157/72 211/72
f 210/72 711/72 204/72
f 81/72 695/72 91/72
f 209/72 376/72 138/72
f 771/69 78/73 769/73
f 774/74 714/65 44/74
f 714/49 40/48 44/75
f 40/48 712/47 80/28
f 46/48 716/49 74/75
f 45/51 717/47 38/76
f 79/77 772/78 770/77
f 773/80 723/79 776/79
f 733/33 718/32 76/81
f 45/84 723/83 73/82
f 720/45 79/44 39/84
f 721/83 39/84 72/82
f 303/87 328/86 181/85
f 654/90 438/89 415/88
f 725/93 29/92 24/91
f 28/96 724/95 22/94
f 22/94 725/93 24/91
f 733/99 726/98 730/97
f 727/100 733/99 730/97
f 733/99 732/102 729/101
f 726/98 733/99 729/101
f 732/101 750/103 729/102
f 730/97 734/104 727/100
f 746/107 730/106 726/105
f 746/107 729/109 750/108
f 727/100 741/111 739/110
f 733/99 738/112 732/102
f 727/100 737/113 733/99
f 736/103 738/112 743/114
f 731/100 742/113 744/110
f 736/103 745/112 728/102
f 735/99 745/112 742/113
f 731/100 741/111 734/104
f 728/102 735/99 740/101
f 746/107 749/109 747/108
f 735/99 731/100 749/97
f 750/104 728/97 740/100
f 749/101 734/103 747/115
f 735/99 748/98 740/101
f 748/98 735/99 749/97
f 746/107 740/106 748/105
f 755/116 763/116 754/116
f 752/116 760/117 751/117
f 759/117 767/116 758/116
f 756/118 764/116 755/116
f 753/118 761/116 752/116
f 756/118 766/118 765/118
f 754/118 762/118 753/118
f 758/116 766/118 757/118
f 38/77 772/78 718/78
f 80/73 771/69 769/73
f 712/69 770/70 771/69
f 718/67 736/68 76/68
f 773/80 721/79 72/80
f 716/65 774/74 74/74
f 73/66 775/65 716/65
f 776/64 75/63 721/64
f 34/37 769/75 777/119
f 74/37 778/75 31/120
f 787/123 786/122 788/121
f 789/123 785/124 790/121
f 780/125 788/121 784/124
f 779/126 790/121 783/122
f 9/3 71/4 5/2
f 7/2 6/62 57/8
f 6/6 5/7 54/6
f 55/4 57/8 11/10
f 49/6 47/6 17/6
f 11/6 10/6 50/6
f 61/12 63/4 64/3
f 48/15 49/18 18/14
f 12/9 11/10 53/17
f 57/6 54/6 10/6
f 2/12 66/4 52/3
f 71/4 56/3 70/11
f 70/3 55/4 12/12
f 49/6 15/6 13/6
f 16/19 15/22 49/18
f 15/6 53/6 50/6
f 14/3 16/4 48/12
f 52/3 51/4 16/12
f 61/4 60/3 59/11
f 62/4 59/3 58/21
f 51/16 53/17 15/22
f 18/14 41/52 42/23
f 19/4 42/12 59/11
f 43/6 1/6 3/6
f 17/6 43/6 41/6
f 63/12 2/4 14/3
f 68/12 69/4 70/3
f 67/3 12/4 51/12
f 6/2 7/4 9/3
f 66/12 68/4 67/3
f 27/24 21/25 25/25
f 769/28 78/39 32/27
f 21/25 20/25 23/25
f 75/31 35/33 720/30
f 35/33 77/81 719/32
f 30/34 733/35 35/35
f 722/30 733/33 30/31
f 40/38 80/120 34/37
f 44/27 40/36 37/38
f 36/36 46/38 74/41
f 32/27 78/39 46/38
f 23/25 20/25 26/25
f 35/35 733/35 76/42
f 722/45 45/84 38/44
f 46/48 78/28 717/47
f 715/46 45/51 73/50
f 39/51 79/76 712/47
f 72/50 39/51 713/46
f 41/52 3/61 4/12
f 778/28 774/26 44/27
f 42/4 4/12 58/11
f 64/3 48/4 19/12
f 7/4 55/12 70/11
f 17/14 47/18 63/15
f 69/55 68/57 10/54
f 50/58 10/54 68/57
f 17/14 61/13 62/60
f 13/22 50/58 66/56
f 43/59 62/60 65/12
f 47/18 13/22 2/19
f 71/2 69/55 54/53
f 776/64 723/64 30/63
f 775/65 773/66 72/66
f 719/67 77/68 736/68
f 770/70 38/70 717/69
f 508/71 489/71 225/71
f 249/71 221/71 470/71
f 539/71 538/71 308/71
f 276/71 277/71 514/71
f 508/71 345/71 346/71
f 223/71 250/71 492/71
f 540/71 539/71 309/71
f 277/71 278/71 515/71
f 490/71 346/71 259/71
f 473/71 496/71 252/71
f 311/71 81/71 467/71
f 279/71 280/71 531/71
f 497/71 473/71 332/71
f 519/71 518/71 271/71
f 474/71 497/71 333/71
f 542/71 313/71 305/71
f 500/71 246/71 232/71
f 274/71 511/71 533/71
f 549/71 315/71 314/71
f 247/71 520/71 553/71
f 306/71 534/71 512/71
f 498/71 476/71 331/71
f 249/71 491/71 477/71
f 307/71 276/71 513/71
f 541/71 286/71 285/71
f 250/71 251/71 493/71
f 278/71 348/71 536/71
f 287/71 533/71 554/71
f 215/71 494/71 493/71
f 268/71 516/71 536/71
f 551/71 320/71 315/71
f 288/71 521/71 520/71
f 495/71 231/71 252/71
f 517/71 540/71 310/71
f 321/71 211/71 554/71
f 289/71 522/71 521/71
f 498/71 334/71 337/71
f 545/71 314/71 322/71
f 290/71 523/71 522/71
f 216/71 475/71 494/71
f 478/71 337/71 246/71
f 547/71 546/71 322/71
f 290/71 291/71 524/71
f 548/71 547/71 323/71
f 291/71 292/71 525/71
f 509/71 258/71 257/71
f 219/71 468/71 467/71
f 292/71 293/71 526/71
f 510/71 259/71 258/71
f 220/71 469/71 468/71
f 233/71 479/71 501/71
f 293/71 294/71 527/71
f 519/71 281/71 313/71
f 221/71 222/71 471/71
f 339/71 502/71 480/71
f 550/71 326/71 320/71
f 294/71 295/71 528/71
f 352/71 544/71 528/71
f 222/71 223/71 472/71
f 339/71 340/71 481/71
f 532/71 531/71 280/71
f 279/71 530/71 544/71
f 224/71 225/71 489/71
f 340/71 341/71 503/71
f 529/71 548/71 324/71
f 226/71 210/71 553/71
f 341/71 342/71 482/71
f 342/71 343/71 504/71
f 343/71 235/71 483/71
f 329/71 501/71 552/71
f 269/71 507/71 516/71
f 532/71 296/71 326/71
f 499/71 232/71 231/71
f 505/71 257/71 238/71
f 330/71 209/71 552/71
f 234/71 480/71 479/71
f 506/71 486/71 237/71
f 543/71 305/71 286/71
f 518/71 507/71 269/71
f 236/71 484/71 483/71
f 487/71 506/71 344/71
f 476/71 475/71 216/71
f 306/71 307/71 535/71
f 224/71 488/71 484/71
f 248/71 477/71 469/71
f 537/71 285/71 308/71
f 275/71 512/71 511/71
f 486/71 485/71 238/71
f 213/71 212/71 90/71
f 212/71 214/71 89/71
f 218/71 81/71 91/71
f 82/71 220/71 219/71
f 83/71 84/71 222/71
f 84/71 85/71 223/71
f 101/71 105/71 225/71
f 228/71 227/71 203/71
f 229/71 230/71 106/71
f 115/71 231/71 232/71
f 96/71 97/71 234/71
f 100/71 101/71 236/71
f 102/71 103/71 237/71
f 240/71 210/71 204/71
f 241/71 229/71 107/71
f 243/71 242/71 205/71
f 244/71 245/71 119/71
f 127/71 232/71 246/71
f 111/71 249/71 248/71
f 112/71 113/71 251/71
f 113/71 114/71 215/71
f 116/71 252/71 231/71
f 253/71 244/71 120/71
f 254/71 124/71 125/71
f 255/71 125/71 126/71
f 133/71 257/71 258/71
f 144/71 258/71 259/71
f 260/71 138/71 139/71
f 261/71 139/71 140/71
f 262/71 140/71 141/71
f 263/71 141/71 142/71
f 264/71 142/71 143/71
f 267/71 93/71 135/71
f 153/71 269/71 268/71
f 243/71 118/71 88/71
f 273/71 211/71 157/71
f 146/71 147/71 275/71
f 148/71 149/71 277/71
f 149/71 150/71 278/71
f 155/71 281/71 271/71
f 272/71 157/71 158/71
f 282/71 158/71 159/71
f 284/71 109/71 81/71
f 179/71 285/71 286/71
f 162/71 288/71 247/71
f 162/71 163/71 289/71
f 164/71 290/71 289/71
f 164/71 165/71 291/71
f 165/71 166/71 292/71
f 166/71 167/71 293/71
f 167/71 168/71 294/71
f 168/71 169/71 295/71
f 171/71 296/71 280/71
f 297/71 172/71 173/71
f 298/71 173/71 174/71
f 299/71 174/71 175/71
f 302/71 183/71 184/71
f 303/71 304/71 186/71
f 190/71 286/71 305/71
f 176/71 177/71 307/71
f 180/71 308/71 285/71
f 180/71 181/71 309/71
f 182/71 310/71 309/71
f 312/71 301/71 184/71
f 192/71 305/71 313/71
f 194/71 314/71 315/71
f 316/71 317/71 199/71
f 318/71 319/71 201/71
f 227/71 318/71 202/71
f 206/71 315/71 320/71
f 195/71 322/71 314/71
f 195/71 196/71 323/71
f 197/71 324/71 323/71
f 317/71 325/71 198/71
f 319/71 316/71 200/71
f 208/71 320/71 326/71
f 327/71 161/71 198/71
f 302/71 265/71 143/71
f 328/71 156/71 209/71
f 260/71 129/71 209/71
f 214/71 253/71 121/71
f 114/71 87/71 331/71
f 82/71 94/71 248/71
f 111/71 83/71 221/71
f 85/71 112/71 250/71
f 116/71 86/71 332/71
f 117/71 333/71 332/71
f 117/71 213/71 226/71
f 245/71 270/71 88/71
f 122/71 334/71 331/71
f 217/71 91/71 123/71
f 335/71 123/71 92/71
f 336/71 92/71 124/71
f 267/71 256/71 126/71
f 95/71 337/71 334/71
f 128/71 246/71 337/71
f 338/71 241/71 108/71
f 284/71 338/71 136/71
f 96/71 233/71 329/71
f 130/71 339/71 234/71
f 130/71 98/71 340/71
f 98/71 131/71 341/71
f 131/71 99/71 342/71
f 99/71 132/71 343/71
f 132/71 100/71 235/71
f 102/71 238/71 257/71
f 134/71 344/71 237/71
f 134/71 104/71 311/71
f 230/71 266/71 135/71
f 137/71 345/71 225/71
f 110/71 346/71 345/71
f 145/71 259/71 346/71
f 347/71 312/71 185/71
f 328/71 303/71 187/71
f 146/71 274/71 287/71
f 176/71 306/71 275/71
f 177/71 148/71 276/71
f 150/71 178/71 348/71
f 178/71 151/71 268/71
f 182/71 152/71 330/71
f 304/71 347/71 154/71
f 283/71 159/71 188/71
f 349/71 188/71 160/71
f 350/71 160/71 189/71
f 327/71 351/71 189/71
f 191/71 313/71 281/71
f 169/71 193/71 352/71
f 170/71 279/71 352/71
f 197/71 228/71 321/71
f 239/71 204/71 172/71
f 300/71 175/71 205/71
f 207/71 326/71 296/71
f 568/71 489/71 508/71
f 470/71 564/71 592/71
f 650/71 538/71 539/71
f 514/71 619/71 618/71
f 688/71 687/71 508/71
f 492/71 593/71 566/71
f 651/71 539/71 540/71
f 515/71 620/71 619/71
f 602/71 688/71 490/71
f 595/71 496/71 473/71
f 467/71 707/71 653/71
f 531/71 622/71 621/71
f 674/71 473/71 497/71
f 614/71 518/71 519/71
f 675/71 497/71 474/71
f 647/71 655/71 542/71
f 575/71 589/71 500/71
f 533/71 511/71 616/71
f 656/71 657/71 549/71
f 553/71 520/71 590/71
f 512/71 534/71 648/71
f 673/71 476/71 498/71
f 477/71 491/71 592/71
f 513/71 618/71 649/71
f 627/71 628/71 541/71
f 493/71 594/71 593/71
f 536/71 690/71 620/71
f 554/71 533/71 629/71
f 493/71 494/71 558/71
f 536/71 516/71 611/71
f 657/71 662/71 551/71
f 520/71 521/71 630/71
f 595/71 574/71 495/71
f 652/71 540/71 517/71
f 554/71 466/71 663/71
f 521/71 522/71 631/71
f 679/71 676/71 498/71
f 664/71 656/71 545/71
f 522/71 523/71 632/71
f 494/71 475/71 559/71
f 589/71 679/71 478/71
f 664/71 546/71 547/71
f 524/71 633/71 632/71
f 665/71 547/71 548/71
f 525/71 634/71 633/71
f 600/71 601/71 509/71
f 467/71 468/71 562/71
f 526/71 635/71 634/71
f 601/71 602/71 510/71
f 468/71 469/71 563/71
f 501/71 479/71 576/71
f 527/71 636/71 635/71
f 655/71 623/71 519/71
f 471/71 565/71 564/71
f 480/71 502/71 681/71
f 662/71 668/71 550/71
f 528/71 637/71 636/71
f 528/71 544/71 694/71
f 472/71 566/71 565/71
f 481/71 682/71 681/71
f 622/71 531/71 532/71
f 544/71 530/71 621/71
f 489/71 568/71 567/71
f 503/71 683/71 682/71
f 666/71 548/71 529/71
f 553/71 358/71 569/71
f 482/71 684/71 683/71
f 504/71 685/71 684/71
f 483/71 578/71 685/71
f 552/71 501/71 671/71
f 516/71 507/71 612/71
f 668/71 638/71 532/71
f 574/71 575/71 499/71
f 581/71 600/71 505/71
f 552/71 365/71 672/71
f 479/71 480/71 577/71
f 580/71 486/71 506/71
f 628/71 647/71 543/71
f 612/71 507/71 518/71
f 483/71 484/71 579/71
f 686/71 506/71 487/71
f 559/71 475/71 476/71
f 535/71 649/71 648/71
f 484/71 488/71 567/71
f 469/71 477/71 591/71
f 650/71 627/71 537/71
f 511/71 512/71 617/71
f 581/71 485/71 486/71
f 362/71 555/71 556/71
f 361/71 557/71 555/71
f 695/71 707/71 561/71
f 562/71 563/71 353/71
f 565/71 355/71 354/71
f 566/71 356/71 355/71
f 568/71 375/71 371/71
f 461/71 570/71 571/71
f 698/71 573/71 572/71
f 575/71 574/71 382/71
f 577/71 367/71 366/71
f 579/71 371/71 370/71
f 580/71 373/71 372/71
f 711/71 358/71 583/71
f 699/71 572/71 584/71
f 462/71 585/71 586/71
f 386/71 588/71 587/71
f 589/71 575/71 391/71
f 591/71 592/71 378/71
f 594/71 380/71 379/71
f 558/71 381/71 380/71
f 574/71 595/71 383/71
f 390/71 587/71 596/71
f 703/71 702/71 597/71
f 704/71 703/71 598/71
f 601/71 600/71 397/71
f 602/71 601/71 406/71
f 401/71 376/71 603/71
f 402/71 401/71 604/71
f 403/71 402/71 605/71
f 404/71 403/71 606/71
f 405/71 404/71 607/71
f 705/71 697/71 610/71
f 360/71 385/71 586/71
f 466/71 435/71 615/71
f 617/71 409/71 408/71
f 619/71 411/71 410/71
f 620/71 412/71 411/71
f 614/71 623/71 415/71
f 418/71 417/71 615/71
f 419/71 418/71 624/71
f 707/71 701/71 626/71
f 628/71 627/71 439/71
f 590/71 630/71 421/71
f 631/71 422/71 421/71
f 631/71 632/71 423/71
f 633/71 424/71 423/71
f 634/71 425/71 424/71
f 635/71 426/71 425/71
f 636/71 427/71 426/71
f 637/71 428/71 427/71
f 622/71 638/71 430/71
f 432/71 431/71 639/71
f 433/71 432/71 640/71
f 434/71 433/71 641/71
f 444/71 443/71 644/71
f 709/71 646/71 645/71
f 647/71 628/71 449/71
f 649/71 437/71 436/71
f 627/71 650/71 440/71
f 651/71 441/71 440/71
f 651/71 652/71 442/71
f 444/71 643/71 654/71
f 655/71 647/71 451/71
f 657/71 656/71 453/71
f 458/71 659/71 658/71
f 459/71 661/71 660/71
f 460/71 660/71 570/71
f 662/71 657/71 463/71
f 656/71 664/71 454/71
f 665/71 455/71 454/71
f 665/71 666/71 456/71
f 457/71 667/71 659/71
f 710/71 658/71 661/71
f 668/71 662/71 465/71
f 457/71 420/71 669/71
f 405/71 608/71 644/71
f 365/71 416/71 670/71
f 365/71 393/71 603/71
f 387/71 596/71 557/71
f 673/71 359/71 381/71
f 591/71 363/71 353/71
f 564/71 354/71 378/71
f 593/71 379/71 356/71
f 674/71 357/71 383/71
f 674/71 675/71 384/71
f 569/71 556/71 384/71
f 360/71 613/71 588/71
f 673/71 676/71 388/71
f 389/71 695/71 560/71
f 696/71 389/71 677/71
f 702/71 696/71 678/71
f 704/71 599/71 610/71
f 676/71 679/71 364/71
f 679/71 589/71 392/71
f 700/71 584/71 680/71
f 706/71 680/71 626/71
f 671/71 576/71 366/71
f 577/71 681/71 394/71
f 682/71 368/71 394/71
f 683/71 395/71 368/71
f 684/71 369/71 395/71
f 685/71 396/71 369/71
f 578/71 370/71 396/71
f 600/71 581/71 372/71
f 580/71 686/71 398/71
f 653/71 374/71 398/71
f 705/71 609/71 573/71
f 568/71 687/71 400/71
f 687/71 688/71 377/71
f 688/71 602/71 407/71
f 445/71 654/71 689/71
f 446/71 645/71 670/71
f 629/71 616/71 408/71
f 617/71 648/71 436/71
f 618/71 410/71 437/71
f 690/71 438/71 412/71
f 611/71 399/71 438/71
f 672/71 413/71 442/71
f 414/71 689/71 646/71
f 447/71 419/71 625/71
f 708/71 447/71 691/71
f 448/71 708/71 692/71
f 448/71 693/71 669/71
f 623/71 655/71 450/71
f 694/71 452/71 428/71
f 694/71 621/71 429/71
f 663/71 571/71 456/71
f 431/71 711/71 582/71
f 462/71 434/71 642/71
f 638/71 668/71 464/71
f 123/72 91/72 695/72
f 124/72 702/72 703/72
f 125/72 703/72 704/72
f 123/72 389/72 696/72
f 93/72 697/72 705/72
f 124/72 92/72 696/72
f 126/72 704/72 697/72
f 135/72 705/72 698/72
f 108/72 107/72 699/72
f 106/72 698/72 699/72
f 108/72 700/72 706/72
f 109/72 701/72 707/72
f 136/72 706/72 701/72
f 203/72 202/72 460/72
f 203/72 461/72 466/72
f 183/72 443/72 444/72
f 154/72 414/72 709/72
f 187/72 186/72 709/72
f 89/72 121/72 387/72
f 118/72 385/72 360/72
f 188/72 159/72 419/72
f 188/72 447/72 708/72
f 210/72 90/72 362/72
f 121/72 120/72 390/72
f 189/72 160/72 708/72
f 89/72 361/72 362/72
f 189/72 448/72 420/72
f 199/72 198/72 457/72
f 185/72 445/72 414/72
f 201/72 200/72 710/72
f 187/72 446/72 416/72
f 184/72 444/72 445/72
f 139/72 138/72 376/72
f 161/72 420/72 457/72
f 118/72 205/72 462/72
f 119/72 88/72 360/72
f 140/72 139/72 401/72
f 183/72 143/72 405/72
f 119/72 386/72 390/72
f 157/72 417/72 418/72
f 172/72 204/72 711/72
f 141/72 140/72 402/72
f 173/72 172/72 431/72
f 156/72 416/72 365/72
f 159/72 158/72 418/72
f 205/72 175/72 434/72
f 199/72 458/72 710/72
f 142/72 141/72 403/72
f 174/72 173/72 432/72
f 201/72 459/72 460/72
f 143/72 142/72 404/72
f 174/72 433/72 434/72
f 466/72 417/72 157/72
f 210/72 358/72 711/72
f 81/72 707/72 695/72
f 209/72 365/72 376/72
f 771/69 717/69 78/73
f 774/74 775/65 714/65
f 714/49 713/46 40/48
f 40/48 713/46 712/47
f 46/48 715/46 716/49
f 45/51 715/46 717/47
f 79/77 719/78 772/78
f 773/80 73/80 723/79
f 733/33 722/30 718/32
f 45/84 722/45 723/83
f 720/45 719/43 79/44
f 721/83 720/45 39/84
f 212/129 213/128 117/127
f 117/127 86/130 212/129
f 86/130 116/132 214/131
f 116/132 115/134 253/133
f 115/134 127/135 253/133
f 127/135 128/137 244/136
f 128/137 95/138 244/136
f 122/141 87/140 114/139
f 95/138 122/141 245/142
f 244/136 95/138 245/142
f 86/130 214/131 212/129
f 253/133 214/131 116/132
f 253/133 127/135 244/136
f 122/141 114/139 113/143
f 113/143 112/145 255/144
f 112/145 85/147 254/146
f 85/147 84/148 254/146
f 84/148 83/150 336/149
f 254/146 84/148 336/149
f 83/150 111/151 336/149
f 111/151 94/153 335/152
f 336/149 111/151 335/152
f 94/153 82/155 217/154
f 82/155 218/156 217/154
f 217/154 335/152 94/153
f 122/141 113/143 255/144
f 112/145 254/146 255/144
f 245/142 122/141 255/144
f 242/159 243/158 270/157
f 270/157 245/142 255/144
f 242/159 270/157 256/160
f 270/157 255/144 256/160
f 256/160 267/162 266/161
f 300/164 242/159 325/163
f 242/159 256/160 266/161
f 242/159 266/161 325/163
f 266/161 230/166 265/165
f 300/164 325/163 317/167
f 240/170 239/169 162/168
f 239/169 297/172 163/171
f 163/171 162/168 239/169
f 165/175 164/174 298/173
f 164/174 163/171 297/172
f 167/178 166/177 299/176
f 166/177 165/175 298/173
f 299/176 166/177 298/173
f 169/180 168/179 300/164
f 168/179 167/178 299/176
f 300/164 168/179 299/176
f 170/182 193/181 169/180
f 208/185 207/184 316/183
f 207/184 171/186 317/167
f 316/183 207/184 317/167
f 171/186 170/182 169/180
f 164/174 297/172 298/173
f 171/186 169/180 300/164
f 206/187 208/185 316/183
f 195/190 194/189 319/188
f 194/189 206/187 319/188
f 197/193 196/192 227/191
f 196/192 195/190 318/194
f 227/191 228/195 197/193
f 318/194 227/191 196/192
f 206/187 316/183 319/188
f 195/190 319/188 318/194
f 171/186 300/164 317/167
f 325/163 266/161 351/196
f 230/166 229/198 110/197
f 351/196 327/199 325/163
f 351/196 266/161 265/165
f 265/165 230/166 264/200
f 350/202 351/196 301/201
f 349/204 350/202 150/203
f 264/200 230/166 137/205
f 338/208 284/207 103/206
f 284/207 104/210 134/209
f 103/206 284/207 134/209
f 103/206 102/211 338/208
f 102/211 133/213 241/212
f 338/208 102/211 241/212
f 133/213 144/214 241/212
f 144/214 145/215 229/198
f 145/215 110/197 229/198
f 110/197 137/205 230/166
f 137/205 105/217 100/216
f 105/217 101/218 100/216
f 100/216 132/219 264/200
f 132/219 99/221 263/220
f 144/214 229/198 241/212
f 137/205 100/216 264/200
f 132/219 263/220 264/200
f 99/221 131/222 263/220
f 131/222 98/224 262/223
f 98/224 130/225 262/223
f 130/225 97/227 261/226
f 97/227 96/229 260/228
f 261/226 97/227 260/228
f 96/229 129/230 260/228
f 262/223 130/225 261/226
f 351/196 265/165 301/201
f 131/222 262/223 263/220
f 265/165 302/231 301/201
f 283/233 349/204 148/232
f 350/202 301/201 312/234
f 350/202 312/234 178/235
f 273/238 272/237 146/236
f 272/237 282/240 147/239
f 146/236 272/237 147/239
f 350/202 178/235 150/203
f 312/234 347/242 191/241
f 155/243 312/234 191/241
f 282/240 283/233 176/244
f 176/244 147/239 282/240
f 148/232 177/245 283/233
f 177/245 176/244 283/233
f 150/203 149/246 349/204
f 149/246 148/232 349/204
f 153/248 151/247 178/235
f 312/234 155/243 178/235
f 347/242 304/250 190/249
f 155/243 153/248 178/235
f 192/251 191/241 347/242
f 179/252 190/249 304/250
f 190/249 192/251 347/242
f 181/85 180/253 303/87
f 180/253 179/252 304/250
f 303/87 180/253 304/250
f 152/255 182/254 328/86
f 182/254 181/85 328/86
f 384/258 556/257 555/256
f 555/256 357/259 384/258
f 557/261 383/260 357/259
f 596/263 382/262 383/260
f 596/263 391/264 382/262
f 587/266 392/265 391/264
f 587/266 364/267 392/265
f 381/270 359/269 388/268
f 588/271 388/268 364/267
f 588/271 364/267 587/266
f 555/256 557/261 357/259
f 383/260 557/261 596/263
f 587/266 391/264 596/263
f 380/272 381/270 388/268
f 598/274 379/273 380/272
f 597/276 356/275 379/273
f 597/276 355/277 356/275
f 678/279 354/278 355/277
f 678/279 355/277 597/276
f 678/279 378/280 354/278
f 677/282 363/281 378/280
f 677/282 378/280 678/279
f 560/284 353/283 363/281
f 560/284 561/285 353/283
f 363/281 677/282 560/284
f 598/274 380/272 388/268
f 598/274 597/276 379/273
f 598/274 388/268 588/271
f 613/288 586/287 585/286
f 598/274 588/271 613/288
f 599/289 613/288 585/286
f 599/289 598/274 613/288
f 609/291 610/290 599/289
f 667/293 585/286 642/292
f 609/291 599/289 585/286
f 667/293 609/291 585/286
f 608/295 573/294 609/291
f 659/296 667/293 642/292
f 421/299 582/298 583/297
f 422/301 639/300 582/298
f 582/298 421/299 422/301
f 640/304 423/303 424/302
f 639/300 422/301 423/303
f 641/307 425/306 426/305
f 640/304 424/302 425/306
f 640/304 425/306 641/307
f 642/292 427/309 428/308
f 641/307 426/305 427/309
f 641/307 427/309 642/292
f 428/308 452/311 429/310
f 658/314 464/313 465/312
f 659/296 430/315 464/313
f 659/296 464/313 658/314
f 428/308 429/310 430/315
f 640/304 639/300 423/303
f 642/292 428/308 430/315
f 658/314 465/312 463/316
f 661/319 453/318 454/317
f 661/319 463/316 453/318
f 570/322 455/321 456/320
f 660/323 454/317 455/321
f 456/320 571/324 570/322
f 455/321 570/322 660/323
f 661/319 658/314 463/316
f 660/323 661/319 454/317
f 659/296 642/292 430/315
f 693/325 609/291 667/293
f 377/327 572/326 573/294
f 667/293 669/328 693/325
f 608/295 609/291 693/325
f 607/329 573/294 608/295
f 643/331 693/325 692/330
f 412/333 692/330 691/332
f 400/334 573/294 607/329
f 373/337 626/336 680/335
f 398/339 374/338 626/336
f 398/339 626/336 373/337
f 680/335 372/340 373/337
f 584/342 397/341 372/340
f 584/342 372/340 680/335
f 584/342 406/343 397/341
f 572/326 407/344 406/343
f 572/326 377/327 407/344
f 573/294 400/334 377/327
f 370/345 375/217 400/334
f 370/345 371/346 375/217
f 607/329 396/347 370/345
f 606/349 369/348 396/347
f 584/342 572/326 406/343
f 607/329 370/345 400/334
f 607/329 606/349 396/347
f 606/349 395/350 369/348
f 605/352 368/351 395/350
f 605/352 394/353 368/351
f 604/355 367/354 394/353
f 603/357 366/356 367/354
f 603/357 367/354 604/355
f 603/357 393/358 366/356
f 604/355 394/353 605/352
f 643/331 608/295 693/325
f 606/349 605/352 395/350
f 643/331 644/359 608/295
f 410/361 691/332 625/360
f 654/90 643/331 692/330
f 438/89 654/90 692/330
f 408/364 615/363 435/362
f 409/366 624/365 615/363
f 412/333 438/89 692/330
f 408/364 409/366 615/363
f 436/367 625/360 624/365
f 436/367 624/365 409/366
f 625/360 436/367 437/368
f 691/332 410/361 411/369
f 625/360 437/368 410/361
f 691/332 411/369 412/333
f 438/89 399/370 415/88
f 689/373 450/372 451/371
f 654/90 415/88 450/372
f 654/90 450/372 689/373
f 646/376 449/375 439/374
f 689/373 451/371 449/375
f 645/379 440/378 441/377
f 646/376 439/374 440/378
f 646/376 440/378 645/379
f 670/382 442/381 413/380
f 670/382 441/377 442/381
f 441/377 670/382 645/379
f 646/376 689/373 449/375
f 725/93 27/383 29/92
f 28/96 26/384 724/95
f 22/94 724/95 725/93
f 732/101 736/115 750/103
f 730/97 747/385 734/104
f 746/107 747/386 730/106
f 746/107 726/105 729/109
f 727/100 734/104 741/111
f 733/99 737/113 738/112
f 727/100 739/110 737/113
f 736/103 732/102 738/112
f 731/100 735/99 742/113
f 736/103 743/114 745/112
f 735/99 728/102 745/112
f 731/100 744/110 741/111
f 746/107 748/105 749/109
f 750/104 736/385 728/97
f 749/101 731/102 734/103
f 746/107 750/386 740/106
f 755/116 764/116 763/116
f 752/116 761/116 760/117
f 759/117 768/117 767/116
f 756/118 765/118 764/116
f 753/118 762/118 761/116
f 756/118 757/118 766/118
f 754/118 763/118 762/118
f 758/116 767/116 766/118
f 38/77 770/77 772/78
f 80/73 712/69 771/69
f 712/69 79/70 770/70
f 718/67 772/67 736/68
f 773/80 776/79 721/79
f 716/65 775/65 774/74
f 73/66 773/66 775/65
f 776/64 734/63 75/63
f 34/37 80/120 769/75
f 74/37 774/119 778/75
f 787/123 782/126 786/122
f 789/123 781/125 785/124
f 780/125 787/123 788/121
f 779/126 789/123 790/121
f 5787/921 5778/921 5779/921
f 5777/921 5769/921 5768/921
f 5781/921 5782/921 5783/921
f 5771/921 5773/921 5772/921
f 5781/921 5783/921 5784/921
f 5771/921 5774/921 5773/921
f 5780/921 5781/921 5784/921
f 5770/921 5774/921 5771/921
f 5780/921 5784/921 5785/921
f 5770/921 5775/921 5774/921
f 5779/921 5780/921 5785/921
f 5769/921 5775/921 5770/921
f 5779/921 5785/921 5786/921
f 5769/921 5776/921 5775/921
f 5779/921 5786/921 5787/921
f 5769/921 5777/921 5776/921
f 5768/921 5769/921 5779/921
f 5768/921 5779/921 5778/921
f 5769/921 5770/921 5780/921
f 5769/921 5780/921 5779/921
f 5770/921 5771/921 5781/921
f 5770/921 5781/921 5780/921
f 5771/921 5772/921 5782/921
f 5771/921 5782/921 5781/921
f 5772/921 5773/921 5783/921
f 5772/921 5783/921 5782/921
f 5773/921 5774/921 5784/921
f 5773/921 5784/921 5783/921
f 5774/921 5775/921 5785/921
f 5774/921 5785/921 5784/921
f 5775/921 5776/921 5786/921
f 5775/921 5786/921 5785/921
f 5776/921 5777/921 5787/921
f 5776/921 5787/921 5786/921
f 5777/921 5768/921 5778/921
f 5777/921 5778/921 5787/921
f 5795/918 5792/918 5793/918
f 5791/918 5789/918 5788/918
f 5793/918 5794/918 5795/918
f 5789/918 5791/918 5790/918
f 5788/918 5789/918 5793/918
f 5788/918 5793/918 5792/918
f 5789/918 5790/918 5794/918
f 5789/918 5794/918 5793/918
f 5790/918 5791/918 5795/918
f 5790/918 5795/918 5794/918
f 5791/918 5788/918 5792/918
f 5791/918 5792/918 5795/918
f 5803/918 5800/918 5801/918
f 5799/918 5797/918 5796/918
f 5801/918 5802/918 5803/918
f 5797/918 5799/918 5798/918
f 5796/918 5797/918 5801/918
f 5796/918 5801/918 5800/918
f 5797/918 5798/918 5802/918
f 5797/918 5802/918 5801/918
f 5798/918 5799/918 5803/918
f 5798/918 5803/918 5802/918
f 5799/918 5796/918 5800/918
f 5799/918 5800/918 5803/918
f 5816/918 5804/918 5805/918
f 5816/918 5805/918 5817/918
f 5828/918 5840/918 5841/918
f 5828/918 5841/918 5829/918
f 5804/918 5828/918 5829/918
f 5804/918 5829/918 5805/918
f 5840/918 5816/918 5817/918
f 5840/918 5817/918 5841/918
f 5817/918 5805/918 5806/918
f 5817/918 5806/918 5818/918
f 5829/918 5841/918 5842/918
f 5829/918 5842/918 5830/918
f 5805/918 5829/918 5830/918
f 5805/918 5830/918 5806/918
f 5841/918 5817/918 5818/918
f 5841/918 5818/918 5842/918
f 5818/918 5806/918 5807/918
f 5818/918 5807/918 5819/918
f 5830/918 5842/918 5843/918
f 5830/918 5843/918 5831/918
f 5806/918 5830/918 5831/918
f 5806/918 5831/918 5807/918
f 5842/918 5818/918 5819/918
f 5842/918 5819/918 5843/918
f 5819/918 5807/918 5808/918
f 5819/918 5808/918 5820/918
f 5831/918 5843/918 5844/918
f 5831/918 5844/918 5832/918
f 5807/918 5831/918 5832/918
f 5807/918 5832/918 5808/918
f 5843/918 5819/918 5820/918
f 5843/918 5820/918 5844/918
f 5820/918 5808/918 5809/918
f 5820/918 5809/918 5821/918
f 5832/918 5844/918 5845/918
f 5832/918 5845/918 5833/918
f 5808/918 5832/918 5833/918
f 5808/918 5833/918 5809/918
f 5844/918 5820/918 5821/918
f 5844/918 5821/918 5845/918
f 5821/918 5809/918 5810/918
f 5821/918 5810/918 5822/918
f 5833/918 5845/918 5846/918
f 5833/918 5846/918 5834/918
f 5809/918 5833/918 5834/918
f 5809/918 5834/918 5810/918
f 5845/918 5821/918 5822/918
f 5845/918 5822/918 5846/918
f 5822/918 5810/918 5811/918
f 5822/918 5811/918 5823/918
f 5834/918 5846/918 5847/918
f 5834/918 5847/918 5835/918
f 5810/918 5834/918 5835/918
f 5810/918 5835/918 5811/918
f 5846/918 5822/918 5823/918
f 5846/918 5823/918 5847/918
f 5823/918 5811/918 5812/918
f 5823/918 5812/918 5824/918
f 5835/918 5847/918 5848/918
f 5835/918 5848/918 5836/918
f 5811/918 5835/918 5836/918
f 5811/918 5836/918 5812/918
f 5847/918 5823/918 5824/918
f 5847/918 5824/918 5848/918
f 5824/918 5812/918 5813/918
f 5824/918 5813/918 5825/918
f 5836/918 5848/918 5849/918
f 5836/918 5849/918 5837/918
f 5812/918 5836/918 5837/918
f 5812/918 5837/918 5813/918
f 5848/918 5824/918 5825/918
f 5848/918 5825/918 5849/918
f 5825/918 5813/918 5814/918
f 5825/918 5814/918 5826/918
f 5837/918 5849/918 5850/918
f 5837/918 5850/918 5838/918
f 5813/918 5837/918 5838/918
f 5813/918 5838/918 5814/918
f 5849/918 5825/918 5826/918
f 5849/918 5826/918 5850/918
f 5826/918 5814/918 5815/918
f 5826/918 5815/918 5827/918
f 5838/918 5850/918 5851/918
f 5838/918 5851/918 5839/918
f 5814/918 5838/918 5839/918
f 5814/918 5839/918 5815/918
f 5850/918 5826/918 5827/918
f 5850/918 5827/918 5851/918
f 5827/918 5815/918 5804/918
f 5827/918 5804/918 5816/918
f 5839/918 5851/918 5840/918
f 5839/918 5840/918 5828/918
f 5815/918 5839/918 5828/918
f 5815/918 5828/918 5804/918
f 5851/918 5827/918 5816/918
f 5851/918 5816/918 5840/918
f 5864/918 5852/918 5853/918
f 5864/918 5853/918 5865/918
f 5876/918 5888/918 5889/918
f 5876/918 5889/918 5877/918
f 5852/918 5876/918 5877/918
f 5852/918 5877/918 5853/918
f 5888/918 5864/918 5865/918
f 5888/918 5865/918 5889/918
f 5865/918 5853/918 5854/918
f 5865/918 5854/918 5866/918
f 5877/918 5889/918 5890/918
f 5877/918 5890/918 5878/918
f 5853/918 5877/918 5878/918
f 5853/918 5878/918 5854/918
f 5889/918 5865/918 5866/918
f 5889/918 5866/918 5890/918
f 5866/918 5854/918 5855/918
f 5866/918 5855/918 5867/918
f 5878/918 5890/918 5891/918
f 5878/918 5891/918 5879/918
f 5854/918 5878/918 5879/918
f 5854/918 5879/918 5855/918
f 5890/918 5866/918 5867/918
f 5890/918 5867/918 5891/918
f 5867/918 5855/918 5856/918
f 5867/918 5856/918 5868/918
f 5879/918 5891/918 5892/918
f 5879/918 5892/918 5880/918
f 5855/918 5879/918 5880/918
f 5855/918 5880/918 5856/918
f 5891/918 5867/918 5868/918
f 5891/918 5868/918 5892/918
f 5868/918 5856/918 5857/918
f 5868/918 5857/918 5869/918
f 5880/918 5892/918 5893/918
f 5880/918 5893/918 5881/918
f 5856/918 5880/918 5881/918
f 5856/918 5881/918 5857/918
f 5892/918 5868/918 5869/918
f 5892/918 5869/918 5893/918
f 5869/918 5857/918 5858/918
f 5869/918 5858/918 5870/918
f 5881/918 5893/918 5894/918
f 5881/918 5894/918 5882/918
f 5857/918 5881/918 5882/918
f 5857/918 5882/918 5858/918
f 5893/918 5869/918 5870/918
f 5893/918 5870/918 5894/918
f 5870/918 5858/918 5859/918
f 5870/918 5859/918 5871/918
f 5882/918 5894/918 5895/918
f 5882/918 5895/918 5883/918
f 5858/918 5882/918 5883/918
f 5858/918 5883/918 5859/918
f 5894/918 5870/918 5871/918
f 5894/918 5871/918 5895/918
f 5871/918 5859/918 5860/918
f 5871/918 5860/918 5872/918
f 5883/918 5895/918 5896/918
f 5883/918 5896/918 5884/918
f 5859/918 5883/918 5884/918
f 5859/918 5884/918 5860/918
f 5895/918 5871/918 5872/918
f 5895/918 5872/918 5896/918
f 5872/918 5860/918 5861/918
f 5872/918 5861/918 5873/918
f 5884/918 5896/918 5897/918
f 5884/918 5897/918 5885/918
f 5860/918 5884/918 5885/918
f 5860/918 5885/918 5861/918
f 5896/918 5872/918 5873/918
f 5896/918 5873/918 5897/918
f 5873/918 5861/918 5862/918
f 5873/918 5862/918 5874/918
f 5885/918 5897/918 5898/918
f 5885/918 5898/918 5886/918
f 5861/918 5885/918 5886/918
f 5861/918 5886/918 5862/918
f 5897/918 5873/918 5874/918
f 5897/918 5874/918 5898/918
f 5874/918 5862/918 5863/918
f 5874/918 5863/918 5875/918
f 5886/918 5898/918 5899/918
f 5886/918 5899/918 5887/918
f 5862/918 5886/918 5887/918
f 5862/918 5887/918 5863/918
f 5898/918 5874/918 5875/918
f 5898/918 5875/918 5899/918
f 5875/918 5863/918 5852/918
f 5875/918 5852/918 5864/918
f 5887/918 5899/918 5888/918
f 5887/918 5888/918 5876/918
f 5863/918 5887/918 5876/918
f 5863/918 5876/918 5852/918
f 5899/918 5875/918 5864/918
f 5899/918 5864/918 5888/918
f 5912/918 5900/918 5901/918
f 5912/918 5901/918 5913/918
f 5924/918 5936/918 5937/918
f 5924/918 5937/918 5925/918
f 5900/918 5924/918 5925/918
f 5900/918 5925/918 5901/918
f 5936/918 5912/918 5913/918
f 5936/918 5913/918 5937/918
f 5913/918 5901/918 5902/918
f 5913/918 5902/918 5914/918
f 5925/918 5937/918 5938/918
f 5925/918 5938/918 5926/918
f 5901/918 5925/918 5926/918
f 5901/918 5926/918 5902/918
f 5937/918 5913/918 5914/918
f 5937/918 5914/918 5938/918
f 5914/918 5902/918 5903/918
f 5914/918 5903/918 5915/918
f 5926/918 5938/918 5939/918
f 5926/918 5939/918 5927/918
f 5902/918 5926/918 5927/918
f 5902/918 5927/918 5903/918
f 5938/918 5914/918 5915/918
f 5938/918 5915/918 5939/918
f 5915/918 5903/918 5904/918
f 5915/918 5904/918 5916/918
f 5927/918 5939/918 5940/918
f 5927/918 5940/918 5928/918
f 5903/918 5927/918 5928/918
f 5903/918 5928/918 5904/918
f 5939/918 5915/918 5916/918
f 5939/918 5916/918 5940/918
f 5916/918 5904/918 5905/918
f 5916/918 5905/918 5917/918
f 5928/918 5940/918 5941/918
f 5928/918 5941/918 5929/918
f 5904/918 5928/918 5929/918
f 5904/918 5929/918 5905/918
f 5940/918 5916/918 5917/918
f 5940/918 5917/918 5941/918
f 5917/918 5905/918 5906/918
f 5917/918 5906/918 5918/918
f 5929/918 5941/918 5942/918
f 5929/918 5942/918 5930/918
f 5905/918 5929/918 5930/918
f 5905/918 5930/918 5906/918
f 5941/918 5917/918 5918/918
f 5941/918 5918/918 5942/918
f 5918/918 5906/918 5907/918
f 5918/918 5907/918 5919/918
f 5930/918 5942/918 5943/918
f 5930/918 5943/918 5931/918
f 5906/918 5930/918 5931/918
f 5906/918 5931/918 5907/918
f 5942/918 5918/918 5919/918
f 5942/918 5919/918 5943/918
f 5919/918 5907/918 5908/918
f 5919/918 5908/918 5920/918
f 5931/918 5943/918 5944/918
f 5931/918 5944/918 5932/918
f 5907/918 5931/918 5932/918
f 5907/918 5932/918 5908/918
f 5943/918 5919/918 5920/918
f 5943/918 5920/918 5944/918
f 5920/918 5908/918 5909/918
f 5920/918 5909/918 5921/918
f 5932/918 5944/918 5945/918
f 5932/918 5945/918 5933/918
f 5908/918 5932/918 5933/918
f 5908/918 5933/918 5909/918
f 5944/918 5920/918 5921/918
f 5944/918 5921/918 5945/918
f 5921/918 5909/918 5910/918
f 5921/918 5910/918 5922/918
f 5933/918 5945/918 5946/918
f 5933/918 5946/918 5934/918
f 5909/918 5933/918 5934/918
f 5909/918 5934/918 5910/918
f 5945/918 5921/918 5922/918
f 5945/918 5922/918 5946/918
f 5922/918 5910/918 5911/918
f 5922/918 5911/918 5923/918
f 5934/918 5946/918 5947/918
f 5934/918 5947/918 5935/918
f 5910/918 5934/918 5935/918
f 5910/918 5935/918 5911/918
f 5946/918 5922/918 5923/918
f 5946/918 5923/918 5947/918
f 5923/918 5911/918 5900/918
f 5923/918 5900/918 5912/918
f 5935/918 5947/918 5936/918
f 5935/918 5936/918 5924/918
f 5911/918 5935/918 5924/918
f 5911/918 5924/918 5900/918
f 5947/918 5923/918 5912/918
f 5947/918 5912/918 5936/918
f 5960/918 5948/918 5949/918
f 5960/918 5949/918 5961/918
f 5972/918 5984/918 5985/918
f 5972/918 5985/918 5973/918
f 5948/918 5972/918 5973/918
f 5948/918 5973/918 5949/918
f 5984/918 5960/918 5961/918
f 5984/918 5961/918 5985/918
f 5961/918 5949/918 5950/918
f 5961/918 5950/918 5962/918
f 5973/918 5985/918 5986/918
f 5973/918 5986/918 5974/918
f 5949/918 5973/918 5974/918
f 5949/918 5974/918 5950/918
f 5985/918 5961/918 5962/918
f 5985/918 5962/918 5986/918
f 5962/918 5950/918 5951/918
f 5962/918 5951/918 5963/918
f 5974/918 5986/918 5987/918
f 5974/918 5987/918 5975/918
f 5950/918 5974/918 5975/918
f 5950/918 5975/918 5951/918
f 5986/918 5962/918 5963/918
f 5986/918 5963/918 5987/918
f 5963/918 5951/918 5952/918
f 5963/918 5952/918 5964/918
f 5975/918 5987/918 5988/918
f 5975/918 5988/918 5976/918
f 5951/918 5975/918 5976/918
f 5951/918 5976/918 5952/918
f 5987/918 5963/918 5964/918
f 5987/918 5964/918 5988/918
f 5964/918 5952/918 5953/918
f 5964/918 5953/918 5965/918
f 5976/918 5988/918 5989/918
f 5976/918 5989/918 5977/918
f 5952/918 5976/918 5977/918
f 5952/918 5977/918 5953/918
f 5988/918 5964/918 5965/918
f 5988/918 5965/918 5989/918
f 5965/918 5953/918 5954/918
f 5965/918 5954/918 5966/918
f 5977/918 5989/918 5990/918
f 5977/918 5990/918 5978/918
f 5953/918 5977/918 5978/918
f 5953/918 5978/918 5954/918
f 5989/918 5965/918 5966/918
f 5989/918 5966/918 5990/918
f 5966/918 5954/918 5955/918
f 5966/918 5955/918 5967/918
f 5978/918 5990/918 5991/918
f 5978/918 5991/918 5979/918
f 5954/918 5978/918 5979/918
f 5954/918 5979/918 5955/918
f 5990/918 5966/918 5967/918
f 5990/918 5967/918 5991/918
f 5967/918 5955/918 5956/918
f 5967/918 5956/918 5968/918
f 5979/918 5991/918 5992/918
f 5979/918 5992/918 5980/918
f 5955/918 5979/918 5980/918
f 5955/918 5980/918 5956/918
f 5991/918 5967/918 5968/918
f 5991/918 5968/918 5992/918
f 5968/918 5956/918 5957/918
f 5968/918 5957/918 5969/918
f 5980/918 5992/918 5993/918
f 5980/918 5993/918 5981/918
f 5956/918 5980/918 5981/918
f 5956/918 5981/918 5957/918
f 5992/918 5968/918 5969/918
f 5992/918 5969/918 5993/918
f 5969/918 5957/918 5958/918
f 5969/918 5958/918 5970/918
f 5981/918 5993/918 5994/918
f 5981/918 5994/918 5982/918
f 5957/918 5981/918 5982/918
f 5957/918 5982/918 5958/918
f 5993/918 5969/918 5970/918
f 5993/918 5970/918 5994/918
f 5970/918 5958/918 5959/918
f 5970/918 5959/918 5971/918
f 5982/918 5994/918 5995/918
f 5982/918 5995/918 5983/918
f 5958/918 5982/918 5983/918
f 5958/918 5983/918 5959/918
f 5994/918 5970/918 5971/918
f 5994/918 5971/918 5995/918
f 5971/918 5959/918 5948/918
f 5971/918 5948/918 5960/918
f 5983/918 5995/918 5984/918
f 5983/918 5984/918 5972/918
f 5959/918 5983/918 5972/918
f 5959/918 5972/918 5948/918
f 5995/918 5971/918 5960/918
f 5995/918 5960/918 5984/918
f 6059/918 6056/918 6057/918
f 6055/918 6053/918 6052/918
f 6057/918 6058/918 6059/918
f 6053/918 6055/918 6054/918
f 6052/918 6053/918 6057/918
f 6052/918 6057/918 6056/918
f 6053/918 6054/918 6058/918
f 6053/918 6058/918 6057/918
f 6054/918 6055/918 6059/918
f 6054/918 6059/918 6058/918
f 6055/918 6052/918 6056/918
f 6055/918 6056/918 6059/918
f 6063/920 6064/920 6065/920
f 6060/920 6062/920 6061/920
f 6060/920 6061/920 6064/920
f 6060/920 6064/920 6063/920
f 6061/920 6062/920 6065/920
f 6061/920 6065/920 6064/920
f 6062/920 6060/920 6063/920
f 6062/920 6063/920 6065/920
f 6073/918 6070/918 6071/918
f 6069/918 6067/918 6066/918
f 6071/918 6072/918 6073/918
f 6067/918 6069/918 6068/918
f 6066/918 6067/918 6071/918
f 6066/918 6071/918 6070/918
f 6067/918 6068/918 6072/918
f 6067/918 6072/918 6071/918
f 6068/918 6069/918 6073/918
f 6068/918 6073/918 6072/918
f 6069/918 6066/918 6070/918
f 6069/918 6070/918 6073/918
f 6077/920 6078/920 6079/920
f 6074/920 6076/920 6075/920
f 6074/920 6075/920 6078/920
f 6074/920 6078/920 6077/920
f 6075/920 6076/920 6079/920
f 6075/920 6079/920 6078/920
f 6076/920 6074/920 6077/920
f 6076/920 6077/920 6079/920
f 6087/918 6084/918 6085/918
f 6083/918 6081/918 6080/918
f 6085/918 6086/918 6087/918
f 6081/918 6083/918 6082/918
f 6080/918 6081/918 6085/918
f 6080/918 6085/918 6084/918
f 6081/918 6082/918 6086/918
f 6081/918 6086/918 6085/918
f 6082/918 6083/918 6087/918
f 6082/918 6087/918 6086/918
f 6083/918 6080/918 6084/918
f 6083/918 6084/918 6087/918
f 6095/918 6092/918 6093/918
f 6091/918 6089/918 6088/918
f 6093/918 6094/918 6095/918
f 6089/918 6091/918 6090/918
f 6088/918 6089/918 6093/918
f 6088/918 6093/918 6092/918
f 6089/918 6090/918 6094/918
f 6089/918 6094/918 6093/918
f 6090/918 6091/918 6095/918
f 6090/918 6095/918 6094/918
f 6091/918 6088/918 6092/918
f 6091/918 6092/918 6095/918
f 6103/918 6100/918 6101/918
f 6099/918 6097/918 6096/918
f 6101/918 6102/918 6103/918
f 6097/918 6099/918 6098/918
f 6096/918 6097/918 6101/918
f 6096/918 6101/918 6100/918
f 6097/918 6098/918 6102/918
f 6097/918 6102/918 6101/918
f 6098/918 6099/918 6103/918
f 6098/918 6103/918 6102/918
f 6099/918 6096/918 6100/918
f 6099/918 6100/918 6103/918
f 6111/918 6108/918 6109/918
f 6107/918 6105/918 6104/918
f 6109/918 6110/918 6111/918
f 6105/918 6107/918 6106/918
f 6104/918 6105/918 6109/918
f 6104/918 6109/918 6108/918
f 6105/918 6106/918 6110/918
f 6105/918 6110/918 6109/918
f 6106/918 6107/918 6111/918
f 6106/918 6111/918 6110/918
f 6107/918 6104/918 6108/918
f 6107/918 6108/918 6111/918
f 6124/919 6112/919 6113/919
f 6124/919 6113/919 6125/919
f 6136/919 6148/919 6149/919
f 6136/919 6149/919 6137/919
f 6112/919 6136/919 6137/919
f 6112/919 6137/919 6113/919
f 6148/919 6124/919 6125/919
f 6148/919 6125/919 6149/919
f 6125/919 6113/919 6114/919
f 6125/919 6114/919 6126/919
f 6137/919 6149/919 6150/919
f 6137/919 6150/919 6138/919
f 6113/919 6137/919 6138/919
f 6113/919 6138/919 6114/919
f 6149/919 6125/919 6126/919
f 6149/919 6126/919 6150/919
f 6126/919 6114/919 6115/919
f 6126/919 6115/919 6127/919
f 6138/919 6150/919 6151/919
f 6138/919 6151/919 6139/919
f 6114/919 6138/919 6139/919
f 6114/919 6139/919 6115/919
f 6150/919 6126/919 6127/919
f 6150/919 6127/919 6151/919
f 6127/919 6115/919 6116/919
f 6127/919 6116/919 6128/919
f 6139/919 6151/919 6152/919
f 6139/919 6152/919 6140/919
f 6115/919 6139/919 6140/919
f 6115/919 6140/919 6116/919
f 6151/919 6127/919 6128/919
f 6151/919 6128/919 6152/919
f 6128/919 6116/919 6117/919
f 6128/919 6117/919 6129/919
f 6140/919 6152/919 6153/919
f 6140/919 6153/919 6141/919
f 6116/919 6140/919 6141/919
f 6116/919 6141/919 6117/919
f 6152/919 6128/919 6129/919
f 6152/919 6129/919 6153/919
f 6129/919 6117/919 6118/919
f 6129/919 6118/919 6130/919
f 6141/919 6153/919 6154/919
f 6141/919 6154/919 6142/919
f 6117/919 6141/919 6142/919
f 6117/919 6142/919 6118/919
f 6153/919 6129/919 6130/919
f 6153/919 6130/919 6154/919
f 6130/919 6118/919 6119/919
f 6130/919 6119/919 6131/919
f 6142/919 6154/919 6155/919
f 6142/919 6155/919 6143/919
f 6118/919 6142/919 6143/919
f 6118/919 6143/919 6119/919
f 6154/919 6130/919 6131/919
f 6154/919 6131/919 6155/919
f 6131/919 6119/919 6120/919
f 6131/919 6120/919 6132/919
f 6143/919 6155/919 6156/919
f 6143/919 6156/919 6144/919
f 6119/919 6143/919 6144/919
f 6119/919 6144/919 6120/919
f 6155/919 6131/919 6132/919
f 6155/919 6132/919 6156/919
f 6132/919 6120/919 6121/919
f 6132/919 6121/919 6133/919
f 6144/919 6156/919 6157/919
f 6144/919 6157/919 6145/919
f 6120/919 6144/919 6145/919
f 6120/919 6145/919 6121/919
f 6156/919 6132/919 6133/919
f 6156/919 6133/919 6157/919
f 6133/919 6121/919 6122/919
f 6133/919 6122/919 6134/919
f 6145/919 6157/919 6158/919
f 6145/919 6158/919 6146/919
f 6121/919 6145/919 6146/919
f 6121/919 6146/919 6122/919
f 6157/919 6133/919 6134/919
f 6157/919 6134/919 6158/919
f 6134/919 6122/919 6123/919
f 6134/919 6123/919 6135/919
f 6146/919 6158/919 6159/919
f 6146/919 6159/919 6147/919
f 6122/919 6146/919 6147/919
f 6122/919 6147/919 6123/919
f 6158/919 6134/919 6135/919
f 6158/919 6135/919 6159/919
f 6135/919 6123/919 6112/919
f 6135/919 6112/919 6124/919
f 6147/919 6159/919 6148/919
f 6147/919 6148/919 6136/919
f 6123/919 6147/919 6136/919
f 6123/919 6136/919 6112/919
f 6159/919 6135/919 6124/919
f 6159/919 6124/919 6148/919
f 6172/919 6160/919 6161/919
f 6172/919 6161/919 6173/919
f 6184/919 6196/919 6197/919
f 6184/919 6197/919 6185/919
f 6160/919 6184/919 6185/919
f 6160/919 6185/919 6161/919
f 6196/919 6172/919 6173/919
f 6196/919 6173/919 6197/919
f 6173/919 6161/919 6162/919
f 6173/919 6162/919 6174/919
f 6185/919 6197/919 6198/919
f 6185/919 6198/919 6186/919
f 6161/919 6185/919 6186/919
f 6161/919 6186/919 6162/919
f 6197/919 6173/919 6174/919
f 6197/919 6174/919 6198/919
f 6174/919 6162/919 6163/919
f 6174/919 6163/919 6175/919
f 6186/919 6198/919 6199/919
f 6186/919 6199/919 6187/919
f 6162/919 6186/919 6187/919
f 6162/919 6187/919 6163/919
f 6198/919 6174/919 6175/919
f 6198/919 6175/919 6199/919
f 6175/919 6163/919 6164/919
f 6175/919 6164/919 6176/919
f 6187/919 6199/919 6200/919
f 6187/919 6200/919 6188/919
f 6163/919 6187/919 6188/919
f 6163/919 6188/919 6164/919
f 6199/919 6175/919 6176/919
f 6199/919 6176/919 6200/919
f 6176/919 6164/919 6165/919
f 6176/919 6165/919 6177/919
f 6188/919 6200/919 6201/919
f 6188/919 6201/919 6189/919
f 6164/919 6188/919 6189/919
f 6164/919 6189/919 6165/919
f 6200/919 6176/919 6177/919
f 6200/919 6177/919 6201/919
f 6177/919 6165/919 6166/919
f 6177/919 6166/919 6178/919
f 6189/919 6201/919 6202/919
f 6189/919 6202/919 6190/919
f 6165/919 6189/919 6190/919
f 6165/919 6190/919 6166/919
f 6201/919 6177/919 6178/919
f 6201/919 6178/919 6202/919
f 6178/919 6166/919 6167/919
f 6178/919 6167/919 6179/919
f 6190/919 6202/919 6203/919
f 6190/919 6203/919 6191/919
f 6166/919 6190/919 6191/919
f 6166/919 6191/919 6167/919
f 6202/919 6178/919 6179/919
f 6202/919 6179/919 6203/919
f 6179/919 6167/919 6168/919
f 6179/919 6168/919 6180/919
f 6191/919 6203/919 6204/919
f 6191/919 6204/919 6192/919
f 6167/919 6191/919 6192/919
f 6167/919 6192/919 6168/919
f 6203/919 6179/919 6180/919
f 6203/919 6180/919 6204/919
f 6180/919 6168/919 6169/919
f 6180/919 6169/919 6181/919
f 6192/919 6204/919 6205/919
f 6192/919 6205/919 6193/919
f 6168/919 6192/919 6193/919
f 6168/919 6193/919 6169/919
f 6204/919 6180/919 6181/919
f 6204/919 6181/919 6205/919
f 6181/919 6169/919 6170/919
f 6181/919 6170/919 6182/919
f 6193/919 6205/919 6206/919
f 6193/919 6206/919 6194/919
f 6169/919 6193/919 6194/919
f 6169/919 6194/919 6170/919
f 6205/919 6181/919 6182/919
f 6205/919 6182/919 6206/919
f 6182/919 6170/919 6171/919
f 6182/919 6171/919 6183/919
f 6194/919 6206/919 6207/919
f 6194/919 6207/919 6195/919
f 6170/919 6194/919 6195/919
f 6170/919 6195/919 6171/919
f 6206/919 6182/919 6183/919
f 6206/919 6183/919 6207/919
f 6183/919 6171/919 6160/919
f 6183/919 6160/919 6172/919
f 6195/919 6207/919 6196/919
f 6195/919 6196/919 6184/919
f 6171/919 6195/919 6184/919
f 6171/919 6184/919 6160/919
f 6207/919 6183/919 6172/919
f 6207/919 6172/919 6196/919
f 6220/919 6208/919 6209/919
f 6220/919 6209/919 6221/919
f 6232/919 6244/919 6245/919
f 6232/919 6245/919 6233/919
f 6208/919 6232/919 6233/919
f 6208/919 6233/919 6209/919
f 6244/919 6220/919 6221/919
f 6244/919 6221/919 6245/919
f 6221/919 6209/919 6210/919
f 6221/919 6210/919 6222/919
f 6233/919 6245/919 6246/919
f 6233/919 6246/919 6234/919
f 6209/919 6233/919 6234/919
f 6209/919 6234/919 6210/919
f 6245/919 6221/919 6222/919
f 6245/919 6222/919 6246/919
f 6222/919 6210/919 6211/919
f 6222/919 6211/919 6223/919
f 6234/919 6246/919 6247/919
f 6234/919 6247/919 6235/919
f 6210/919 6234/919 6235/919
f 6210/919 6235/919 6211/919
f 6246/919 6222/919 6223/919
f 6246/919 6223/919 6247/919
f 6223/919 6211/919 6212/919
f 6223/919 6212/919 6224/919
f 6235/919 6247/919 6248/919
f 6235/919 6248/919 6236/919
f 6211/919 6235/919 6236/919
f 6211/919 6236/919 6212/919
f 6247/919 6223/919 6224/919
f 6247/919 6224/919 6248/919
f 6224/919 6212/919 6213/919
f 6224/919 6213/919 6225/919
f 6236/919 6248/919 6249/919
f 6236/919 6249/919 6237/919
f 6212/919 6236/919 6237/919
f 6212/919 6237/919 6213/919
f 6248/919 6224/919 6225/919
f 6248/919 6225/919 6249/919
f 6225/919 6213/919 6214/919
f 6225/919 6214/919 6226/919
f 6237/919 6249/919 6250/919
f 6237/919 6250/919 6238/919
f 6213/919 6237/919 6238/919
f 6213/919 6238/919 6214/919
f 6249/919 6225/919 6226/919
f 6249/919 6226/919 6250/919
f 6226/919 6214/919 6215/919
f 6226/919 6215/919 6227/919
f 6238/919 6250/919 6251/919
f 6238/919 6251/919 6239/919
f 6214/919 6238/919 6239/919
f 6214/919 6239/919 6215/919
f 6250/919 6226/919 6227/919
f 6250/919 6227/919 6251/919
f 6227/919 6215/919 6216/919
f 6227/919 6216/919 6228/919
f 6239/919 6251/919 6252/919
f 6239/919 6252/919 6240/919
f 6215/919 6239/919 6240/919
f 6215/919 6240/919 6216/919
f 6251/919 6227/919 6228/919
f 6251/919 6228/919 6252/919
f 6228/919 6216/919 6217/919
f 6228/919 6217/919 6229/919
f 6240/919 6252/919 6253/919
f 6240/919 6253/919 6241/919
f 6216/919 6240/919 6241/919
f 6216/919 6241/919 6217/919
f 6252/919 6228/919 6229/919
f 6252/919 6229/919 6253/919
f 6229/919 6217/919 6218/919
f 6229/919 6218/919 6230/919
f 6241/919 6253/919 6254/919
f 6241/919 6254/919 6242/919
f 6217/919 6241/919 6242/919
f 6217/919 6242/919 6218/919
f 6253/919 6229/919 6230/919
f 6253/919 6230/919 6254/919
f 6230/919 6218/919 6219/919
f 6230/919 6219/919 6231/919
f 6242/919 6254/919 6255/919
f 6242/919 6255/919 6243/919
f 6218/919 6242/919 6243/919
f 6218/919 6243/919 6219/919
f 6254/919 6230/919 6231/919
f 6254/919 6231/919 6255/919
f 6231/919 6219/919 6208/919
f 6231/919 6208/919 6220/919
f 6243/919 6255/919 6244/919
f 6243/919 6244/919 6232/919
f 6219/919 6243/919 6232/919
f 6219/919 6232/919 6208/919
f 6255/919 6231/919 6220/919
f 6255/919 6220/919 6244/919
f 6268/919 6256/919 6257/919
f 6268/919 6257/919 6269/919
f 6280/919 6292/919 6293/919
f 6280/919 6293/919 6281/919
f 6256/919 6280/919 6281/919
f 6256/919 6281/919 6257/919
f 6292/919 6268/919 6269/919
f 6292/919 6269/919 6293/919
f 6269/919 6257/919 6258/919
f 6269/919 6258/919 6270/919
f 6281/919 6293/919 6294/919
f 6281/919 6294/919 6282/919
f 6257/919 6281/919 6282/919
f 6257/919 6282/919 6258/919
f 6293/919 6269/919 6270/919
f 6293/919 6270/919 6294/919
f 6270/919 6258/919 6259/919
f 6270/919 6259/919 6271/919
f 6282/919 6294/919 6295/919
f 6282/919 6295/919 6283/919
f 6258/919 6282/919 6283/919
f 6258/919 6283/919 6259/919
f 6294/919 6270/919 6271/919
f 6294/919 6271/919 6295/919
f 6271/919 6259/919 6260/919
f 6271/919 6260/919 6272/919
f 6283/919 6295/919 6296/919
f 6283/919 6296/919 6284/919
f 6259/919 6283/919 6284/919
f 6259/919 6284/919 6260/919
f 6295/919 6271/919 6272/919
f 6295/919 6272/919 6296/919
f 6272/919 6260/919 6261/919
f 6272/919 6261/919 6273/919
f 6284/919 6296/919 6297/919
f 6284/919 6297/919 6285/919
f 6260/919 6284/919 6285/919
f 6260/919 6285/919 6261/919
f 6296/919 6272/919 6273/919
f 6296/919 6273/919 6297/919
f 6273/919 6261/919 6262/919
f 6273/919 6262/919 6274/919
f 6285/919 6297/919 6298/919
f 6285/919 6298/919 6286/919
f 6261/919 6285/919 6286/919
f 6261/919 6286/919 6262/919
f 6297/919 6273/919 6274/919
f 6297/919 6274/919 6298/919
f 6274/919 6262/919 6263/919
f 6274/919 6263/919 6275/919
f 6286/919 6298/919 6299/919
f 6286/919 6299/919 6287/919
f 6262/919 6286/919 6287/919
f 6262/919 6287/919 6263/919
f 6298/919 6274/919 6275/919
f 6298/919 6275/919 6299/919
f 6275/919 6263/919 6264/919
f 6275/919 6264/919 6276/919
f 6287/919 6299/919 6300/919
f 6287/919 6300/919 6288/919
f 6263/919 6287/919 6288/919
f 6263/919 6288/919 6264/919
f 6299/919 6275/919 6276/919
f 6299/919 6276/919 6300/919
f 6276/919 6264/919 6265/919
f 6276/919 6265/919 6277/919
f 6288/919 6300/919 6301/919
f 6288/919 6301/919 6289/919
f 6264/919 6288/919 6289/919
f 6264/919 6289/919 6265/919
f 6300/919 6276/919 6277/919
f 6300/919 6277/919 6301/919
f 6277/919 6265/919 6266/919
f 6277/919 6266/919 6278/919
f 6289/919 6301/919 6302/919
f 6289/919 6302/919 6290/919
f 6265/919 6289/919 6290/919
f 6265/919 6290/919 6266/919
f 6301/919 6277/919 6278/919
f 6301/919 6278/919 6302/919
f 6278/919 6266/919 6267/919
f 6278/919 6267/919 6279/919
f 6290/919 6302/919 6303/919
f 6290/919 6303/919 6291/919
f 6266/919 6290/919 6291/919
f 6266/919 6291/919 6267/919
f 6302/919 6278/919 6279/919
f 6302/919 6279/919 6303/919
f 6279/919 6267/919 6256/919
f 6279/919 6256/919 6268/919
f 6291/919 6303/919 6292/919
f 6291/919 6292/919 6280/919
f 6267/919 6291/919 6280/919
f 6267/919 6280/919 6256/919
f 6303/919 6279/919 6268/919
f 6303/919 6268/919 6292/919
f 6316/919 6304/919 6305/919
f 6316/919 6305/919 6317/919
f 6328/919 6340/919 6341/919
f 6328/919 6341/919 6329/919
f 6304/919 6328/919 6329/919
f 6304/919 6329/919 6305/919
f 6340/919 6316/919 6317/919
f 6340/919 6317/919 6341/919
f 6317/919 6305/919 6306/919
f 6317/919 6306/919 6318/919
f 6329/919 6341/919 6342/919
f 6329/919 6342/919 6330/919
f 6305/919 6329/919 6330/919
f 6305/919 6330/919 6306/919
f 6341/919 6317/919 6318/919
f 6341/919 6318/919 6342/919
f 6318/919 6306/919 6307/919
f 6318/919 6307/919 6319/919
f 6330/919 6342/919 6343/919
f 6330/919 6343/919 6331/919
f 6306/919 6330/919 6331/919
f 6306/919 6331/919 6307/919
f 6342/919 6318/919 6319/919
f 6342/919 6319/919 6343/919
f 6319/919 6307/919 6308/919
f 6319/919 6308/919 6320/919
f 6331/919 6343/919 6344/919
f 6331/919 6344/919 6332/919
f 6307/919 6331/919 6332/919
f 6307/919 6332/919 6308/919
f 6343/919 6319/919 6320/919
f 6343/919 6320/919 6344/919
f 6320/919 6308/919 6309/919
f 6320/919 6309/919 6321/919
f 6332/919 6344/919 6345/919
f 6332/919 6345/919 6333/919
f 6308/919 6332/919 6333/919
f 6308/919 6333/919 6309/919
f 6344/919 6320/919 6321/919
f 6344/919 6321/919 6345/919
f 6321/919 6309/919 6310/919
f 6321/919 6310/919 6322/919
f 6333/919 6345/919 6346/919
f 6333/919 6346/919 6334/919
f 6309/919 6333/919 6334/919
f 6309/919 6334/919 6310/919
f 6345/919 6321/919 6322/919
f 6345/919 6322/919 6346/919
f 6322/919 6310/919 6311/919
f 6322/919 6311/919 6323/919
f 6334/919 6346/919 6347/919
f 6334/919 6347/919 6335/919
f 6310/919 6334/919 6335/919
f 6310/919 6335/919 6311/919
f 6346/919 6322/919 6323/919
f 6346/919 6323/919 6347/919
f 6323/919 6311/919 6312/919
f 6323/919 6312/919 6324/919
f 6335/919 6347/919 6348/919
f 6335/919 6348/919 6336/919
f 6311/919 6335/919 6336/919
f 6311/919 6336/919 6312/919
f 6347/919 6323/919 6324/919
f 6347/919 6324/919 6348/919
f 6324/919 6312/919 6313/919
f 6324/919 6313/919 6325/919
f 6336/919 6348/919 6349/919
f 6336/919 6349/919 6337/919
f 6312/919 6336/919 6337/919
f 6312/919 6337/919 6313/919
f 6348/919 6324/919 6325/919
f 6348/919 6325/919 6349/919
f 6325/919 6313/919 6314/919
f 6325/919 6314/919 6326/919
f 6337/919 6349/919 6350/919
f 6337/919 6350/919 6338/919
f 6313/919 6337/919 6338/919
f 6313/919 6338/919 6314/919
f 6349/919 6325/919 6326/919
f 6349/919 6326/919 6350/919
f 6326/919 6314/919 6315/919
f 6326/919 6315/919 6327/919
f 6338/919 6350/919 6351/919
f 6338/919 6351/919 6339/919
f 6314/919 6338/919 6339/919
f 6314/919 6339/919 6315/919
f 6350/919 6326/919 6327/919
f 6350/919 6327/919 6351/919
f 6327/919 6315/919 6304/919
f 6327/919 6304/919 6316/919
f 6339/919 6351/919 6340/919
f 6339/919 6340/919 6328/919
f 6315/919 6339/919 6328/919
f 6315/919 6328/919 6304/919
f 6351/919 6327/919 6316/919
f 6351/919 6316/919 6340/919
g item_back
f 793/389 792/388 791/387
f 794/390 793/389 791/387
f 795/391 793/389 794/390
f 796/392 795/391 794/390
f 797/393 795/391 796/392
f 798/394 797/393 796/392
f 792/388 797/393 798/394
f 791/387 792/388 798/394
f 798/397 796/396 794/395
f 791/398 798/397 794/395
f 799/401 792/400 793/399
f 800/402 799/401 793/399
f 800/402 793/399 795/403
f 801/404 800/402 795/403
f 801/404 795/403 797/405
f 802/406 801/404 797/405
f 802/406 797/405 792/400
f 799/401 802/406 792/400
f 800/409 801/408 802/407
f 799/410 800/409 802/407
g item_blade
f 6352/3 6353/2 6354/1
f 6355/4 6356/3 6352/1
f 6353/7 6357/6 6354/5
f 6355/2 6358/8 6359/4
f 6357/6 6360/6 6358/6
f 6356/3 6361/4 6352/1
f 6359/4 6362/10 6363/9
f 6364/6 6365/6 6366/6
f 6362/6 6367/6 6368/6
f 6369/12 6370/3 6371/11
f 6372/15 6366/14 6373/13
f 6363/9 6368/17 6374/16
f 6358/6 6375/6 6362/6
f 6376/12 6377/3 6378/11
f 6361/4 6379/11 6380/12
f 6379/3 6363/12 6381/11
f 6364/6 6382/6 6383/6
f 6384/19 6364/18 6372/15
f 6385/6 6367/6 6382/6
f 6378/3 6372/12 6370/11
f 6377/3 6384/12 6378/11
f 6369/4 6386/11 6387/12
f 6387/4 6388/21 6389/20
f 6374/16 6385/22 6384/19
f 6366/14 6390/23 6373/13
f 6373/4 6386/11 6371/3
f 6391/6 6392/6 6393/6
f 6365/6 6393/6 6366/6
f 6394/12 6378/3 6370/11
f 6395/12 6379/3 6381/11
f 6381/3 6374/12 6377/11
f 6357/2 6352/3 6354/1
f 6396/12 6381/3 6377/11
f 6397/24 6398/25 6399/24
f 6398/25 6400/25 6401/25
f 6402/25 6398/25 6401/25
f 6399/25 6398/25 6402/25
f 6403/25 6399/25 6402/25
f 6404/28 6405/27 6406/26
f 6407/25 6400/25 6398/25
f 6408/31 6409/30 6410/29
f 6411/33 6412/32 6409/30
f 6413/34 6411/35 6408/34
f 6414/30 6413/31 6415/29
f 6416/38 6417/37 6418/36
f 6419/27 6418/38 6420/39
f 6421/36 6422/41 6423/40
f 6405/27 6424/38 6421/36
f 6400/25 6425/25 6401/25
f 6411/35 6426/42 6427/42
f 6414/45 6428/44 6429/43
f 6424/48 6430/47 6431/46
f 6431/46 6432/50 6433/49
f 6434/51 6435/47 6436/46
f 6437/50 6436/46 6438/49
f 6393/52 6439/12 6390/23
f 6440/28 6419/27 6420/39
f 6390/4 6388/11 6386/3
f 6370/3 6373/12 6371/11
f 6355/4 6379/11 6356/3
f 6365/14 6394/15 6369/13
f 6380/55 6375/54 6360/53
f 6367/58 6395/57 6396/56
f 6365/14 6387/60 6391/59
f 6382/22 6396/56 6376/19
f 6391/59 6389/12 6441/61
f 6383/18 6376/19 6394/15
f 6361/2 6360/53 6353/62
f 6442/64 6413/63 6443/63
f 6444/65 6437/66 6438/65
f 6412/67 6445/68 6446/67
f 6447/70 6430/69 6448/69
f 6449/71 6450/71 6451/71
f 6452/71 6453/71 6454/71
f 6455/71 6456/71 6457/71
f 6458/71 6459/71 6460/71
f 6461/71 6450/71 6462/71
f 6463/71 6464/71 6465/71
f 6466/71 6467/71 6455/71
f 6468/71 6469/71 6459/71
f 6470/71 6461/71 6471/71
f 6472/71 6473/71 6474/71
f 6475/71 6476/71 6477/71
f 6478/71 6479/71 6480/71
f 6481/71 6482/71 6472/71
f 6483/71 6484/71 6485/71
f 6486/71 6487/71 6481/71
f 6488/71 6489/71 6490/71
f 6491/71 6492/71 6493/71
f 6494/71 6495/71 6496/71
f 6497/71 6498/71 6499/71
f 6500/71 6501/71 6502/71
f 6503/71 6504/71 6505/71
f 6506/71 6507/71 6508/71
f 6452/71 6509/71 6510/71
f 6511/71 6460/71 6512/71
f 6513/71 6514/71 6515/71
f 6516/71 6517/71 6464/71
f 6518/71 6519/71 6469/71
f 6496/71 6520/71 6521/71
f 6522/71 6517/71 6523/71
f 6524/71 6519/71 6525/71
f 6498/71 6526/71 6527/71
f 6528/71 6529/71 6500/71
f 6530/71 6531/71 6474/71
f 6532/71 6533/71 6466/71
f 6534/71 6520/71 6535/71
f 6536/71 6537/71 6528/71
f 6538/71 6507/71 6539/71
f 6540/71 6497/71 6541/71
f 6542/71 6543/71 6536/71
f 6544/71 6545/71 6522/71
f 6492/71 6538/71 6546/71
f 6547/71 6548/71 6541/71
f 6542/71 6549/71 6550/71
f 6551/71 6552/71 6547/71
f 6553/71 6554/71 6549/71
f 6555/71 6556/71 6557/71
f 6558/71 6476/71 6559/71
f 6560/71 6561/71 6554/71
f 6556/71 6470/71 6562/71
f 6563/71 6564/71 6558/71
f 6565/71 6566/71 6567/71
f 6568/71 6569/71 6561/71
f 6489/71 6484/71 6570/71
f 6571/71 6572/71 6453/71
f 6573/71 6574/71 6575/71
f 6526/71 6576/71 6577/71
f 6578/71 6579/71 6569/71
f 6580/71 6579/71 6581/71
f 6582/71 6465/71 6572/71
f 6573/71 6583/71 6584/71
f 6585/71 6586/71 6587/71
f 6478/71 6588/71 6580/71
f 6589/71 6590/71 6591/71
f 6592/71 6593/71 6583/71
f 6534/71 6535/71 6551/71
f 6486/71 6501/71 6487/71
f 6594/71 6595/71 6593/71
f 6596/71 6597/71 6595/71
f 6598/71 6599/71 6597/71
f 6567/71 6600/71 6601/71
f 6602/71 6603/71 6524/71
f 6576/71 6586/71 6604/71
f 6531/71 6491/71 6605/71
f 6606/71 6555/71 6607/71
f 6532/71 6600/71 6533/71
f 6575/71 6608/71 6565/71
f 6609/71 6610/71 6611/71
f 6514/71 6488/71 6612/71
f 6485/71 6613/71 6602/71
f 6614/71 6599/71 6615/71
f 6475/71 6477/71 6609/71
f 6508/71 6616/71 6544/71
f 6503/71 6512/71 6617/71
f 6589/71 6618/71 6614/71
f 6510/71 6619/71 6563/71
f 6620/71 6513/71 6457/71
f 6505/71 6621/71 6494/71
f 6611/71 6622/71 6607/71
f 6623/71 6624/71 6502/71
f 6625/71 6626/71 6624/71
f 6627/71 6544/71 6522/71
f 6628/71 6629/71 6630/71
f 6628/71 6558/71 6559/71
f 6631/71 6558/71 6628/71
f 6632/71 6582/71 6571/71
f 6633/71 6463/71 6582/71
f 6634/71 6451/71 6589/71
f 6623/71 6502/71 6486/71
f 6635/71 6636/71 6521/71
f 6637/71 6638/71 6639/71
f 6640/71 6493/71 6641/71
f 6642/71 6575/71 6565/71
f 6643/71 6614/71 6615/71
f 6634/71 6589/71 6614/71
f 6644/71 6611/71 6607/71
f 6645/71 6646/71 6647/71
f 6648/71 6639/71 6649/71
f 6650/71 6651/71 6652/71
f 6653/71 6654/71 6655/71
f 6641/71 6546/71 6656/71
f 6645/71 6500/71 6502/71
f 6657/71 6510/71 6658/71
f 6659/71 6523/71 6516/71
f 6660/71 6522/71 6523/71
f 6661/71 6605/71 6640/71
f 6662/71 6655/71 6663/71
f 6664/71 6665/71 6666/71
f 6666/71 6667/71 6668/71
f 6669/71 6562/71 6670/71
f 6670/71 6471/71 6671/71
f 6672/71 6673/71 6674/71
f 6674/71 6675/71 6676/71
f 6676/71 6677/71 6678/71
f 6678/71 6679/71 6680/71
f 6680/71 6681/71 6682/71
f 6683/71 6684/71 6685/71
f 6686/71 6524/71 6687/71
f 6650/71 6688/71 6689/71
f 6686/71 6485/71 6602/71
f 6690/71 6691/71 6692/71
f 6693/71 6505/71 6494/71
f 6694/71 6468/71 6458/71
f 6695/71 6518/71 6468/71
f 6696/71 6587/71 6478/71
f 6697/71 6485/71 6686/71
f 6692/71 6698/71 6699/71
f 6699/71 6700/71 6701/71
f 6702/71 6559/71 6703/71
f 6704/71 6612/71 6705/71
f 6690/71 6496/71 6521/71
f 6706/71 6500/71 6645/71
f 6706/71 6536/71 6528/71
f 6707/71 6536/71 6708/71
f 6707/71 6553/71 6542/71
f 6709/71 6560/71 6553/71
f 6710/71 6568/71 6560/71
f 6711/71 6578/71 6568/71
f 6712/71 6581/71 6578/71
f 6713/71 6587/71 6696/71
f 6714/71 6715/71 6716/71
f 6716/71 6717/71 6718/71
f 6718/71 6719/71 6720/71
f 6721/71 6722/71 6723/71
f 6724/71 6725/71 6726/71
f 6705/71 6490/71 6727/71
f 6728/71 6511/71 6503/71
f 6729/71 6515/71 6704/71
f 6729/71 6455/71 6457/71
f 6730/71 6455/71 6731/71
f 6703/71 6559/71 6475/71
f 6732/71 6722/71 6733/71
f 6727/71 6570/71 6734/71
f 6735/71 6527/71 6736/71
f 6737/71 6738/71 6739/71
f 6740/71 6741/71 6742/71
f 6743/71 6742/71 6636/71
f 6736/71 6577/71 6744/71
f 6635/71 6521/71 6534/71
f 6745/71 6499/71 6735/71
f 6745/71 6547/71 6541/71
f 6746/71 6547/71 6747/71
f 6748/71 6749/71 6738/71
f 6750/71 6739/71 6741/71
f 6744/71 6604/71 6751/71
f 6752/71 6749/71 6753/71
f 6721/71 6681/71 6754/71
f 6755/71 6601/71 6756/71
f 6672/71 6601/71 6757/71
f 6758/71 6567/71 6601/71
f 6756/71 6601/71 6532/71
f 6759/71 6663/71 6626/71
f 6627/71 6508/71 6544/71
f 6631/71 6510/71 6563/71
f 6657/71 6571/71 6452/71
f 6760/71 6516/71 6463/71
f 6661/71 6472/71 6474/71
f 6761/71 6472/71 6762/71
f 6761/71 6486/71 6481/71
f 6763/71 6688/71 6654/71
f 6764/71 6508/71 6765/71
f 6630/71 6766/71 6767/71
f 6767/71 6768/71 6769/71
f 6769/71 6770/71 6664/71
f 6683/71 6667/71 6771/71
f 6772/71 6506/71 6764/71
f 6656/71 6539/71 6772/71
f 6773/71 6649/71 6774/71
f 6702/71 6774/71 6775/71
f 6642/71 6567/71 6758/71
f 6776/71 6575/71 6777/71
f 6776/71 6592/71 6573/71
f 6778/71 6594/71 6592/71
f 6779/71 6596/71 6594/71
f 6780/71 6598/71 6596/71
f 6781/71 6615/71 6598/71
f 6644/71 6557/71 6669/71
f 6782/71 6611/71 6783/71
f 6782/71 6475/71 6609/71
f 6784/71 6684/71 6638/71
f 6785/71 6451/71 6786/71
f 6787/71 6449/71 6785/71
f 6671/71 6462/71 6787/71
f 6788/71 6733/71 6789/71
f 6755/71 6726/71 6790/71
f 6693/71 6496/71 6690/71
f 6728/71 6505/71 6791/71
f 6792/71 6458/71 6511/71
f 6793/71 6525/71 6518/71
f 6794/71 6524/71 6525/71
f 6730/71 6532/71 6466/71
f 6795/71 6789/71 6725/71
f 6701/71 6796/71 6797/71
f 6797/71 6798/71 6799/71
f 6799/71 6800/71 6801/71
f 6752/71 6800/71 6802/71
f 6734/71 6483/71 6697/71
f 6803/71 6580/71 6581/71
f 6696/71 6580/71 6804/71
f 6746/71 6534/71 6551/71
f 6647/71 6805/71 6714/71
f 6720/71 6651/71 6806/71
f 6751/71 6585/71 6713/71
f 6807/71 6450/71 6808/71
f 6454/71 6453/71 6809/71
f 6810/71 6456/71 6811/71
f 6460/71 6459/71 6812/71
f 6813/71 6450/71 6461/71
f 6465/71 6464/71 6814/71
f 6811/71 6467/71 6815/71
f 6459/71 6469/71 6816/71
f 6817/71 6461/71 6470/71
f 6818/71 6473/71 6819/71
f 6477/71 6476/71 6820/71
f 6480/71 6479/71 6821/71
f 6819/71 6482/71 6822/71
f 6823/71 6484/71 6824/71
f 6822/71 6487/71 6825/71
f 6826/71 6489/71 6488/71
f 6827/71 6492/71 6491/71
f 6828/71 6495/71 6829/71
f 6830/71 6498/71 6497/71
f 6831/71 6501/71 6832/71
f 6833/71 6504/71 6834/71
f 6835/71 6507/71 6836/71
f 6837/71 6509/71 6809/71
f 6512/71 6460/71 6838/71
f 6839/71 6514/71 6513/71
f 6464/71 6517/71 6840/71
f 6469/71 6519/71 6841/71
f 6842/71 6520/71 6828/71
f 6843/71 6517/71 6844/71
f 6845/71 6519/71 6846/71
f 6847/71 6526/71 6498/71
f 6832/71 6529/71 6848/71
f 6818/71 6531/71 6530/71
f 6815/71 6533/71 6849/71
f 6535/71 6520/71 6850/71
f 6848/71 6537/71 6851/71
f 6852/71 6507/71 6538/71
f 6853/71 6497/71 6540/71
f 6851/71 6543/71 6854/71
f 6844/71 6545/71 6855/71
f 6856/71 6538/71 6492/71
f 6853/71 6548/71 6857/71
f 6550/71 6549/71 6854/71
f 6857/71 6552/71 6858/71
f 6549/71 6554/71 6859/71
f 6860/71 6556/71 6555/71
f 6861/71 6476/71 6862/71
f 6554/71 6561/71 6863/71
f 6864/71 6470/71 6556/71
f 6862/71 6564/71 6865/71
f 6866/71 6566/71 6867/71
f 6561/71 6569/71 6868/71
f 6869/71 6484/71 6489/71
f 6453/71 6572/71 6870/71
f 6871/71 6574/71 6872/71
f 6873/71 6576/71 6526/71
f 6569/71 6579/71 6874/71
f 6875/71 6579/71 6876/71
f 6572/71 6465/71 6877/71
f 6584/71 6583/71 6872/71
f 6878/71 6586/71 6879/71
f 6876/71 6588/71 6821/71
f 6591/71 6590/71 6880/71
f 6583/71 6593/71 6881/71
f 6858/71 6535/71 6850/71
f 6487/71 6501/71 6825/71
f 6593/71 6595/71 6882/71
f 6595/71 6597/71 6883/71
f 6597/71 6599/71 6884/71
f 6885/71 6600/71 6866/71
f 6846/71 6603/71 6886/71
f 6887/71 6586/71 6576/71
f 6888/71 6491/71 6531/71
f 6889/71 6555/71 6606/71
f 6533/71 6600/71 6849/71
f 6867/71 6608/71 6871/71
f 6890/71 6610/71 6891/71
f 6892/71 6488/71 6514/71
f 6886/71 6613/71 6823/71
f 6893/71 6599/71 6894/71
f 6891/71 6477/71 6820/71
f 6855/71 6616/71 6835/71
f 6617/71 6512/71 6834/71
f 6894/71 6618/71 6880/71
f 6865/71 6619/71 6837/71
f 6810/71 6513/71 6620/71
f 6829/71 6621/71 6833/71
f 6889/71 6622/71 6890/71
f 6831/71 6895/71 6896/71
f 6895/71 6897/71 6898/71
f 6844/71 6855/71 6899/71
f 6900/71 6901/71 6902/71
f 6861/71 6862/71 6902/71
f 6902/71 6862/71 6903/71
f 6870/71 6877/71 6904/71
f 6877/71 6814/71 6905/71
f 6880/71 6807/71 6906/71
f 6825/71 6831/71 6896/71
f 6842/71 6907/71 6908/71
f 6909/71 6910/71 6911/71
f 6912/71 6827/71 6913/71
f 6867/71 6871/71 6914/71
f 6893/71 6894/71 6915/71
f 6894/71 6880/71 6906/71
f 6889/71 6890/71 6916/71
f 6917/71 6918/71 6919/71
f 6920/71 6909/71 6921/71
f 6922/71 6923/71 6924/71
f 6925/71 6926/71 6927/71
f 6928/71 6856/71 6912/71
f 6831/71 6832/71 6919/71
f 6929/71 6837/71 6930/71
f 6840/71 6843/71 6931/71
f 6843/71 6844/71 6932/71
f 6913/71 6888/71 6933/71
f 6934/71 6925/71 6935/71
f 6936/71 6937/71 6938/71
f 6939/71 6940/71 6936/71
f 6941/71 6864/71 6942/71
f 6943/71 6817/71 6941/71
f 6944/71 6945/71 6946/71
f 6947/71 6948/71 6944/71
f 6949/71 6950/71 6947/71
f 6951/71 6952/71 6949/71
f 6953/71 6954/71 6951/71
f 6955/71 6956/71 6957/71
f 6846/71 6886/71 6958/71
f 6959/71 6960/71 6924/71
f 6886/71 6823/71 6958/71
f 6961/71 6842/71 6962/71
f 6829/71 6833/71 6963/71
f 6812/71 6816/71 6964/71
f 6816/71 6841/71 6965/71
f 6821/71 6878/71 6966/71
f 6958/71 6823/71 6967/71
f 6968/71 6969/71 6962/71
f 6970/71 6971/71 6968/71
f 6972/71 6861/71 6973/71
f 6974/71 6892/71 6975/71
f 6842/71 6828/71 6976/71
f 6919/71 6832/71 6977/71
f 6848/71 6851/71 6977/71
f 6978/71 6851/71 6979/71
f 6854/71 6859/71 6979/71
f 6859/71 6863/71 6980/71
f 6863/71 6868/71 6981/71
f 6868/71 6874/71 6982/71
f 6874/71 6875/71 6983/71
f 6966/71 6878/71 6984/71
f 6985/71 6986/71 6987/71
f 6988/71 6989/71 6985/71
f 6990/71 6991/71 6988/71
f 6992/71 6993/71 6994/71
f 6995/71 6996/71 6997/71
f 6998/71 6826/71 6974/71
f 6834/71 6838/71 6999/71
f 6975/71 6839/71 7000/71
f 6810/71 6811/71 7000/71
f 7001/71 6811/71 7002/71
f 6820/71 6861/71 6972/71
f 7003/71 6993/71 7004/71
f 7005/71 6869/71 6998/71
f 7006/71 6847/71 7007/71
f 7008/71 7009/71 7010/71
f 7011/71 7012/71 7013/71
f 6907/71 7011/71 7014/71
f 7015/71 6873/71 7006/71
f 6850/71 6842/71 6908/71
f 7007/71 6830/71 7016/71
f 6853/71 6857/71 7016/71
f 7017/71 6857/71 7018/71
f 7009/71 7019/71 7020/71
f 7012/71 7008/71 7021/71
f 7022/71 6887/71 7015/71
f 7023/71 7019/71 7024/71
f 7025/71 6954/71 6994/71
f 7026/71 6885/71 7027/71
f 7028/71 6885/71 6946/71
f 6885/71 6866/71 7029/71
f 6849/71 6885/71 7026/71
f 6897/71 6934/71 7030/71
f 6855/71 6835/71 6899/71
f 6865/71 6837/71 6903/71
f 6809/71 6870/71 6930/71
f 6814/71 6840/71 7031/71
f 6818/71 6819/71 6933/71
f 7032/71 6819/71 7033/71
f 6822/71 6825/71 7033/71
f 6926/71 6960/71 7034/71
f 7035/71 6835/71 7036/71
f 7037/71 7038/71 6900/71
f 7039/71 7040/71 7037/71
f 6938/71 7041/71 7039/71
f 7042/71 6940/71 6957/71
f 7036/71 6836/71 7043/71
f 7043/71 6852/71 6928/71
f 7044/71 6920/71 7045/71
f 7046/71 7044/71 6973/71
f 7029/71 6866/71 6914/71
f 7047/71 6871/71 7048/71
f 6872/71 6881/71 7048/71
f 6881/71 6882/71 7049/71
f 6882/71 6883/71 7050/71
f 6883/71 6884/71 7051/71
f 6884/71 6893/71 7052/71
f 6942/71 6860/71 6916/71
f 7053/71 6890/71 7054/71
f 6891/71 6820/71 7054/71
f 6910/71 6956/71 7055/71
f 7056/71 6807/71 7057/71
f 7057/71 6808/71 7058/71
f 7058/71 6813/71 6943/71
f 7059/71 7003/71 7060/71
f 7061/71 6995/71 7027/71
f 6976/71 6828/71 6963/71
f 7062/71 6833/71 6999/71
f 6838/71 6812/71 7063/71
f 6841/71 6845/71 7064/71
f 6845/71 6846/71 7065/71
f 6815/71 6849/71 7002/71
f 6996/71 7059/71 7066/71
f 7067/71 7068/71 6970/71
f 7069/71 7070/71 7067/71
f 7071/71 7072/71 7069/71
f 7073/71 7072/71 7024/71
f 6967/71 6824/71 7005/71
f 6875/71 6876/71 7074/71
f 7075/71 6876/71 6966/71
f 6858/71 6850/71 7018/71
f 6987/71 7076/71 6917/71
f 7077/71 6923/71 6990/71
f 6984/71 6879/71 7022/71
f 6766/72 6901/72 7038/72
f 6770/72 6937/72 6665/72
f 6665/72 6940/72 6667/72
f 6766/72 7040/72 6768/72
f 6771/72 6956/72 6684/72
f 6770/72 7040/72 7041/72
f 6667/72 7042/72 6771/72
f 6684/72 6910/72 6638/72
f 6649/72 6909/72 6920/72
f 6638/72 6909/72 6639/72
f 6649/72 7044/72 6774/72
f 6775/72 6861/72 6559/72
f 6774/72 7046/72 6775/72
f 6636/72 7011/72 6907/72
f 6636/72 6842/72 6521/72
f 6754/72 6993/72 6722/72
f 6789/72 6996/72 6725/72
f 6726/72 6996/72 6995/72
f 6626/72 6934/72 6897/72
f 6652/72 6960/72 6688/72
f 6796/72 6971/72 7068/72
f 6796/72 7070/72 6798/72
f 6502/72 6895/72 6831/72
f 6663/72 6925/72 6934/72
f 6800/72 7070/72 7072/72
f 6626/72 6895/72 6624/72
f 6800/72 7073/72 6802/72
f 6738/72 7019/72 7009/72
f 6733/72 7059/72 6789/72
f 6741/72 7008/72 7012/72
f 6726/72 7061/72 6790/72
f 6722/72 7003/72 6733/72
f 6673/72 7028/72 6945/72
f 6802/72 7019/72 6749/72
f 6652/72 6923/72 6922/72
f 6654/72 6960/72 6926/72
f 6675/72 6945/72 6948/72
f 6754/72 6954/72 7025/72
f 6654/72 6925/72 6655/72
f 6691/72 6969/72 6698/72
f 6805/72 6918/72 7076/72
f 6677/72 6948/72 6950/72
f 6715/72 7076/72 6986/72
f 6790/72 6885/72 6601/72
f 6700/72 6969/72 6971/72
f 6651/72 6991/72 6923/72
f 6738/72 7008/72 6739/72
f 6679/72 6950/72 6952/72
f 6717/72 6986/72 6989/72
f 6741/72 7011/72 6742/72
f 6681/72 6952/72 6954/72
f 6717/72 6991/72 6719/72
f 6842/72 6691/72 6521/72
f 6502/72 6918/72 6646/72
f 6559/72 6901/72 6629/72
f 6601/72 7028/72 6757/72
f 6448/69 7078/73 6404/73
f 7079/74 6438/65 6419/74
f 6438/49 6416/48 6419/75
f 6416/48 6435/47 7080/28
f 6424/48 6433/49 6422/75
f 7081/51 6430/47 6428/76
f 7082/77 6446/78 6447/77
f 7083/80 6415/79 6442/79
f 7084/33 6429/32 6426/81
f 7081/84 6415/83 6432/82
f 6409/45 7082/44 6434/84
f 6410/83 6434/84 6437/82
f 6724/87 6755/86 6731/85
f 7004/90 7065/89 6967/88
f 7085/93 6399/92 6403/91
f 6401/96 7086/95 6402/94
f 6402/94 7085/93 6403/91
f 7084/99 7087/98 7088/97
f 7089/100 7084/99 7088/97
f 7084/99 7090/102 7091/101
f 7087/98 7084/99 7091/101
f 7090/101 7092/103 7091/102
f 7088/97 6443/104 7089/100
f 7093/107 7088/106 7087/105
f 7093/107 7091/109 7092/108
f 7089/100 7094/111 7095/110
f 7084/99 7096/112 7090/102
f 7089/100 7097/113 7084/99
f 6445/103 7096/112 7098/114
f 7099/100 7100/113 7101/110
f 6445/103 7102/112 7103/102
f 7104/99 7102/112 7100/113
f 7099/100 7094/111 6443/104
f 7103/102 7104/99 7105/101
f 7093/107 7106/109 7107/108
f 7104/99 7099/100 7106/97
f 7092/104 7103/97 7105/100
f 7106/101 6443/103 7107/115
f 7104/99 7108/98 7105/101
f 7108/98 7104/99 7106/97
f 7093/107 7105/106 7108/105
f 7109/116 7110/116 7111/116
f 7112/116 7113/117 7114/117
f 7115/117 7116/116 7117/116
f 7118/118 7119/116 7109/116
f 7120/118 7121/116 7112/116
f 7118/118 7122/118 7123/118
f 7111/118 7124/118 7120/118
f 7117/116 7122/118 7125/118
f 6428/77 6446/78 6429/78
f 7080/73 6448/69 6404/73
f 6435/69 6447/70 6448/69
f 6429/67 6445/68 6426/68
f 7083/80 6410/79 6437/80
f 6433/65 7079/74 6422/74
f 6432/66 6444/65 6433/65
f 6442/64 6408/63 6410/64
f 6417/37 6404/75 6406/119
f 6422/37 6440/75 6423/120
f 7126/123 7127/122 7128/121
f 7129/123 7130/124 7131/121
f 7132/125 7128/121 7133/124
f 7134/126 7131/121 7135/122
f 6352/3 6361/4 6353/2
f 6355/2 6357/62 6358/8
f 6357/6 6353/7 6360/6
f 6359/4 6358/8 6362/10
f 6364/6 6383/6 6365/6
f 6362/6 6375/6 6367/6
f 6369/12 6394/4 6370/3
f 6372/15 6364/18 6366/14
f 6363/9 6362/10 6368/17
f 6358/6 6360/6 6375/6
f 6376/12 6396/4 6377/3
f 6361/4 6356/3 6379/11
f 6379/3 6359/4 6363/12
f 6364/6 6385/6 6382/6
f 6384/19 6385/22 6364/18
f 6385/6 6368/6 6367/6
f 6378/3 6384/4 6372/12
f 6377/3 6374/4 6384/12
f 6369/4 6371/3 6386/11
f 6387/4 6386/3 6388/21
f 6374/16 6368/17 6385/22
f 6366/14 6393/52 6390/23
f 6373/4 6390/12 6386/11
f 6391/6 6441/6 6392/6
f 6365/6 6391/6 6393/6
f 6394/12 6376/4 6378/3
f 6395/12 6380/4 6379/3
f 6381/3 6363/4 6374/12
f 6357/2 6355/4 6352/3
f 6396/12 6395/4 6381/3
f 6397/24 6407/25 6398/25
f 6404/28 7078/39 6405/27
f 6407/25 7136/25 6400/25
f 6408/31 6411/33 6409/30
f 6411/33 6427/81 6412/32
f 6413/34 7084/35 6411/35
f 6414/30 7084/33 6413/31
f 6416/38 7080/120 6417/37
f 6419/27 6416/36 6418/38
f 6421/36 6424/38 6422/41
f 6405/27 7078/39 6424/38
f 6400/25 7136/25 6425/25
f 6411/35 7084/35 6426/42
f 6414/45 7081/84 6428/44
f 6424/48 7078/28 6430/47
f 6431/46 7081/51 6432/50
f 6434/51 7082/76 6435/47
f 6437/50 6434/51 6436/46
f 6393/52 6392/61 6439/12
f 6440/28 7079/26 6419/27
f 6390/4 6439/12 6388/11
f 6370/3 6372/4 6373/12
f 6355/4 6359/12 6379/11
f 6365/14 6383/18 6394/15
f 6380/55 6395/57 6375/54
f 6367/58 6375/54 6395/57
f 6365/14 6369/13 6387/60
f 6382/22 6367/58 6396/56
f 6391/59 6387/60 6389/12
f 6383/18 6382/22 6376/19
f 6361/2 6380/55 6360/53
f 6442/64 6415/64 6413/63
f 6444/65 7083/66 6437/66
f 6412/67 6427/68 6445/68
f 6447/70 6428/70 6430/69
f 6450/71 6590/71 6451/71
f 6452/71 6571/71 6453/71
f 6456/71 6620/71 6457/71
f 6458/71 6468/71 6459/71
f 6450/71 6449/71 6462/71
f 6463/71 6516/71 6464/71
f 6467/71 6456/71 6455/71
f 6468/71 6518/71 6469/71
f 6461/71 6462/71 6471/71
f 6473/71 6530/71 6474/71
f 6475/71 6559/71 6476/71
f 6478/71 6587/71 6479/71
f 6482/71 6473/71 6472/71
f 6484/71 6613/71 6485/71
f 6487/71 6482/71 6481/71
f 6489/71 6570/71 6490/71
f 6492/71 6546/71 6493/71
f 6494/71 6621/71 6495/71
f 6498/71 6527/71 6499/71
f 6500/71 6529/71 6501/71
f 6503/71 6617/71 6504/71
f 6507/71 6616/71 6508/71
f 6452/71 6454/71 6509/71
f 6511/71 6458/71 6460/71
f 6514/71 6612/71 6515/71
f 6516/71 6523/71 6517/71
f 6518/71 6525/71 6519/71
f 6496/71 6495/71 6520/71
f 6522/71 6545/71 6517/71
f 6524/71 6603/71 6519/71
f 6526/71 6577/71 6527/71
f 6528/71 6537/71 6529/71
f 6531/71 6605/71 6474/71
f 6533/71 6467/71 6466/71
f 6534/71 6521/71 6520/71
f 6536/71 6543/71 6537/71
f 6507/71 6506/71 6539/71
f 6497/71 6499/71 6541/71
f 6542/71 6550/71 6543/71
f 6544/71 7137/71 6545/71
f 6538/71 6539/71 6546/71
f 6548/71 6540/71 6541/71
f 6542/71 6553/71 6549/71
f 6552/71 6548/71 6547/71
f 6553/71 6560/71 6554/71
f 6556/71 6562/71 6557/71
f 6558/71 6564/71 6476/71
f 6560/71 6568/71 6561/71
f 6470/71 6471/71 6562/71
f 6563/71 6619/71 6564/71
f 6565/71 6608/71 6566/71
f 6568/71 6578/71 6569/71
f 6484/71 6483/71 6570/71
f 6571/71 6582/71 6572/71
f 6573/71 6584/71 6574/71
f 6576/71 6604/71 6577/71
f 6578/71 6581/71 6579/71
f 6580/71 6588/71 6579/71
f 6582/71 6463/71 6465/71
f 6573/71 6592/71 6583/71
f 6586/71 6479/71 6587/71
f 6478/71 6480/71 6588/71
f 6589/71 6451/71 6590/71
f 6592/71 6594/71 6593/71
f 6535/71 6552/71 6551/71
f 6486/71 6502/71 6501/71
f 6594/71 6596/71 6595/71
f 6596/71 6598/71 6597/71
f 6598/71 6615/71 6599/71
f 6567/71 6566/71 6600/71
f 6602/71 7138/71 6603/71
f 6586/71 6585/71 6604/71
f 6491/71 6493/71 6605/71
f 6555/71 6557/71 6607/71
f 6532/71 6601/71 6600/71
f 6575/71 6574/71 6608/71
f 6610/71 6622/71 6611/71
f 6488/71 6490/71 6612/71
f 6613/71 7138/71 6602/71
f 6614/71 6618/71 6599/71
f 6477/71 6610/71 6609/71
f 6616/71 7137/71 6544/71
f 6503/71 6511/71 6512/71
f 6589/71 6591/71 6618/71
f 6510/71 6509/71 6619/71
f 6513/71 6515/71 6457/71
f 6505/71 6504/71 6621/71
f 6622/71 6606/71 6607/71
f 6623/71 6625/71 6624/71
f 6625/71 6759/71 6626/71
f 6628/71 6559/71 6629/71
f 6631/71 6563/71 6558/71
f 6632/71 6633/71 6582/71
f 6633/71 6760/71 6463/71
f 6634/71 6786/71 6451/71
f 6635/71 6743/71 6636/71
f 6637/71 6784/71 6638/71
f 6640/71 6605/71 6493/71
f 6642/71 6777/71 6575/71
f 6643/71 6634/71 6614/71
f 6644/71 6783/71 6611/71
f 6645/71 6502/71 6646/71
f 6648/71 6637/71 6639/71
f 6650/71 6806/71 6651/71
f 6653/71 6763/71 6654/71
f 6641/71 6493/71 6546/71
f 6657/71 6452/71 6510/71
f 6659/71 6660/71 6523/71
f 6660/71 6627/71 6522/71
f 6661/71 6474/71 6605/71
f 6662/71 6653/71 6655/71
f 6664/71 6770/71 6665/71
f 6666/71 6665/71 6667/71
f 6669/71 6557/71 6562/71
f 6670/71 6562/71 6471/71
f 6672/71 6757/71 6673/71
f 6674/71 6673/71 6675/71
f 6676/71 6675/71 6677/71
f 6678/71 6677/71 6679/71
f 6680/71 6679/71 6681/71
f 6683/71 6771/71 6684/71
f 6686/71 6602/71 6524/71
f 6650/71 6652/71 6688/71
f 6690/71 6521/71 6691/71
f 6693/71 6791/71 6505/71
f 6694/71 6695/71 6468/71
f 6695/71 6793/71 6518/71
f 6697/71 6483/71 6485/71
f 6692/71 6691/71 6698/71
f 6699/71 6698/71 6700/71
f 6702/71 6775/71 6559/71
f 6704/71 6515/71 6612/71
f 6706/71 6528/71 6500/71
f 6706/71 6708/71 6536/71
f 6707/71 6542/71 6536/71
f 6707/71 6709/71 6553/71
f 6709/71 6710/71 6560/71
f 6710/71 6711/71 6568/71
f 6711/71 6712/71 6578/71
f 6712/71 6803/71 6581/71
f 6713/71 6585/71 6587/71
f 6714/71 6805/71 6715/71
f 6716/71 6715/71 6717/71
f 6718/71 6717/71 6719/71
f 6721/71 6754/71 6722/71
f 6724/71 6795/71 6725/71
f 6705/71 6612/71 6490/71
f 6728/71 6792/71 6511/71
f 6729/71 6457/71 6515/71
f 6729/71 6731/71 6455/71
f 6730/71 6466/71 6455/71
f 6732/71 6723/71 6722/71
f 6727/71 6490/71 6570/71
f 6735/71 6499/71 6527/71
f 6737/71 6748/71 6738/71
f 6740/71 6750/71 6741/71
f 6743/71 6740/71 6742/71
f 6736/71 6527/71 6577/71
f 6745/71 6541/71 6499/71
f 6745/71 6747/71 6547/71
f 6746/71 6551/71 6547/71
f 6748/71 6753/71 6749/71
f 6750/71 6737/71 6739/71
f 6744/71 6577/71 6604/71
f 6752/71 6802/71 6749/71
f 6721/71 6682/71 6681/71
f 6755/71 6790/71 6601/71
f 6672/71 6758/71 6601/71
f 6759/71 6662/71 6663/71
f 6627/71 6765/71 6508/71
f 6631/71 6658/71 6510/71
f 6657/71 6632/71 6571/71
f 6760/71 6659/71 6516/71
f 6661/71 6762/71 6472/71
f 6761/71 6481/71 6472/71
f 6761/71 6623/71 6486/71
f 6763/71 6689/71 6688/71
f 6764/71 6506/71 6508/71
f 6630/71 6629/71 6766/71
f 6767/71 6766/71 6768/71
f 6769/71 6768/71 6770/71
f 6683/71 6668/71 6667/71
f 6772/71 6539/71 6506/71
f 6656/71 6546/71 6539/71
f 6773/71 6648/71 6649/71
f 6702/71 6773/71 6774/71
f 6642/71 6565/71 6567/71
f 6776/71 6573/71 6575/71
f 6776/71 6778/71 6592/71
f 6778/71 6779/71 6594/71
f 6779/71 6780/71 6596/71
f 6780/71 6781/71 6598/71
f 6781/71 6643/71 6615/71
f 6644/71 6607/71 6557/71
f 6782/71 6609/71 6611/71
f 6782/71 6703/71 6475/71
f 6784/71 6685/71 6684/71
f 6785/71 6449/71 6451/71
f 6787/71 6462/71 6449/71
f 6671/71 6471/71 6462/71
f 6788/71 6732/71 6733/71
f 6755/71 6724/71 6726/71
f 6693/71 6494/71 6496/71
f 6728/71 6503/71 6505/71
f 6792/71 6694/71 6458/71
f 6793/71 6794/71 6525/71
f 6794/71 6687/71 6524/71
f 6730/71 6756/71 6532/71
f 6795/71 6788/71 6789/71
f 6701/71 6700/71 6796/71
f 6797/71 6796/71 6798/71
f 6799/71 6798/71 6800/71
f 6752/71 6801/71 6800/71
f 6734/71 6570/71 6483/71
f 6803/71 6804/71 6580/71
f 6696/71 6478/71 6580/71
f 6746/71 6635/71 6534/71
f 6647/71 6646/71 6805/71
f 6720/71 6719/71 6651/71
f 6751/71 6604/71 6585/71
f 6807/71 6590/71 6450/71
f 6453/71 6870/71 6809/71
f 6810/71 6620/71 6456/71
f 6459/71 6816/71 6812/71
f 6813/71 6808/71 6450/71
f 6464/71 6840/71 6814/71
f 6811/71 6456/71 6467/71
f 6469/71 6841/71 6816/71
f 6817/71 6813/71 6461/71
f 6818/71 6530/71 6473/71
f 6476/71 6861/71 6820/71
f 6479/71 6878/71 6821/71
f 6819/71 6473/71 6482/71
f 6823/71 6613/71 6484/71
f 6822/71 6482/71 6487/71
f 6826/71 6869/71 6489/71
f 6827/71 6856/71 6492/71
f 6495/71 6621/71 6829/71
f 6830/71 6847/71 6498/71
f 6501/71 6529/71 6832/71
f 6504/71 6617/71 6834/71
f 6835/71 6616/71 6507/71
f 6509/71 6454/71 6809/71
f 6460/71 6812/71 6838/71
f 6839/71 6892/71 6514/71
f 6517/71 6843/71 6840/71
f 6519/71 6845/71 6841/71
f 6520/71 6495/71 6828/71
f 6517/71 6545/71 6844/71
f 6519/71 6603/71 6846/71
f 6847/71 6873/71 6526/71
f 6529/71 6537/71 6848/71
f 6818/71 6888/71 6531/71
f 6815/71 6467/71 6533/71
f 6520/71 6842/71 6850/71
f 6537/71 6543/71 6851/71
f 6852/71 6836/71 6507/71
f 6853/71 6830/71 6497/71
f 6543/71 6550/71 6854/71
f 6545/71 7137/71 6855/71
f 6856/71 6852/71 6538/71
f 6853/71 6540/71 6548/71
f 6549/71 6859/71 6854/71
f 6857/71 6548/71 6552/71
f 6554/71 6863/71 6859/71
f 6860/71 6864/71 6556/71
f 6476/71 6564/71 6862/71
f 6561/71 6868/71 6863/71
f 6864/71 6817/71 6470/71
f 6564/71 6619/71 6865/71
f 6566/71 6608/71 6867/71
f 6569/71 6874/71 6868/71
f 6869/71 6824/71 6484/71
f 6572/71 6877/71 6870/71
f 6574/71 6584/71 6872/71
f 6873/71 6887/71 6576/71
f 6579/71 6875/71 6874/71
f 6579/71 6588/71 6876/71
f 6465/71 6814/71 6877/71
f 6583/71 6881/71 6872/71
f 6878/71 6479/71 6586/71
f 6588/71 6480/71 6821/71
f 6590/71 6807/71 6880/71
f 6593/71 6882/71 6881/71
f 6858/71 6552/71 6535/71
f 6501/71 6831/71 6825/71
f 6595/71 6883/71 6882/71
f 6597/71 6884/71 6883/71
f 6599/71 6893/71 6884/71
f 6600/71 6566/71 6866/71
f 6603/71 7138/71 6886/71
f 6887/71 6879/71 6586/71
f 6888/71 6827/71 6491/71
f 6889/71 6860/71 6555/71
f 6600/71 6885/71 6849/71
f 6608/71 6574/71 6871/71
f 6890/71 6622/71 6610/71
f 6892/71 6826/71 6488/71
f 6886/71 7138/71 6613/71
f 6599/71 6618/71 6894/71
f 6891/71 6610/71 6477/71
f 6855/71 7137/71 6616/71
f 6512/71 6838/71 6834/71
f 6618/71 6591/71 6880/71
f 6619/71 6509/71 6837/71
f 6810/71 6839/71 6513/71
f 6621/71 6504/71 6833/71
f 6889/71 6606/71 6622/71
f 6895/71 6898/71 6896/71
f 6897/71 7030/71 6898/71
f 6901/71 6861/71 6902/71
f 6862/71 6865/71 6903/71
f 6877/71 6905/71 6904/71
f 6814/71 7031/71 6905/71
f 6807/71 7056/71 6906/71
f 6907/71 7014/71 6908/71
f 6910/71 7055/71 6911/71
f 6827/71 6888/71 6913/71
f 6871/71 7047/71 6914/71
f 6894/71 6906/71 6915/71
f 6890/71 7053/71 6916/71
f 6918/71 6831/71 6919/71
f 6909/71 6911/71 6921/71
f 6923/71 7077/71 6924/71
f 6926/71 7034/71 6927/71
f 6856/71 6827/71 6912/71
f 6837/71 6809/71 6930/71
f 6843/71 6932/71 6931/71
f 6844/71 6899/71 6932/71
f 6888/71 6818/71 6933/71
f 6925/71 6927/71 6935/71
f 6937/71 7041/71 6938/71
f 6940/71 6937/71 6936/71
f 6864/71 6860/71 6942/71
f 6817/71 6864/71 6941/71
f 6945/71 7028/71 6946/71
f 6948/71 6945/71 6944/71
f 6950/71 6948/71 6947/71
f 6952/71 6950/71 6949/71
f 6954/71 6952/71 6951/71
f 6956/71 7042/71 6957/71
f 6960/71 6922/71 6924/71
f 6842/71 6976/71 6962/71
f 6833/71 7062/71 6963/71
f 6816/71 6965/71 6964/71
f 6841/71 7064/71 6965/71
f 6823/71 6824/71 6967/71
f 6969/71 6961/71 6962/71
f 6971/71 6969/71 6968/71
f 6861/71 7046/71 6973/71
f 6892/71 6839/71 6975/71
f 6832/71 6848/71 6977/71
f 6851/71 6978/71 6977/71
f 6851/71 6854/71 6979/71
f 6859/71 6980/71 6979/71
f 6863/71 6981/71 6980/71
f 6868/71 6982/71 6981/71
f 6874/71 6983/71 6982/71
f 6875/71 7074/71 6983/71
f 6878/71 6879/71 6984/71
f 6986/71 7076/71 6987/71
f 6989/71 6986/71 6985/71
f 6991/71 6989/71 6988/71
f 6993/71 7025/71 6994/71
f 6996/71 7066/71 6997/71
f 6826/71 6892/71 6974/71
f 6838/71 7063/71 6999/71
f 6839/71 6810/71 7000/71
f 6811/71 7001/71 7000/71
f 6811/71 6815/71 7002/71
f 6993/71 6992/71 7004/71
f 6869/71 6826/71 6998/71
f 6847/71 6830/71 7007/71
f 7009/71 7020/71 7010/71
f 7012/71 7021/71 7013/71
f 7011/71 7013/71 7014/71
f 6873/71 6847/71 7006/71
f 6830/71 6853/71 7016/71
f 6857/71 7017/71 7016/71
f 6857/71 6858/71 7018/71
f 7019/71 7023/71 7020/71
f 7008/71 7010/71 7021/71
f 6887/71 6873/71 7015/71
f 7019/71 7073/71 7024/71
f 6954/71 6953/71 6994/71
f 6885/71 7061/71 7027/71
f 6885/71 7029/71 6946/71
f 6934/71 6935/71 7030/71
f 6835/71 7035/71 6899/71
f 6837/71 6929/71 6903/71
f 6870/71 6904/71 6930/71
f 6840/71 6931/71 7031/71
f 6819/71 7032/71 6933/71
f 6819/71 6822/71 7033/71
f 6825/71 6896/71 7033/71
f 6960/71 6959/71 7034/71
f 6835/71 6836/71 7036/71
f 7038/71 6901/71 6900/71
f 7040/71 7038/71 7037/71
f 7041/71 7040/71 7039/71
f 6940/71 6939/71 6957/71
f 6836/71 6852/71 7043/71
f 6852/71 6856/71 6928/71
f 6920/71 6921/71 7045/71
f 7044/71 7045/71 6973/71
f 6866/71 6867/71 6914/71
f 6871/71 6872/71 7048/71
f 6881/71 7049/71 7048/71
f 6882/71 7050/71 7049/71
f 6883/71 7051/71 7050/71
f 6884/71 7052/71 7051/71
f 6893/71 6915/71 7052/71
f 6860/71 6889/71 6916/71
f 6890/71 6891/71 7054/71
f 6820/71 6972/71 7054/71
f 6956/71 6955/71 7055/71
f 6807/71 6808/71 7057/71
f 6808/71 6813/71 7058/71
f 6813/71 6817/71 6943/71
f 7003/71 7004/71 7060/71
f 6995/71 6997/71 7027/71
f 6828/71 6829/71 6963/71
f 6833/71 6834/71 6999/71
f 6812/71 6964/71 7063/71
f 6845/71 7065/71 7064/71
f 6846/71 6958/71 7065/71
f 6849/71 7026/71 7002/71
f 7059/71 7060/71 7066/71
f 7068/71 6971/71 6970/71
f 7070/71 7068/71 7067/71
f 7072/71 7070/71 7069/71
f 7072/71 7071/71 7024/71
f 6824/71 6869/71 7005/71
f 6876/71 7075/71 7074/71
f 6876/71 6821/71 6966/71
f 6850/71 6908/71 7018/71
f 7076/71 6918/71 6917/71
f 6923/71 6991/71 6990/71
f 6879/71 6887/71 7022/71
f 6766/72 6629/72 6901/72
f 6770/72 7041/72 6937/72
f 6665/72 6937/72 6940/72
f 6766/72 7038/72 7040/72
f 6771/72 7042/72 6956/72
f 6770/72 6768/72 7040/72
f 6667/72 6940/72 7042/72
f 6684/72 6956/72 6910/72
f 6649/72 6639/72 6909/72
f 6638/72 6910/72 6909/72
f 6649/72 6920/72 7044/72
f 6775/72 7046/72 6861/72
f 6774/72 7044/72 7046/72
f 6636/72 6742/72 7011/72
f 6636/72 6907/72 6842/72
f 6754/72 7025/72 6993/72
f 6789/72 7059/72 6996/72
f 6726/72 6725/72 6996/72
f 6626/72 6663/72 6934/72
f 6652/72 6922/72 6960/72
f 6796/72 6700/72 6971/72
f 6796/72 7068/72 7070/72
f 6502/72 6624/72 6895/72
f 6663/72 6655/72 6925/72
f 6800/72 6798/72 7070/72
f 6626/72 6897/72 6895/72
f 6800/72 7072/72 7073/72
f 6738/72 6749/72 7019/72
f 6733/72 7003/72 7059/72
f 6741/72 6739/72 7008/72
f 6726/72 6995/72 7061/72
f 6722/72 6993/72 7003/72
f 6673/72 6757/72 7028/72
f 6802/72 7073/72 7019/72
f 6652/72 6651/72 6923/72
f 6654/72 6688/72 6960/72
f 6675/72 6673/72 6945/72
f 6754/72 6681/72 6954/72
f 6654/72 6926/72 6925/72
f 6691/72 6961/72 6969/72
f 6805/72 6646/72 6918/72
f 6677/72 6675/72 6948/72
f 6715/72 6805/72 7076/72
f 6790/72 7061/72 6885/72
f 6700/72 6698/72 6969/72
f 6651/72 6719/72 6991/72
f 6738/72 7009/72 7008/72
f 6679/72 6677/72 6950/72
f 6717/72 6715/72 6986/72
f 6741/72 7012/72 7011/72
f 6681/72 6679/72 6952/72
f 6717/72 6989/72 6991/72
f 6842/72 6961/72 6691/72
f 6502/72 6831/72 6918/72
f 6559/72 6861/72 6901/72
f 6601/72 6885/72 7028/72
f 6448/69 6430/69 7078/73
f 7079/74 6444/65 6438/65
f 6438/49 6436/46 6416/48
f 6416/48 6436/46 6435/47
f 6424/48 6431/46 6433/49
f 7081/51 6431/46 6430/47
f 7082/77 6412/78 6446/78
f 7083/80 6432/80 6415/79
f 7084/33 6414/30 6429/32
f 7081/84 6414/45 6415/83
f 6409/45 6412/43 7082/44
f 6410/83 6409/45 6434/84
f 6625/129 6623/128 6761/127
f 6761/127 6762/130 6625/129
f 6762/130 6661/132 6759/131
f 6661/132 6640/134 6662/133
f 6640/134 6641/135 6662/133
f 6641/135 6656/137 6653/136
f 6656/137 6772/138 6653/136
f 6764/141 6765/140 6627/139
f 6772/138 6764/141 6763/142
f 6653/136 6772/138 6763/142
f 6762/130 6759/131 6625/129
f 6662/133 6759/131 6661/132
f 6662/133 6641/135 6653/136
f 6764/141 6627/139 6660/143
f 6660/143 6659/145 6666/144
f 6659/145 6760/147 6664/146
f 6760/147 6633/148 6664/146
f 6633/148 6632/150 6769/149
f 6664/146 6633/148 6769/149
f 6632/150 6657/151 6769/149
f 6657/151 6658/153 6767/152
f 6769/149 6657/151 6767/152
f 6658/153 6631/155 6630/154
f 6631/155 6628/156 6630/154
f 6630/154 6767/152 6658/153
f 6764/141 6660/143 6666/144
f 6659/145 6664/146 6666/144
f 6763/142 6764/141 6666/144
f 6806/159 6650/158 6689/157
f 6689/157 6763/142 6666/144
f 6806/159 6689/157 6668/160
f 6689/157 6666/144 6668/160
f 6668/160 6683/162 6685/161
f 6720/164 6806/159 6753/163
f 6806/159 6668/160 6685/161
f 6806/159 6685/161 6753/163
f 6685/161 6784/166 6682/165
f 6720/164 6753/163 6748/167
f 6645/170 6647/169 6706/168
f 6647/169 6714/172 6708/171
f 6708/171 6706/168 6647/169
f 6709/175 6707/174 6716/173
f 6707/174 6708/171 6714/172
f 6711/178 6710/177 6718/176
f 6710/177 6709/175 6716/173
f 6718/176 6710/177 6716/173
f 6803/180 6712/179 6720/164
f 6712/179 6711/178 6718/176
f 6720/164 6712/179 6718/176
f 6696/182 6804/181 6803/180
f 6744/185 6751/184 6737/183
f 6751/184 6713/186 6748/167
f 6737/183 6751/184 6748/167
f 6713/186 6696/182 6803/180
f 6707/174 6714/172 6716/173
f 6713/186 6803/180 6720/164
f 6736/187 6744/185 6737/183
f 6745/190 6735/189 6750/188
f 6735/189 6736/187 6750/188
f 6746/193 6747/192 6743/191
f 6747/192 6745/190 6740/194
f 6743/191 6635/195 6746/193
f 6740/194 6743/191 6747/192
f 6736/187 6737/183 6750/188
f 6745/190 6750/188 6740/194
f 6713/186 6720/164 6748/167
f 6753/163 6685/161 6801/196
f 6784/166 6637/198 6787/197
f 6801/196 6752/199 6753/163
f 6801/196 6685/161 6682/165
f 6682/165 6784/166 6680/200
f 6799/202 6801/196 6723/201
f 6797/204 6799/202 6793/203
f 6680/200 6784/166 6785/205
f 6773/208 6702/207 6783/206
f 6702/207 6703/210 6782/209
f 6783/206 6702/207 6782/209
f 6783/206 6644/211 6773/208
f 6644/211 6669/213 6648/212
f 6773/208 6644/211 6648/212
f 6669/213 6670/214 6648/212
f 6670/214 6671/215 6637/198
f 6671/215 6787/197 6637/198
f 6787/197 6785/205 6784/166
f 6785/205 6786/217 6643/216
f 6786/217 6634/218 6643/216
f 6643/216 6781/219 6680/200
f 6781/219 6780/221 6678/220
f 6670/214 6637/198 6648/212
f 6785/205 6643/216 6680/200
f 6781/219 6678/220 6680/200
f 6780/221 6779/222 6678/220
f 6779/222 6778/224 6676/223
f 6778/224 6776/225 6676/223
f 6776/225 6777/227 6674/226
f 6777/227 6642/229 6672/228
f 6674/226 6777/227 6672/228
f 6642/229 6758/230 6672/228
f 6676/223 6776/225 6674/226
f 6801/196 6682/165 6723/201
f 6779/222 6676/223 6678/220
f 6682/165 6721/231 6723/201
f 6701/233 6797/204 6694/232
f 6799/202 6723/201 6732/234
f 6799/202 6732/234 6794/235
f 6690/238 6692/237 6693/236
f 6692/237 6699/240 6791/239
f 6693/236 6692/237 6791/239
f 6799/202 6794/235 6793/203
f 6732/234 6788/242 6734/241
f 6697/243 6732/234 6734/241
f 6699/240 6701/233 6728/244
f 6728/244 6791/239 6699/240
f 6694/232 6792/245 6701/233
f 6792/245 6728/244 6701/233
f 6793/203 6695/246 6797/204
f 6695/246 6694/232 6797/204
f 6686/248 6687/247 6794/235
f 6732/234 6697/243 6794/235
f 6788/242 6795/250 6705/249
f 6697/243 6686/248 6794/235
f 6727/251 6734/241 6788/242
f 6704/252 6705/249 6795/250
f 6705/249 6727/251 6788/242
f 6731/85 6729/253 6724/87
f 6729/253 6704/252 6795/250
f 6724/87 6729/253 6795/250
f 6756/255 6730/254 6755/86
f 6730/254 6731/85 6755/86
f 7033/258 6896/257 6898/256
f 6898/256 7032/259 7033/258
f 7030/261 6933/260 7032/259
f 6935/263 6913/262 6933/260
f 6935/263 6912/264 6913/262
f 6927/266 6928/265 6912/264
f 6927/266 7043/267 6928/265
f 6899/270 7035/269 7036/268
f 7034/271 7036/268 7043/267
f 7034/271 7043/267 6927/266
f 6898/256 7030/261 7032/259
f 6933/260 7030/261 6935/263
f 6927/266 6912/264 6935/263
f 6932/272 6899/270 7036/268
f 6936/274 6931/273 6932/272
f 6938/276 7031/275 6931/273
f 6938/276 6905/277 7031/275
f 7039/279 6904/278 6905/277
f 7039/279 6905/277 6938/276
f 7039/279 6930/280 6904/278
f 7037/282 6929/281 6930/280
f 7037/282 6930/280 7039/279
f 6900/284 6903/283 6929/281
f 6900/284 6902/285 6903/283
f 6929/281 7037/282 6900/284
f 6936/274 6932/272 7036/268
f 6936/274 6938/276 6931/273
f 6936/274 7036/268 7034/271
f 6959/288 6924/287 7077/286
f 6936/274 7034/271 6959/288
f 6939/289 6959/288 7077/286
f 6939/289 6936/274 6959/288
f 6955/291 6957/290 6939/289
f 7023/293 7077/286 6990/292
f 6955/291 6939/289 7077/286
f 7023/293 6955/291 7077/286
f 6953/295 7055/294 6955/291
f 7020/296 7023/293 6990/292
f 6977/299 6917/298 6919/297
f 6978/301 6987/300 6917/298
f 6917/298 6977/299 6978/301
f 6985/304 6979/303 6980/302
f 6987/300 6978/301 6979/303
f 6988/307 6981/306 6982/305
f 6985/304 6980/302 6981/306
f 6985/304 6981/306 6988/307
f 6990/292 6983/309 7074/308
f 6988/307 6982/305 6983/309
f 6988/307 6983/309 6990/292
f 7074/308 7075/311 6966/310
f 7010/314 7022/313 7015/312
f 7020/296 6984/315 7022/313
f 7020/296 7022/313 7010/314
f 7074/308 6966/310 6984/315
f 6985/304 6987/300 6979/303
f 6990/292 7074/308 6984/315
f 7010/314 7015/312 7006/316
f 7021/319 7007/318 7016/317
f 7021/319 7006/316 7007/318
f 7014/322 7017/321 7018/320
f 7013/323 7016/317 7017/321
f 7018/320 6908/324 7014/322
f 7017/321 7014/322 7013/323
f 7021/319 7010/314 7006/316
f 7013/323 7021/319 7016/317
f 7020/296 6990/292 6984/315
f 7071/325 6955/291 7023/293
f 7058/327 6911/326 7055/294
f 7023/293 7024/328 7071/325
f 6953/295 6955/291 7071/325
f 6951/329 7055/294 6953/295
f 6992/331 7071/325 7069/330
f 7064/333 7069/330 7067/332
f 7057/334 7055/294 6951/329
f 7053/337 6973/336 7045/335
f 7054/339 6972/338 6973/336
f 7054/339 6973/336 7053/337
f 7045/335 6916/340 7053/337
f 6921/342 6942/341 6916/340
f 6921/342 6916/340 7045/335
f 6921/342 6941/343 6942/341
f 6911/326 6943/344 6941/343
f 6911/326 7058/327 6943/344
f 7055/294 7057/334 7058/327
f 6915/345 7056/217 7057/334
f 6915/345 6906/346 7056/217
f 6951/329 7052/347 6915/345
f 6949/349 7051/348 7052/347
f 6921/342 6911/326 6941/343
f 6951/329 6915/345 7057/334
f 6951/329 6949/349 7052/347
f 6949/349 7050/350 7051/348
f 6947/352 7049/351 7050/350
f 6947/352 7048/353 7049/351
f 6944/355 7047/354 7048/353
f 6946/357 6914/356 7047/354
f 6946/357 7047/354 6944/355
f 6946/357 7029/358 6914/356
f 6944/355 7048/353 6947/352
f 6992/331 6953/295 7071/325
f 6949/349 6947/352 7050/350
f 6992/331 6994/359 6953/295
f 6964/361 7067/332 6970/360
f 7004/90 6992/331 7069/330
f 7065/89 7004/90 7069/330
f 6963/364 6962/363 6976/362
f 7062/366 6968/365 6962/363
f 7064/333 7065/89 7069/330
f 6963/364 7062/366 6962/363
f 6999/367 6970/360 6968/365
f 6999/367 6968/365 7062/366
f 6970/360 6999/367 7063/368
f 7067/332 6964/361 6965/369
f 6970/360 7063/368 6964/361
f 7067/332 6965/369 7064/333
f 7065/89 6958/370 6967/88
f 7060/373 7005/372 6998/371
f 7004/90 6967/88 7005/372
f 7004/90 7005/372 7060/373
f 7066/376 6974/375 6975/374
f 7060/373 6998/371 6974/375
f 6997/379 7000/378 7001/377
f 7066/376 6975/374 7000/378
f 7066/376 7000/378 6997/379
f 7027/382 7002/381 7026/380
f 7027/382 7001/377 7002/381
f 7001/377 7027/382 6997/379
f 7066/376 7060/373 6974/375
f 7085/93 6397/383 6399/92
f 6401/96 6425/384 7086/95
f 6402/94 7086/95 7085/93
f 7090/101 6445/115 7092/103
f 7088/97 7107/385 6443/104
f 7093/107 7107/386 7088/106
f 7093/107 7087/105 7091/109
f 7089/100 6443/104 7094/111
f 7084/99 7097/113 7096/112
f 7089/100 7095/110 7097/113
f 6445/103 7090/102 7096/112
f 7099/100 7104/99 7100/113
f 6445/103 7098/114 7102/112
f 7104/99 7103/102 7102/112
f 7099/100 7101/110 7094/111
f 7093/107 7108/105 7106/109
f 7092/104 6445/385 7103/97
f 7106/101 7099/102 6443/103
f 7093/107 7092/386 7105/106
f 7109/116 7119/116 7110/116
f 7112/116 7121/116 7113/117
f 7115/117 7139/117 7116/116
f 7118/118 7123/118 7119/116
f 7120/118 7124/118 7121/116
f 7118/118 7125/118 7122/118
f 7111/118 7110/118 7124/118
f 7117/116 7116/116 7122/118
f 6428/77 6447/77 6446/78
f 7080/73 6435/69 6448/69
f 6435/69 7082/70 6447/70
f 6429/67 6446/67 6445/68
f 7083/80 6442/79 6410/79
f 6433/65 6444/65 7079/74
f 6432/66 7083/66 6444/65
f 6442/64 6443/63 6408/63
f 6417/37 7080/120 6404/75
f 6422/37 7079/119 6440/75
f 7126/123 7140/126 7127/122
f 7129/123 7141/125 7130/124
f 7132/125 7126/123 7128/121
f 7134/126 7129/123 7131/121
f 7142/921 7143/921 7144/921
f 7145/921 7146/921 7147/921
f 7148/921 7149/921 7150/921
f 7151/921 7152/921 7153/921
f 7148/921 7150/921 7154/921
f 7151/921 7155/921 7152/921
f 7156/921 7148/921 7154/921
f 7157/921 7155/921 7151/921
f 7156/921 7154/921 7158/921
f 7157/921 7159/921 7155/921
f 7144/921 7156/921 7158/921
f 7146/921 7159/921 7157/921
f 7144/921 7158/921 7160/921
f 7146/921 7161/921 7159/921
f 7144/921 7160/921 7142/921
f 7146/921 7145/921 7161/921
f 7147/921 7146/921 7144/921
f 7147/921 7144/921 7143/921
f 7146/921 7157/921 7156/921
f 7146/921 7156/921 7144/921
f 7157/921 7151/921 7148/921
f 7157/921 7148/921 7156/921
f 7151/921 7153/921 7149/921
f 7151/921 7149/921 7148/921
f 7153/921 7152/921 7150/921
f 7153/921 7150/921 7149/921
f 7152/921 7155/921 7154/921
f 7152/921 7154/921 7150/921
f 7155/921 7159/921 7158/921
f 7155/921 7158/921 7154/921
f 7159/921 7161/921 7160/921
f 7159/921 7160/921 7158/921
f 7161/921 7145/921 7142/921
f 7161/921 7142/921 7160/921
f 7145/921 7147/921 7143/921
f 7145/921 7143/921 7142/921
f 7162/918 7163/918 7164/918
f 7165/918 7166/918 7167/918
f 7164/918 7168/918 7162/918
f 7166/918 7165/918 7169/918
f 7167/918 7166/918 7164/918
f 7167/918 7164/918 7163/918
f 7166/918 7169/918 7168/918
f 7166/918 7168/918 7164/918
f 7169/918 7165/918 7162/918
f 7169/918 7162/918 7168/918
f 7165/918 7167/918 7163/918
f 7165/918 7163/918 7162/918
f 7170/918 7171/918 7172/918
f 7173/918 7174/918 7175/918
f 7172/918 7176/918 7170/918
f 7174/918 7173/918 7177/918
f 7175/918 7174/918 7172/918
f 7175/918 7172/918 7171/918
f 7174/918 7177/918 7176/918
f 7174/918 7176/918 7172/918
f 7177/918 7173/918 7170/918
f 7177/918 7170/918 7176/918
f 7173/918 7175/918 7171/918
f 7173/918 7171/918 7170/918
f 7178/918 7179/918 7180/918
f 7178/918 7180/918 7181/918
f 7182/918 7183/918 7184/918
f 7182/918 7184/918 7185/918
f 7179/918 7182/918 7185/918
f 7179/918 7185/918 7180/918
f 7183/918 7178/918 7181/918
f 7183/918 7181/918 7184/918
f 7181/918 7180/918 7186/918
f 7181/918 7186/918 7187/918
f 7185/918 7184/918 7188/918
f 7185/918 7188/918 7189/918
f 7180/918 7185/918 7189/918
f 7180/918 7189/918 7186/918
f 7184/918 7181/918 7187/918
f 7184/918 7187/918 7188/918
f 7187/918 7186/918 7190/918
f 7187/918 7190/918 7191/918
f 7189/918 7188/918 7192/918
f 7189/918 7192/918 7193/918
f 7186/918 7189/918 7193/918
f 7186/918 7193/918 7190/918
f 7188/918 7187/918 7191/918
f 7188/918 7191/918 7192/918
f 7191/918 7190/918 7194/918
f 7191/918 7194/918 7195/918
f 7193/918 7192/918 7196/918
f 7193/918 7196/918 7197/918
f 7190/918 7193/918 7197/918
f 7190/918 7197/918 7194/918
f 7192/918 7191/918 7195/918
f 7192/918 7195/918 7196/918
f 7195/918 7194/918 7198/918
f 7195/918 7198/918 7199/918
f 7197/918 7196/918 7200/918
f 7197/918 7200/918 7201/918
f 7194/918 7197/918 7201/918
f 7194/918 7201/918 7198/918
f 7196/918 7195/918 7199/918
f 7196/918 7199/918 7200/918
f 7199/918 7198/918 7202/918
f 7199/918 7202/918 7203/918
f 7201/918 7200/918 7204/918
f 7201/918 7204/918 7205/918
f 7198/918 7201/918 7205/918
f 7198/918 7205/918 7202/918
f 7200/918 7199/918 7203/918
f 7200/918 7203/918 7204/918
f 7203/918 7202/918 7206/918
f 7203/918 7206/918 7207/918
f 7205/918 7204/918 7208/918
f 7205/918 7208/918 7209/918
f 7202/918 7205/918 7209/918
f 7202/918 7209/918 7206/918
f 7204/918 7203/918 7207/918
f 7204/918 7207/918 7208/918
f 7207/918 7206/918 7210/918
f 7207/918 7210/918 7211/918
f 7209/918 7208/918 7212/918
f 7209/918 7212/918 7213/918
f 7206/918 7209/918 7213/918
f 7206/918 7213/918 7210/918
f 7208/918 7207/918 7211/918
f 7208/918 7211/918 7212/918
f 7211/918 7210/918 7214/918
f 7211/918 7214/918 7215/918
f 7213/918 7212/918 7216/918
f 7213/918 7216/918 7217/918
f 7210/918 7213/918 7217/918
f 7210/918 7217/918 7214/918
f 7212/918 7211/918 7215/918
f 7212/918 7215/918 7216/918
f 7215/918 7214/918 7218/918
f 7215/918 7218/918 7219/918
f 7217/918 7216/918 7220/918
f 7217/918 7220/918 7221/918
f 7214/918 7217/918 7221/918
f 7214/918 7221/918 7218/918
f 7216/918 7215/918 7219/918
f 7216/918 7219/918 7220/918
f 7219/918 7218/918 7222/918
f 7219/918 7222/918 7223/918
f 7221/918 7220/918 7224/918
f 7221/918 7224/918 7225/918
f 7218/918 7221/918 7225/918
f 7218/918 7225/918 7222/918
f 7220/918 7219/918 7223/918
f 7220/918 7223/918 7224/918
f 7223/918 7222/918 7179/918
f 7223/918 7179/918 7178/918
f 7225/918 7224/918 7183/918
f 7225/918 7183/918 7182/918
f 7222/918 7225/918 7182/918
f 7222/918 7182/918 7179/918
f 7224/918 7223/918 7178/918
f 7224/918 7178/918 7183/918
f 7226/918 7227/918 7228/918
f 7226/918 7228/918 7229/918
f 7230/918 7231/918 7232/918
f 7230/918 7232/918 7233/918
f 7227/918 7230/918 7233/918
f 7227/918 7233/918 7228/918
f 7231/918 7226/918 7229/918
f 7231/918 7229/918 7232/918
f 7229/918 7228/918 7234/918
f 7229/918 7234/918 7235/918
f 7233/918 7232/918 7236/918
f 7233/918 7236/918 7237/918
f 7228/918 7233/918 7237/918
f 7228/918 7237/918 7234/918
f 7232/918 7229/918 7235/918
f 7232/918 7235/918 7236/918
f 7235/918 7234/918 7238/918
f 7235/918 7238/918 7239/918
f 7237/918 7236/918 7240/918
f 7237/918 7240/918 7241/918
f 7234/918 7237/918 7241/918
f 7234/918 7241/918 7238/918
f 7236/918 7235/918 7239/918
f 7236/918 7239/918 7240/918
f 7239/918 7238/918 7242/918
f 7239/918 7242/918 7243/918
f 7241/918 7240/918 7244/918
f 7241/918 7244/918 7245/918
f 7238/918 7241/918 7245/918
f 7238/918 7245/918 7242/918
f 7240/918 7239/918 7243/918
f 7240/918 7243/918 7244/918
f 7243/918 7242/918 7246/918
f 7243/918 7246/918 7247/918
f 7245/918 7244/918 7248/918
f 7245/918 7248/918 7249/918
f 7242/918 7245/918 7249/918
f 7242/918 7249/918 7246/918
f 7244/918 7243/918 7247/918
f 7244/918 7247/918 7248/918
f 7247/918 7246/918 7250/918
f 7247/918 7250/918 7251/918
f 7249/918 7248/918 7252/918
f 7249/918 7252/918 7253/918
f 7246/918 7249/918 7253/918
f 7246/918 7253/918 7250/918
f 7248/918 7247/918 7251/918
f 7248/918 7251/918 7252/918
f 7251/918 7250/918 7254/918
f 7251/918 7254/918 7255/918
f 7253/918 7252/918 7256/918
f 7253/918 7256/918 7257/918
f 7250/918 7253/918 7257/918
f 7250/918 7257/918 7254/918
f 7252/918 7251/918 7255/918
f 7252/918 7255/918 7256/918
f 7255/918 7254/918 7258/918
f 7255/918 7258/918 7259/918
f 7257/918 7256/918 7260/918
f 7257/918 7260/918 7261/918
f 7254/918 7257/918 7261/918
f 7254/918 7261/918 7258/918
f 7256/918 7255/918 7259/918
f 7256/918 7259/918 7260/918
f 7259/918 7258/918 7262/918
f 7259/918 7262/918 7263/918
f 7261/918 7260/918 7264/918
f 7261/918 7264/918 7265/918
f 7258/918 7261/918 7265/918
f 7258/918 7265/918 7262/918
f 7260/918 7259/918 7263/918
f 7260/918 7263/918 7264/918
f 7263/918 7262/918 7266/918
f 7263/918 7266/918 7267/918
f 7265/918 7264/918 7268/918
f 7265/918 7268/918 7269/918
f 7262/918 7265/918 7269/918
f 7262/918 7269/918 7266/918
f 7264/918 7263/918 7267/918
f 7264/918 7267/918 7268/918
f 7267/918 7266/918 7270/918
f 7267/918 7270/918 7271/918
f 7269/918 7268/918 7272/918
f 7269/918 7272/918 7273/918
f 7266/918 7269/918 7273/918
f 7266/918 7273/918 7270/918
f 7268/918 7267/918 7271/918
f 7268/918 7271/918 7272/918
f 7271/918 7270/918 7227/918
f 7271/918 7227/918 7226/918
f 7273/918 7272/918 7231/918
f 7273/918 7231/918 7230/918
f 7270/918 7273/918 7230/918
f 7270/918 7230/918 7227/918
f 7272/918 7271/918 7226/918
f 7272/918 7226/918 7231/918
f 7274/918 7275/918 7276/918
f 7274/918 7276/918 7277/918
f 7278/918 7279/918 7280/918
f 7278/918 7280/918 7281/918
f 7275/918 7278/918 7281/918
f 7275/918 7281/918 7276/918
f 7279/918 7274/918 7277/918
f 7279/918 7277/918 7280/918
f 7277/918 7276/918 7282/918
f 7277/918 7282/918 7283/918
f 7281/918 7280/918 7284/918
f 7281/918 7284/918 7285/918
f 7276/918 7281/918 7285/918
f 7276/918 7285/918 7282/918
f 7280/918 7277/918 7283/918
f 7280/918 7283/918 7284/918
f 7283/918 7282/918 7286/918
f 7283/918 7286/918 7287/918
f 7285/918 7284/918 7288/918
f 7285/918 7288/918 7289/918
f 7282/918 7285/918 7289/918
f 7282/918 7289/918 7286/918
f 7284/918 7283/918 7287/918
f 7284/918 7287/918 7288/918
f 7287/918 7286/918 7290/918
f 7287/918 7290/918 7291/918
f 7289/918 7288/918 7292/918
f 7289/918 7292/918 7293/918
f 7286/918 7289/918 7293/918
f 7286/918 7293/918 7290/918
f 7288/918 7287/918 7291/918
f 7288/918 7291/918 7292/918
f 7291/918 7290/918 7294/918
f 7291/918 7294/918 7295/918
f 7293/918 7292/918 7296/918
f 7293/918 7296/918 7297/918
f 7290/918 7293/918 7297/918
f 7290/918 7297/918 7294/918
f 7292/918 7291/918 7295/918
f 7292/918 7295/918 7296/918
f 7295/918 7294/918 7298/918
f 7295/918 7298/918 7299/918
f 7297/918 7296/918 7300/918
f 7297/918 7300/918 7301/918
f 7294/918 7297/918 7301/918
f 7294/918 7301/918 7298/918
f 7296/918 7295/918 7299/918
f 7296/918 7299/918 7300/918
f 7299/918 7298/918 7302/918
f 7299/918 7302/918 7303/918
f 7301/918 7300/918 7304/918
f 7301/918 7304/918 7305/918
f 7298/918 7301/918 7305/918
f 7298/918 7305/918 7302/918
f 7300/918 7299/918 7303/918
f 7300/918 7303/918 7304/918
f 7303/918 7302/918 7306/918
f 7303/918 7306/918 7307/918
f 7305/918 7304/918 7308/918
f 7305/918 7308/918 7309/918
f 7302/918 7305/918 7309/918
f 7302/918 7309/918 7306/918
f 7304/918 7303/918 7307/918
f 7304/918 7307/918 7308/918
f 7307/918 7306/918 7310/918
f 7307/918 7310/918 7311/918
f 7309/918 7308/918 7312/918
f 7309/918 7312/918 7313/918
f 7306/918 7309/918 7313/918
f 7306/918 7313/918 7310/918
f 7308/918 7307/918 7311/918
f 7308/918 7311/918 7312/918
f 7311/918 7310/918 7314/918
f 7311/918 7314/918 7315/918
f 7313/918 7312/918 7316/918
f 7313/918 7316/918 7317/918
f 7310/918 7313/918 7317/918
f 7310/918 7317/918 7314/918
f 7312/918 7311/918 7315/918
f 7312/918 7315/918 7316/918
f 7315/918 7314/918 7318/918
f 7315/918 7318/918 7319/918
f 7317/918 7316/918 7320/918
f 7317/918 7320/918 7321/918
f 7314/918 7317/918 7321/918
f 7314/918 7321/918 7318/918
f 7316/918 7315/918 7319/918
f 7316/918 7319/918 7320/918
f 7319/918 7318/918 7275/918
f 7319/918 7275/918 7274/918
f 7321/918 7320/918 7279/918
f 7321/918 7279/918 7278/918
f 7318/918 7321/918 7278/918
f 7318/918 7278/918 7275/918
f 7320/918 7319/918 7274/918
f 7320/918 7274/918 7279/918
f 7322/918 7323/918 7324/918
f 7322/918 7324/918 7325/918
f 7326/918 7327/918 7328/918
f 7326/918 7328/918 7329/918
f 7323/918 7326/918 7329/918
f 7323/918 7329/918 7324/918
f 7327/918 7322/918 7325/918
f 7327/918 7325/918 7328/918
f 7325/918 7324/918 7330/918
f 7325/918 7330/918 7331/918
f 7329/918 7328/918 7332/918
f 7329/918 7332/918 7333/918
f 7324/918 7329/918 7333/918
f 7324/918 7333/918 7330/918
f 7328/918 7325/918 7331/918
f 7328/918 7331/918 7332/918
f 7331/918 7330/918 7334/918
f 7331/918 7334/918 7335/918
f 7333/918 7332/918 7336/918
f 7333/918 7336/918 7337/918
f 7330/918 7333/918 7337/918
f 7330/918 7337/918 7334/918
f 7332/918 7331/918 7335/918
f 7332/918 7335/918 7336/918
f 7335/918 7334/918 7338/918
f 7335/918 7338/918 7339/918
f 7337/918 7336/918 7340/918
f 7337/918 7340/918 7341/918
f 7334/918 7337/918 7341/918
f 7334/918 7341/918 7338/918
f 7336/918 7335/918 7339/918
f 7336/918 7339/918 7340/918
f 7339/918 7338/918 7342/918
f 7339/918 7342/918 7343/918
f 7341/918 7340/918 7344/918
f 7341/918 7344/918 7345/918
f 7338/918 7341/918 7345/918
f 7338/918 7345/918 7342/918
f 7340/918 7339/918 7343/918
f 7340/918 7343/918 7344/918
f 7343/918 7342/918 7346/918
f 7343/918 7346/918 7347/918
f 7345/918 7344/918 7348/918
f 7345/918 7348/918 7349/918
f 7342/918 7345/918 7349/918
f 7342/918 7349/918 7346/918
f 7344/918 7343/918 7347/918
f 7344/918 7347/918 7348/918
f 7347/918 7346/918 7350/918
f 7347/918 7350/918 7351/918
f 7349/918 7348/918 7352/918
f 7349/918 7352/918 7353/918
f 7346/918 7349/918 7353/918
f 7346/918 7353/918 7350/918
f 7348/918 7347/918 7351/918
f 7348/918 7351/918 7352/918
f 7351/918 7350/918 7354/918
f 7351/918 7354/918 7355/918
f 7353/918 7352/918 7356/918
f 7353/918 7356/918 7357/918
f 7350/918 7353/918 7357/918
f 7350/918 7357/918 7354/918
f 7352/918 7351/918 7355/918
f 7352/918 7355/918 7356/918
f 7355/918 7354/918 7358/918
f 7355/918 7358/918 7359/918
f 7357/918 7356/918 7360/918
f 7357/918 7360/918 7361/918
f 7354/918 7357/918 7361/918
f 7354/918 7361/918 7358/918
f 7356/918 7355/918 7359/918
f 7356/918 7359/918 7360/918
f 7359/918 7358/918 7362/918
f 7359/918 7362/918 7363/918
f 7361/918 7360/918 7364/918
f 7361/918 7364/918 7365/918
f 7358/918 7361/918 7365/918
f 7358/918 7365/918 7362/918
f 7360/918 7359/918 7363/918
f 7360/918 7363/918 7364/918
f 7363/918 7362/918 7366/918
f 7363/918 7366/918 7367/918
f 7365/918 7364/918 7368/918
f 7365/918 7368/918 7369/918
f 7362/918 7365/918 7369/918
f 7362/918 7369/918 7366/918
f 7364/918 7363/918 7367/918
f 7364/918 7367/918 7368/918
f 7367/918 7366/918 7323/918
f 7367/918 7323/918 7322/918
f 7369/918 7368/918 7327/918
f 7369/918 7327/918 7326/918
f 7366/918 7369/918 7326/918
f 7366/918 7326/918 7323/918
f 7368/918 7367/918 7322/918
f 7368/918 7322/918 7327/918
f 7370/918 7371/918 7372/918
f 7373/918 7374/918 7375/918
f 7372/918 7376/918 7370/918
f 7374/918 7373/918 7377/918
f 7375/918 7374/918 7372/918
f 7375/918 7372/918 7371/918
f 7374/918 7377/918 7376/918
f 7374/918 7376/918 7372/918
f 7377/918 7373/918 7370/918
f 7377/918 7370/918 7376/918
f 7373/918 7375/918 7371/918
f 7373/918 7371/918 7370/918
f 7378/920 7379/920 7380/920
f 7381/920 7382/920 7383/920
f 7381/920 7383/920 7379/920
f 7381/920 7379/920 7378/920
f 7383/920 7382/920 7380/920
f 7383/920 7380/920 7379/920
f 7382/920 7381/920 7378/920
f 7382/920 7378/920 7380/920
f 7384/918 7385/918 7386/918
f 7387/918 7388/918 7389/918
f 7386/918 7390/918 7384/918
f 7388/918 7387/918 7391/918
f 7389/918 7388/918 7386/918
f 7389/918 7386/918 7385/918
f 7388/918 7391/918 7390/918
f 7388/918 7390/918 7386/918
f 7391/918 7387/918 7384/918
f 7391/918 7384/918 7390/918
f 7387/918 7389/918 7385/918
f 7387/918 7385/918 7384/918
f 7392/920 7393/920 7394/920
f 7395/920 7396/920 7397/920
f 7395/920 7397/920 7393/920
f 7395/920 7393/920 7392/920
f 7397/920 7396/920 7394/920
f 7397/920 7394/920 7393/920
f 7396/920 7395/920 7392/920
f 7396/920 7392/920 7394/920
f 7398/918 7399/918 7400/918
f 7401/918 7402/918 7403/918
f 7400/918 7404/918 7398/918
f 7402/918 7401/918 7405/918
f 7403/918 7402/918 7400/918
f 7403/918 7400/918 7399/918
f 7402/918 7405/918 7404/918
f 7402/918 7404/918 7400/918
f 7405/918 7401/918 7398/918
f 7405/918 7398/918 7404/918
f 7401/918 7403/918 7399/918
f 7401/918 7399/918 7398/918
f 7406/918 7407/918 7408/918
f 7409/918 7410/918 7411/918
f 7408/918 7412/918 7406/918
f 7410/918 7409/918 7413/918
f 7411/918 7410/918 7408/918
f 7411/918 7408/918 7407/918
f 7410/918 7413/918 7412/918
f 7410/918 7412/918 7408/918
f 7413/918 7409/918 7406/918
f 7413/918 7406/918 7412/918
f 7409/918 7411/918 7407/918
f 7409/918 7407/918 7406/918
f 7414/918 7415/918 7416/918
f 7417/918 7418/918 7419/918
f 7416/918 7420/918 7414/918
f 7418/918 7417/918 7421/918
f 7419/918 7418/918 7416/918
f 7419/918 7416/918 7415/918
f 7418/918 7421/918 7420/918
f 7418/918 7420/918 7416/918
f 7421/918 7417/918 7414/918
f 7421/918 7414/918 7420/918
f 7417/918 7419/918 7415/918
f 7417/918 7415/918 7414/918
f 7422/918 7423/918 7424/918
f 7425/918 7426/918 7427/918
f 7424/918 7428/918 7422/918
f 7426/918 7425/918 7429/918
f 7427/918 7426/918 7424/918
f 7427/918 7424/918 7423/918
f 7426/918 7429/918 7428/918
f 7426/918 7428/918 7424/918
f 7429/918 7425/918 7422/918
f 7429/918 7422/918 7428/918
f 7425/918 7427/918 7423/918
f 7425/918 7423/918 7422/918
f 7430/919 7431/919 7432/919
f 7430/919 7432/919 7433/919
f 7434/919 7435/919 7436/919
f 7434/919 7436/919 7437/919
f 7431/919 7434/919 7437/919
f 7431/919 7437/919 7432/919
f 7435/919 7430/919 7433/919
f 7435/919 7433/919 7436/919
f 7433/919 7432/919 7438/919
f 7433/919 7438/919 7439/919
f 7437/919 7436/919 7440/919
f 7437/919 7440/919 7441/919
f 7432/919 7437/919 7441/919
f 7432/919 7441/919 7438/919
f 7436/919 7433/919 7439/919
f 7436/919 7439/919 7440/919
f 7439/919 7438/919 7442/919
f 7439/919 7442/919 7443/919
f 7441/919 7440/919 7444/919
f 7441/919 7444/919 7445/919
f 7438/919 7441/919 7445/919
f 7438/919 7445/919 7442/919
f 7440/919 7439/919 7443/919
f 7440/919 7443/919 7444/919
f 7443/919 7442/919 7446/919
f 7443/919 7446/919 7447/919
f 7445/919 7444/919 7448/919
f 7445/919 7448/919 7449/919
f 7442/919 7445/919 7449/919
f 7442/919 7449/919 7446/919
f 7444/919 7443/919 7447/919
f 7444/919 7447/919 7448/919
f 7447/919 7446/919 7450/919
f 7447/919 7450/919 7451/919
f 7449/919 7448/919 7452/919
f 7449/919 7452/919 7453/919
f 7446/919 7449/919 7453/919
f 7446/919 7453/919 7450/919
f 7448/919 7447/919 7451/919
f 7448/919 7451/919 7452/919
f 7451/919 7450/919 7454/919
f 7451/919 7454/919 7455/919
f 7453/919 7452/919 7456/919
f 7453/919 7456/919 7457/919
f 7450/919 7453/919 7457/919
f 7450/919 7457/919 7454/919
f 7452/919 7451/919 7455/919
f 7452/919 7455/919 7456/919
f 7455/919 7454/919 7458/919
f 7455/919 7458/919 7459/919
f 7457/919 7456/919 7460/919
f 7457/919 7460/919 7461/919
f 7454/919 7457/919 7461/919
f 7454/919 7461/919 7458/919
f 7456/919 7455/919 7459/919
f 7456/919 7459/919 7460/919
f 7459/919 7458/919 7462/919
f 7459/919 7462/919 7463/919
f 7461/919 7460/919 7464/919
f 7461/919 7464/919 7465/919
f 7458/919 7461/919 7465/919
f 7458/919 7465/919 7462/919
f 7460/919 7459/919 7463/919
f 7460/919 7463/919 7464/919
f 7463/919 7462/919 7466/919
f 7463/919 7466/919 7467/919
f 7465/919 7464/919 7468/919
f 7465/919 7468/919 7469/919
f 7462/919 7465/919 7469/919
f 7462/919 7469/919 7466/919
f 7464/919 7463/919 7467/919
f 7464/919 7467/919 7468/919
f 7467/919 7466/919 7470/919
f 7467/919 7470/919 7471/919
f 7469/919 7468/919 7472/919
f 7469/919 7472/919 7473/919
f 7466/919 7469/919 7473/919
f 7466/919 7473/919 7470/919
f 7468/919 7467/919 7471/919
f 7468/919 7471/919 7472/919
f 7471/919 7470/919 7474/919
f 7471/919 7474/919 7475/919
f 7473/919 7472/919 7476/919
f 7473/919 7476/919 7477/919
f 7470/919 7473/919 7477/919
f 7470/919 7477/919 7474/919
f 7472/919 7471/919 7475/919
f 7472/919 7475/919 7476/919
f 7475/919 7474/919 7431/919
f 7475/919 7431/919 7430/919
f 7477/919 7476/919 7435/919
f 7477/919 7435/919 7434/919
f 7474/919 7477/919 7434/919
f 7474/919 7434/919 7431/919
f 7476/919 7475/919 7430/919
f 7476/919 7430/919 7435/919
f 7478/919 7479/919 7480/919
f 7478/919 7480/919 7481/919
f 7482/919 7483/919 7484/919
f 7482/919 7484/919 7485/919
f 7479/919 7482/919 7485/919
f 7479/919 7485/919 7480/919
f 7483/919 7478/919 7481/919
f 7483/919 7481/919 7484/919
f 7481/919 7480/919 7486/919
f 7481/919 7486/919 7487/919
f 7485/919 7484/919 7488/919
f 7485/919 7488/919 7489/919
f 7480/919 7485/919 7489/919
f 7480/919 7489/919 7486/919
f 7484/919 7481/919 7487/919
f 7484/919 7487/919 7488/919
f 7487/919 7486/919 7490/919
f 7487/919 7490/919 7491/919
f 7489/919 7488/919 7492/919
f 7489/919 7492/919 7493/919
f 7486/919 7489/919 7493/919
f 7486/919 7493/919 7490/919
f 7488/919 7487/919 7491/919
f 7488/919 7491/919 7492/919
f 7491/919 7490/919 7494/919
f 7491/919 7494/919 7495/919
f 7493/919 7492/919 7496/919
f 7493/919 7496/919 7497/919
f 7490/919 7493/919 7497/919
f 7490/919 7497/919 7494/919
f 7492/919 7491/919 7495/919
f 7492/919 7495/919 7496/919
f 7495/919 7494/919 7498/919
f 7495/919 7498/919 7499/919
f 7497/919 7496/919 7500/919
f 7497/919 7500/919 7501/919
f 7494/919 7497/919 7501/919
f 7494/919 7501/919 7498/919
f 7496/919 7495/919 7499/919
f 7496/919 7499/919 7500/919
f 7499/919 7498/919 7502/919
f 7499/919 7502/919 7503/919
f 7501/919 7500/919 7504/919
f 7501/919 7504/919 7505/919
f 7498/919 7501/919 7505/919
f 7498/919 7505/919 7502/919
f 7500/919 7499/919 7503/919
f 7500/919 7503/919 7504/919
f 7503/919 7502/919 7506/919
f 7503/919 7506/919 7507/919
f 7505/919 7504/919 7508/919
f 7505/919 7508/919 7509/919
f 7502/919 7505/919 7509/919
f 7502/919 7509/919 7506/919
f 7504/919 7503/919 7507/919
f 7504/919 7507/919 7508/919
f 7507/919 7506/919 7510/919
f 7507/919 7510/919 7511/919
f 7509/919 7508/919 7512/919
f 7509/919 7512/919 7513/919
f 7506/919 7509/919 7513/919
f 7506/919 7513/919 7510/919
f 7508/919 7507/919 7511/919
f 7508/919 7511/919 7512/919
f 7511/919 7510/919 7514/919
f 7511/919 7514/919 7515/919
f 7513/919 7512/919 7516/919
f 7513/919 7516/919 7517/919
f 7510/919 7513/919 7517/919
f 7510/919 7517/919 7514/919
f 7512/919 7511/919 7515/919
f 7512/919 7515/919 7516/919
f 7515/919 7514/919 7518/919
f 7515/919 7518/919 7519/919
f 7517/919 7516/919 7520/919
f 7517/919 7520/919 7521/919
f 7514/919 7517/919 7521/919
f 7514/919 7521/919 7518/919
f 7516/919 7515/919 7519/919
f 7516/919 7519/919 7520/919
f 7519/919 7518/919 7522/919
f 7519/919 7522/919 7523/919
f 7521/919 7520/919 7524/919
f 7521/919 7524/919 7525/919
f 7518/919 7521/919 7525/919
f 7518/919 7525/919 7522/919
f 7520/919 7519/919 7523/919
f 7520/919 7523/919 7524/919
f 7523/919 7522/919 7479/919
f 7523/919 7479/919 7478/919
f 7525/919 7524/919 7483/919
f 7525/919 7483/919 7482/919
f 7522/919 7525/919 7482/919
f 7522/919 7482/919 7479/919
f 7524/919 7523/919 7478/919
f 7524/919 7478/919 7483/919
f 7526/919 7527/919 7528/919
f 7526/919 7528/919 7529/919
f 7530/919 7531/919 7532/919
f 7530/919 7532/919 7533/919
f 7527/919 7530/919 7533/919
f 7527/919 7533/919 7528/919
f 7531/919 7526/919 7529/919
f 7531/919 7529/919 7532/919
f 7529/919 7528/919 7534/919
f 7529/919 7534/919 7535/919
f 7533/919 7532/919 7536/919
f 7533/919 7536/919 7537/919
f 7528/919 7533/919 7537/919
f 7528/919 7537/919 7534/919
f 7532/919 7529/919 7535/919
f 7532/919 7535/919 7536/919
f 7535/919 7534/919 7538/919
f 7535/919 7538/919 7539/919
f 7537/919 7536/919 7540/919
f 7537/919 7540/919 7541/919
f 7534/919 7537/919 7541/919
f 7534/919 7541/919 7538/919
f 7536/919 7535/919 7539/919
f 7536/919 7539/919 7540/919
f 7539/919 7538/919 7542/919
f 7539/919 7542/919 7543/919
f 7541/919 7540/919 7544/919
f 7541/919 7544/919 7545/919
f 7538/919 7541/919 7545/919
f 7538/919 7545/919 7542/919
f 7540/919 7539/919 7543/919
f 7540/919 7543/919 7544/919
f 7543/919 7542/919 7546/919
f 7543/919 7546/919 7547/919
f 7545/919 7544/919 7548/919
f 7545/919 7548/919 7549/919
f 7542/919 7545/919 7549/919
f 7542/919 7549/919 7546/919
f 7544/919 7543/919 7547/919
f 7544/919 7547/919 7548/919
f 7547/919 7546/919 7550/919
f 7547/919 7550/919 7551/919
f 7549/919 7548/919 7552/919
f 7549/919 7552/919 7553/919
f 7546/919 7549/919 7553/919
f 7546/919 7553/919 7550/919
f 7548/919 7547/919 7551/919
f 7548/919 7551/919 7552/919
f 7551/919 7550/919 7554/919
f 7551/919 7554/919 7555/919
f 7553/919 7552/919 7556/919
f 7553/919 7556/919 7557/919
f 7550/919 7553/919 7557/919
f 7550/919 7557/919 7554/919
f 7552/919 7551/919 7555/919
f 7552/919 7555/919 7556/919
f 7555/919 7554/919 7558/919
f 7555/919 7558/919 7559/919
f 7557/919 7556/919 7560/919
f 7557/919 7560/919 7561/919
f 7554/919 7557/919 7561/919
f 7554/919 7561/919 7558/919
f 7556/919 7555/919 7559/919
f 7556/919 7559/919 7560/919
f 7559/919 7558/919 7562/919
f 7559/919 7562/919 7563/919
f 7561/919 7560/919 7564/919
f 7561/919 7564/919 7565/919
f 7558/919 7561/919 7565/919
f 7558/919 7565/919 7562/919
f 7560/919 7559/919 7563/919
f 7560/919 7563/919 7564/919
f 7563/919 7562/919 7566/919
f 7563/919 7566/919 7567/919
f 7565/919 7564/919 7568/919
f 7565/919 7568/919 7569/919
f 7562/919 7565/919 7569/919
f 7562/919 7569/919 7566/919
f 7564/919 7563/919 7567/919
f 7564/919 7567/919 7568/919
f 7567/919 7566/919 7570/919
f 7567/919 7570/919 7571/919
f 7569/919 7568/919 7572/919
f 7569/919 7572/919 7573/919
f 7566/919 7569/919 7573/919
f 7566/919 7573/919 7570/919
f 7568/919 7567/919 7571/919
f 7568/919 7571/919 7572/919
f 7571/919 7570/919 7527/919
f 7571/919 7527/919 7526/919
f 7573/919 7572/919 7531/919
f 7573/919 7531/919 7530/919
f 7570/919 7573/919 7530/919
f 7570/919 7530/919 7527/919
f 7572/919 7571/919 7526/919
f 7572/919 7526/919 7531/919
f 7574/919 7575/919 7576/919
f 7574/919 7576/919 7577/919
f 7578/919 7579/919 7580/919
f 7578/919 7580/919 7581/919
f 7575/919 7578/919 7581/919
f 7575/919 7581/919 7576/919
f 7579/919 7574/919 7577/919
f 7579/919 7577/919 7580/919
f 7577/919 7576/919 7582/919
f 7577/919 7582/919 7583/919
f 7581/919 7580/919 7584/919
f 7581/919 7584/919 7585/919
f 7576/919 7581/919 7585/919
f 7576/919 7585/919 7582/919
f 7580/919 7577/919 7583/919
f 7580/919 7583/919 7584/919
f 7583/919 7582/919 7586/919
f 7583/919 7586/919 7587/919
f 7585/919 7584/919 7588/919
f 7585/919 7588/919 7589/919
f 7582/919 7585/919 7589/919
f 7582/919 7589/919 7586/919
f 7584/919 7583/919 7587/919
f 7584/919 7587/919 7588/919
f 7587/919 7586/919 7590/919
f 7587/919 7590/919 7591/919
f 7589/919 7588/919 7592/919
f 7589/919 7592/919 7593/919
f 7586/919 7589/919 7593/919
f 7586/919 7593/919 7590/919
f 7588/919 7587/919 7591/919
f 7588/919 7591/919 7592/919
f 7591/919 7590/919 7594/919
f 7591/919 7594/919 7595/919
f 7593/919 7592/919 7596/919
f 7593/919 7596/919 7597/919
f 7590/919 7593/919 7597/919
f 7590/919 7597/919 7594/919
f 7592/919 7591/919 7595/919
f 7592/919 7595/919 7596/919
f 7595/919 7594/919 7598/919
f 7595/919 7598/919 7599/919
f 7597/919 7596/919 7600/919
f 7597/919 7600/919 7601/919
f 7594/919 7597/919 7601/919
f 7594/919 7601/919 7598/919
f 7596/919 7595/919 7599/919
f 7596/919 7599/919 7600/919
f 7599/919 7598/919 7602/919
f 7599/919 7602/919 7603/919
f 7601/919 7600/919 7604/919
f 7601/919 7604/919 7605/919
f 7598/919 7601/919 7605/919
f 7598/919 7605/919 7602/919
f 7600/919 7599/919 7603/919
f 7600/919 7603/919 7604/919
f 7603/919 7602/919 7606/919
f 7603/919 7606/919 7607/919
f 7605/919 7604/919 7608/919
f 7605/919 7608/919 7609/919
f 7602/919 7605/919 7609/919
f 7602/919 7609/919 7606/919
f 7604/919 7603/919 7607/919
f 7604/919 7607/919 7608/919
f 7607/919 7606/919 7610/919
f 7607/919 7610/919 7611/919
f 7609/919 7608/919 7612/919
f 7609/919 7612/919 7613/919
f 7606/919 7609/919 7613/919
f 7606/919 7613/919 7610/919
f 7608/919 7607/919 7611/919
f 7608/919 7611/919 7612/919
f 7611/919 7610/919 7614/919
f 7611/919 7614/919 7615/919
f 7613/919 7612/919 7616/919
f 7613/919 7616/919 7617/919
f 7610/919 7613/919 7617/919
f 7610/919 7617/919 7614/919
f 7612/919 7611/919 7615/919
f 7612/919 7615/919 7616/919
f 7615/919 7614/919 7618/919
f 7615/919 7618/919 7619/919
f 7617/919 7616/919 7620/919
f 7617/919 7620/919 7621/919
f 7614/919 7617/919 7621/919
f 7614/919 7621/919 7618/919
f 7616/919 7615/919 7619/919
f 7616/919 7619/919 7620/919
f 7619/919 7618/919 7575/919
f 7619/919 7575/919 7574/919
f 7621/919 7620/919 7579/919
f 7621/919 7579/919 7578/919
f 7618/919 7621/919 7578/919
f 7618/919 7578/919 7575/919
f 7620/919 7619/919 7574/919
f 7620/919 7574/919 7579/919
f 7622/919 7623/919 7624/919
f 7622/919 7624/919 7625/919
f 7626/919 7627/919 7628/919
f 7626/919 7628/919 7629/919
f 7623/919 7626/919 7629/919
f 7623/919 7629/919 7624/919
f 7627/919 7622/919 7625/919
f 7627/919 7625/919 7628/919
f 7625/919 7624/919 7630/919
f 7625/919 7630/919 7631/919
f 7629/919 7628/919 7632/919
f 7629/919 7632/919 7633/919
f 7624/919 7629/919 7633/919
f 7624/919 7633/919 7630/919
f 7628/919 7625/919 7631/919
f 7628/919 7631/919 7632/919
f 7631/919 7630/919 7634/919
f 7631/919 7634/919 7635/919
f 7633/919 7632/919 7636/919
f 7633/919 7636/919 7637/919
f 7630/919 7633/919 7637/919
f 7630/919 7637/919 7634/919
f 7632/919 7631/919 7635/919
f 7632/919 7635/919 7636/919
f 7635/919 7634/919 7638/919
f 7635/919 7638/919 7639/919
f 7637/919 7636/919 7640/919
f 7637/919 7640/919 7641/919
f 7634/919 7637/919 7641/919
f 7634/919 7641/919 7638/919
f 7636/919 7635/919 7639/919
f 7636/919 7639/919 7640/919
f 7639/919 7638/919 7642/919
f 7639/919 7642/919 7643/919
f 7641/919 7640/919 7644/919
f 7641/919 7644/919 7645/919
f 7638/919 7641/919 7645/919
f 7638/919 7645/919 7642/919
f 7640/919 7639/919 7643/919
f 7640/919 7643/919 7644/919
f 7643/919 7642/919 7646/919
f 7643/919 7646/919 7647/919
f 7645/919 7644/919 7648/919
f 7645/919 7648/919 7649/919
f 7642/919 7645/919 7649/919
f 7642/919 7649/919 7646/919
f 7644/919 7643/919 7647/919
f 7644/919 7647/919 7648/919
f 7647/919 7646/919 7650/919
f 7647/919 7650/919 7651/919
f 7649/919 7648/919 7652/919
f 7649/919 7652/919 7653/919
f 7646/919 7649/919 7653/919
f 7646/919 7653/919 7650/919
f 7648/919 7647/919 7651/919
f 7648/919 7651/919 7652/919
f 7651/919 7650/919 7654/919
f 7651/919 7654/919 7655/919
f 7653/919 7652/919 7656/919
f 7653/919 7656/919 7657/919
f 7650/919 7653/919 7657/919
f 7650/919 7657/919 7654/919
f 7652/919 7651/919 7655/919
f 7652/919 7655/919 7656/919
f 7655/919 7654/919 7658/919
f 7655/919 7658/919 7659/919
f 7657/919 7656/919 7660/919
f 7657/919 7660/919 7661/919
f 7654/919 7657/919 7661/919
f 7654/919 7661/919 7658/919
f 7656/919 7655/919 7659/919
f 7656/919 7659/919 7660/919
f 7659/919 7658/919 7662/919
f 7659/919 7662/919 7663/919
f 7661/919 7660/919 7664/919
f 7661/919 7664/919 7665/919
f 7658/919 7661/919 7665/919
f 7658/919 7665/919 7662/919
f 7660/919 7659/919 7663/919
f 7660/919 7663/919 7664/919
f 7663/919 7662/919 7666/919
f 7663/919 7666/919 7667/919
f 7665/919 7664/919 7668/919
f 7665/919 7668/919 7669/919
f 7662/919 7665/919 7669/919
f 7662/919 7669/919 7666/919
f 7664/919 7663/919 7667/919
f 7664/919 7667/919 7668/919
f 7667/919 7666/919 7623/919
f 7667/919 7623/919 7622/919
f 7669/919 7668/919 7627/919
f 7669/919 7627/919 7626/919
f 7666/919 7669/919 7626/919
f 7666/919 7626/919 7623/919
f 7668/919 7667/919 7622/919
f 7668/919 7622/919 7627/919
f 7670/421 7671/420 7672/419
f 7673/421 7674/420 7675/422
f 7676/425 7677/424 7678/423
f 7672/419 7679/426 7670/421
f 7680/429 7681/428 7682/427
f 7683/432 7684/431 7685/430
f 7675/422 7686/433 7680/429
f 7679/426 7687/419 7673/421
f 7688/422 7689/435 7690/429
f 7691/438 7692/437 7693/436
f 7694/424 7695/439 7685/430
f 7671/447 7696/440 7672/442
f 7697/441 7698/443 7695/439
f 7699/430 7700/451 7701/439
f 7702/482 7703/425 7704/445
f 7672/442 7705/450 7706/446
f 7678/423 7707/441 7708/440
f 7701/439 7677/424 7699/430
f 7708/440 7674/447 7687/442
f 7709/431 7710/449 7711/448
f 7712/477 7696/440 7713/423
f 7685/430 7700/451 7683/432
f 7701/439 7681/452 7686/443
f 7681/452 7695/439 7698/443
f 7714/455 7715/454 7716/453
f 7717/455 7718/454 7719/456
f 7719/456 7720/458 7721/457
f 7722/460 7723/453 7724/459
f 7721/457 7725/462 7726/461
f 7693/436 7720/458 7691/438
f 7727/459 7728/463 7716/453
f 7729/464 7730/460 7731/438
f 7732/458 7733/456 7734/457
f 7731/438 7715/454 7732/458
f 7716/453 7730/460 7727/459
f 7734/457 7725/462 7732/458
f 7716/453 7735/465 7714/455
f 7686/443 7707/441 7701/439
f 7724/459 7728/463 7736/466
f 7737/469 7738/468 7739/467
f 7740/470 7737/469 7739/467
f 7737/469 7741/471 7742/468
f 7738/468 7737/469 7742/468
f 7719/456 7743/471 7717/455
f 7744/470 7719/456 7721/457
f 7745/473 7743/471 7746/468
f 7741/471 7745/473 7742/468
f 7734/457 7747/474 7726/461
f 7748/469 7749/468 7746/468
f 7743/471 7748/469 7746/468
f 7748/469 7744/470 7750/467
f 7749/468 7748/469 7750/467
f 7733/456 7740/470 7734/457
f 7751/467 7740/470 7739/467
f 7714/455 7752/472 7741/471
f 7721/457 7747/474 7744/470
f 7753/468 7739/467 7738/468
f 7753/468 7742/468 7745/473
f 7753/468 7750/467 7751/467
f 7713/423 7697/441 7694/424
f 7694/424 7703/425 7713/423
f 7685/430 7754/475 7694/424
f 7755/449 7684/431 7756/448
f 7711/448 7757/476 7729/464
f 7756/448 7758/476 7755/449
f 7722/460 7759/464 7691/438
f 7724/459 7758/476 7722/460
f 7708/440 7712/477 7678/423
f 7713/423 7760/444 7712/477
f 7709/431 7683/432 7699/430
f 7711/448 7761/478 7709/431
f 7762/479 7759/464 7756/448
f 7763/445 7764/481 7765/480
f 7731/438 7692/437 7729/464
f 7736/466 7766/480 7724/459
f 7704/445 7754/475 7755/449
f 7729/464 7762/479 7711/448
f 7699/430 7767/475 7709/431
f 7763/445 7767/475 7676/425
f 7691/438 7718/454 7722/460
f 7765/480 7710/449 7763/445
f 7717/455 7752/472 7735/465
f 7757/476 7727/459 7730/460
f 7676/425 7702/482 7763/445
f 7678/423 7760/444 7676/425
f 7687/442 7705/450 7708/440
f 7756/448 7761/478 7762/479
f 7732/458 7693/436 7731/438
f 7704/445 7764/481 7702/482
f 7735/465 7723/453 7717/455
f 7765/480 7736/466 7727/459
f 7768/483 7769/483 7770/483
f 7771/483 7772/483 7773/484
f 7698/433 7688/422 7690/429
f 7774/435 7675/422 7680/429
f 7774/435 7775/485 7776/435
f 7777/486 7774/435 7776/435
f 7776/435 7775/485 7689/435
f 7778/486 7776/435 7689/435
f 7690/429 7681/428 7698/433
f 7690/429 7775/485 7682/427
f 7768/483 7778/486 7689/435
f 7673/421 7771/483 7773/484
f 7670/421 7768/483 7688/422
f 7779/484 7780/487 7781/484
f 7769/483 7779/484 7781/484
f 7781/484 7780/487 7773/484
f 7772/483 7781/484 7773/484
f 7680/429 7775/485 7774/435
f 7773/484 7679/426 7673/421
f 7782/490 7770/489 7769/488
f 7781/491 7782/490 7769/488
f 7782/490 7776/493 7778/492
f 7770/489 7782/490 7778/492
f 7782/490 7783/489 7777/492
f 7776/493 7782/490 7777/492
f 7782/490 7781/491 7772/488
f 7783/489 7782/490 7772/488
f 7771/483 7777/486 7783/483
f 7744/470 7751/467 7750/467
f 7755/449 7766/480 7704/445
f 7741/471 7733/456 7714/455
f 7753/468 7746/468 7749/468
f 7679/426 7779/484 7670/421
f 7694/494 7699/494 7685/494
f 7703/494 7760/494 7676/494
f 7722/494 7691/494 7731/494
f 7784/99 7785/98 7786/97
f 7787/100 7784/99 7786/97
f 7784/99 7788/102 7789/101
f 7785/98 7784/99 7789/101
f 7789/102 7790/115 7791/103
f 7786/97 7792/104 7787/100
f 7793/107 7786/106 7785/105
f 7793/107 7789/109 7791/108
f 7792/104 7794/110 7787/100
f 7788/102 7795/113 7796/112
f 7784/99 7794/110 7795/113
f 7788/102 7797/114 7790/103
f 7798/99 7799/110 7800/100
f 7801/102 7797/114 7802/112
f 7801/102 7803/113 7798/99
f 7792/104 7799/110 7804/111
f 7801/102 7798/99 7805/101
f 7793/107 7806/109 7807/108
f 7798/99 7800/100 7806/97
f 7805/100 7790/385 7801/97
f 7806/101 7792/103 7807/115
f 7798/99 7808/98 7805/101
f 7808/98 7798/99 7806/97
f 7793/107 7805/106 7808/105
f 7809/497 7810/496 7811/495
f 7812/506 7813/498 7814/500
f 7815/503 7816/502 7817/501
f 7817/501 7818/505 7819/504
f 7820/498 7812/506 7821/500
f 7814/500 7822/507 7815/503
f 7821/500 7823/507 7820/498
f 7823/516 7824/508 7820/509
f 7825/497 7826/510 7810/495
f 7827/495 7828/518 7829/496
f 7820/509 7830/520 7831/512
f 7832/515 7833/514 7834/513
f 7829/496 7835/497 7827/495
f 7834/508 7822/516 7813/509
f 7836/520 7824/513 7837/515
f 7811/495 7828/518 7838/511
f 7829/495 7818/519 7816/510
f 7818/519 7810/495 7826/510
f 7816/510 7833/497 7829/495
f 7837/515 7825/514 7809/497
f 7834/513 7836/520 7832/515
f 7813/509 7830/520 7834/508
f 7826/502 7839/503 7840/501
f 7840/501 7818/505 7826/502
f 7841/523 7842/522 7843/521
f 7844/524 7845/529 7846/525
f 7847/526 7848/521 7849/523
f 7850/643 7851/527 7852/114
f 7841/523 7843/521 7853/526
f 7844/524 7846/525 7847/526
f 7848/521 7854/522 7849/523
f 7851/527 7842/522 7852/114
f 7855/533 7856/531 7857/532
f 7858/533 7859/531 7860/532
f 7857/533 7861/531 7862/532
f 7863/531 7864/534 7862/533
f 7865/531 7866/534 7867/533
f 7864/531 7868/534 7869/533
f 7870/531 7865/534 7871/533
f 7872/533 7866/531 7873/532
f 7874/533 7868/531 7875/532
f 7873/533 7876/531 7855/532
f 7875/533 7877/531 7858/532
f 7878/531 7870/534 7860/533
f 7861/533 7879/535 7863/532
f 7880/535 7881/536 7877/533
f 7882/535 7883/536 7878/533
f 7884/535 7885/536 7864/533
f 7881/535 7882/536 7859/533
f 7885/535 7880/536 7868/533
f 7856/533 7886/535 7861/532
f 7883/535 7887/536 7870/533
f 7866/533 7888/535 7876/532
f 7865/533 7887/535 7866/532
f 7876/533 7889/535 7856/532
f 7863/533 7890/535 7864/532
f 7881/538 7891/531 7882/537
f 7892/531 7893/534 7889/538
f 7894/531 7895/534 7887/538
f 7893/531 7896/534 7886/538
f 7896/531 7897/534 7879/538
f 7895/531 7892/534 7888/538
f 7882/538 7898/531 7883/537
f 7885/538 7899/531 7880/537
f 7880/538 7900/531 7881/537
f 7897/531 7901/534 7890/538
f 7883/538 7902/531 7887/537
f 7884/538 7901/531 7885/537
f 7891/535 7903/539 7898/536
f 7904/539 7905/540 7892/535
f 7906/539 7907/540 7894/535
f 7905/539 7908/540 7893/535
f 7908/539 7909/540 7896/535
f 7907/539 7904/540 7895/535
f 7898/535 7910/539 7902/536
f 7899/535 7911/539 7900/536
f 7900/535 7912/539 7891/536
f 7909/539 7913/540 7897/535
f 7902/535 7914/539 7894/536
f 7901/535 7913/539 7899/536
f 7915/541 7916/542 7917/543
f 7918/609 7919/654 7920/544
f 7921/547 7922/661 7923/663
f 7924/611 7925/550 7926/552
f 7927/710 7928/553 7929/555
f 7930/712 7931/711 7932/558
f 7933/556 7934/557 7932/558
f 7935/559 7936/560 7937/561
f 7938/615 7936/613 7939/713
f 7915/563 7934/557 7940/575
f 7941/568 7935/714 7942/669
f 7943/566 7944/564 7929/681
f 7916/569 7945/567 7942/669
f 7946/571 7947/570 7943/566
f 7948/573 7949/576 7939/572
f 7950/562 7945/567 7940/575
f 7949/576 7951/670 7918/574
f 7952/580 7928/578 7930/671
f 7953/583 7954/581 7920/672
f 7955/715 7928/553 7927/710
f 7956/717 7931/711 7957/716
f 7921/719 7958/585 7920/718
f 7959/720 7960/616 7961/618
f 7962/617 7963/721 7961/618
f 7956/717 7934/557 7933/556
f 7964/584 7958/585 7965/586
f 7966/722 7936/560 7935/559
f 7967/724 7936/613 7968/723
f 7969/726 7934/557 7926/725
f 7970/589 7971/587 7959/674
f 7972/727 7935/714 7941/568
f 7973/591 7974/675 7946/592
f 7955/593 7944/564 7975/594
f 7954/676 7953/596 7919/595
f 7972/727 7945/567 7925/728
f 7975/594 7947/570 7974/729
f 7976/598 7963/599 7917/600
f 7967/619 7949/576 7948/573
f 7977/601 7978/602 7979/603
f 7969/726 7945/567 7950/562
f 7923/730 7951/670 7949/576
f 7965/586 7980/673 7977/731
f 7981/605 7971/679 7982/604
f 7957/733 7928/578 7983/732
f 7917/735 7924/734 7982/604
f 7984/523 7985/522 7986/521
f 7987/524 7988/529 7989/525
f 7990/526 7991/521 7992/523
f 7993/643 7994/527 7995/114
f 7984/523 7986/521 7996/526
f 7990/526 7989/525 7987/524
f 7991/521 7997/522 7992/523
f 7994/527 7985/522 7995/114
f 7998/533 7999/531 8000/532
f 8001/533 8002/531 8003/532
f 8004/531 8005/534 8000/533
f 8005/531 8006/534 8007/533
f 8008/531 8009/534 8010/533
f 8011/533 8006/531 8012/532
f 8013/533 8014/531 8010/532
f 8015/533 8009/531 8016/532
f 8012/533 8017/531 8018/532
f 8016/533 8019/531 7998/532
f 8018/533 8020/531 8001/532
f 8003/533 8021/531 8013/532
f 8004/533 8022/535 8005/532
f 8023/535 8024/536 8020/533
f 8025/535 8026/536 8021/533
f 8027/535 8028/536 8006/533
f 8024/535 8025/536 8002/533
f 8028/535 8023/536 8017/533
f 7999/533 8029/535 8004/532
f 8026/535 8030/536 8014/533
f 8009/533 8031/535 8019/532
f 8008/533 8030/535 8009/532
f 8019/533 8032/535 7999/532
f 8005/533 8033/535 8006/532
f 8024/538 8034/531 8025/537
f 8035/531 8036/534 8032/538
f 8037/531 8038/534 8030/538
f 8036/531 8039/534 8029/538
f 8039/531 8040/534 8022/538
f 8038/531 8035/534 8031/538
f 8025/538 8041/531 8026/537
f 8028/538 8042/531 8023/537
f 8023/538 8043/531 8024/537
f 8040/531 8044/534 8033/538
f 8026/538 8045/531 8030/537
f 8027/538 8044/531 8028/537
f 8034/535 8046/539 8041/536
f 8047/539 8048/540 8035/535
f 8049/539 8050/540 8037/535
f 8048/539 8051/540 8036/535
f 8051/539 8052/540 8039/535
f 8050/539 8047/540 8038/535
f 8041/535 8053/539 8045/536
f 8042/535 8054/539 8043/536
f 8043/535 8055/539 8034/536
f 8052/539 8056/540 8040/535
f 8045/535 8057/539 8037/536
f 8044/535 8056/539 8042/536
f 8058/541 8059/542 8060/543
f 8061/609 8062/654 8063/544
f 8064/547 8065/661 8066/663
f 8067/611 8068/550 8069/552
f 8070/710 8071/553 8072/555
f 8073/712 8074/711 8075/558
f 8076/556 8077/557 8075/558
f 8078/559 8079/560 8080/561
f 8081/615 8079/613 8082/713
f 8058/563 8077/557 8083/575
f 8084/568 8078/714 8085/669
f 8086/566 8087/564 8072/681
f 8059/569 8088/567 8085/669
f 8089/571 8090/570 8086/566
f 8091/573 8092/576 8082/572
f 8093/562 8088/567 8083/575
f 8092/576 8094/670 8061/574
f 8095/580 8071/578 8073/671
f 8096/581 8064/582 8097/583
f 8098/715 8071/553 8070/710
f 8099/717 8074/711 8100/716
f 8064/719 8101/585 8063/718
f 8102/720 8103/616 8104/618
f 8105/617 8106/721 8104/618
f 8099/717 8077/557 8076/556
f 8107/584 8101/585 8108/586
f 8109/722 8079/560 8078/559
f 8110/724 8079/613 8111/723
f 8112/726 8077/557 8069/725
f 8113/589 8114/587 8102/674
f 8115/727 8078/714 8084/568
f 8116/591 8117/675 8089/592
f 8098/593 8087/564 8118/594
f 8096/676 8097/596 8062/595
f 8115/727 8088/567 8068/728
f 8118/594 8090/570 8117/729
f 8119/598 8106/599 8060/600
f 8110/619 8092/576 8091/573
f 8120/601 8121/602 8122/603
f 8112/726 8088/567 8093/562
f 8066/730 8094/670 8092/576
f 8108/586 8123/673 8120/731
f 8124/605 8114/679 8125/604
f 8100/733 8071/578 8126/732
f 8060/735 8067/734 8125/604
f 8127/622 8128/620 8129/631
f 8130/624 8131/40 8132/627
f 8133/626 8134/623 8135/625
f 8136/628 8137/621 8138/26
f 8127/622 8139/623 8128/620
f 8140/627 8131/40 8130/624
f 8141/631 8133/629 8135/630
f 8138/26 8142/621 8136/628
f 8143/632 8144/632 8145/632
f 8146/632 8147/632 8148/632
f 8149/632 8150/632 8151/632
f 8152/632 8153/632 8154/632
f 8155/632 8143/632 8145/632
f 8149/632 8156/632 8151/632
f 8152/632 8154/632 8157/632
f 8158/632 8147/632 8146/632
f 8159/632 8160/632 8161/632
f 8162/632 8163/632 8164/632
f 8165/632 8166/632 8167/632
f 8168/632 8169/632 8170/632
f 8171/632 8159/632 8161/632
f 8165/632 8172/632 8167/632
f 8168/632 8170/632 8173/632
f 8174/632 8163/632 8162/632
f 8175/632 8176/632 8177/632
f 8178/632 8179/632 8180/632
f 8181/632 8182/632 8183/632
f 8184/632 8185/632 8186/632
f 8187/632 8175/632 8177/632
f 8181/632 8188/632 8183/632
f 8184/632 8186/632 8189/632
f 8190/632 8179/632 8178/632
f 8191/632 8192/632 8193/632
f 8194/632 8195/632 8196/632
f 8197/632 8198/632 8199/632
f 8200/632 8201/632 8202/632
f 8191/632 8193/632 8203/632
f 8197/632 8204/632 8199/632
f 8205/632 8200/632 8202/632
f 8196/632 8195/632 8206/632
f 8207/632 8208/632 8209/632
f 8210/632 8211/632 8212/632
f 8213/632 8214/632 8215/632
f 8216/632 8217/632 8218/632
f 8207/632 8209/632 8219/632
f 8213/632 8220/632 8215/632
f 8221/632 8216/632 8218/632
f 8212/632 8211/632 8222/632
f 8223/632 8224/632 8225/632
f 8226/632 8227/632 8228/632
f 8229/632 8230/632 8231/632
f 8232/632 8233/632 8234/632
f 8223/632 8225/632 8235/632
f 8229/632 8236/632 8231/632
f 8237/632 8232/632 8234/632
f 8228/632 8227/632 8238/632
f 8239/632 8240/632 8241/632
f 8242/632 8240/632 8243/632
f 8244/632 8245/632 8246/632
f 8247/632 8241/632 8248/632
f 8249/632 8243/632 8245/632
f 8250/632 8251/632 8252/632
f 8253/632 8251/632 8254/632
f 8255/632 8256/632 8257/632
f 8258/632 8252/632 8259/632
f 8260/632 8254/632 8256/632
f 8261/632 8262/632 8263/632
f 8264/632 8262/632 8265/632
f 8266/632 8267/632 8268/632
f 8269/632 8263/632 8270/632
f 8271/632 8265/632 8267/632
f 8272/632 8273/632 8274/632
f 8275/632 8273/632 8276/632
f 8277/632 8278/632 8279/632
f 8280/632 8274/632 8281/632
f 8282/632 8276/632 8278/632
f 8283/632 8284/632 8285/632
f 8286/632 8284/632 8287/632
f 8288/632 8289/632 8290/632
f 8291/632 8283/632 8292/632
f 8293/632 8287/632 8289/632
f 8294/632 8295/632 8296/632
f 8297/632 8295/632 8298/632
f 8299/632 8300/632 8301/632
f 8302/632 8294/632 8303/632
f 8304/632 8298/632 8300/632
f 8305/632 8306/632 8307/632
f 8308/632 8306/632 8309/632
f 8310/632 8311/632 8312/632
f 8313/632 8307/632 8314/632
f 8311/632 8308/632 8315/632
f 8316/632 8317/632 8318/632
f 8319/632 8317/632 8320/632
f 8321/632 8322/632 8323/632
f 8324/632 8318/632 8325/632
f 8322/632 8319/632 8326/632
f 8327/632 8328/632 8329/632
f 8330/632 8328/632 8331/632
f 8332/632 8333/632 8334/632
f 8335/632 8329/632 8336/632
f 8333/632 8330/632 8337/632
f 8338/632 8339/632 8340/632
f 8341/632 8339/632 8342/632
f 8343/632 8344/632 8345/632
f 8346/632 8340/632 8347/632
f 8344/632 8341/632 8348/632
f 8349/632 8350/632 8351/632
f 8352/632 8350/632 8353/632
f 8354/632 8355/632 8356/632
f 8357/632 8351/632 8358/632
f 8359/632 8353/632 8355/632
f 8360/632 8361/632 8362/632
f 8363/632 8361/632 8364/632
f 8365/632 8366/632 8367/632
f 8368/632 8362/632 8369/632
f 8370/632 8364/632 8366/632
f 8371/632 8372/632 8373/632
f 8374/632 8375/632 8376/632
f 8377/632 8378/632 8379/632
f 8371/632 8380/632 8381/632
f 8382/632 8383/632 8374/632
f 8381/632 8384/632 8385/632
f 8382/632 8386/632 8387/632
f 8388/632 8384/632 8389/632
f 8390/632 8386/632 8391/632
f 8388/632 8392/632 8393/632
f 8394/632 8395/632 8390/632
f 8393/632 8396/632 8397/632
f 8398/632 8399/632 8394/632
f 8397/632 8400/632 8401/632
f 8398/632 8402/632 8403/632
f 8404/632 8400/632 8405/632
f 8406/632 8402/632 8407/632
f 8408/632 8405/632 8409/632
f 8410/632 8411/632 8406/632
f 8408/632 8412/632 8413/632
f 8414/632 8415/632 8410/632
f 8416/632 8417/632 8418/632
f 8413/632 8419/632 8420/632
f 8421/632 8422/632 8417/632
f 8420/632 8423/632 8424/632
f 8416/632 8425/632 8426/632
f 8427/632 8428/632 8422/632
f 8429/632 8423/632 8430/632
f 8431/632 8425/632 8372/632
f 8432/632 8375/632 8428/632
f 8433/632 8430/632 8378/632
f 8434/632 8435/632 8436/632
f 8437/632 8438/632 8439/632
f 8440/632 8439/632 8435/632
f 8441/632 8442/632 8443/632
f 8443/632 8444/632 8445/632
f 8446/632 8447/632 8448/632
f 8449/632 8450/632 8451/632
f 8452/632 8451/632 8447/632
f 8453/632 8454/632 8455/632
f 8455/632 8456/632 8457/632
f 8458/632 8459/632 8460/632
f 8461/632 8462/632 8463/632
f 8464/632 8463/632 8459/632
f 8465/632 8466/632 8467/632
f 8467/632 8468/632 8469/632
f 8470/632 8471/632 8472/632
f 8473/632 8474/632 8475/632
f 8476/632 8475/632 8471/632
f 8477/632 8478/632 8479/632
f 8479/632 8480/632 8481/632
f 8482/632 8483/632 8484/632
f 8485/632 8486/632 8487/632
f 8488/632 8487/632 8483/632
f 8489/632 8490/632 8491/632
f 8491/632 8492/632 8493/632
f 8494/632 8495/632 8496/632
f 8497/632 8498/632 8499/632
f 8500/632 8499/632 8495/632
f 8501/632 8502/632 8503/632
f 8503/632 8504/632 8505/632
f 8494/632 8506/632 8501/632
f 8482/632 8507/632 8489/632
f 8470/632 8508/632 8477/632
f 8458/632 8509/632 8465/632
f 8446/632 8510/632 8453/632
f 8434/632 8511/632 8441/632
f 8512/633 8513/633 8514/633
f 8513/633 8515/633 8516/633
f 8517/633 8518/633 8519/633
f 8514/633 8520/633 8512/633
f 8521/633 8522/633 8520/633
f 8523/633 8518/633 8524/633
f 8525/633 8526/633 8527/633
f 8517/633 8519/633 8528/633
f 8529/634 8530/634 8531/634
f 8532/634 8533/634 8534/634
f 8535/634 8536/634 8534/634
f 8537/634 8532/634 8538/634
f 8531/634 8533/634 8539/634
f 8529/634 8534/634 8540/634
f 8541/634 8536/634 8542/634
f 8538/634 8543/634 8541/634
f 8539/634 8544/634 8537/634
f 8545/633 8546/633 8547/633
f 8546/633 8548/633 8549/633
f 8550/633 8551/633 8552/633
f 8547/633 8553/633 8545/633
f 8554/633 8555/633 8553/633
f 8556/633 8551/633 8557/633
f 8558/633 8559/633 8560/633
f 8552/633 8561/633 8562/633
f 8563/634 8564/634 8565/634
f 8566/634 8567/634 8568/634
f 8569/634 8566/634 8570/634
f 8571/634 8568/634 8572/634
f 8573/634 8567/634 8563/634
f 8574/634 8566/634 8565/634
f 8570/634 8575/634 8576/634
f 8576/634 8577/634 8571/634
f 8572/634 8578/634 8573/634
f 8579/632 8580/632 8581/632
f 8579/632 8582/632 8583/632
f 8581/632 8584/632 8585/632
f 8586/632 8587/632 8588/632
f 8589/632 8582/632 8588/632
f 8585/632 8584/632 8586/632
f 8590/632 8591/632 8592/632
f 8591/632 8593/632 8594/632
f 8595/633 8596/633 8597/633
f 8524/633 8596/633 8598/633
f 8599/633 8600/633 8601/633
f 8557/633 8600/633 8602/633
f 8569/634 8571/634 8573/634
f 8538/634 8535/634 8539/634
f 8603/632 8604/632 8605/632
f 8606/632 8607/632 8605/632
f 8603/632 8608/632 8604/632
f 8609/632 8610/632 8611/632
f 8609/632 8607/632 8612/632
f 8611/632 8613/632 8608/632
f 8614/632 8615/632 8616/632
f 8617/632 8618/632 8615/632
f 8619/632 8620/632 8621/632
f 8622/632 8623/632 8619/632
f 8624/632 8625/632 8626/632
f 8621/632 8627/632 8628/632
f 8626/632 8625/632 8622/632
f 8628/632 8629/632 8624/632
f 8629/632 8630/632 8631/632
f 8632/632 8633/632 8620/632
f 8625/632 8631/632 8634/632
f 8627/632 8633/632 8630/632
f 8634/632 8635/632 8625/632
f 8635/632 8632/632 8623/632
f 7670/421 7688/422 7671/420
f 7673/421 7687/419 7674/420
f 7676/425 7767/475 7677/424
f 7672/419 7706/434 7679/426
f 7680/429 7686/433 7681/428
f 7683/432 7761/478 7684/431
f 7675/422 7674/420 7686/433
f 7679/426 7706/434 7687/419
f 7688/422 7768/483 7689/435
f 7691/438 7759/464 7692/437
f 7694/424 7697/441 7695/439
f 7671/447 7697/441 7696/440
f 7697/441 7671/447 7698/443
f 7699/430 7683/432 7700/451
f 7702/482 7760/444 7703/425
f 7672/442 7696/440 7705/450
f 7678/423 7677/424 7707/441
f 7701/439 7707/441 7677/424
f 7708/440 7707/441 7674/447
f 7709/431 7767/475 7710/449
f 7712/477 7705/450 7696/440
f 7685/430 7695/439 7700/451
f 7701/439 7700/451 7681/452
f 7681/452 7700/451 7695/439
f 7714/455 7733/456 7715/454
f 7717/455 7723/453 7718/454
f 7719/456 7718/454 7720/458
f 7722/460 7718/454 7723/453
f 7721/457 7720/458 7725/462
f 7693/436 7725/462 7720/458
f 7727/459 7736/466 7728/463
f 7729/464 7757/476 7730/460
f 7732/458 7715/454 7733/456
f 7731/438 7730/460 7715/454
f 7716/453 7715/454 7730/460
f 7734/457 7726/461 7725/462
f 7716/453 7728/463 7735/465
f 7686/443 7674/447 7707/441
f 7724/459 7723/453 7728/463
f 7719/456 7748/469 7743/471
f 7744/470 7748/469 7719/456
f 7745/473 7752/472 7743/471
f 7741/471 7752/472 7745/473
f 7734/457 7740/470 7747/474
f 7733/456 7737/469 7740/470
f 7751/467 7747/474 7740/470
f 7714/455 7735/465 7752/472
f 7721/457 7726/461 7747/474
f 7753/468 7751/467 7739/467
f 7753/468 7738/468 7742/468
f 7753/468 7749/468 7750/467
f 7713/423 7696/440 7697/441
f 7694/424 7754/475 7703/425
f 7685/430 7684/431 7754/475
f 7755/449 7754/475 7684/431
f 7711/448 7710/449 7757/476
f 7756/448 7759/464 7758/476
f 7722/460 7758/476 7759/464
f 7724/459 7766/480 7758/476
f 7708/440 7705/450 7712/477
f 7713/423 7703/425 7760/444
f 7709/431 7761/478 7683/432
f 7711/448 7762/479 7761/478
f 7762/479 7692/437 7759/464
f 7763/445 7702/482 7764/481
f 7731/438 7693/436 7692/437
f 7736/466 7764/481 7766/480
f 7704/445 7703/425 7754/475
f 7729/464 7692/437 7762/479
f 7699/430 7677/424 7767/475
f 7763/445 7710/449 7767/475
f 7691/438 7720/458 7718/454
f 7765/480 7757/476 7710/449
f 7717/455 7743/471 7752/472
f 7757/476 7765/480 7727/459
f 7676/425 7760/444 7702/482
f 7678/423 7712/477 7760/444
f 7687/442 7706/446 7705/450
f 7756/448 7684/431 7761/478
f 7732/458 7725/462 7693/436
f 7704/445 7766/480 7764/481
f 7735/465 7728/463 7723/453
f 7765/480 7764/481 7736/466
f 7768/483 7779/484 7769/483
f 7771/483 7783/483 7772/483
f 7698/433 7671/420 7688/422
f 7774/435 7771/483 7675/422
f 7690/429 7682/427 7681/428
f 7690/429 7689/435 7775/485
f 7768/483 7770/483 7778/486
f 7673/421 7675/422 7771/483
f 7670/421 7779/484 7768/483
f 7680/429 7682/427 7775/485
f 7773/484 7780/487 7679/426
f 7771/483 7774/435 7777/486
f 7744/470 7747/474 7751/467
f 7755/449 7758/476 7766/480
f 7741/471 7737/469 7733/456
f 7753/468 7745/473 7746/468
f 7679/426 7780/487 7779/484
f 7694/494 7713/494 7678/494
f 7713/494 7712/494 7678/494
f 7678/494 7677/494 7694/494
f 7677/494 7699/494 7694/494
f 7699/494 7683/494 7685/494
f 7676/494 7767/494 7754/494
f 7767/494 7709/494 7684/494
f 7709/494 7761/494 7684/494
f 7684/494 7754/494 7767/494
f 7754/494 7703/494 7676/494
f 7693/494 7731/494 7691/494
f 7731/494 7730/494 7722/494
f 7730/494 7727/494 7722/494
f 7727/494 7736/494 7724/494
f 7722/494 7727/494 7724/494
f 7789/102 7788/101 7790/115
f 7786/97 7807/385 7792/104
f 7793/107 7807/386 7786/106
f 7793/107 7785/105 7789/109
f 7792/104 7804/111 7794/110
f 7788/102 7784/99 7795/113
f 7784/99 7787/100 7794/110
f 7788/102 7796/112 7797/114
f 7798/99 7803/113 7799/110
f 7801/102 7790/103 7797/114
f 7801/102 7802/112 7803/113
f 7792/104 7800/100 7799/110
f 7793/107 7808/105 7806/109
f 7805/100 7791/104 7790/385
f 7806/101 7800/102 7792/103
f 7793/107 7791/386 7805/106
f 7809/497 7825/514 7810/496
f 7812/506 7831/499 7813/498
f 7815/503 7822/507 7816/502
f 7817/501 7816/502 7818/505
f 7820/498 7831/499 7812/506
f 7814/500 7813/498 7822/507
f 7821/500 7839/503 7823/507
f 7823/516 7825/497 7824/508
f 7825/497 7823/516 7826/510
f 7827/495 7838/511 7828/518
f 7820/509 7824/508 7830/520
f 7832/515 7835/497 7833/514
f 7829/496 7833/514 7835/497
f 7834/508 7833/497 7822/516
f 7836/520 7830/517 7824/513
f 7811/495 7810/496 7828/518
f 7829/495 7828/511 7818/519
f 7818/519 7828/511 7810/495
f 7816/510 7822/516 7833/497
f 7837/515 7824/513 7825/514
f 7834/513 7830/517 7836/520
f 7813/509 7831/512 7830/520
f 7826/502 7823/507 7839/503
f 7840/501 7819/504 7818/505
f 7841/523 8636/530 7842/522
f 7844/524 7853/526 7845/529
f 7847/526 8637/529 7848/521
f 7850/643 7854/528 7851/527
f 7843/521 7845/529 7853/526
f 7846/525 8637/529 7847/526
f 7854/522 7850/530 7849/523
f 7842/522 8636/530 7852/114
f 7856/531 7861/534 7857/532
f 7859/531 7878/534 7860/532
f 7861/531 7863/534 7862/532
f 7864/534 7869/532 7862/533
f 7866/534 7872/532 7867/533
f 7868/534 7874/532 7869/533
f 7865/534 7867/532 7871/533
f 7866/531 7876/534 7873/532
f 7868/531 7877/534 7875/532
f 7876/531 7856/534 7855/532
f 7877/531 7859/534 7858/532
f 7870/534 7871/532 7860/533
f 7879/535 7890/536 7863/532
f 7881/536 7859/532 7877/533
f 7883/536 7870/532 7878/533
f 7885/536 7868/532 7864/533
f 7882/536 7878/532 7859/533
f 7880/536 7877/532 7868/533
f 7886/535 7879/536 7861/532
f 7887/536 7865/532 7870/533
f 7888/535 7889/536 7876/532
f 7887/535 7888/536 7866/532
f 7889/535 7886/536 7856/532
f 7890/535 7884/536 7864/532
f 7891/531 7898/534 7882/537
f 7893/534 7886/537 7889/538
f 7895/534 7888/537 7887/538
f 7896/534 7879/537 7886/538
f 7897/534 7890/537 7879/538
f 7892/534 7889/537 7888/538
f 7898/531 7902/534 7883/537
f 7899/531 7900/534 7880/537
f 7900/531 7891/534 7881/537
f 7901/534 7884/537 7890/538
f 7902/531 7894/534 7887/537
f 7901/531 7899/534 7885/537
f 7903/539 7910/540 7898/536
f 7905/540 7893/536 7892/535
f 7907/540 7895/536 7894/535
f 7908/540 7896/536 7893/535
f 7909/540 7897/536 7896/535
f 7904/540 7892/536 7895/535
f 7910/539 7914/540 7902/536
f 7911/539 7912/540 7900/536
f 7912/539 7903/540 7891/536
f 7913/540 7901/536 7897/535
f 7914/539 7906/540 7894/536
f 7913/539 7911/540 7899/536
f 7930/647 7982/649 7952/648
f 7932/736 7917/543 7982/649
f 7932/736 7982/649 7930/647
f 7942/645 7961/644 7976/737
f 7937/738 7938/608 7961/644
f 7942/645 7937/738 7961/644
f 7916/542 7976/737 7917/543
f 7917/543 7932/736 7915/541
f 7915/541 7940/646 7916/542
f 7976/737 7916/542 7942/645
f 7965/545 7982/649 7970/546
f 7965/545 7952/648 7982/649
f 7943/650 7929/651 7952/648
f 7977/739 7946/652 7943/650
f 7977/739 7979/653 7946/652
f 7977/739 7943/650 7952/648
f 7977/739 7952/648 7965/545
f 7964/740 7961/644 7938/608
f 7964/740 7959/607 7961/644
f 7965/545 7970/546 7959/607
f 7959/607 7964/740 7965/545
f 7918/609 7938/608 7939/680
f 7964/740 7938/608 7920/544
f 7919/654 7953/655 7920/544
f 7918/609 7920/544 7938/608
f 7971/549 7981/657 7980/548
f 7981/657 7983/666 7980/548
f 7983/666 7955/656 7975/658
f 7975/658 7974/659 7978/741
f 7974/659 7973/660 7978/741
f 7983/666 7975/658 7978/741
f 7980/548 7983/666 7978/741
f 7968/664 7962/551 7958/742
f 7962/551 7960/610 7958/742
f 7960/610 7971/549 7980/548
f 7980/548 7958/742 7960/610
f 7967/743 7968/664 7923/663
f 7921/547 7968/664 7958/742
f 7921/547 7954/662 7922/661
f 7968/664 7921/547 7923/663
f 7983/666 7981/657 7957/665
f 7981/657 7924/611 7956/744
f 7957/665 7981/657 7956/744
f 7963/745 7962/551 7972/667
f 7962/551 7968/664 7966/746
f 7962/551 7966/746 7972/667
f 7924/611 7963/745 7925/550
f 7926/552 7956/744 7924/611
f 7925/550 7969/668 7926/552
f 7972/667 7925/550 7963/745
f 7928/553 7952/554 7929/555
f 7931/711 7933/556 7932/558
f 7934/557 7915/563 7932/558
f 7936/560 7938/612 7937/561
f 7936/613 7948/614 7939/713
f 7934/557 7950/562 7940/575
f 7935/714 7937/747 7942/669
f 7944/564 7927/565 7929/681
f 7945/567 7941/568 7942/669
f 7947/570 7944/564 7943/566
f 7949/576 7918/574 7939/572
f 7945/567 7916/569 7940/575
f 7951/670 7919/577 7918/574
f 7928/578 7931/579 7930/671
f 7954/581 7921/582 7920/672
f 7955/715 7983/748 7928/553
f 7956/717 7933/556 7931/711
f 7958/585 7964/584 7920/718
f 7960/616 7962/617 7961/618
f 7963/721 7976/749 7961/618
f 7956/717 7926/725 7934/557
f 7958/585 7980/673 7965/586
f 7966/722 7968/750 7936/560
f 7967/724 7948/614 7936/613
f 7969/726 7950/562 7934/557
f 7971/587 7960/588 7959/674
f 7972/727 7966/751 7935/714
f 7946/592 7979/590 7973/591
f 7974/675 7947/752 7946/592
f 7955/593 7927/565 7944/564
f 7951/753 7922/597 7919/595
f 7922/597 7954/676 7919/595
f 7972/727 7941/568 7945/567
f 7975/594 7944/564 7947/570
f 7963/599 7924/677 7917/600
f 7967/619 7923/730 7949/576
f 7978/602 7973/678 7979/603
f 7969/726 7925/728 7945/567
f 7923/730 7922/754 7951/670
f 7980/673 7978/755 7977/731
f 7971/679 7970/606 7982/604
f 7957/733 7931/579 7928/578
f 7924/734 7981/605 7982/604
f 7984/523 8638/530 7985/522
f 7987/524 7996/526 7988/529
f 7990/526 8639/529 7991/521
f 7993/643 7997/528 7994/527
f 7986/521 7988/529 7996/526
f 7990/526 8639/529 7989/525
f 7997/522 7993/530 7992/523
f 7985/522 8638/530 7995/114
f 7999/531 8004/534 8000/532
f 8002/531 8021/534 8003/532
f 8005/534 8007/532 8000/533
f 8006/534 8011/532 8007/533
f 8009/534 8015/532 8010/533
f 8006/531 8017/534 8012/532
f 8014/531 8008/534 8010/532
f 8009/531 8019/534 8016/532
f 8017/531 8020/534 8018/532
f 8019/531 7999/534 7998/532
f 8020/531 8002/534 8001/532
f 8021/531 8014/534 8013/532
f 8022/535 8033/536 8005/532
f 8024/536 8002/532 8020/533
f 8026/536 8014/532 8021/533
f 8028/536 8017/532 8006/533
f 8025/536 8021/532 8002/533
f 8023/536 8020/532 8017/533
f 8029/535 8022/536 8004/532
f 8030/536 8008/532 8014/533
f 8031/535 8032/536 8019/532
f 8030/535 8031/536 8009/532
f 8032/535 8029/536 7999/532
f 8033/535 8027/536 8006/532
f 8034/531 8041/534 8025/537
f 8036/534 8029/537 8032/538
f 8038/534 8031/537 8030/538
f 8039/534 8022/537 8029/538
f 8040/534 8033/537 8022/538
f 8035/534 8032/537 8031/538
f 8041/531 8045/534 8026/537
f 8042/531 8043/534 8023/537
f 8043/531 8034/534 8024/537
f 8044/534 8027/537 8033/538
f 8045/531 8037/534 8030/537
f 8044/531 8042/534 8028/537
f 8046/539 8053/540 8041/536
f 8048/540 8036/536 8035/535
f 8050/540 8038/536 8037/535
f 8051/540 8039/536 8036/535
f 8052/540 8040/536 8039/535
f 8047/540 8035/536 8038/535
f 8053/539 8057/540 8045/536
f 8054/539 8055/540 8043/536
f 8055/539 8046/540 8034/536
f 8056/540 8044/536 8040/535
f 8057/539 8049/540 8037/536
f 8056/539 8054/540 8042/536
f 8073/647 8125/649 8095/648
f 8075/736 8060/543 8125/649
f 8075/736 8125/649 8073/647
f 8085/645 8104/644 8119/737
f 8080/738 8081/608 8104/644
f 8085/645 8080/738 8104/644
f 8059/542 8119/737 8060/543
f 8060/543 8075/736 8058/541
f 8058/541 8083/646 8059/542
f 8119/737 8059/542 8085/645
f 8108/545 8125/649 8113/546
f 8108/545 8095/648 8125/649
f 8086/650 8072/651 8095/648
f 8120/739 8089/652 8086/650
f 8120/739 8122/653 8089/652
f 8120/739 8086/650 8095/648
f 8120/739 8095/648 8108/545
f 8107/740 8104/644 8081/608
f 8107/740 8102/607 8104/644
f 8108/545 8113/546 8102/607
f 8102/607 8107/740 8108/545
f 8061/609 8081/608 8082/680
f 8107/740 8081/608 8063/544
f 8062/654 8097/655 8063/544
f 8061/609 8063/544 8081/608
f 8114/549 8124/657 8123/548
f 8124/657 8126/666 8123/548
f 8126/666 8098/656 8118/658
f 8118/658 8117/659 8121/741
f 8117/659 8116/660 8121/741
f 8126/666 8118/658 8121/741
f 8123/548 8126/666 8121/741
f 8111/664 8105/551 8101/742
f 8105/551 8103/610 8101/742
f 8103/610 8114/549 8123/548
f 8123/548 8101/742 8103/610
f 8110/743 8111/664 8066/663
f 8064/547 8111/664 8101/742
f 8064/547 8096/662 8065/661
f 8111/664 8064/547 8066/663
f 8126/666 8124/657 8100/665
f 8124/657 8067/611 8099/744
f 8100/665 8124/657 8099/744
f 8106/745 8105/551 8115/667
f 8105/551 8111/664 8109/746
f 8105/551 8109/746 8115/667
f 8067/611 8106/745 8068/550
f 8069/552 8099/744 8067/611
f 8068/550 8112/668 8069/552
f 8115/667 8068/550 8106/745
f 8071/553 8095/554 8072/555
f 8074/711 8076/556 8075/558
f 8077/557 8058/563 8075/558
f 8079/560 8081/612 8080/561
f 8079/613 8091/614 8082/713
f 8077/557 8093/562 8083/575
f 8078/714 8080/747 8085/669
f 8087/564 8070/565 8072/681
f 8088/567 8084/568 8085/669
f 8090/570 8087/564 8086/566
f 8092/576 8061/574 8082/572
f 8088/567 8059/569 8083/575
f 8094/670 8062/577 8061/574
f 8071/578 8074/579 8073/671
f 8064/582 8063/672 8097/583
f 8098/715 8126/748 8071/553
f 8099/717 8076/556 8074/711
f 8101/585 8107/584 8063/718
f 8103/616 8105/617 8104/618
f 8106/721 8119/749 8104/618
f 8099/717 8069/725 8077/557
f 8101/585 8123/673 8108/586
f 8109/722 8111/750 8079/560
f 8110/724 8091/614 8079/613
f 8112/726 8093/562 8077/557
f 8114/587 8103/588 8102/674
f 8115/727 8109/751 8078/714
f 8089/592 8122/590 8116/591
f 8117/675 8090/752 8089/592
f 8098/593 8070/565 8087/564
f 8094/753 8065/597 8062/595
f 8065/597 8096/676 8062/595
f 8115/727 8084/568 8088/567
f 8118/594 8087/564 8090/570
f 8106/599 8067/677 8060/600
f 8110/619 8066/730 8092/576
f 8121/602 8116/678 8122/603
f 8112/726 8068/728 8088/567
f 8066/730 8065/754 8094/670
f 8123/673 8121/755 8120/731
f 8114/679 8113/606 8125/604
f 8100/733 8074/579 8071/578
f 8067/734 8124/605 8125/604
f 8128/620 8137/621 8129/631
f 8131/40 8139/623 8132/627
f 8134/623 8140/627 8135/625
f 8136/628 8129/631 8137/621
f 8127/622 8132/627 8139/623
f 8140/627 8134/623 8131/40
f 8141/631 8142/621 8133/629
f 8142/621 8141/631 8136/628
f 8144/632 8158/632 8145/632
f 8147/632 8153/632 8148/632
f 8149/632 8157/632 8150/632
f 8152/632 8148/632 8153/632
f 8155/632 8156/632 8143/632
f 8149/632 8155/632 8156/632
f 8154/632 8150/632 8157/632
f 8158/632 8144/632 8147/632
f 8160/632 8174/632 8161/632
f 8163/632 8169/632 8164/632
f 8165/632 8173/632 8166/632
f 8168/632 8164/632 8169/632
f 8171/632 8172/632 8159/632
f 8165/632 8171/632 8172/632
f 8170/632 8166/632 8173/632
f 8174/632 8160/632 8163/632
f 8176/632 8190/632 8177/632
f 8179/632 8185/632 8180/632
f 8181/632 8189/632 8182/632
f 8184/632 8180/632 8185/632
f 8187/632 8188/632 8175/632
f 8181/632 8187/632 8188/632
f 8186/632 8182/632 8189/632
f 8190/632 8176/632 8179/632
f 8191/632 8206/632 8192/632
f 8194/632 8201/632 8195/632
f 8197/632 8205/632 8198/632
f 8201/632 8194/632 8202/632
f 8193/632 8204/632 8203/632
f 8197/632 8203/632 8204/632
f 8205/632 8198/632 8200/632
f 8195/632 8192/632 8206/632
f 8207/632 8222/632 8208/632
f 8210/632 8217/632 8211/632
f 8213/632 8221/632 8214/632
f 8217/632 8210/632 8218/632
f 8209/632 8220/632 8219/632
f 8213/632 8219/632 8220/632
f 8221/632 8214/632 8216/632
f 8211/632 8208/632 8222/632
f 8223/632 8238/632 8224/632
f 8226/632 8233/632 8227/632
f 8229/632 8237/632 8230/632
f 8233/632 8226/632 8234/632
f 8225/632 8236/632 8235/632
f 8229/632 8235/632 8236/632
f 8237/632 8230/632 8232/632
f 8227/632 8224/632 8238/632
f 8239/632 8640/632 8240/632
f 8242/632 8640/632 8240/632
f 8244/632 8249/632 8245/632
f 8247/632 8239/632 8241/632
f 8249/632 8242/632 8243/632
f 8250/632 8641/632 8251/632
f 8253/632 8641/632 8251/632
f 8255/632 8260/632 8256/632
f 8258/632 8250/632 8252/632
f 8260/632 8253/632 8254/632
f 8261/632 8642/632 8262/632
f 8264/632 8642/632 8262/632
f 8266/632 8271/632 8267/632
f 8269/632 8261/632 8263/632
f 8271/632 8264/632 8265/632
f 8272/632 8643/632 8273/632
f 8275/632 8643/632 8273/632
f 8277/632 8282/632 8278/632
f 8280/632 8272/632 8274/632
f 8282/632 8275/632 8276/632
f 8284/632 8644/632 8285/632
f 8286/632 8644/632 8284/632
f 8288/632 8293/632 8289/632
f 8283/632 8285/632 8292/632
f 8293/632 8286/632 8287/632
f 8295/632 8645/632 8296/632
f 8297/632 8645/632 8295/632
f 8299/632 8304/632 8300/632
f 8294/632 8296/632 8303/632
f 8304/632 8297/632 8298/632
f 8305/632 8646/632 8306/632
f 8306/632 8646/632 8309/632
f 8311/632 8315/632 8312/632
f 8313/632 8305/632 8307/632
f 8308/632 8309/632 8315/632
f 8316/632 8647/632 8317/632
f 8317/632 8647/632 8320/632
f 8322/632 8326/632 8323/632
f 8324/632 8316/632 8318/632
f 8319/632 8320/632 8326/632
f 8327/632 8648/632 8328/632
f 8328/632 8648/632 8331/632
f 8333/632 8337/632 8334/632
f 8335/632 8327/632 8329/632
f 8330/632 8331/632 8337/632
f 8338/632 8649/632 8339/632
f 8339/632 8649/632 8342/632
f 8344/632 8348/632 8345/632
f 8346/632 8338/632 8340/632
f 8341/632 8342/632 8348/632
f 8349/632 8650/632 8350/632
f 8352/632 8650/632 8350/632
f 8354/632 8359/632 8355/632
f 8357/632 8349/632 8351/632
f 8359/632 8352/632 8353/632
f 8360/632 8651/632 8361/632
f 8363/632 8651/632 8361/632
f 8365/632 8370/632 8366/632
f 8368/632 8360/632 8362/632
f 8370/632 8363/632 8364/632
f 8371/632 8431/632 8372/632
f 8374/632 8383/632 8375/632
f 8377/632 8433/632 8378/632
f 8371/632 8373/632 8380/632
f 8382/632 8387/632 8383/632
f 8381/632 8380/632 8384/632
f 8382/632 8391/632 8386/632
f 8388/632 8385/632 8384/632
f 8390/632 8395/632 8386/632
f 8388/632 8389/632 8392/632
f 8394/632 8399/632 8395/632
f 8393/632 8392/632 8396/632
f 8398/632 8403/632 8399/632
f 8397/632 8396/632 8400/632
f 8398/632 8407/632 8402/632
f 8404/632 8401/632 8400/632
f 8406/632 8411/632 8402/632
f 8408/632 8404/632 8405/632
f 8410/632 8415/632 8411/632
f 8408/632 8409/632 8412/632
f 8414/632 8652/632 8415/632
f 8416/632 8421/632 8417/632
f 8413/632 8412/632 8419/632
f 8421/632 8427/632 8422/632
f 8420/632 8419/632 8423/632
f 8416/632 8418/632 8425/632
f 8427/632 8432/632 8428/632
f 8429/632 8424/632 8423/632
f 8431/632 8426/632 8425/632
f 8432/632 8376/632 8375/632
f 8433/632 8429/632 8430/632
f 8434/632 8440/632 8435/632
f 8437/632 8653/632 8438/632
f 8440/632 8437/632 8439/632
f 8441/632 8511/632 8442/632
f 8443/632 8442/632 8444/632
f 8446/632 8452/632 8447/632
f 8449/632 8654/632 8450/632
f 8452/632 8449/632 8451/632
f 8453/632 8510/632 8454/632
f 8455/632 8454/632 8456/632
f 8458/632 8464/632 8459/632
f 8461/632 8655/632 8462/632
f 8464/632 8461/632 8463/632
f 8465/632 8509/632 8466/632
f 8467/632 8466/632 8468/632
f 8470/632 8476/632 8471/632
f 8473/632 8656/632 8474/632
f 8476/632 8473/632 8475/632
f 8477/632 8508/632 8478/632
f 8479/632 8478/632 8480/632
f 8482/632 8488/632 8483/632
f 8485/632 8657/632 8486/632
f 8488/632 8485/632 8487/632
f 8489/632 8507/632 8490/632
f 8491/632 8490/632 8492/632
f 8494/632 8500/632 8495/632
f 8497/632 8658/632 8498/632
f 8500/632 8497/632 8499/632
f 8501/632 8506/632 8502/632
f 8503/632 8502/632 8504/632
f 8494/632 8496/632 8506/632
f 8482/632 8484/632 8507/632
f 8470/632 8472/632 8508/632
f 8458/632 8460/632 8509/632
f 8446/632 8448/632 8510/632
f 8434/632 8436/632 8511/632
f 8513/633 8516/633 8514/633
f 8515/633 8527/633 8516/633
f 8518/633 8659/633 8519/633
f 8514/633 8521/633 8520/633
f 8521/633 8597/633 8522/633
f 8523/633 8659/633 8518/633
f 8660/633 8661/633 8525/633
f 8660/633 8528/633 8661/633
f 8527/633 8662/633 8660/633
f 8527/633 8660/633 8525/633
f 8527/633 8515/633 8662/633
f 8528/633 8660/633 8517/633
f 8519/633 8661/633 8528/633
f 8529/634 8540/634 8530/634
f 8530/634 8540/634 8534/634
f 8534/634 8536/634 8532/634
f 8536/634 8543/634 8532/634
f 8532/634 8544/634 8533/634
f 8534/634 8533/634 8530/634
f 8535/634 8542/634 8536/634
f 8537/634 8544/634 8532/634
f 8531/634 8530/634 8533/634
f 8529/634 8535/634 8534/634
f 8541/634 8543/634 8536/634
f 8538/634 8532/634 8543/634
f 8539/634 8533/634 8544/634
f 8546/633 8549/633 8547/633
f 8548/633 8560/633 8549/633
f 8551/633 8663/633 8552/633
f 8547/633 8554/633 8553/633
f 8554/633 8601/633 8555/633
f 8556/633 8663/633 8551/633
f 8664/633 8561/633 8558/633
f 8664/633 8562/633 8561/633
f 8560/633 8665/633 8664/633
f 8560/633 8664/633 8558/633
f 8560/633 8548/633 8665/633
f 8562/633 8550/633 8552/633
f 8562/633 8664/633 8550/633
f 8564/634 8574/634 8565/634
f 8566/634 8574/634 8564/634
f 8568/634 8575/634 8566/634
f 8568/634 8577/634 8575/634
f 8567/634 8578/634 8568/634
f 8564/634 8567/634 8566/634
f 8566/634 8575/634 8570/634
f 8568/634 8578/634 8572/634
f 8567/634 8564/634 8563/634
f 8566/634 8569/634 8565/634
f 8575/634 8577/634 8576/634
f 8577/634 8568/634 8571/634
f 8578/634 8567/634 8573/634
f 8579/632 8583/632 8580/632
f 8579/632 8592/632 8582/632
f 8581/632 8580/632 8584/632
f 8587/632 8589/632 8588/632
f 8582/632 8592/632 8588/632
f 8584/632 8587/632 8586/632
f 8590/632 8666/632 8591/632
f 8591/632 8666/632 8593/632
f 8667/633 8522/633 8597/633
f 8597/633 8668/633 8595/633
f 8595/633 8669/633 8596/633
f 8669/633 8598/633 8596/633
f 8596/633 8667/633 8597/633
f 8598/633 8669/633 8523/633
f 8523/633 8524/633 8598/633
f 8670/633 8555/633 8601/633
f 8601/633 8671/633 8599/633
f 8599/633 8672/633 8600/633
f 8672/633 8602/633 8600/633
f 8600/633 8670/633 8601/633
f 8602/633 8672/633 8556/633
f 8556/633 8557/633 8602/633
f 8569/634 8573/634 8563/634
f 8571/634 8572/634 8573/634
f 8570/634 8576/634 8571/634
f 8571/634 8569/634 8570/634
f 8563/634 8565/634 8569/634
f 8529/634 8531/634 8535/634
f 8531/634 8539/634 8535/634
f 8539/634 8537/634 8538/634
f 8538/634 8541/634 8542/634
f 8542/634 8535/634 8538/634
f 8604/632 8606/632 8605/632
f 8607/632 8614/632 8605/632
f 8608/632 8613/632 8604/632
f 8609/632 8612/632 8610/632
f 8609/632 8614/632 8607/632
f 8611/632 8610/632 8613/632
f 8615/632 8673/632 8616/632
f 8618/632 8673/632 8615/632
f 8620/632 8674/632 8621/632
f 8623/632 8620/632 8619/632
f 8624/632 8629/632 8625/632
f 8621/632 8674/632 8627/632
f 8625/632 8623/632 8622/632
f 8628/632 8627/632 8629/632
f 8629/632 8627/632 8630/632
f 8633/632 8674/632 8620/632
f 8625/632 8629/632 8631/632
f 8627/632 8674/632 8633/632
f 8635/632 8623/632 8625/632
f 8632/632 8620/632 8623/632
f 8675/918 8676/918 8677/918
f 8678/918 8679/918 8680/918
f 8677/918 8681/918 8675/918
f 8679/918 8678/918 8682/918
f 8680/918 8679/918 8677/918
f 8680/918 8677/918 8676/918
f 8679/918 8682/918 8681/918
f 8679/918 8681/918 8677/918
f 8682/918 8678/918 8675/918
f 8682/918 8675/918 8681/918
f 8678/918 8680/918 8676/918
f 8678/918 8676/918 8675/918
f 8683/918 8684/918 8685/918
f 8686/918 8687/918 8688/918
f 8685/918 8689/918 8683/918
f 8687/918 8686/918 8690/918
f 8688/918 8687/918 8685/918
f 8688/918 8685/918 8684/918
f 8687/918 8690/918 8689/918
f 8687/918 8689/918 8685/918
f 8690/918 8686/918 8683/918
f 8690/918 8683/918 8689/918
f 8686/918 8688/918 8684/918
f 8686/918 8684/918 8683/918
f 8691/918 8692/918 8693/918
f 8694/918 8695/918 8696/918
f 8693/918 8697/918 8691/918
f 8695/918 8694/918 8698/918
f 8696/918 8695/918 8693/918
f 8696/918 8693/918 8692/918
f 8695/918 8698/918 8697/918
f 8695/918 8697/918 8693/918
f 8698/918 8694/918 8691/918
f 8698/918 8691/918 8697/918
f 8694/918 8696/918 8692/918
f 8694/918 8692/918 8691/918
f 8699/918 8700/918 8701/918
f 8702/918 8703/918 8704/918
f 8701/918 8705/918 8699/918
f 8703/918 8702/918 8706/918
f 8704/918 8703/918 8701/918
f 8704/918 8701/918 8700/918
f 8703/918 8706/918 8705/918
f 8703/918 8705/918 8701/918
f 8706/918 8702/918 8699/918
f 8706/918 8699/918 8705/918
f 8702/918 8704/918 8700/918
f 8702/918 8700/918 8699/918
f 8707/918 8708/918 8709/918
f 8710/918 8711/918 8712/918
f 8709/918 8713/918 8707/918
f 8711/918 8710/918 8714/918
f 8712/918 8711/918 8709/918
f 8712/918 8709/918 8708/918
f 8711/918 8714/918 8713/918
f 8711/918 8713/918 8709/918
f 8714/918 8710/918 8707/918
f 8714/918 8707/918 8713/918
f 8710/918 8712/918 8708/918
f 8710/918 8708/918 8707/918
f 8715/918 8716/918 8717/918
f 8718/918 8719/918 8720/918
f 8717/918 8721/918 8715/918
f 8719/918 8718/918 8722/918
f 8720/918 8719/918 8717/918
f 8720/918 8717/918 8716/918
f 8719/918 8722/918 8721/918
f 8719/918 8721/918 8717/918
f 8722/918 8718/918 8715/918
f 8722/918 8715/918 8721/918
f 8718/918 8720/918 8716/918
f 8718/918 8716/918 8715/918
f 8723/918 8724/918 8725/918
f 8726/918 8727/918 8728/918
f 8725/918 8729/918 8723/918
f 8727/918 8726/918 8730/918
f 8728/918 8727/918 8725/918
f 8728/918 8725/918 8724/918
f 8727/918 8730/918 8729/918
f 8727/918 8729/918 8725/918
f 8730/918 8726/918 8723/918
f 8730/918 8723/918 8729/918
f 8726/918 8728/918 8724/918
f 8726/918 8724/918 8723/918
g item_bladens
f 8731/3 8732/2 8733/1
f 8734/4 8735/3 8731/1
f 8732/7 8736/6 8733/5
f 8734/2 8737/8 8738/4
f 8736/6 8739/6 8737/6
f 8735/3 8740/4 8731/1
f 8738/4 8741/10 8742/9
f 8743/6 8744/6 8745/6
f 8741/6 8746/6 8747/6
f 8748/12 8749/3 8750/11
f 8751/15 8745/14 8752/13
f 8742/9 8747/17 8753/16
f 8737/6 8754/6 8741/6
f 8755/12 8756/3 8757/11
f 8740/4 8758/11 8759/12
f 8758/3 8742/12 8760/11
f 8743/6 8761/6 8762/6
f 8763/19 8743/18 8751/15
f 8764/6 8746/6 8761/6
f 8757/3 8751/12 8749/11
f 8756/3 8763/12 8757/11
f 8748/4 8765/11 8766/12
f 8766/4 8767/21 8768/20
f 8753/16 8764/22 8763/19
f 8745/14 8769/23 8752/13
f 8752/4 8765/11 8750/3
f 8770/6 8771/6 8772/6
f 8744/6 8772/6 8745/6
f 8773/12 8757/3 8749/11
f 8774/12 8758/3 8760/11
f 8760/3 8753/12 8756/11
f 8736/2 8731/3 8733/1
f 8775/12 8760/3 8756/11
f 8776/24 8777/25 8778/24
f 8777/25 8779/25 8780/25
f 8781/25 8777/25 8780/25
f 8778/25 8777/25 8781/25
f 8782/25 8778/25 8781/25
f 8783/28 8784/27 8785/26
f 8786/25 8779/25 8777/25
f 8787/31 8788/30 8789/29
f 8790/33 8791/32 8788/30
f 8792/34 8790/35 8787/34
f 8793/30 8792/31 8794/29
f 8795/38 8796/37 8797/36
f 8798/27 8797/38 8799/39
f 8800/36 8801/41 8802/40
f 8784/27 8803/38 8800/36
f 8779/25 8804/25 8780/25
f 8790/35 8805/42 8806/42
f 8793/45 8807/44 8808/43
f 8803/48 8809/47 8810/46
f 8810/46 8811/50 8812/49
f 8813/51 8814/47 8815/46
f 8816/50 8815/46 8817/49
f 8772/52 8818/12 8769/23
f 8819/28 8798/27 8799/39
f 8769/4 8767/11 8765/3
f 8749/3 8752/12 8750/11
f 8734/4 8758/11 8735/3
f 8744/14 8773/15 8748/13
f 8759/55 8754/54 8739/53
f 8746/58 8774/57 8775/56
f 8744/14 8766/60 8770/59
f 8761/22 8775/56 8755/19
f 8770/59 8768/12 8820/61
f 8762/18 8755/19 8773/15
f 8740/2 8739/53 8732/62
f 8821/64 8792/63 8822/63
f 8823/65 8816/66 8817/65
f 8791/67 8824/68 8825/67
f 8826/70 8809/69 8827/69
f 8828/71 8829/71 8830/71
f 8831/71 8832/71 8833/71
f 8834/71 8835/71 8836/71
f 8837/71 8838/71 8839/71
f 8840/71 8829/71 8841/71
f 8842/71 8843/71 8844/71
f 8845/71 8846/71 8834/71
f 8847/71 8848/71 8838/71
f 8849/71 8840/71 8850/71
f 8851/71 8852/71 8853/71
f 8854/71 8855/71 8856/71
f 8857/71 8858/71 8859/71
f 8860/71 8861/71 8851/71
f 8862/71 8863/71 8864/71
f 8865/71 8866/71 8860/71
f 8867/71 8868/71 8869/71
f 8870/71 8871/71 8872/71
f 8873/71 8874/71 8875/71
f 8876/71 8877/71 8878/71
f 8879/71 8880/71 8881/71
f 8882/71 8883/71 8884/71
f 8885/71 8886/71 8887/71
f 8831/71 8888/71 8889/71
f 8890/71 8839/71 8891/71
f 8892/71 8893/71 8894/71
f 8895/71 8896/71 8843/71
f 8897/71 8898/71 8848/71
f 8875/71 8899/71 8900/71
f 8901/71 8896/71 8902/71
f 8903/71 8898/71 8904/71
f 8877/71 8905/71 8906/71
f 8907/71 8908/71 8879/71
f 8909/71 8910/71 8853/71
f 8911/71 8912/71 8845/71
f 8913/71 8899/71 8914/71
f 8915/71 8916/71 8907/71
f 8917/71 8886/71 8918/71
f 8919/71 8876/71 8920/71
f 8921/71 8922/71 8915/71
f 8923/71 8924/71 8901/71
f 8871/71 8917/71 8925/71
f 8926/71 8927/71 8920/71
f 8921/71 8928/71 8929/71
f 8930/71 8931/71 8926/71
f 8932/71 8933/71 8928/71
f 8934/71 8935/71 8936/71
f 8937/71 8855/71 8938/71
f 8939/71 8940/71 8933/71
f 8935/71 8849/71 8941/71
f 8942/71 8943/71 8937/71
f 8944/71 8945/71 8946/71
f 8947/71 8948/71 8940/71
f 8868/71 8863/71 8949/71
f 8950/71 8951/71 8832/71
f 8952/71 8953/71 8954/71
f 8905/71 8955/71 8956/71
f 8957/71 8958/71 8948/71
f 8959/71 8958/71 8960/71
f 8961/71 8844/71 8951/71
f 8952/71 8962/71 8963/71
f 8964/71 8965/71 8966/71
f 8857/71 8967/71 8959/71
f 8968/71 8969/71 8970/71
f 8971/71 8972/71 8962/71
f 8913/71 8914/71 8930/71
f 8865/71 8880/71 8866/71
f 8973/71 8974/71 8972/71
f 8975/71 8976/71 8974/71
f 8977/71 8978/71 8976/71
f 8946/71 8979/71 8980/71
f 8981/71 8982/71 8903/71
f 8955/71 8965/71 8983/71
f 8910/71 8870/71 8984/71
f 8985/71 8934/71 8986/71
f 8911/71 8979/71 8912/71
f 8954/71 8987/71 8944/71
f 8988/71 8989/71 8990/71
f 8893/71 8867/71 8991/71
f 8864/71 8992/71 8981/71
f 8993/71 8978/71 8994/71
f 8854/71 8856/71 8988/71
f 8887/71 8995/71 8923/71
f 8882/71 8891/71 8996/71
f 8968/71 8997/71 8993/71
f 8889/71 8998/71 8942/71
f 8999/71 8892/71 8836/71
f 8884/71 9000/71 8873/71
f 8990/71 9001/71 8986/71
f 9002/71 9003/71 8881/71
f 9004/71 9005/71 9003/71
f 9006/71 8923/71 8901/71
f 9007/71 9008/71 9009/71
f 9007/71 8937/71 8938/71
f 9010/71 8937/71 9007/71
f 9011/71 8961/71 8950/71
f 9012/71 8842/71 8961/71
f 9013/71 8830/71 8968/71
f 9002/71 8881/71 8865/71
f 9014/71 9015/71 8900/71
f 9016/71 9017/71 9018/71
f 9019/71 8872/71 9020/71
f 9021/71 8954/71 8944/71
f 9022/71 8993/71 8994/71
f 9013/71 8968/71 8993/71
f 9023/71 8990/71 8986/71
f 9024/71 9025/71 9026/71
f 9027/71 9018/71 9028/71
f 9029/71 9030/71 9031/71
f 9032/71 9033/71 9034/71
f 9020/71 8925/71 9035/71
f 9024/71 8879/71 8881/71
f 9036/71 8889/71 9037/71
f 9038/71 8902/71 8895/71
f 9039/71 8901/71 8902/71
f 9040/71 8984/71 9019/71
f 9041/71 9034/71 9042/71
f 9043/71 9044/71 9045/71
f 9045/71 9046/71 9047/71
f 9048/71 8941/71 9049/71
f 9049/71 8850/71 9050/71
f 9051/71 9052/71 9053/71
f 9053/71 9054/71 9055/71
f 9055/71 9056/71 9057/71
f 9057/71 9058/71 9059/71
f 9059/71 9060/71 9061/71
f 9062/71 9063/71 9064/71
f 9065/71 8903/71 9066/71
f 9029/71 9067/71 9068/71
f 9065/71 8864/71 8981/71
f 9069/71 9070/71 9071/71
f 9072/71 8884/71 8873/71
f 9073/71 8847/71 8837/71
f 9074/71 8897/71 8847/71
f 9075/71 8966/71 8857/71
f 9076/71 8864/71 9065/71
f 9071/71 9077/71 9078/71
f 9078/71 9079/71 9080/71
f 9081/71 8938/71 9082/71
f 9083/71 8991/71 9084/71
f 9069/71 8875/71 8900/71
f 9085/71 8879/71 9024/71
f 9085/71 8915/71 8907/71
f 9086/71 8915/71 9087/71
f 9086/71 8932/71 8921/71
f 9088/71 8939/71 8932/71
f 9089/71 8947/71 8939/71
f 9090/71 8957/71 8947/71
f 9091/71 8960/71 8957/71
f 9092/71 8966/71 9075/71
f 9093/71 9094/71 9095/71
f 9095/71 9096/71 9097/71
f 9097/71 9098/71 9099/71
f 9100/71 9101/71 9102/71
f 9103/71 9104/71 9105/71
f 9084/71 8869/71 9106/71
f 9107/71 8890/71 8882/71
f 9108/71 8894/71 9083/71
f 9108/71 8834/71 8836/71
f 9109/71 8834/71 9110/71
f 9082/71 8938/71 8854/71
f 9111/71 9101/71 9112/71
f 9106/71 8949/71 9113/71
f 9114/71 8906/71 9115/71
f 9116/71 9117/71 9118/71
f 9119/71 9120/71 9121/71
f 9122/71 9121/71 9015/71
f 9115/71 8956/71 9123/71
f 9014/71 8900/71 8913/71
f 9124/71 8878/71 9114/71
f 9124/71 8926/71 8920/71
f 9125/71 8926/71 9126/71
f 9127/71 9128/71 9117/71
f 9129/71 9118/71 9120/71
f 9123/71 8983/71 9130/71
f 9131/71 9128/71 9132/71
f 9100/71 9060/71 9133/71
f 9134/71 8980/71 9135/71
f 9051/71 8980/71 9136/71
f 9137/71 8946/71 8980/71
f 9135/71 8980/71 8911/71
f 9138/71 9042/71 9005/71
f 9006/71 8887/71 8923/71
f 9010/71 8889/71 8942/71
f 9036/71 8950/71 8831/71
f 9139/71 8895/71 8842/71
f 9040/71 8851/71 8853/71
f 9140/71 8851/71 9141/71
f 9140/71 8865/71 8860/71
f 9142/71 9067/71 9033/71
f 9143/71 8887/71 9144/71
f 9009/71 9145/71 9146/71
f 9146/71 9147/71 9148/71
f 9148/71 9149/71 9043/71
f 9062/71 9046/71 9150/71
f 9151/71 8885/71 9143/71
f 9035/71 8918/71 9151/71
f 9152/71 9028/71 9153/71
f 9081/71 9153/71 9154/71
f 9021/71 8946/71 9137/71
f 9155/71 8954/71 9156/71
f 9155/71 8971/71 8952/71
f 9157/71 8973/71 8971/71
f 9158/71 8975/71 8973/71
f 9159/71 8977/71 8975/71
f 9160/71 8994/71 8977/71
f 9023/71 8936/71 9048/71
f 9161/71 8990/71 9162/71
f 9161/71 8854/71 8988/71
f 9163/71 9063/71 9017/71
f 9164/71 8830/71 9165/71
f 9166/71 8828/71 9164/71
f 9050/71 8841/71 9166/71
f 9167/71 9112/71 9168/71
f 9134/71 9105/71 9169/71
f 9072/71 8875/71 9069/71
f 9107/71 8884/71 9170/71
f 9171/71 8837/71 8890/71
f 9172/71 8904/71 8897/71
f 9173/71 8903/71 8904/71
f 9109/71 8911/71 8845/71
f 9174/71 9168/71 9104/71
f 9080/71 9175/71 9176/71
f 9176/71 9177/71 9178/71
f 9178/71 9179/71 9180/71
f 9131/71 9179/71 9181/71
f 9113/71 8862/71 9076/71
f 9182/71 8959/71 8960/71
f 9075/71 8959/71 9183/71
f 9125/71 8913/71 8930/71
f 9026/71 9184/71 9093/71
f 9099/71 9030/71 9185/71
f 9130/71 8964/71 9092/71
f 9186/71 8829/71 9187/71
f 8833/71 8832/71 9188/71
f 9189/71 8835/71 9190/71
f 8839/71 8838/71 9191/71
f 9192/71 8829/71 8840/71
f 8844/71 8843/71 9193/71
f 9190/71 8846/71 9194/71
f 8838/71 8848/71 9195/71
f 9196/71 8840/71 8849/71
f 9197/71 8852/71 9198/71
f 8856/71 8855/71 9199/71
f 8859/71 8858/71 9200/71
f 9198/71 8861/71 9201/71
f 9202/71 8863/71 9203/71
f 9201/71 8866/71 9204/71
f 9205/71 8868/71 8867/71
f 9206/71 8871/71 8870/71
f 9207/71 8874/71 9208/71
f 9209/71 8877/71 8876/71
f 9210/71 8880/71 9211/71
f 9212/71 8883/71 9213/71
f 9214/71 8886/71 9215/71
f 9216/71 8888/71 9188/71
f 8891/71 8839/71 9217/71
f 9218/71 8893/71 8892/71
f 8843/71 8896/71 9219/71
f 8848/71 8898/71 9220/71
f 9221/71 8899/71 9207/71
f 9222/71 8896/71 9223/71
f 9224/71 8898/71 9225/71
f 9226/71 8905/71 8877/71
f 9211/71 8908/71 9227/71
f 9197/71 8910/71 8909/71
f 9194/71 8912/71 9228/71
f 8914/71 8899/71 9229/71
f 9227/71 8916/71 9230/71
f 9231/71 8886/71 8917/71
f 9232/71 8876/71 8919/71
f 9230/71 8922/71 9233/71
f 9223/71 8924/71 9234/71
f 9235/71 8917/71 8871/71
f 9232/71 8927/71 9236/71
f 8929/71 8928/71 9233/71
f 9236/71 8931/71 9237/71
f 8928/71 8933/71 9238/71
f 9239/71 8935/71 8934/71
f 9240/71 8855/71 9241/71
f 8933/71 8940/71 9242/71
f 9243/71 8849/71 8935/71
f 9241/71 8943/71 9244/71
f 9245/71 8945/71 9246/71
f 8940/71 8948/71 9247/71
f 9248/71 8863/71 8868/71
f 8832/71 8951/71 9249/71
f 9250/71 8953/71 9251/71
f 9252/71 8955/71 8905/71
f 8948/71 8958/71 9253/71
f 9254/71 8958/71 9255/71
f 8951/71 8844/71 9256/71
f 8963/71 8962/71 9251/71
f 9257/71 8965/71 9258/71
f 9255/71 8967/71 9200/71
f 8970/71 8969/71 9259/71
f 8962/71 8972/71 9260/71
f 9237/71 8914/71 9229/71
f 8866/71 8880/71 9204/71
f 8972/71 8974/71 9261/71
f 8974/71 8976/71 9262/71
f 8976/71 8978/71 9263/71
f 9264/71 8979/71 9245/71
f 9225/71 8982/71 9265/71
f 9266/71 8965/71 8955/71
f 9267/71 8870/71 8910/71
f 9268/71 8934/71 8985/71
f 8912/71 8979/71 9228/71
f 9246/71 8987/71 9250/71
f 9269/71 8989/71 9270/71
f 9271/71 8867/71 8893/71
f 9265/71 8992/71 9202/71
f 9272/71 8978/71 9273/71
f 9270/71 8856/71 9199/71
f 9234/71 8995/71 9214/71
f 8996/71 8891/71 9213/71
f 9273/71 8997/71 9259/71
f 9244/71 8998/71 9216/71
f 9189/71 8892/71 8999/71
f 9208/71 9000/71 9212/71
f 9268/71 9001/71 9269/71
f 9210/71 9274/71 9275/71
f 9274/71 9276/71 9277/71
f 9223/71 9234/71 9278/71
f 9279/71 9280/71 9281/71
f 9240/71 9241/71 9281/71
f 9281/71 9241/71 9282/71
f 9249/71 9256/71 9283/71
f 9256/71 9193/71 9284/71
f 9259/71 9186/71 9285/71
f 9204/71 9210/71 9275/71
f 9221/71 9286/71 9287/71
f 9288/71 9289/71 9290/71
f 9291/71 9206/71 9292/71
f 9246/71 9250/71 9293/71
f 9272/71 9273/71 9294/71
f 9273/71 9259/71 9285/71
f 9268/71 9269/71 9295/71
f 9296/71 9297/71 9298/71
f 9299/71 9288/71 9300/71
f 9301/71 9302/71 9303/71
f 9304/71 9305/71 9306/71
f 9307/71 9235/71 9291/71
f 9210/71 9211/71 9298/71
f 9308/71 9216/71 9309/71
f 9219/71 9222/71 9310/71
f 9222/71 9223/71 9311/71
f 9292/71 9267/71 9312/71
f 9313/71 9304/71 9314/71
f 9315/71 9316/71 9317/71
f 9318/71 9319/71 9315/71
f 9320/71 9243/71 9321/71
f 9322/71 9196/71 9320/71
f 9323/71 9324/71 9325/71
f 9326/71 9327/71 9323/71
f 9328/71 9329/71 9326/71
f 9330/71 9331/71 9328/71
f 9332/71 9333/71 9330/71
f 9334/71 9335/71 9336/71
f 9225/71 9265/71 9337/71
f 9338/71 9339/71 9303/71
f 9265/71 9202/71 9337/71
f 9340/71 9221/71 9341/71
f 9208/71 9212/71 9342/71
f 9191/71 9195/71 9343/71
f 9195/71 9220/71 9344/71
f 9200/71 9257/71 9345/71
f 9337/71 9202/71 9346/71
f 9347/71 9348/71 9341/71
f 9349/71 9350/71 9347/71
f 9351/71 9240/71 9352/71
f 9353/71 9271/71 9354/71
f 9221/71 9207/71 9355/71
f 9298/71 9211/71 9356/71
f 9227/71 9230/71 9356/71
f 9357/71 9230/71 9358/71
f 9233/71 9238/71 9358/71
f 9238/71 9242/71 9359/71
f 9242/71 9247/71 9360/71
f 9247/71 9253/71 9361/71
f 9253/71 9254/71 9362/71
f 9345/71 9257/71 9363/71
f 9364/71 9365/71 9366/71
f 9367/71 9368/71 9364/71
f 9369/71 9370/71 9367/71
f 9371/71 9372/71 9373/71
f 9374/71 9375/71 9376/71
f 9377/71 9205/71 9353/71
f 9213/71 9217/71 9378/71
f 9354/71 9218/71 9379/71
f 9189/71 9190/71 9379/71
f 9380/71 9190/71 9381/71
f 9199/71 9240/71 9351/71
f 9382/71 9372/71 9383/71
f 9384/71 9248/71 9377/71
f 9385/71 9226/71 9386/71
f 9387/71 9388/71 9389/71
f 9390/71 9391/71 9392/71
f 9286/71 9390/71 9393/71
f 9394/71 9252/71 9385/71
f 9229/71 9221/71 9287/71
f 9386/71 9209/71 9395/71
f 9232/71 9236/71 9395/71
f 9396/71 9236/71 9397/71
f 9388/71 9398/71 9399/71
f 9391/71 9387/71 9400/71
f 9401/71 9266/71 9394/71
f 9402/71 9398/71 9403/71
f 9404/71 9333/71 9373/71
f 9405/71 9264/71 9406/71
f 9407/71 9264/71 9325/71
f 9264/71 9245/71 9408/71
f 9228/71 9264/71 9405/71
f 9276/71 9313/71 9409/71
f 9234/71 9214/71 9278/71
f 9244/71 9216/71 9282/71
f 9188/71 9249/71 9309/71
f 9193/71 9219/71 9410/71
f 9197/71 9198/71 9312/71
f 9411/71 9198/71 9412/71
f 9201/71 9204/71 9412/71
f 9305/71 9339/71 9413/71
f 9414/71 9214/71 9415/71
f 9416/71 9417/71 9279/71
f 9418/71 9419/71 9416/71
f 9317/71 9420/71 9418/71
f 9421/71 9319/71 9336/71
f 9415/71 9215/71 9422/71
f 9422/71 9231/71 9307/71
f 9423/71 9299/71 9424/71
f 9425/71 9423/71 9352/71
f 9408/71 9245/71 9293/71
f 9426/71 9250/71 9427/71
f 9251/71 9260/71 9427/71
f 9260/71 9261/71 9428/71
f 9261/71 9262/71 9429/71
f 9262/71 9263/71 9430/71
f 9263/71 9272/71 9431/71
f 9321/71 9239/71 9295/71
f 9432/71 9269/71 9433/71
f 9270/71 9199/71 9433/71
f 9289/71 9335/71 9434/71
f 9435/71 9186/71 9436/71
f 9436/71 9187/71 9437/71
f 9437/71 9192/71 9322/71
f 9438/71 9382/71 9439/71
f 9440/71 9374/71 9406/71
f 9355/71 9207/71 9342/71
f 9441/71 9212/71 9378/71
f 9217/71 9191/71 9442/71
f 9220/71 9224/71 9443/71
f 9224/71 9225/71 9444/71
f 9194/71 9228/71 9381/71
f 9375/71 9438/71 9445/71
f 9446/71 9447/71 9349/71
f 9448/71 9449/71 9446/71
f 9450/71 9451/71 9448/71
f 9452/71 9451/71 9403/71
f 9346/71 9203/71 9384/71
f 9254/71 9255/71 9453/71
f 9454/71 9255/71 9345/71
f 9237/71 9229/71 9397/71
f 9366/71 9455/71 9296/71
f 9456/71 9302/71 9369/71
f 9363/71 9258/71 9401/71
f 9145/72 9280/72 9417/72
f 9149/72 9316/72 9044/72
f 9044/72 9319/72 9046/72
f 9145/72 9419/72 9147/72
f 9150/72 9335/72 9063/72
f 9149/72 9419/72 9420/72
f 9046/72 9421/72 9150/72
f 9063/72 9289/72 9017/72
f 9028/72 9288/72 9299/72
f 9017/72 9288/72 9018/72
f 9028/72 9423/72 9153/72
f 9154/72 9240/72 8938/72
f 9153/72 9425/72 9154/72
f 9015/72 9390/72 9286/72
f 9015/72 9221/72 8900/72
f 9133/72 9372/72 9101/72
f 9168/72 9375/72 9104/72
f 9105/72 9375/72 9374/72
f 9005/72 9313/72 9276/72
f 9031/72 9339/72 9067/72
f 9175/72 9350/72 9447/72
f 9175/72 9449/72 9177/72
f 8881/72 9274/72 9210/72
f 9042/72 9304/72 9313/72
f 9179/72 9449/72 9451/72
f 9005/72 9274/72 9003/72
f 9179/72 9452/72 9181/72
f 9117/72 9398/72 9388/72
f 9112/72 9438/72 9168/72
f 9120/72 9387/72 9391/72
f 9105/72 9440/72 9169/72
f 9101/72 9382/72 9112/72
f 9052/72 9407/72 9324/72
f 9181/72 9398/72 9128/72
f 9031/72 9302/72 9301/72
f 9033/72 9339/72 9305/72
f 9054/72 9324/72 9327/72
f 9133/72 9333/72 9404/72
f 9033/72 9304/72 9034/72
f 9070/72 9348/72 9077/72
f 9184/72 9297/72 9455/72
f 9056/72 9327/72 9329/72
f 9094/72 9455/72 9365/72
f 9169/72 9264/72 8980/72
f 9079/72 9348/72 9350/72
f 9030/72 9370/72 9302/72
f 9117/72 9387/72 9118/72
f 9058/72 9329/72 9331/72
f 9096/72 9365/72 9368/72
f 9120/72 9390/72 9121/72
f 9060/72 9331/72 9333/72
f 9096/72 9370/72 9098/72
f 9221/72 9070/72 8900/72
f 8881/72 9297/72 9025/72
f 8938/72 9280/72 9008/72
f 8980/72 9407/72 9136/72
f 8827/69 9457/73 8783/73
f 9458/74 8817/65 8798/74
f 8817/49 8795/48 8798/75
f 8795/48 8814/47 9459/28
f 8803/48 8812/49 8801/75
f 9460/51 8809/47 8807/76
f 9461/77 8825/78 8826/77
f 9462/80 8794/79 8821/79
f 9463/33 8808/32 8805/81
f 9460/84 8794/83 8811/82
f 8788/45 9461/44 8813/84
f 8789/83 8813/84 8816/82
f 9103/87 9134/86 9110/85
f 9383/90 9444/89 9346/88
f 9464/93 8778/92 8782/91
f 8780/96 9465/95 8781/94
f 8781/94 9464/93 8782/91
f 9463/99 9466/98 9467/97
f 9468/100 9463/99 9467/97
f 9463/99 9469/102 9470/101
f 9466/98 9463/99 9470/101
f 9469/101 9471/103 9470/102
f 9467/97 8822/104 9468/100
f 9472/107 9467/106 9466/105
f 9472/107 9470/109 9471/108
f 9468/100 9473/111 9474/110
f 9463/99 9475/112 9469/102
f 9468/100 9476/113 9463/99
f 8824/103 9475/112 9477/114
f 9478/100 9479/113 9480/110
f 8824/103 9481/112 9482/102
f 9483/99 9481/112 9479/113
f 9478/100 9473/111 8822/104
f 9482/102 9483/99 9484/101
f 9472/107 9485/109 9486/108
f 9483/99 9478/100 9485/97
f 9471/104 9482/97 9484/100
f 9485/101 8822/103 9486/115
f 9483/99 9487/98 9484/101
f 9487/98 9483/99 9485/97
f 9472/107 9484/106 9487/105
f 9488/116 9489/116 9490/116
f 9491/116 9492/117 9493/117
f 9494/117 9495/116 9496/116
f 9497/118 9498/116 9488/116
f 9499/118 9500/116 9491/116
f 9497/118 9501/118 9502/118
f 9490/118 9503/118 9499/118
f 9496/116 9501/118 9504/118
f 8807/77 8825/78 8808/78
f 9459/73 8827/69 8783/73
f 8814/69 8826/70 8827/69
f 8808/67 8824/68 8805/68
f 9462/80 8789/79 8816/80
f 8812/65 9458/74 8801/74
f 8811/66 8823/65 8812/65
f 8821/64 8787/63 8789/64
f 8796/37 8783/75 8785/119
f 8801/37 8819/75 8802/120
f 9505/123 9506/122 9507/121
f 9508/123 9509/124 9510/121
f 9511/125 9507/121 9512/124
f 9513/126 9510/121 9514/122
f 8731/3 8740/4 8732/2
f 8734/2 8736/62 8737/8
f 8736/6 8732/7 8739/6
f 8738/4 8737/8 8741/10
f 8743/6 8762/6 8744/6
f 8741/6 8754/6 8746/6
f 8748/12 8773/4 8749/3
f 8751/15 8743/18 8745/14
f 8742/9 8741/10 8747/17
f 8737/6 8739/6 8754/6
f 8755/12 8775/4 8756/3
f 8740/4 8735/3 8758/11
f 8758/3 8738/4 8742/12
f 8743/6 8764/6 8761/6
f 8763/19 8764/22 8743/18
f 8764/6 8747/6 8746/6
f 8757/3 8763/4 8751/12
f 8756/3 8753/4 8763/12
f 8748/4 8750/3 8765/11
f 8766/4 8765/3 8767/21
f 8753/16 8747/17 8764/22
f 8745/14 8772/52 8769/23
f 8752/4 8769/12 8765/11
f 8770/6 8820/6 8771/6
f 8744/6 8770/6 8772/6
f 8773/12 8755/4 8757/3
f 8774/12 8759/4 8758/3
f 8760/3 8742/4 8753/12
f 8736/2 8734/4 8731/3
f 8775/12 8774/4 8760/3
f 8776/24 8786/25 8777/25
f 8783/28 9457/39 8784/27
f 8786/25 9515/25 8779/25
f 8787/31 8790/33 8788/30
f 8790/33 8806/81 8791/32
f 8792/34 9463/35 8790/35
f 8793/30 9463/33 8792/31
f 8795/38 9459/120 8796/37
f 8798/27 8795/36 8797/38
f 8800/36 8803/38 8801/41
f 8784/27 9457/39 8803/38
f 8779/25 9515/25 8804/25
f 8790/35 9463/35 8805/42
f 8793/45 9460/84 8807/44
f 8803/48 9457/28 8809/47
f 8810/46 9460/51 8811/50
f 8813/51 9461/76 8814/47
f 8816/50 8813/51 8815/46
f 8772/52 8771/61 8818/12
f 8819/28 9458/26 8798/27
f 8769/4 8818/12 8767/11
f 8749/3 8751/4 8752/12
f 8734/4 8738/12 8758/11
f 8744/14 8762/18 8773/15
f 8759/55 8774/57 8754/54
f 8746/58 8754/54 8774/57
f 8744/14 8748/13 8766/60
f 8761/22 8746/58 8775/56
f 8770/59 8766/60 8768/12
f 8762/18 8761/22 8755/19
f 8740/2 8759/55 8739/53
f 8821/64 8794/64 8792/63
f 8823/65 9462/66 8816/66
f 8791/67 8806/68 8824/68
f 8826/70 8807/70 8809/69
f 8829/71 8969/71 8830/71
f 8831/71 8950/71 8832/71
f 8835/71 8999/71 8836/71
f 8837/71 8847/71 8838/71
f 8829/71 8828/71 8841/71
f 8842/71 8895/71 8843/71
f 8846/71 8835/71 8834/71
f 8847/71 8897/71 8848/71
f 8840/71 8841/71 8850/71
f 8852/71 8909/71 8853/71
f 8854/71 8938/71 8855/71
f 8857/71 8966/71 8858/71
f 8861/71 8852/71 8851/71
f 8863/71 8992/71 8864/71
f 8866/71 8861/71 8860/71
f 8868/71 8949/71 8869/71
f 8871/71 8925/71 8872/71
f 8873/71 9000/71 8874/71
f 8877/71 8906/71 8878/71
f 8879/71 8908/71 8880/71
f 8882/71 8996/71 8883/71
f 8886/71 8995/71 8887/71
f 8831/71 8833/71 8888/71
f 8890/71 8837/71 8839/71
f 8893/71 8991/71 8894/71
f 8895/71 8902/71 8896/71
f 8897/71 8904/71 8898/71
f 8875/71 8874/71 8899/71
f 8901/71 8924/71 8896/71
f 8903/71 8982/71 8898/71
f 8905/71 8956/71 8906/71
f 8907/71 8916/71 8908/71
f 8910/71 8984/71 8853/71
f 8912/71 8846/71 8845/71
f 8913/71 8900/71 8899/71
f 8915/71 8922/71 8916/71
f 8886/71 8885/71 8918/71
f 8876/71 8878/71 8920/71
f 8921/71 8929/71 8922/71
f 8923/71 9516/71 8924/71
f 8917/71 8918/71 8925/71
f 8927/71 8919/71 8920/71
f 8921/71 8932/71 8928/71
f 8931/71 8927/71 8926/71
f 8932/71 8939/71 8933/71
f 8935/71 8941/71 8936/71
f 8937/71 8943/71 8855/71
f 8939/71 8947/71 8940/71
f 8849/71 8850/71 8941/71
f 8942/71 8998/71 8943/71
f 8944/71 8987/71 8945/71
f 8947/71 8957/71 8948/71
f 8863/71 8862/71 8949/71
f 8950/71 8961/71 8951/71
f 8952/71 8963/71 8953/71
f 8955/71 8983/71 8956/71
f 8957/71 8960/71 8958/71
f 8959/71 8967/71 8958/71
f 8961/71 8842/71 8844/71
f 8952/71 8971/71 8962/71
f 8965/71 8858/71 8966/71
f 8857/71 8859/71 8967/71
f 8968/71 8830/71 8969/71
f 8971/71 8973/71 8972/71
f 8914/71 8931/71 8930/71
f 8865/71 8881/71 8880/71
f 8973/71 8975/71 8974/71
f 8975/71 8977/71 8976/71
f 8977/71 8994/71 8978/71
f 8946/71 8945/71 8979/71
f 8981/71 9517/71 8982/71
f 8965/71 8964/71 8983/71
f 8870/71 8872/71 8984/71
f 8934/71 8936/71 8986/71
f 8911/71 8980/71 8979/71
f 8954/71 8953/71 8987/71
f 8989/71 9001/71 8990/71
f 8867/71 8869/71 8991/71
f 8992/71 9517/71 8981/71
f 8993/71 8997/71 8978/71
f 8856/71 8989/71 8988/71
f 8995/71 9516/71 8923/71
f 8882/71 8890/71 8891/71
f 8968/71 8970/71 8997/71
f 8889/71 8888/71 8998/71
f 8892/71 8894/71 8836/71
f 8884/71 8883/71 9000/71
f 9001/71 8985/71 8986/71
f 9002/71 9004/71 9003/71
f 9004/71 9138/71 9005/71
f 9007/71 8938/71 9008/71
f 9010/71 8942/71 8937/71
f 9011/71 9012/71 8961/71
f 9012/71 9139/71 8842/71
f 9013/71 9165/71 8830/71
f 9014/71 9122/71 9015/71
f 9016/71 9163/71 9017/71
f 9019/71 8984/71 8872/71
f 9021/71 9156/71 8954/71
f 9022/71 9013/71 8993/71
f 9023/71 9162/71 8990/71
f 9024/71 8881/71 9025/71
f 9027/71 9016/71 9018/71
f 9029/71 9185/71 9030/71
f 9032/71 9142/71 9033/71
f 9020/71 8872/71 8925/71
f 9036/71 8831/71 8889/71
f 9038/71 9039/71 8902/71
f 9039/71 9006/71 8901/71
f 9040/71 8853/71 8984/71
f 9041/71 9032/71 9034/71
f 9043/71 9149/71 9044/71
f 9045/71 9044/71 9046/71
f 9048/71 8936/71 8941/71
f 9049/71 8941/71 8850/71
f 9051/71 9136/71 9052/71
f 9053/71 9052/71 9054/71
f 9055/71 9054/71 9056/71
f 9057/71 9056/71 9058/71
f 9059/71 9058/71 9060/71
f 9062/71 9150/71 9063/71
f 9065/71 8981/71 8903/71
f 9029/71 9031/71 9067/71
f 9069/71 8900/71 9070/71
f 9072/71 9170/71 8884/71
f 9073/71 9074/71 8847/71
f 9074/71 9172/71 8897/71
f 9076/71 8862/71 8864/71
f 9071/71 9070/71 9077/71
f 9078/71 9077/71 9079/71
f 9081/71 9154/71 8938/71
f 9083/71 8894/71 8991/71
f 9085/71 8907/71 8879/71
f 9085/71 9087/71 8915/71
f 9086/71 8921/71 8915/71
f 9086/71 9088/71 8932/71
f 9088/71 9089/71 8939/71
f 9089/71 9090/71 8947/71
f 9090/71 9091/71 8957/71
f 9091/71 9182/71 8960/71
f 9092/71 8964/71 8966/71
f 9093/71 9184/71 9094/71
f 9095/71 9094/71 9096/71
f 9097/71 9096/71 9098/71
f 9100/71 9133/71 9101/71
f 9103/71 9174/71 9104/71
f 9084/71 8991/71 8869/71
f 9107/71 9171/71 8890/71
f 9108/71 8836/71 8894/71
f 9108/71 9110/71 8834/71
f 9109/71 8845/71 8834/71
f 9111/71 9102/71 9101/71
f 9106/71 8869/71 8949/71
f 9114/71 8878/71 8906/71
f 9116/71 9127/71 9117/71
f 9119/71 9129/71 9120/71
f 9122/71 9119/71 9121/71
f 9115/71 8906/71 8956/71
f 9124/71 8920/71 8878/71
f 9124/71 9126/71 8926/71
f 9125/71 8930/71 8926/71
f 9127/71 9132/71 9128/71
f 9129/71 9116/71 9118/71
f 9123/71 8956/71 8983/71
f 9131/71 9181/71 9128/71
f 9100/71 9061/71 9060/71
f 9134/71 9169/71 8980/71
f 9051/71 9137/71 8980/71
f 9138/71 9041/71 9042/71
f 9006/71 9144/71 8887/71
f 9010/71 9037/71 8889/71
f 9036/71 9011/71 8950/71
f 9139/71 9038/71 8895/71
f 9040/71 9141/71 8851/71
f 9140/71 8860/71 8851/71
f 9140/71 9002/71 8865/71
f 9142/71 9068/71 9067/71
f 9143/71 8885/71 8887/71
f 9009/71 9008/71 9145/71
f 9146/71 9145/71 9147/71
f 9148/71 9147/71 9149/71
f 9062/71 9047/71 9046/71
f 9151/71 8918/71 8885/71
f 9035/71 8925/71 8918/71
f 9152/71 9027/71 9028/71
f 9081/71 9152/71 9153/71
f 9021/71 8944/71 8946/71
f 9155/71 8952/71 8954/71
f 9155/71 9157/71 8971/71
f 9157/71 9158/71 8973/71
f 9158/71 9159/71 8975/71
f 9159/71 9160/71 8977/71
f 9160/71 9022/71 8994/71
f 9023/71 8986/71 8936/71
f 9161/71 8988/71 8990/71
f 9161/71 9082/71 8854/71
f 9163/71 9064/71 9063/71
f 9164/71 8828/71 8830/71
f 9166/71 8841/71 8828/71
f 9050/71 8850/71 8841/71
f 9167/71 9111/71 9112/71
f 9134/71 9103/71 9105/71
f 9072/71 8873/71 8875/71
f 9107/71 8882/71 8884/71
f 9171/71 9073/71 8837/71
f 9172/71 9173/71 8904/71
f 9173/71 9066/71 8903/71
f 9109/71 9135/71 8911/71
f 9174/71 9167/71 9168/71
f 9080/71 9079/71 9175/71
f 9176/71 9175/71 9177/71
f 9178/71 9177/71 9179/71
f 9131/71 9180/71 9179/71
f 9113/71 8949/71 8862/71
f 9182/71 9183/71 8959/71
f 9075/71 8857/71 8959/71
f 9125/71 9014/71 8913/71
f 9026/71 9025/71 9184/71
f 9099/71 9098/71 9030/71
f 9130/71 8983/71 8964/71
f 9186/71 8969/71 8829/71
f 8832/71 9249/71 9188/71
f 9189/71 8999/71 8835/71
f 8838/71 9195/71 9191/71
f 9192/71 9187/71 8829/71
f 8843/71 9219/71 9193/71
f 9190/71 8835/71 8846/71
f 8848/71 9220/71 9195/71
f 9196/71 9192/71 8840/71
f 9197/71 8909/71 8852/71
f 8855/71 9240/71 9199/71
f 8858/71 9257/71 9200/71
f 9198/71 8852/71 8861/71
f 9202/71 8992/71 8863/71
f 9201/71 8861/71 8866/71
f 9205/71 9248/71 8868/71
f 9206/71 9235/71 8871/71
f 8874/71 9000/71 9208/71
f 9209/71 9226/71 8877/71
f 8880/71 8908/71 9211/71
f 8883/71 8996/71 9213/71
f 9214/71 8995/71 8886/71
f 8888/71 8833/71 9188/71
f 8839/71 9191/71 9217/71
f 9218/71 9271/71 8893/71
f 8896/71 9222/71 9219/71
f 8898/71 9224/71 9220/71
f 8899/71 8874/71 9207/71
f 8896/71 8924/71 9223/71
f 8898/71 8982/71 9225/71
f 9226/71 9252/71 8905/71
f 8908/71 8916/71 9227/71
f 9197/71 9267/71 8910/71
f 9194/71 8846/71 8912/71
f 8899/71 9221/71 9229/71
f 8916/71 8922/71 9230/71
f 9231/71 9215/71 8886/71
f 9232/71 9209/71 8876/71
f 8922/71 8929/71 9233/71
f 8924/71 9516/71 9234/71
f 9235/71 9231/71 8917/71
f 9232/71 8919/71 8927/71
f 8928/71 9238/71 9233/71
f 9236/71 8927/71 8931/71
f 8933/71 9242/71 9238/71
f 9239/71 9243/71 8935/71
f 8855/71 8943/71 9241/71
f 8940/71 9247/71 9242/71
f 9243/71 9196/71 8849/71
f 8943/71 8998/71 9244/71
f 8945/71 8987/71 9246/71
f 8948/71 9253/71 9247/71
f 9248/71 9203/71 8863/71
f 8951/71 9256/71 9249/71
f 8953/71 8963/71 9251/71
f 9252/71 9266/71 8955/71
f 8958/71 9254/71 9253/71
f 8958/71 8967/71 9255/71
f 8844/71 9193/71 9256/71
f 8962/71 9260/71 9251/71
f 9257/71 8858/71 8965/71
f 8967/71 8859/71 9200/71
f 8969/71 9186/71 9259/71
f 8972/71 9261/71 9260/71
f 9237/71 8931/71 8914/71
f 8880/71 9210/71 9204/71
f 8974/71 9262/71 9261/71
f 8976/71 9263/71 9262/71
f 8978/71 9272/71 9263/71
f 8979/71 8945/71 9245/71
f 8982/71 9517/71 9265/71
f 9266/71 9258/71 8965/71
f 9267/71 9206/71 8870/71
f 9268/71 9239/71 8934/71
f 8979/71 9264/71 9228/71
f 8987/71 8953/71 9250/71
f 9269/71 9001/71 8989/71
f 9271/71 9205/71 8867/71
f 9265/71 9517/71 8992/71
f 8978/71 8997/71 9273/71
f 9270/71 8989/71 8856/71
f 9234/71 9516/71 8995/71
f 8891/71 9217/71 9213/71
f 8997/71 8970/71 9259/71
f 8998/71 8888/71 9216/71
f 9189/71 9218/71 8892/71
f 9000/71 8883/71 9212/71
f 9268/71 8985/71 9001/71
f 9274/71 9277/71 9275/71
f 9276/71 9409/71 9277/71
f 9280/71 9240/71 9281/71
f 9241/71 9244/71 9282/71
f 9256/71 9284/71 9283/71
f 9193/71 9410/71 9284/71
f 9186/71 9435/71 9285/71
f 9286/71 9393/71 9287/71
f 9289/71 9434/71 9290/71
f 9206/71 9267/71 9292/71
f 9250/71 9426/71 9293/71
f 9273/71 9285/71 9294/71
f 9269/71 9432/71 9295/71
f 9297/71 9210/71 9298/71
f 9288/71 9290/71 9300/71
f 9302/71 9456/71 9303/71
f 9305/71 9413/71 9306/71
f 9235/71 9206/71 9291/71
f 9216/71 9188/71 9309/71
f 9222/71 9311/71 9310/71
f 9223/71 9278/71 9311/71
f 9267/71 9197/71 9312/71
f 9304/71 9306/71 9314/71
f 9316/71 9420/71 9317/71
f 9319/71 9316/71 9315/71
f 9243/71 9239/71 9321/71
f 9196/71 9243/71 9320/71
f 9324/71 9407/71 9325/71
f 9327/71 9324/71 9323/71
f 9329/71 9327/71 9326/71
f 9331/71 9329/71 9328/71
f 9333/71 9331/71 9330/71
f 9335/71 9421/71 9336/71
f 9339/71 9301/71 9303/71
f 9221/71 9355/71 9341/71
f 9212/71 9441/71 9342/71
f 9195/71 9344/71 9343/71
f 9220/71 9443/71 9344/71
f 9202/71 9203/71 9346/71
f 9348/71 9340/71 9341/71
f 9350/71 9348/71 9347/71
f 9240/71 9425/71 9352/71
f 9271/71 9218/71 9354/71
f 9211/71 9227/71 9356/71
f 9230/71 9357/71 9356/71
f 9230/71 9233/71 9358/71
f 9238/71 9359/71 9358/71
f 9242/71 9360/71 9359/71
f 9247/71 9361/71 9360/71
f 9253/71 9362/71 9361/71
f 9254/71 9453/71 9362/71
f 9257/71 9258/71 9363/71
f 9365/71 9455/71 9366/71
f 9368/71 9365/71 9364/71
f 9370/71 9368/71 9367/71
f 9372/71 9404/71 9373/71
f 9375/71 9445/71 9376/71
f 9205/71 9271/71 9353/71
f 9217/71 9442/71 9378/71
f 9218/71 9189/71 9379/71
f 9190/71 9380/71 9379/71
f 9190/71 9194/71 9381/71
f 9372/71 9371/71 9383/71
f 9248/71 9205/71 9377/71
f 9226/71 9209/71 9386/71
f 9388/71 9399/71 9389/71
f 9391/71 9400/71 9392/71
f 9390/71 9392/71 9393/71
f 9252/71 9226/71 9385/71
f 9209/71 9232/71 9395/71
f 9236/71 9396/71 9395/71
f 9236/71 9237/71 9397/71
f 9398/71 9402/71 9399/71
f 9387/71 9389/71 9400/71
f 9266/71 9252/71 9394/71
f 9398/71 9452/71 9403/71
f 9333/71 9332/71 9373/71
f 9264/71 9440/71 9406/71
f 9264/71 9408/71 9325/71
f 9313/71 9314/71 9409/71
f 9214/71 9414/71 9278/71
f 9216/71 9308/71 9282/71
f 9249/71 9283/71 9309/71
f 9219/71 9310/71 9410/71
f 9198/71 9411/71 9312/71
f 9198/71 9201/71 9412/71
f 9204/71 9275/71 9412/71
f 9339/71 9338/71 9413/71
f 9214/71 9215/71 9415/71
f 9417/71 9280/71 9279/71
f 9419/71 9417/71 9416/71
f 9420/71 9419/71 9418/71
f 9319/71 9318/71 9336/71
f 9215/71 9231/71 9422/71
f 9231/71 9235/71 9307/71
f 9299/71 9300/71 9424/71
f 9423/71 9424/71 9352/71
f 9245/71 9246/71 9293/71
f 9250/71 9251/71 9427/71
f 9260/71 9428/71 9427/71
f 9261/71 9429/71 9428/71
f 9262/71 9430/71 9429/71
f 9263/71 9431/71 9430/71
f 9272/71 9294/71 9431/71
f 9239/71 9268/71 9295/71
f 9269/71 9270/71 9433/71
f 9199/71 9351/71 9433/71
f 9335/71 9334/71 9434/71
f 9186/71 9187/71 9436/71
f 9187/71 9192/71 9437/71
f 9192/71 9196/71 9322/71
f 9382/71 9383/71 9439/71
f 9374/71 9376/71 9406/71
f 9207/71 9208/71 9342/71
f 9212/71 9213/71 9378/71
f 9191/71 9343/71 9442/71
f 9224/71 9444/71 9443/71
f 9225/71 9337/71 9444/71
f 9228/71 9405/71 9381/71
f 9438/71 9439/71 9445/71
f 9447/71 9350/71 9349/71
f 9449/71 9447/71 9446/71
f 9451/71 9449/71 9448/71
f 9451/71 9450/71 9403/71
f 9203/71 9248/71 9384/71
f 9255/71 9454/71 9453/71
f 9255/71 9200/71 9345/71
f 9229/71 9287/71 9397/71
f 9455/71 9297/71 9296/71
f 9302/71 9370/71 9369/71
f 9258/71 9266/71 9401/71
f 9145/72 9008/72 9280/72
f 9149/72 9420/72 9316/72
f 9044/72 9316/72 9319/72
f 9145/72 9417/72 9419/72
f 9150/72 9421/72 9335/72
f 9149/72 9147/72 9419/72
f 9046/72 9319/72 9421/72
f 9063/72 9335/72 9289/72
f 9028/72 9018/72 9288/72
f 9017/72 9289/72 9288/72
f 9028/72 9299/72 9423/72
f 9154/72 9425/72 9240/72
f 9153/72 9423/72 9425/72
f 9015/72 9121/72 9390/72
f 9015/72 9286/72 9221/72
f 9133/72 9404/72 9372/72
f 9168/72 9438/72 9375/72
f 9105/72 9104/72 9375/72
f 9005/72 9042/72 9313/72
f 9031/72 9301/72 9339/72
f 9175/72 9079/72 9350/72
f 9175/72 9447/72 9449/72
f 8881/72 9003/72 9274/72
f 9042/72 9034/72 9304/72
f 9179/72 9177/72 9449/72
f 9005/72 9276/72 9274/72
f 9179/72 9451/72 9452/72
f 9117/72 9128/72 9398/72
f 9112/72 9382/72 9438/72
f 9120/72 9118/72 9387/72
f 9105/72 9374/72 9440/72
f 9101/72 9372/72 9382/72
f 9052/72 9136/72 9407/72
f 9181/72 9452/72 9398/72
f 9031/72 9030/72 9302/72
f 9033/72 9067/72 9339/72
f 9054/72 9052/72 9324/72
f 9133/72 9060/72 9333/72
f 9033/72 9305/72 9304/72
f 9070/72 9340/72 9348/72
f 9184/72 9025/72 9297/72
f 9056/72 9054/72 9327/72
f 9094/72 9184/72 9455/72
f 9169/72 9440/72 9264/72
f 9079/72 9077/72 9348/72
f 9030/72 9098/72 9370/72
f 9117/72 9388/72 9387/72
f 9058/72 9056/72 9329/72
f 9096/72 9094/72 9365/72
f 9120/72 9391/72 9390/72
f 9060/72 9058/72 9331/72
f 9096/72 9368/72 9370/72
f 9221/72 9340/72 9070/72
f 8881/72 9210/72 9297/72
f 8938/72 9240/72 9280/72
f 8980/72 9264/72 9407/72
f 8827/69 8809/69 9457/73
f 9458/74 8823/65 8817/65
f 8817/49 8815/46 8795/48
f 8795/48 8815/46 8814/47
f 8803/48 8810/46 8812/49
f 9460/51 8810/46 8809/47
f 9461/77 8791/78 8825/78
f 9462/80 8811/80 8794/79
f 9463/33 8793/30 8808/32
f 9460/84 8793/45 8794/83
f 8788/45 8791/43 9461/44
f 8789/83 8788/45 8813/84
f 9004/129 9002/128 9140/127
f 9140/127 9141/130 9004/129
f 9141/130 9040/132 9138/131
f 9040/132 9019/134 9041/133
f 9019/134 9020/135 9041/133
f 9020/135 9035/137 9032/136
f 9035/137 9151/138 9032/136
f 9143/141 9144/140 9006/139
f 9151/138 9143/141 9142/142
f 9032/136 9151/138 9142/142
f 9141/130 9138/131 9004/129
f 9041/133 9138/131 9040/132
f 9041/133 9020/135 9032/136
f 9143/141 9006/139 9039/143
f 9039/143 9038/145 9045/144
f 9038/145 9139/147 9043/146
f 9139/147 9012/148 9043/146
f 9012/148 9011/150 9148/149
f 9043/146 9012/148 9148/149
f 9011/150 9036/151 9148/149
f 9036/151 9037/153 9146/152
f 9148/149 9036/151 9146/152
f 9037/153 9010/155 9009/154
f 9010/155 9007/156 9009/154
f 9009/154 9146/152 9037/153
f 9143/141 9039/143 9045/144
f 9038/145 9043/146 9045/144
f 9142/142 9143/141 9045/144
f 9185/159 9029/158 9068/157
f 9068/157 9142/142 9045/144
f 9185/159 9068/157 9047/160
f 9068/157 9045/144 9047/160
f 9047/160 9062/162 9064/161
f 9099/164 9185/159 9132/163
f 9185/159 9047/160 9064/161
f 9185/159 9064/161 9132/163
f 9064/161 9163/166 9061/165
f 9099/164 9132/163 9127/167
f 9024/170 9026/169 9085/168
f 9026/169 9093/172 9087/171
f 9087/171 9085/168 9026/169
f 9088/175 9086/174 9095/173
f 9086/174 9087/171 9093/172
f 9090/178 9089/177 9097/176
f 9089/177 9088/175 9095/173
f 9097/176 9089/177 9095/173
f 9182/180 9091/179 9099/164
f 9091/179 9090/178 9097/176
f 9099/164 9091/179 9097/176
f 9075/182 9183/181 9182/180
f 9123/185 9130/184 9116/183
f 9130/184 9092/186 9127/167
f 9116/183 9130/184 9127/167
f 9092/186 9075/182 9182/180
f 9086/174 9093/172 9095/173
f 9092/186 9182/180 9099/164
f 9115/187 9123/185 9116/183
f 9124/190 9114/189 9129/188
f 9114/189 9115/187 9129/188
f 9125/193 9126/192 9122/191
f 9126/192 9124/190 9119/194
f 9122/191 9014/195 9125/193
f 9119/194 9122/191 9126/192
f 9115/187 9116/183 9129/188
f 9124/190 9129/188 9119/194
f 9092/186 9099/164 9127/167
f 9132/163 9064/161 9180/196
f 9163/166 9016/198 9166/197
f 9180/196 9131/199 9132/163
f 9180/196 9064/161 9061/165
f 9061/165 9163/166 9059/200
f 9178/202 9180/196 9102/201
f 9176/204 9178/202 9172/203
f 9059/200 9163/166 9164/205
f 9152/208 9081/207 9162/206
f 9081/207 9082/210 9161/209
f 9162/206 9081/207 9161/209
f 9162/206 9023/211 9152/208
f 9023/211 9048/213 9027/212
f 9152/208 9023/211 9027/212
f 9048/213 9049/214 9027/212
f 9049/214 9050/215 9016/198
f 9050/215 9166/197 9016/198
f 9166/197 9164/205 9163/166
f 9164/205 9165/217 9022/216
f 9165/217 9013/218 9022/216
f 9022/216 9160/219 9059/200
f 9160/219 9159/221 9057/220
f 9049/214 9016/198 9027/212
f 9164/205 9022/216 9059/200
f 9160/219 9057/220 9059/200
f 9159/221 9158/222 9057/220
f 9158/222 9157/224 9055/223
f 9157/224 9155/225 9055/223
f 9155/225 9156/227 9053/226
f 9156/227 9021/229 9051/228
f 9053/226 9156/227 9051/228
f 9021/229 9137/230 9051/228
f 9055/223 9155/225 9053/226
f 9180/196 9061/165 9102/201
f 9158/222 9055/223 9057/220
f 9061/165 9100/231 9102/201
f 9080/233 9176/204 9073/232
f 9178/202 9102/201 9111/234
f 9178/202 9111/234 9173/235
f 9069/238 9071/237 9072/236
f 9071/237 9078/240 9170/239
f 9072/236 9071/237 9170/239
f 9178/202 9173/235 9172/203
f 9111/234 9167/242 9113/241
f 9076/243 9111/234 9113/241
f 9078/240 9080/233 9107/244
f 9107/244 9170/239 9078/240
f 9073/232 9171/245 9080/233
f 9171/245 9107/244 9080/233
f 9172/203 9074/246 9176/204
f 9074/246 9073/232 9176/204
f 9065/248 9066/247 9173/235
f 9111/234 9076/243 9173/235
f 9167/242 9174/250 9084/249
f 9076/243 9065/248 9173/235
f 9106/251 9113/241 9167/242
f 9083/252 9084/249 9174/250
f 9084/249 9106/251 9167/242
f 9110/85 9108/253 9103/87
f 9108/253 9083/252 9174/250
f 9103/87 9108/253 9174/250
f 9135/255 9109/254 9134/86
f 9109/254 9110/85 9134/86
f 9412/258 9275/257 9277/256
f 9277/256 9411/259 9412/258
f 9409/261 9312/260 9411/259
f 9314/263 9292/262 9312/260
f 9314/263 9291/264 9292/262
f 9306/266 9307/265 9291/264
f 9306/266 9422/267 9307/265
f 9278/270 9414/269 9415/268
f 9413/271 9415/268 9422/267
f 9413/271 9422/267 9306/266
f 9277/256 9409/261 9411/259
f 9312/260 9409/261 9314/263
f 9306/266 9291/264 9314/263
f 9311/272 9278/270 9415/268
f 9315/274 9310/273 9311/272
f 9317/276 9410/275 9310/273
f 9317/276 9284/277 9410/275
f 9418/279 9283/278 9284/277
f 9418/279 9284/277 9317/276
f 9418/279 9309/280 9283/278
f 9416/282 9308/281 9309/280
f 9416/282 9309/280 9418/279
f 9279/284 9282/283 9308/281
f 9279/284 9281/285 9282/283
f 9308/281 9416/282 9279/284
f 9315/274 9311/272 9415/268
f 9315/274 9317/276 9310/273
f 9315/274 9415/268 9413/271
f 9338/288 9303/287 9456/286
f 9315/274 9413/271 9338/288
f 9318/289 9338/288 9456/286
f 9318/289 9315/274 9338/288
f 9334/291 9336/290 9318/289
f 9402/293 9456/286 9369/292
f 9334/291 9318/289 9456/286
f 9402/293 9334/291 9456/286
f 9332/295 9434/294 9334/291
f 9399/296 9402/293 9369/292
f 9356/299 9296/298 9298/297
f 9357/301 9366/300 9296/298
f 9296/298 9356/299 9357/301
f 9364/304 9358/303 9359/302
f 9366/300 9357/301 9358/303
f 9367/307 9360/306 9361/305
f 9364/304 9359/302 9360/306
f 9364/304 9360/306 9367/307
f 9369/292 9362/309 9453/308
f 9367/307 9361/305 9362/309
f 9367/307 9362/309 9369/292
f 9453/308 9454/311 9345/310
f 9389/314 9401/313 9394/312
f 9399/296 9363/315 9401/313
f 9399/296 9401/313 9389/314
f 9453/308 9345/310 9363/315
f 9364/304 9366/300 9358/303
f 9369/292 9453/308 9363/315
f 9389/314 9394/312 9385/316
f 9400/319 9386/318 9395/317
f 9400/319 9385/316 9386/318
f 9393/322 9396/321 9397/320
f 9392/323 9395/317 9396/321
f 9397/320 9287/324 9393/322
f 9396/321 9393/322 9392/323
f 9400/319 9389/314 9385/316
f 9392/323 9400/319 9395/317
f 9399/296 9369/292 9363/315
f 9450/325 9334/291 9402/293
f 9437/327 9290/326 9434/294
f 9402/293 9403/328 9450/325
f 9332/295 9334/291 9450/325
f 9330/329 9434/294 9332/295
f 9371/331 9450/325 9448/330
f 9443/333 9448/330 9446/332
f 9436/334 9434/294 9330/329
f 9432/337 9352/336 9424/335
f 9433/339 9351/338 9352/336
f 9433/339 9352/336 9432/337
f 9424/335 9295/340 9432/337
f 9300/342 9321/341 9295/340
f 9300/342 9295/340 9424/335
f 9300/342 9320/343 9321/341
f 9290/326 9322/344 9320/343
f 9290/326 9437/327 9322/344
f 9434/294 9436/334 9437/327
f 9294/345 9435/217 9436/334
f 9294/345 9285/346 9435/217
f 9330/329 9431/347 9294/345
f 9328/349 9430/348 9431/347
f 9300/342 9290/326 9320/343
f 9330/329 9294/345 9436/334
f 9330/329 9328/349 9431/347
f 9328/349 9429/350 9430/348
f 9326/352 9428/351 9429/350
f 9326/352 9427/353 9428/351
f 9323/355 9426/354 9427/353
f 9325/357 9293/356 9426/354
f 9325/357 9426/354 9323/355
f 9325/357 9408/358 9293/356
f 9323/355 9427/353 9326/352
f 9371/331 9332/295 9450/325
f 9328/349 9326/352 9429/350
f 9371/331 9373/359 9332/295
f 9343/361 9446/332 9349/360
f 9383/90 9371/331 9448/330
f 9444/89 9383/90 9448/330
f 9342/364 9341/363 9355/362
f 9441/366 9347/365 9341/363
f 9443/333 9444/89 9448/330
f 9342/364 9441/366 9341/363
f 9378/367 9349/360 9347/365
f 9378/367 9347/365 9441/366
f 9349/360 9378/367 9442/368
f 9446/332 9343/361 9344/369
f 9349/360 9442/368 9343/361
f 9446/332 9344/369 9443/333
f 9444/89 9337/370 9346/88
f 9439/373 9384/372 9377/371
f 9383/90 9346/88 9384/372
f 9383/90 9384/372 9439/373
f 9445/376 9353/375 9354/374
f 9439/373 9377/371 9353/375
f 9376/379 9379/378 9380/377
f 9445/376 9354/374 9379/378
f 9445/376 9379/378 9376/379
f 9406/382 9381/381 9405/380
f 9406/382 9380/377 9381/381
f 9380/377 9406/382 9376/379
f 9445/376 9439/373 9353/375
f 9464/93 8776/383 8778/92
f 8780/96 8804/384 9465/95
f 8781/94 9465/95 9464/93
f 9469/101 8824/115 9471/103
f 9467/97 9486/385 8822/104
f 9472/107 9486/386 9467/106
f 9472/107 9466/105 9470/109
f 9468/100 8822/104 9473/111
f 9463/99 9476/113 9475/112
f 9468/100 9474/110 9476/113
f 8824/103 9469/102 9475/112
f 9478/100 9483/99 9479/113
f 8824/103 9477/114 9481/112
f 9483/99 9482/102 9481/112
f 9478/100 9480/110 9473/111
f 9472/107 9487/105 9485/109
f 9471/104 8824/385 9482/97
f 9485/101 9478/102 8822/103
f 9472/107 9471/386 9484/106
f 9488/116 9498/116 9489/116
f 9491/116 9500/116 9492/117
f 9494/117 9518/117 9495/116
f 9497/118 9502/118 9498/116
f 9499/118 9503/118 9500/116
f 9497/118 9504/118 9501/118
f 9490/118 9489/118 9503/118
f 9496/116 9495/116 9501/118
f 8807/77 8826/77 8825/78
f 9459/73 8814/69 8827/69
f 8814/69 9461/70 8826/70
f 8808/67 8825/67 8824/68
f 9462/80 8821/79 8789/79
f 8812/65 8823/65 9458/74
f 8811/66 9462/66 8823/65
f 8821/64 8822/63 8787/63
f 8796/37 9459/120 8783/75
f 8801/37 9458/119 8819/75
f 9505/123 9519/126 9506/122
f 9508/123 9520/125 9509/124
f 9511/125 9505/123 9507/121
f 9513/126 9508/123 9510/121
f 9521/921 9522/921 9523/921
f 9524/921 9525/921 9526/921
f 9527/921 9528/921 9529/921
f 9530/921 9531/921 9532/921
f 9527/921 9529/921 9533/921
f 9530/921 9534/921 9531/921
f 9535/921 9527/921 9533/921
f 9536/921 9534/921 9530/921
f 9535/921 9533/921 9537/921
f 9536/921 9538/921 9534/921
f 9523/921 9535/921 9537/921
f 9525/921 9538/921 9536/921
f 9523/921 9537/921 9539/921
f 9525/921 9540/921 9538/921
f 9523/921 9539/921 9521/921
f 9525/921 9524/921 9540/921
f 9526/921 9525/921 9523/921
f 9526/921 9523/921 9522/921
f 9525/921 9536/921 9535/921
f 9525/921 9535/921 9523/921
f 9536/921 9530/921 9527/921
f 9536/921 9527/921 9535/921
f 9530/921 9532/921 9528/921
f 9530/921 9528/921 9527/921
f 9532/921 9531/921 9529/921
f 9532/921 9529/921 9528/921
f 9531/921 9534/921 9533/921
f 9531/921 9533/921 9529/921
f 9534/921 9538/921 9537/921
f 9534/921 9537/921 9533/921
f 9538/921 9540/921 9539/921
f 9538/921 9539/921 9537/921
f 9540/921 9524/921 9521/921
f 9540/921 9521/921 9539/921
f 9524/921 9526/921 9522/921
f 9524/921 9522/921 9521/921
f 9541/918 9542/918 9543/918
f 9544/918 9545/918 9546/918
f 9543/918 9547/918 9541/918
f 9545/918 9544/918 9548/918
f 9546/918 9545/918 9543/918
f 9546/918 9543/918 9542/918
f 9545/918 9548/918 9547/918
f 9545/918 9547/918 9543/918
f 9548/918 9544/918 9541/918
f 9548/918 9541/918 9547/918
f 9544/918 9546/918 9542/918
f 9544/918 9542/918 9541/918
f 9549/918 9550/918 9551/918
f 9552/918 9553/918 9554/918
f 9551/918 9555/918 9549/918
f 9553/918 9552/918 9556/918
f 9554/918 9553/918 9551/918
f 9554/918 9551/918 9550/918
f 9553/918 9556/918 9555/918
f 9553/918 9555/918 9551/918
f 9556/918 9552/918 9549/918
f 9556/918 9549/918 9555/918
f 9552/918 9554/918 9550/918
f 9552/918 9550/918 9549/918
f 9557/918 9558/918 9559/918
f 9557/918 9559/918 9560/918
f 9561/918 9562/918 9563/918
f 9561/918 9563/918 9564/918
f 9558/918 9561/918 9564/918
f 9558/918 9564/918 9559/918
f 9562/918 9557/918 9560/918
f 9562/918 9560/918 9563/918
f 9560/918 9559/918 9565/918
f 9560/918 9565/918 9566/918
f 9564/918 9563/918 9567/918
f 9564/918 9567/918 9568/918
f 9559/918 9564/918 9568/918
f 9559/918 9568/918 9565/918
f 9563/918 9560/918 9566/918
f 9563/918 9566/918 9567/918
f 9566/918 9565/918 9569/918
f 9566/918 9569/918 9570/918
f 9568/918 9567/918 9571/918
f 9568/918 9571/918 9572/918
f 9565/918 9568/918 9572/918
f 9565/918 9572/918 9569/918
f 9567/918 9566/918 9570/918
f 9567/918 9570/918 9571/918
f 9570/918 9569/918 9573/918
f 9570/918 9573/918 9574/918
f 9572/918 9571/918 9575/918
f 9572/918 9575/918 9576/918
f 9569/918 9572/918 9576/918
f 9569/918 9576/918 9573/918
f 9571/918 9570/918 9574/918
f 9571/918 9574/918 9575/918
f 9574/918 9573/918 9577/918
f 9574/918 9577/918 9578/918
f 9576/918 9575/918 9579/918
f 9576/918 9579/918 9580/918
f 9573/918 9576/918 9580/918
f 9573/918 9580/918 9577/918
f 9575/918 9574/918 9578/918
f 9575/918 9578/918 9579/918
f 9578/918 9577/918 9581/918
f 9578/918 9581/918 9582/918
f 9580/918 9579/918 9583/918
f 9580/918 9583/918 9584/918
f 9577/918 9580/918 9584/918
f 9577/918 9584/918 9581/918
f 9579/918 9578/918 9582/918
f 9579/918 9582/918 9583/918
f 9582/918 9581/918 9585/918
f 9582/918 9585/918 9586/918
f 9584/918 9583/918 9587/918
f 9584/918 9587/918 9588/918
f 9581/918 9584/918 9588/918
f 9581/918 9588/918 9585/918
f 9583/918 9582/918 9586/918
f 9583/918 9586/918 9587/918
f 9586/918 9585/918 9589/918
f 9586/918 9589/918 9590/918
f 9588/918 9587/918 9591/918
f 9588/918 9591/918 9592/918
f 9585/918 9588/918 9592/918
f 9585/918 9592/918 9589/918
f 9587/918 9586/918 9590/918
f 9587/918 9590/918 9591/918
f 9590/918 9589/918 9593/918
f 9590/918 9593/918 9594/918
f 9592/918 9591/918 9595/918
f 9592/918 9595/918 9596/918
f 9589/918 9592/918 9596/918
f 9589/918 9596/918 9593/918
f 9591/918 9590/918 9594/918
f 9591/918 9594/918 9595/918
f 9594/918 9593/918 9597/918
f 9594/918 9597/918 9598/918
f 9596/918 9595/918 9599/918
f 9596/918 9599/918 9600/918
f 9593/918 9596/918 9600/918
f 9593/918 9600/918 9597/918
f 9595/918 9594/918 9598/918
f 9595/918 9598/918 9599/918
f 9598/918 9597/918 9601/918
f 9598/918 9601/918 9602/918
f 9600/918 9599/918 9603/918
f 9600/918 9603/918 9604/918
f 9597/918 9600/918 9604/918
f 9597/918 9604/918 9601/918
f 9599/918 9598/918 9602/918
f 9599/918 9602/918 9603/918
f 9602/918 9601/918 9558/918
f 9602/918 9558/918 9557/918
f 9604/918 9603/918 9562/918
f 9604/918 9562/918 9561/918
f 9601/918 9604/918 9561/918
f 9601/918 9561/918 9558/918
f 9603/918 9602/918 9557/918
f 9603/918 9557/918 9562/918
f 9605/918 9606/918 9607/918
f 9605/918 9607/918 9608/918
f 9609/918 9610/918 9611/918
f 9609/918 9611/918 9612/918
f 9606/918 9609/918 9612/918
f 9606/918 9612/918 9607/918
f 9610/918 9605/918 9608/918
f 9610/918 9608/918 9611/918
f 9608/918 9607/918 9613/918
f 9608/918 9613/918 9614/918
f 9612/918 9611/918 9615/918
f 9612/918 9615/918 9616/918
f 9607/918 9612/918 9616/918
f 9607/918 9616/918 9613/918
f 9611/918 9608/918 9614/918
f 9611/918 9614/918 9615/918
f 9614/918 9613/918 9617/918
f 9614/918 9617/918 9618/918
f 9616/918 9615/918 9619/918
f 9616/918 9619/918 9620/918
f 9613/918 9616/918 9620/918
f 9613/918 9620/918 9617/918
f 9615/918 9614/918 9618/918
f 9615/918 9618/918 9619/918
f 9618/918 9617/918 9621/918
f 9618/918 9621/918 9622/918
f 9620/918 9619/918 9623/918
f 9620/918 9623/918 9624/918
f 9617/918 9620/918 9624/918
f 9617/918 9624/918 9621/918
f 9619/918 9618/918 9622/918
f 9619/918 9622/918 9623/918
f 9622/918 9621/918 9625/918
f 9622/918 9625/918 9626/918
f 9624/918 9623/918 9627/918
f 9624/918 9627/918 9628/918
f 9621/918 9624/918 9628/918
f 9621/918 9628/918 9625/918
f 9623/918 9622/918 9626/918
f 9623/918 9626/918 9627/918
f 9626/918 9625/918 9629/918
f 9626/918 9629/918 9630/918
f 9628/918 9627/918 9631/918
f 9628/918 9631/918 9632/918
f 9625/918 9628/918 9632/918
f 9625/918 9632/918 9629/918
f 9627/918 9626/918 9630/918
f 9627/918 9630/918 9631/918
f 9630/918 9629/918 9633/918
f 9630/918 9633/918 9634/918
f 9632/918 9631/918 9635/918
f 9632/918 9635/918 9636/918
f 9629/918 9632/918 9636/918
f 9629/918 9636/918 9633/918
f 9631/918 9630/918 9634/918
f 9631/918 9634/918 9635/918
f 9634/918 9633/918 9637/918
f 9634/918 9637/918 9638/918
f 9636/918 9635/918 9639/918
f 9636/918 9639/918 9640/918
f 9633/918 9636/918 9640/918
f 9633/918 9640/918 9637/918
f 9635/918 9634/918 9638/918
f 9635/918 9638/918 9639/918
f 9638/918 9637/918 9641/918
f 9638/918 9641/918 9642/918
f 9640/918 9639/918 9643/918
f 9640/918 9643/918 9644/918
f 9637/918 9640/918 9644/918
f 9637/918 9644/918 9641/918
f 9639/918 9638/918 9642/918
f 9639/918 9642/918 9643/918
f 9642/918 9641/918 9645/918
f 9642/918 9645/918 9646/918
f 9644/918 9643/918 9647/918
f 9644/918 9647/918 9648/918
f 9641/918 9644/918 9648/918
f 9641/918 9648/918 9645/918
f 9643/918 9642/918 9646/918
f 9643/918 9646/918 9647/918
f 9646/918 9645/918 9649/918
f 9646/918 9649/918 9650/918
f 9648/918 9647/918 9651/918
f 9648/918 9651/918 9652/918
f 9645/918 9648/918 9652/918
f 9645/918 9652/918 9649/918
f 9647/918 9646/918 9650/918
f 9647/918 9650/918 9651/918
f 9650/918 9649/918 9606/918
f 9650/918 9606/918 9605/918
f 9652/918 9651/918 9610/918
f 9652/918 9610/918 9609/918
f 9649/918 9652/918 9609/918
f 9649/918 9609/918 9606/918
f 9651/918 9650/918 9605/918
f 9651/918 9605/918 9610/918
f 9653/918 9654/918 9655/918
f 9653/918 9655/918 9656/918
f 9657/918 9658/918 9659/918
f 9657/918 9659/918 9660/918
f 9654/918 9657/918 9660/918
f 9654/918 9660/918 9655/918
f 9658/918 9653/918 9656/918
f 9658/918 9656/918 9659/918
f 9656/918 9655/918 9661/918
f 9656/918 9661/918 9662/918
f 9660/918 9659/918 9663/918
f 9660/918 9663/918 9664/918
f 9655/918 9660/918 9664/918
f 9655/918 9664/918 9661/918
f 9659/918 9656/918 9662/918
f 9659/918 9662/918 9663/918
f 9662/918 9661/918 9665/918
f 9662/918 9665/918 9666/918
f 9664/918 9663/918 9667/918
f 9664/918 9667/918 9668/918
f 9661/918 9664/918 9668/918
f 9661/918 9668/918 9665/918
f 9663/918 9662/918 9666/918
f 9663/918 9666/918 9667/918
f 9666/918 9665/918 9669/918
f 9666/918 9669/918 9670/918
f 9668/918 9667/918 9671/918
f 9668/918 9671/918 9672/918
f 9665/918 9668/918 9672/918
f 9665/918 9672/918 9669/918
f 9667/918 9666/918 9670/918
f 9667/918 9670/918 9671/918
f 9670/918 9669/918 9673/918
f 9670/918 9673/918 9674/918
f 9672/918 9671/918 9675/918
f 9672/918 9675/918 9676/918
f 9669/918 9672/918 9676/918
f 9669/918 9676/918 9673/918
f 9671/918 9670/918 9674/918
f 9671/918 9674/918 9675/918
f 9674/918 9673/918 9677/918
f 9674/918 9677/918 9678/918
f 9676/918 9675/918 9679/918
f 9676/918 9679/918 9680/918
f 9673/918 9676/918 9680/918
f 9673/918 9680/918 9677/918
f 9675/918 9674/918 9678/918
f 9675/918 9678/918 9679/918
f 9678/918 9677/918 9681/918
f 9678/918 9681/918 9682/918
f 9680/918 9679/918 9683/918
f 9680/918 9683/918 9684/918
f 9677/918 9680/918 9684/918
f 9677/918 9684/918 9681/918
f 9679/918 9678/918 9682/918
f 9679/918 9682/918 9683/918
f 9682/918 9681/918 9685/918
f 9682/918 9685/918 9686/918
f 9684/918 9683/918 9687/918
f 9684/918 9687/918 9688/918
f 9681/918 9684/918 9688/918
f 9681/918 9688/918 9685/918
f 9683/918 9682/918 9686/918
f 9683/918 9686/918 9687/918
f 9686/918 9685/918 9689/918
f 9686/918 9689/918 9690/918
f 9688/918 9687/918 9691/918
f 9688/918 9691/918 9692/918
f 9685/918 9688/918 9692/918
f 9685/918 9692/918 9689/918
f 9687/918 9686/918 9690/918
f 9687/918 9690/918 9691/918
f 9690/918 9689/918 9693/918
f 9690/918 9693/918 9694/918
f 9692/918 9691/918 9695/918
f 9692/918 9695/918 9696/918
f 9689/918 9692/918 9696/918
f 9689/918 9696/918 9693/918
f 9691/918 9690/918 9694/918
f 9691/918 9694/918 9695/918
f 9694/918 9693/918 9697/918
f 9694/918 9697/918 9698/918
f 9696/918 9695/918 9699/918
f 9696/918 9699/918 9700/918
f 9693/918 9696/918 9700/918
f 9693/918 9700/918 9697/918
f 9695/918 9694/918 9698/918
f 9695/918 9698/918 9699/918
f 9698/918 9697/918 9654/918
f 9698/918 9654/918 9653/918
f 9700/918 9699/918 9658/918
f 9700/918 9658/918 9657/918
f 9697/918 9700/918 9657/918
f 9697/918 9657/918 9654/918
f 9699/918 9698/918 9653/918
f 9699/918 9653/918 9658/918
f 9701/918 9702/918 9703/918
f 9701/918 9703/918 9704/918
f 9705/918 9706/918 9707/918
f 9705/918 9707/918 9708/918
f 9702/918 9705/918 9708/918
f 9702/918 9708/918 9703/918
f 9706/918 9701/918 9704/918
f 9706/918 9704/918 9707/918
f 9704/918 9703/918 9709/918
f 9704/918 9709/918 9710/918
f 9708/918 9707/918 9711/918
f 9708/918 9711/918 9712/918
f 9703/918 9708/918 9712/918
f 9703/918 9712/918 9709/918
f 9707/918 9704/918 9710/918
f 9707/918 9710/918 9711/918
f 9710/918 9709/918 9713/918
f 9710/918 9713/918 9714/918
f 9712/918 9711/918 9715/918
f 9712/918 9715/918 9716/918
f 9709/918 9712/918 9716/918
f 9709/918 9716/918 9713/918
f 9711/918 9710/918 9714/918
f 9711/918 9714/918 9715/918
f 9714/918 9713/918 9717/918
f 9714/918 9717/918 9718/918
f 9716/918 9715/918 9719/918
f 9716/918 9719/918 9720/918
f 9713/918 9716/918 9720/918
f 9713/918 9720/918 9717/918
f 9715/918 9714/918 9718/918
f 9715/918 9718/918 9719/918
f 9718/918 9717/918 9721/918
f 9718/918 9721/918 9722/918
f 9720/918 9719/918 9723/918
f 9720/918 9723/918 9724/918
f 9717/918 9720/918 9724/918
f 9717/918 9724/918 9721/918
f 9719/918 9718/918 9722/918
f 9719/918 9722/918 9723/918
f 9722/918 9721/918 9725/918
f 9722/918 9725/918 9726/918
f 9724/918 9723/918 9727/918
f 9724/918 9727/918 9728/918
f 9721/918 9724/918 9728/918
f 9721/918 9728/918 9725/918
f 9723/918 9722/918 9726/918
f 9723/918 9726/918 9727/918
f 9726/918 9725/918 9729/918
f 9726/918 9729/918 9730/918
f 9728/918 9727/918 9731/918
f 9728/918 9731/918 9732/918
f 9725/918 9728/918 9732/918
f 9725/918 9732/918 9729/918
f 9727/918 9726/918 9730/918
f 9727/918 9730/918 9731/918
f 9730/918 9729/918 9733/918
f 9730/918 9733/918 9734/918
f 9732/918 9731/918 9735/918
f 9732/918 9735/918 9736/918
f 9729/918 9732/918 9736/918
f 9729/918 9736/918 9733/918
f 9731/918 9730/918 9734/918
f 9731/918 9734/918 9735/918
f 9734/918 9733/918 9737/918
f 9734/918 9737/918 9738/918
f 9736/918 9735/918 9739/918
f 9736/918 9739/918 9740/918
f 9733/918 9736/918 9740/918
f 9733/918 9740/918 9737/918
f 9735/918 9734/918 9738/918
f 9735/918 9738/918 9739/918
f 9738/918 9737/918 9741/918
f 9738/918 9741/918 9742/918
f 9740/918 9739/918 9743/918
f 9740/918 9743/918 9744/918
f 9737/918 9740/918 9744/918
f 9737/918 9744/918 9741/918
f 9739/918 9738/918 9742/918
f 9739/918 9742/918 9743/918
f 9742/918 9741/918 9745/918
f 9742/918 9745/918 9746/918
f 9744/918 9743/918 9747/918
f 9744/918 9747/918 9748/918
f 9741/918 9744/918 9748/918
f 9741/918 9748/918 9745/918
f 9743/918 9742/918 9746/918
f 9743/918 9746/918 9747/918
f 9746/918 9745/918 9702/918
f 9746/918 9702/918 9701/918
f 9748/918 9747/918 9706/918
f 9748/918 9706/918 9705/918
f 9745/918 9748/918 9705/918
f 9745/918 9705/918 9702/918
f 9747/918 9746/918 9701/918
f 9747/918 9701/918 9706/918
f 9749/918 9750/918 9751/918
f 9752/918 9753/918 9754/918
f 9751/918 9755/918 9749/918
f 9753/918 9752/918 9756/918
f 9754/918 9753/918 9751/918
f 9754/918 9751/918 9750/918
f 9753/918 9756/918 9755/918
f 9753/918 9755/918 9751/918
f 9756/918 9752/918 9749/918
f 9756/918 9749/918 9755/918
f 9752/918 9754/918 9750/918
f 9752/918 9750/918 9749/918
f 9757/920 9758/920 9759/920
f 9760/920 9761/920 9762/920
f 9760/920 9762/920 9758/920
f 9760/920 9758/920 9757/920
f 9762/920 9761/920 9759/920
f 9762/920 9759/920 9758/920
f 9761/920 9760/920 9757/920
f 9761/920 9757/920 9759/920
f 9763/918 9764/918 9765/918
f 9766/918 9767/918 9768/918
f 9765/918 9769/918 9763/918
f 9767/918 9766/918 9770/918
f 9768/918 9767/918 9765/918
f 9768/918 9765/918 9764/918
f 9767/918 9770/918 9769/918
f 9767/918 9769/918 9765/918
f 9770/918 9766/918 9763/918
f 9770/918 9763/918 9769/918
f 9766/918 9768/918 9764/918
f 9766/918 9764/918 9763/918
f 9771/920 9772/920 9773/920
f 9774/920 9775/920 9776/920
f 9774/920 9776/920 9772/920
f 9774/920 9772/920 9771/920
f 9776/920 9775/920 9773/920
f 9776/920 9773/920 9772/920
f 9775/920 9774/920 9771/920
f 9775/920 9771/920 9773/920
f 9777/918 9778/918 9779/918
f 9780/918 9781/918 9782/918
f 9779/918 9783/918 9777/918
f 9781/918 9780/918 9784/918
f 9782/918 9781/918 9779/918
f 9782/918 9779/918 9778/918
f 9781/918 9784/918 9783/918
f 9781/918 9783/918 9779/918
f 9784/918 9780/918 9777/918
f 9784/918 9777/918 9783/918
f 9780/918 9782/918 9778/918
f 9780/918 9778/918 9777/918
f 9785/918 9786/918 9787/918
f 9788/918 9789/918 9790/918
f 9787/918 9791/918 9785/918
f 9789/918 9788/918 9792/918
f 9790/918 9789/918 9787/918
f 9790/918 9787/918 9786/918
f 9789/918 9792/918 9791/918
f 9789/918 9791/918 9787/918
f 9792/918 9788/918 9785/918
f 9792/918 9785/918 9791/918
f 9788/918 9790/918 9786/918
f 9788/918 9786/918 9785/918
f 9793/918 9794/918 9795/918
f 9796/918 9797/918 9798/918
f 9795/918 9799/918 9793/918
f 9797/918 9796/918 9800/918
f 9798/918 9797/918 9795/918
f 9798/918 9795/918 9794/918
f 9797/918 9800/918 9799/918
f 9797/918 9799/918 9795/918
f 9800/918 9796/918 9793/918
f 9800/918 9793/918 9799/918
f 9796/918 9798/918 9794/918
f 9796/918 9794/918 9793/918
f 9801/918 9802/918 9803/918
f 9804/918 9805/918 9806/918
f 9803/918 9807/918 9801/918
f 9805/918 9804/918 9808/918
f 9806/918 9805/918 9803/918
f 9806/918 9803/918 9802/918
f 9805/918 9808/918 9807/918
f 9805/918 9807/918 9803/918
f 9808/918 9804/918 9801/918
f 9808/918 9801/918 9807/918
f 9804/918 9806/918 9802/918
f 9804/918 9802/918 9801/918
f 9809/919 9810/919 9811/919
f 9809/919 9811/919 9812/919
f 9813/919 9814/919 9815/919
f 9813/919 9815/919 9816/919
f 9810/919 9813/919 9816/919
f 9810/919 9816/919 9811/919
f 9814/919 9809/919 9812/919
f 9814/919 9812/919 9815/919
f 9812/919 9811/919 9817/919
f 9812/919 9817/919 9818/919
f 9816/919 9815/919 9819/919
f 9816/919 9819/919 9820/919
f 9811/919 9816/919 9820/919
f 9811/919 9820/919 9817/919
f 9815/919 9812/919 9818/919
f 9815/919 9818/919 9819/919
f 9818/919 9817/919 9821/919
f 9818/919 9821/919 9822/919
f 9820/919 9819/919 9823/919
f 9820/919 9823/919 9824/919
f 9817/919 9820/919 9824/919
f 9817/919 9824/919 9821/919
f 9819/919 9818/919 9822/919
f 9819/919 9822/919 9823/919
f 9822/919 9821/919 9825/919
f 9822/919 9825/919 9826/919
f 9824/919 9823/919 9827/919
f 9824/919 9827/919 9828/919
f 9821/919 9824/919 9828/919
f 9821/919 9828/919 9825/919
f 9823/919 9822/919 9826/919
f 9823/919 9826/919 9827/919
f 9826/919 9825/919 9829/919
f 9826/919 9829/919 9830/919
f 9828/919 9827/919 9831/919
f 9828/919 9831/919 9832/919
f 9825/919 9828/919 9832/919
f 9825/919 9832/919 9829/919
f 9827/919 9826/919 9830/919
f 9827/919 9830/919 9831/919
f 9830/919 9829/919 9833/919
f 9830/919 9833/919 9834/919
f 9832/919 9831/919 9835/919
f 9832/919 9835/919 9836/919
f 9829/919 9832/919 9836/919
f 9829/919 9836/919 9833/919
f 9831/919 9830/919 9834/919
f 9831/919 9834/919 9835/919
f 9834/919 9833/919 9837/919
f 9834/919 9837/919 9838/919
f 9836/919 9835/919 9839/919
f 9836/919 9839/919 9840/919
f 9833/919 9836/919 9840/919
f 9833/919 9840/919 9837/919
f 9835/919 9834/919 9838/919
f 9835/919 9838/919 9839/919
f 9838/919 9837/919 9841/919
f 9838/919 9841/919 9842/919
f 9840/919 9839/919 9843/919
f 9840/919 9843/919 9844/919
f 9837/919 9840/919 9844/919
f 9837/919 9844/919 9841/919
f 9839/919 9838/919 9842/919
f 9839/919 9842/919 9843/919
f 9842/919 9841/919 9845/919
f 9842/919 9845/919 9846/919
f 9844/919 9843/919 9847/919
f 9844/919 9847/919 9848/919
f 9841/919 9844/919 9848/919
f 9841/919 9848/919 9845/919
f 9843/919 9842/919 9846/919
f 9843/919 9846/919 9847/919
f 9846/919 9845/919 9849/919
f 9846/919 9849/919 9850/919
f 9848/919 9847/919 9851/919
f 9848/919 9851/919 9852/919
f 9845/919 9848/919 9852/919
f 9845/919 9852/919 9849/919
f 9847/919 9846/919 9850/919
f 9847/919 9850/919 9851/919
f 9850/919 9849/919 9853/919
f 9850/919 9853/919 9854/919
f 9852/919 9851/919 9855/919
f 9852/919 9855/919 9856/919
f 9849/919 9852/919 9856/919
f 9849/919 9856/919 9853/919
f 9851/919 9850/919 9854/919
f 9851/919 9854/919 9855/919
f 9854/919 9853/919 9810/919
f 9854/919 9810/919 9809/919
f 9856/919 9855/919 9814/919
f 9856/919 9814/919 9813/919
f 9853/919 9856/919 9813/919
f 9853/919 9813/919 9810/919
f 9855/919 9854/919 9809/919
f 9855/919 9809/919 9814/919
f 9857/919 9858/919 9859/919
f 9857/919 9859/919 9860/919
f 9861/919 9862/919 9863/919
f 9861/919 9863/919 9864/919
f 9858/919 9861/919 9864/919
f 9858/919 9864/919 9859/919
f 9862/919 9857/919 9860/919
f 9862/919 9860/919 9863/919
f 9860/919 9859/919 9865/919
f 9860/919 9865/919 9866/919
f 9864/919 9863/919 9867/919
f 9864/919 9867/919 9868/919
f 9859/919 9864/919 9868/919
f 9859/919 9868/919 9865/919
f 9863/919 9860/919 9866/919
f 9863/919 9866/919 9867/919
f 9866/919 9865/919 9869/919
f 9866/919 9869/919 9870/919
f 9868/919 9867/919 9871/919
f 9868/919 9871/919 9872/919
f 9865/919 9868/919 9872/919
f 9865/919 9872/919 9869/919
f 9867/919 9866/919 9870/919
f 9867/919 9870/919 9871/919
f 9870/919 9869/919 9873/919
f 9870/919 9873/919 9874/919
f 9872/919 9871/919 9875/919
f 9872/919 9875/919 9876/919
f 9869/919 9872/919 9876/919
f 9869/919 9876/919 9873/919
f 9871/919 9870/919 9874/919
f 9871/919 9874/919 9875/919
f 9874/919 9873/919 9877/919
f 9874/919 9877/919 9878/919
f 9876/919 9875/919 9879/919
f 9876/919 9879/919 9880/919
f 9873/919 9876/919 9880/919
f 9873/919 9880/919 9877/919
f 9875/919 9874/919 9878/919
f 9875/919 9878/919 9879/919
f 9878/919 9877/919 9881/919
f 9878/919 9881/919 9882/919
f 9880/919 9879/919 9883/919
f 9880/919 9883/919 9884/919
f 9877/919 9880/919 9884/919
f 9877/919 9884/919 9881/919
f 9879/919 9878/919 9882/919
f 9879/919 9882/919 9883/919
f 9882/919 9881/919 9885/919
f 9882/919 9885/919 9886/919
f 9884/919 9883/919 9887/919
f 9884/919 9887/919 9888/919
f 9881/919 9884/919 9888/919
f 9881/919 9888/919 9885/919
f 9883/919 9882/919 9886/919
f 9883/919 9886/919 9887/919
f 9886/919 9885/919 9889/919
f 9886/919 9889/919 9890/919
f 9888/919 9887/919 9891/919
f 9888/919 9891/919 9892/919
f 9885/919 9888/919 9892/919
f 9885/919 9892/919 9889/919
f 9887/919 9886/919 9890/919
f 9887/919 9890/919 9891/919
f 9890/919 9889/919 9893/919
f 9890/919 9893/919 9894/919
f 9892/919 9891/919 9895/919
f 9892/919 9895/919 9896/919
f 9889/919 9892/919 9896/919
f 9889/919 9896/919 9893/919
f 9891/919 9890/919 9894/919
f 9891/919 9894/919 9895/919
f 9894/919 9893/919 9897/919
f 9894/919 9897/919 9898/919
f 9896/919 9895/919 9899/919
f 9896/919 9899/919 9900/919
f 9893/919 9896/919 9900/919
f 9893/919 9900/919 9897/919
f 9895/919 9894/919 9898/919
f 9895/919 9898/919 9899/919
f 9898/919 9897/919 9901/919
f 9898/919 9901/919 9902/919
f 9900/919 9899/919 9903/919
f 9900/919 9903/919 9904/919
f 9897/919 9900/919 9904/919
f 9897/919 9904/919 9901/919
f 9899/919 9898/919 9902/919
f 9899/919 9902/919 9903/919
f 9902/919 9901/919 9858/919
f 9902/919 9858/919 9857/919
f 9904/919 9903/919 9862/919
f 9904/919 9862/919 9861/919
f 9901/919 9904/919 9861/919
f 9901/919 9861/919 9858/919
f 9903/919 9902/919 9857/919
f 9903/919 9857/919 9862/919
f 9905/919 9906/919 9907/919
f 9905/919 9907/919 9908/919
f 9909/919 9910/919 9911/919
f 9909/919 9911/919 9912/919
f 9906/919 9909/919 9912/919
f 9906/919 9912/919 9907/919
f 9910/919 9905/919 9908/919
f 9910/919 9908/919 9911/919
f 9908/919 9907/919 9913/919
f 9908/919 9913/919 9914/919
f 9912/919 9911/919 9915/919
f 9912/919 9915/919 9916/919
f 9907/919 9912/919 9916/919
f 9907/919 9916/919 9913/919
f 9911/919 9908/919 9914/919
f 9911/919 9914/919 9915/919
f 9914/919 9913/919 9917/919
f 9914/919 9917/919 9918/919
f 9916/919 9915/919 9919/919
f 9916/919 9919/919 9920/919
f 9913/919 9916/919 9920/919
f 9913/919 9920/919 9917/919
f 9915/919 9914/919 9918/919
f 9915/919 9918/919 9919/919
f 9918/919 9917/919 9921/919
f 9918/919 9921/919 9922/919
f 9920/919 9919/919 9923/919
f 9920/919 9923/919 9924/919
f 9917/919 9920/919 9924/919
f 9917/919 9924/919 9921/919
f 9919/919 9918/919 9922/919
f 9919/919 9922/919 9923/919
f 9922/919 9921/919 9925/919
f 9922/919 9925/919 9926/919
f 9924/919 9923/919 9927/919
f 9924/919 9927/919 9928/919
f 9921/919 9924/919 9928/919
f 9921/919 9928/919 9925/919
f 9923/919 9922/919 9926/919
f 9923/919 9926/919 9927/919
f 9926/919 9925/919 9929/919
f 9926/919 9929/919 9930/919
f 9928/919 9927/919 9931/919
f 9928/919 9931/919 9932/919
f 9925/919 9928/919 9932/919
f 9925/919 9932/919 9929/919
f 9927/919 9926/919 9930/919
f 9927/919 9930/919 9931/919
f 9930/919 9929/919 9933/919
f 9930/919 9933/919 9934/919
f 9932/919 9931/919 9935/919
f 9932/919 9935/919 9936/919
f 9929/919 9932/919 9936/919
f 9929/919 9936/919 9933/919
f 9931/919 9930/919 9934/919
f 9931/919 9934/919 9935/919
f 9934/919 9933/919 9937/919
f 9934/919 9937/919 9938/919
f 9936/919 9935/919 9939/919
f 9936/919 9939/919 9940/919
f 9933/919 9936/919 9940/919
f 9933/919 9940/919 9937/919
f 9935/919 9934/919 9938/919
f 9935/919 9938/919 9939/919
f 9938/919 9937/919 9941/919
f 9938/919 9941/919 9942/919
f 9940/919 9939/919 9943/919
f 9940/919 9943/919 9944/919
f 9937/919 9940/919 9944/919
f 9937/919 9944/919 9941/919
f 9939/919 9938/919 9942/919
f 9939/919 9942/919 9943/919
f 9942/919 9941/919 9945/919
f 9942/919 9945/919 9946/919
f 9944/919 9943/919 9947/919
f 9944/919 9947/919 9948/919
f 9941/919 9944/919 9948/919
f 9941/919 9948/919 9945/919
f 9943/919 9942/919 9946/919
f 9943/919 9946/919 9947/919
f 9946/919 9945/919 9949/919
f 9946/919 9949/919 9950/919
f 9948/919 9947/919 9951/919
f 9948/919 9951/919 9952/919
f 9945/919 9948/919 9952/919
f 9945/919 9952/919 9949/919
f 9947/919 9946/919 9950/919
f 9947/919 9950/919 9951/919
f 9950/919 9949/919 9906/919
f 9950/919 9906/919 9905/919
f 9952/919 9951/919 9910/919
f 9952/919 9910/919 9909/919
f 9949/919 9952/919 9909/919
f 9949/919 9909/919 9906/919
f 9951/919 9950/919 9905/919
f 9951/919 9905/919 9910/919
f 9953/919 9954/919 9955/919
f 9953/919 9955/919 9956/919
f 9957/919 9958/919 9959/919
f 9957/919 9959/919 9960/919
f 9954/919 9957/919 9960/919
f 9954/919 9960/919 9955/919
f 9958/919 9953/919 9956/919
f 9958/919 9956/919 9959/919
f 9956/919 9955/919 9961/919
f 9956/919 9961/919 9962/919
f 9960/919 9959/919 9963/919
f 9960/919 9963/919 9964/919
f 9955/919 9960/919 9964/919
f 9955/919 9964/919 9961/919
f 9959/919 9956/919 9962/919
f 9959/919 9962/919 9963/919
f 9962/919 9961/919 9965/919
f 9962/919 9965/919 9966/919
f 9964/919 9963/919 9967/919
f 9964/919 9967/919 9968/919
f 9961/919 9964/919 9968/919
f 9961/919 9968/919 9965/919
f 9963/919 9962/919 9966/919
f 9963/919 9966/919 9967/919
f 9966/919 9965/919 9969/919
f 9966/919 9969/919 9970/919
f 9968/919 9967/919 9971/919
f 9968/919 9971/919 9972/919
f 9965/919 9968/919 9972/919
f 9965/919 9972/919 9969/919
f 9967/919 9966/919 9970/919
f 9967/919 9970/919 9971/919
f 9970/919 9969/919 9973/919
f 9970/919 9973/919 9974/919
f 9972/919 9971/919 9975/919
f 9972/919 9975/919 9976/919
f 9969/919 9972/919 9976/919
f 9969/919 9976/919 9973/919
f 9971/919 9970/919 9974/919
f 9971/919 9974/919 9975/919
f 9974/919 9973/919 9977/919
f 9974/919 9977/919 9978/919
f 9976/919 9975/919 9979/919
f 9976/919 9979/919 9980/919
f 9973/919 9976/919 9980/919
f 9973/919 9980/919 9977/919
f 9975/919 9974/919 9978/919
f 9975/919 9978/919 9979/919
f 9978/919 9977/919 9981/919
f 9978/919 9981/919 9982/919
f 9980/919 9979/919 9983/919
f 9980/919 9983/919 9984/919
f 9977/919 9980/919 9984/919
f 9977/919 9984/919 9981/919
f 9979/919 9978/919 9982/919
f 9979/919 9982/919 9983/919
f 9982/919 9981/919 9985/919
f 9982/919 9985/919 9986/919
f 9984/919 9983/919 9987/919
f 9984/919 9987/919 9988/919
f 9981/919 9984/919 9988/919
f 9981/919 9988/919 9985/919
f 9983/919 9982/919 9986/919
f 9983/919 9986/919 9987/919
f 9986/919 9985/919 9989/919
f 9986/919 9989/919 9990/919
f 9988/919 9987/919 9991/919
f 9988/919 9991/919 9992/919
f 9985/919 9988/919 9992/919
f 9985/919 9992/919 9989/919
f 9987/919 9986/919 9990/919
f 9987/919 9990/919 9991/919
f 9990/919 9989/919 9993/919
f 9990/919 9993/919 9994/919
f 9992/919 9991/919 9995/919
f 9992/919 9995/919 9996/919
f 9989/919 9992/919 9996/919
f 9989/919 9996/919 9993/919
f 9991/919 9990/919 9994/919
f 9991/919 9994/919 9995/919
f 9994/919 9993/919 9997/919
f 9994/919 9997/919 9998/919
f 9996/919 9995/919 9999/919
f 9996/919 9999/919 10000/919
f 9993/919 9996/919 10000/919
f 9993/919 10000/919 9997/919
f 9995/919 9994/919 9998/919
f 9995/919 9998/919 9999/919
f 9998/919 9997/919 9954/919
f 9998/919 9954/919 9953/919
f 10000/919 9999/919 9958/919
f 10000/919 9958/919 9957/919
f 9997/919 10000/919 9957/919
f 9997/919 9957/919 9954/919
f 9999/919 9998/919 9953/919
f 9999/919 9953/919 9958/919
f 10001/919 10002/919 10003/919
f 10001/919 10003/919 10004/919
f 10005/919 10006/919 10007/919
f 10005/919 10007/919 10008/919
f 10002/919 10005/919 10008/919
f 10002/919 10008/919 10003/919
f 10006/919 10001/919 10004/919
f 10006/919 10004/919 10007/919
f 10004/919 10003/919 10009/919
f 10004/919 10009/919 10010/919
f 10008/919 10007/919 10011/919
f 10008/919 10011/919 10012/919
f 10003/919 10008/919 10012/919
f 10003/919 10012/919 10009/919
f 10007/919 10004/919 10010/919
f 10007/919 10010/919 10011/919
f 10010/919 10009/919 10013/919
f 10010/919 10013/919 10014/919
f 10012/919 10011/919 10015/919
f 10012/919 10015/919 10016/919
f 10009/919 10012/919 10016/919
f 10009/919 10016/919 10013/919
f 10011/919 10010/919 10014/919
f 10011/919 10014/919 10015/919
f 10014/919 10013/919 10017/919
f 10014/919 10017/919 10018/919
f 10016/919 10015/919 10019/919
f 10016/919 10019/919 10020/919
f 10013/919 10016/919 10020/919
f 10013/919 10020/919 10017/919
f 10015/919 10014/919 10018/919
f 10015/919 10018/919 10019/919
f 10018/919 10017/919 10021/919
f 10018/919 10021/919 10022/919
f 10020/919 10019/919 10023/919
f 10020/919 10023/919 10024/919
f 10017/919 10020/919 10024/919
f 10017/919 10024/919 10021/919
f 10019/919 10018/919 10022/919
f 10019/919 10022/919 10023/919
f 10022/919 10021/919 10025/919
f 10022/919 10025/919 10026/919
f 10024/919 10023/919 10027/919
f 10024/919 10027/919 10028/919
f 10021/919 10024/919 10028/919
f 10021/919 10028/919 10025/919
f 10023/919 10022/919 10026/919
f 10023/919 10026/919 10027/919
f 10026/919 10025/919 10029/919
f 10026/919 10029/919 10030/919
f 10028/919 10027/919 10031/919
f 10028/919 10031/919 10032/919
f 10025/919 10028/919 10032/919
f 10025/919 10032/919 10029/919
f 10027/919 10026/919 10030/919
f 10027/919 10030/919 10031/919
f 10030/919 10029/919 10033/919
f 10030/919 10033/919 10034/919
f 10032/919 10031/919 10035/919
f 10032/919 10035/919 10036/919
f 10029/919 10032/919 10036/919
f 10029/919 10036/919 10033/919
f 10031/919 10030/919 10034/919
f 10031/919 10034/919 10035/919
f 10034/919 10033/919 10037/919
f 10034/919 10037/919 10038/919
f 10036/919 10035/919 10039/919
f 10036/919 10039/919 10040/919
f 10033/919 10036/919 10040/919
f 10033/919 10040/919 10037/919
f 10035/919 10034/919 10038/919
f 10035/919 10038/919 10039/919
f 10038/919 10037/919 10041/919
f 10038/919 10041/919 10042/919
f 10040/919 10039/919 10043/919
f 10040/919 10043/919 10044/919
f 10037/919 10040/919 10044/919
f 10037/919 10044/919 10041/919
f 10039/919 10038/919 10042/919
f 10039/919 10042/919 10043/919
f 10042/919 10041/919 10045/919
f 10042/919 10045/919 10046/919
f 10044/919 10043/919 10047/919
f 10044/919 10047/919 10048/919
f 10041/919 10044/919 10048/919
f 10041/919 10048/919 10045/919
f 10043/919 10042/919 10046/919
f 10043/919 10046/919 10047/919
f 10046/919 10045/919 10002/919
f 10046/919 10002/919 10001/919
f 10048/919 10047/919 10006/919
f 10048/919 10006/919 10005/919
f 10045/919 10048/919 10005/919
f 10045/919 10005/919 10002/919
f 10047/919 10046/919 10001/919
f 10047/919 10001/919 10006/919
g item_damaged
f 10049/3 10050/12 10051/4
f 10050/4 10052/21 10053/20
f 10054/13 10055/52 10056/23
f 10049/3 10056/12 10057/11
f 10058/6 10059/6 10055/6
f 10060/6 10055/6 10061/6
f 10062/24 10063/25 10064/24
f 10063/25 10065/25 10066/25
f 10067/25 10063/25 10066/25
f 10064/25 10063/25 10067/25
f 10068/25 10064/25 10067/25
f 10069/28 10070/27 10071/26
f 10072/25 10065/25 10063/25
f 10073/31 10074/30 10075/29
f 10076/33 10077/32 10074/30
f 10078/34 10076/35 10073/34
f 10079/30 10078/31 10080/29
f 10081/38 10082/37 10083/36
f 10084/27 10083/38 10085/39
f 10086/36 10087/41 10088/40
f 10070/27 10089/38 10086/36
f 10065/25 10090/25 10066/25
f 10076/35 10091/42 10092/42
f 10079/45 10093/44 10094/43
f 10089/48 10095/47 10096/46
f 10096/46 10097/50 10098/49
f 10099/51 10100/47 10101/46
f 10102/50 10101/46 10103/49
f 10055/52 10104/12 10056/23
f 10105/28 10084/27 10085/39
f 10056/4 10052/11 10057/3
f 10051/13 10058/59 10060/14
f 10058/59 10053/12 10106/61
f 10107/64 10078/63 10108/63
f 10109/65 10102/66 10103/65
f 10077/67 10110/68 10111/67
f 10112/70 10095/69 10113/69
f 10114/71 10115/71 10116/71
f 10117/71 10118/71 10119/71
f 10120/71 10121/71 10122/71
f 10123/71 10124/71 10125/71
f 10126/71 10115/71 10127/71
f 10128/71 10129/71 10130/71
f 10131/71 10132/71 10120/71
f 10133/71 10134/71 10124/71
f 10135/71 10126/71 10136/71
f 10137/71 10138/71 10139/71
f 10140/71 10141/71 10142/71
f 10143/71 10144/71 10145/71
f 10146/71 10147/71 10137/71
f 10148/71 10149/71 10150/71
f 10151/71 10152/71 10146/71
f 10153/71 10154/71 10155/71
f 10156/71 10157/71 10158/71
f 10159/71 10160/71 10161/71
f 10162/71 10163/71 10164/71
f 10165/71 10166/71 10167/71
f 10168/71 10169/71 10170/71
f 10171/71 10172/71 10173/71
f 10117/71 10174/71 10175/71
f 10176/71 10125/71 10177/71
f 10178/71 10179/71 10180/71
f 10181/71 10182/71 10129/71
f 10183/71 10184/71 10134/71
f 10161/71 10185/71 10186/71
f 10187/71 10182/71 10188/71
f 10189/71 10184/71 10190/71
f 10163/71 10191/71 10192/71
f 10193/71 10194/71 10165/71
f 10195/71 10196/71 10139/71
f 10197/71 10198/71 10131/71
f 10199/71 10185/71 10200/71
f 10201/71 10202/71 10193/71
f 10203/71 10172/71 10204/71
f 10205/71 10162/71 10206/71
f 10207/71 10208/71 10201/71
f 10209/71 10210/71 10187/71
f 10157/71 10203/71 10211/71
f 10212/71 10213/71 10206/71
f 10207/71 10214/71 10215/71
f 10216/71 10217/71 10212/71
f 10218/71 10219/71 10214/71
f 10220/71 10221/71 10222/71
f 10223/71 10141/71 10224/71
f 10225/71 10226/71 10219/71
f 10221/71 10135/71 10227/71
f 10228/71 10229/71 10223/71
f 10230/71 10231/71 10232/71
f 10233/71 10234/71 10226/71
f 10154/71 10149/71 10235/71
f 10236/71 10237/71 10118/71
f 10238/71 10239/71 10240/71
f 10191/71 10241/71 10242/71
f 10243/71 10244/71 10234/71
f 10245/71 10244/71 10246/71
f 10247/71 10130/71 10237/71
f 10238/71 10248/71 10249/71
f 10250/71 10251/71 10252/71
f 10143/71 10253/71 10245/71
f 10254/71 10255/71 10256/71
f 10257/71 10258/71 10248/71
f 10199/71 10200/71 10216/71
f 10151/71 10166/71 10152/71
f 10259/71 10260/71 10258/71
f 10261/71 10262/71 10260/71
f 10263/71 10264/71 10262/71
f 10232/71 10265/71 10266/71
f 10267/71 10268/71 10189/71
f 10241/71 10251/71 10269/71
f 10196/71 10156/71 10270/71
f 10271/71 10220/71 10272/71
f 10197/71 10265/71 10198/71
f 10240/71 10273/71 10230/71
f 10274/71 10275/71 10276/71
f 10179/71 10153/71 10277/71
f 10150/71 10278/71 10267/71
f 10279/71 10264/71 10280/71
f 10140/71 10142/71 10274/71
f 10173/71 10281/71 10209/71
f 10168/71 10177/71 10282/71
f 10254/71 10283/71 10279/71
f 10175/71 10284/71 10228/71
f 10285/71 10178/71 10122/71
f 10170/71 10286/71 10159/71
f 10276/71 10287/71 10272/71
f 10288/71 10289/71 10167/71
f 10290/71 10291/71 10289/71
f 10292/71 10209/71 10187/71
f 10293/71 10294/71 10295/71
f 10293/71 10223/71 10224/71
f 10296/71 10223/71 10293/71
f 10297/71 10247/71 10236/71
f 10298/71 10128/71 10247/71
f 10299/71 10116/71 10254/71
f 10288/71 10167/71 10151/71
f 10300/71 10301/71 10186/71
f 10302/71 10303/71 10304/71
f 10305/71 10158/71 10306/71
f 10307/71 10240/71 10230/71
f 10308/71 10279/71 10280/71
f 10299/71 10254/71 10279/71
f 10309/71 10276/71 10272/71
f 10310/71 10311/71 10312/71
f 10313/71 10304/71 10314/71
f 10315/71 10316/71 10317/71
f 10318/71 10319/71 10320/71
f 10306/71 10211/71 10321/71
f 10310/71 10165/71 10167/71
f 10322/71 10175/71 10323/71
f 10324/71 10188/71 10181/71
f 10325/71 10187/71 10188/71
f 10326/71 10270/71 10305/71
f 10327/71 10320/71 10328/71
f 10329/71 10330/71 10331/71
f 10331/71 10332/71 10333/71
f 10334/71 10227/71 10335/71
f 10335/71 10136/71 10336/71
f 10337/71 10338/71 10339/71
f 10339/71 10340/71 10341/71
f 10341/71 10342/71 10343/71
f 10343/71 10344/71 10345/71
f 10345/71 10346/71 10347/71
f 10348/71 10349/71 10350/71
f 10351/71 10189/71 10352/71
f 10315/71 10353/71 10354/71
f 10351/71 10150/71 10267/71
f 10355/71 10356/71 10357/71
f 10358/71 10170/71 10159/71
f 10359/71 10133/71 10123/71
f 10360/71 10183/71 10133/71
f 10361/71 10252/71 10143/71
f 10362/71 10150/71 10351/71
f 10357/71 10363/71 10364/71
f 10364/71 10365/71 10366/71
f 10367/71 10224/71 10368/71
f 10369/71 10277/71 10370/71
f 10355/71 10161/71 10186/71
f 10371/71 10165/71 10310/71
f 10371/71 10201/71 10193/71
f 10372/71 10201/71 10373/71
f 10372/71 10218/71 10207/71
f 10374/71 10225/71 10218/71
f 10375/71 10233/71 10225/71
f 10376/71 10243/71 10233/71
f 10377/71 10246/71 10243/71
f 10378/71 10252/71 10361/71
f 10379/71 10380/71 10381/71
f 10381/71 10382/71 10383/71
f 10383/71 10384/71 10385/71
f 10386/71 10387/71 10388/71
f 10389/71 10390/71 10391/71
f 10370/71 10155/71 10392/71
f 10393/71 10176/71 10168/71
f 10394/71 10180/71 10369/71
f 10394/71 10120/71 10122/71
f 10395/71 10120/71 10396/71
f 10368/71 10224/71 10140/71
f 10397/71 10387/71 10398/71
f 10392/71 10235/71 10399/71
f 10400/71 10192/71 10401/71
f 10402/71 10403/71 10404/71
f 10405/71 10406/71 10407/71
f 10408/71 10407/71 10301/71
f 10401/71 10242/71 10409/71
f 10300/71 10186/71 10199/71
f 10410/71 10164/71 10400/71
f 10410/71 10212/71 10206/71
f 10411/71 10212/71 10412/71
f 10413/71 10414/71 10403/71
f 10415/71 10404/71 10406/71
f 10409/71 10269/71 10416/71
f 10417/71 10414/71 10418/71
f 10386/71 10346/71 10419/71
f 10420/71 10266/71 10421/71
f 10337/71 10266/71 10422/71
f 10423/71 10232/71 10266/71
f 10421/71 10266/71 10197/71
f 10424/71 10328/71 10291/71
f 10292/71 10173/71 10209/71
f 10296/71 10175/71 10228/71
f 10322/71 10236/71 10117/71
f 10425/71 10181/71 10128/71
f 10326/71 10137/71 10139/71
f 10426/71 10137/71 10427/71
f 10426/71 10151/71 10146/71
f 10428/71 10353/71 10319/71
f 10429/71 10173/71 10430/71
f 10295/71 10431/71 10432/71
f 10432/71 10433/71 10434/71
f 10434/71 10435/71 10329/71
f 10348/71 10332/71 10436/71
f 10437/71 10171/71 10429/71
f 10321/71 10204/71 10437/71
f 10438/71 10314/71 10439/71
f 10367/71 10439/71 10440/71
f 10307/71 10232/71 10423/71
f 10441/71 10240/71 10442/71
f 10441/71 10257/71 10238/71
f 10443/71 10259/71 10257/71
f 10444/71 10261/71 10259/71
f 10445/71 10263/71 10261/71
f 10446/71 10280/71 10263/71
f 10309/71 10222/71 10334/71
f 10447/71 10276/71 10448/71
f 10447/71 10140/71 10274/71
f 10449/71 10349/71 10303/71
f 10450/71 10116/71 10451/71
f 10452/71 10114/71 10450/71
f 10336/71 10127/71 10452/71
f 10453/71 10398/71 10454/71
f 10420/71 10391/71 10455/71
f 10358/71 10161/71 10355/71
f 10393/71 10170/71 10456/71
f 10457/71 10123/71 10176/71
f 10458/71 10190/71 10183/71
f 10459/71 10189/71 10190/71
f 10395/71 10197/71 10131/71
f 10460/71 10454/71 10390/71
f 10366/71 10461/71 10462/71
f 10462/71 10463/71 10464/71
f 10464/71 10465/71 10466/71
f 10417/71 10465/71 10467/71
f 10399/71 10148/71 10362/71
f 10468/71 10245/71 10246/71
f 10361/71 10245/71 10469/71
f 10411/71 10199/71 10216/71
f 10312/71 10470/71 10379/71
f 10385/71 10316/71 10471/71
f 10416/71 10250/71 10378/71
f 10472/71 10115/71 10473/71
f 10119/71 10118/71 10474/71
f 10475/71 10121/71 10476/71
f 10125/71 10124/71 10477/71
f 10478/71 10115/71 10126/71
f 10130/71 10129/71 10479/71
f 10476/71 10132/71 10480/71
f 10124/71 10134/71 10481/71
f 10482/71 10126/71 10135/71
f 10483/71 10138/71 10484/71
f 10142/71 10141/71 10485/71
f 10145/71 10144/71 10486/71
f 10484/71 10147/71 10487/71
f 10488/71 10149/71 10489/71
f 10487/71 10152/71 10490/71
f 10491/71 10154/71 10153/71
f 10492/71 10157/71 10156/71
f 10493/71 10160/71 10494/71
f 10495/71 10163/71 10162/71
f 10496/71 10166/71 10497/71
f 10498/71 10169/71 10499/71
f 10500/71 10172/71 10501/71
f 10502/71 10174/71 10474/71
f 10177/71 10125/71 10503/71
f 10504/71 10179/71 10178/71
f 10129/71 10182/71 10505/71
f 10134/71 10184/71 10506/71
f 10507/71 10185/71 10493/71
f 10508/71 10182/71 10509/71
f 10510/71 10184/71 10511/71
f 10512/71 10191/71 10163/71
f 10497/71 10194/71 10513/71
f 10483/71 10196/71 10195/71
f 10480/71 10198/71 10514/71
f 10200/71 10185/71 10515/71
f 10513/71 10202/71 10516/71
f 10517/71 10172/71 10203/71
f 10518/71 10162/71 10205/71
f 10516/71 10208/71 10519/71
f 10509/71 10210/71 10520/71
f 10521/71 10203/71 10157/71
f 10518/71 10213/71 10522/71
f 10215/71 10214/71 10519/71
f 10522/71 10217/71 10523/71
f 10214/71 10219/71 10524/71
f 10525/71 10221/71 10220/71
f 10526/71 10141/71 10527/71
f 10219/71 10226/71 10528/71
f 10529/71 10135/71 10221/71
f 10527/71 10229/71 10530/71
f 10531/71 10231/71 10532/71
f 10226/71 10234/71 10533/71
f 10534/71 10149/71 10154/71
f 10118/71 10237/71 10535/71
f 10536/71 10239/71 10537/71
f 10538/71 10241/71 10191/71
f 10234/71 10244/71 10539/71
f 10540/71 10244/71 10541/71
f 10237/71 10130/71 10542/71
f 10249/71 10248/71 10537/71
f 10543/71 10251/71 10544/71
f 10541/71 10253/71 10486/71
f 10256/71 10255/71 10545/71
f 10248/71 10258/71 10546/71
f 10523/71 10200/71 10515/71
f 10152/71 10166/71 10490/71
f 10258/71 10260/71 10547/71
f 10260/71 10262/71 10548/71
f 10262/71 10264/71 10549/71
f 10550/71 10265/71 10531/71
f 10511/71 10268/71 10551/71
f 10552/71 10251/71 10241/71
f 10553/71 10156/71 10196/71
f 10554/71 10220/71 10271/71
f 10198/71 10265/71 10514/71
f 10532/71 10273/71 10536/71
f 10555/71 10275/71 10556/71
f 10557/71 10153/71 10179/71
f 10551/71 10278/71 10488/71
f 10558/71 10264/71 10559/71
f 10556/71 10142/71 10485/71
f 10520/71 10281/71 10500/71
f 10282/71 10177/71 10499/71
f 10559/71 10283/71 10545/71
f 10530/71 10284/71 10502/71
f 10475/71 10178/71 10285/71
f 10494/71 10286/71 10498/71
f 10554/71 10287/71 10555/71
f 10496/71 10560/71 10561/71
f 10560/71 10562/71 10563/71
f 10509/71 10520/71 10564/71
f 10565/71 10566/71 10567/71
f 10526/71 10527/71 10567/71
f 10567/71 10527/71 10568/71
f 10535/71 10542/71 10569/71
f 10542/71 10479/71 10570/71
f 10545/71 10472/71 10571/71
f 10490/71 10496/71 10561/71
f 10507/71 10572/71 10573/71
f 10574/71 10575/71 10576/71
f 10577/71 10492/71 10578/71
f 10532/71 10536/71 10579/71
f 10558/71 10559/71 10580/71
f 10559/71 10545/71 10571/71
f 10554/71 10555/71 10581/71
f 10582/71 10583/71 10584/71
f 10585/71 10574/71 10586/71
f 10587/71 10588/71 10589/71
f 10590/71 10591/71 10592/71
f 10593/71 10521/71 10577/71
f 10496/71 10497/71 10584/71
f 10594/71 10502/71 10595/71
f 10505/71 10508/71 10596/71
f 10508/71 10509/71 10597/71
f 10578/71 10553/71 10598/71
f 10599/71 10590/71 10600/71
f 10601/71 10602/71 10603/71
f 10604/71 10605/71 10601/71
f 10606/71 10529/71 10607/71
f 10608/71 10482/71 10606/71
f 10609/71 10610/71 10611/71
f 10612/71 10613/71 10609/71
f 10614/71 10615/71 10612/71
f 10616/71 10617/71 10614/71
f 10618/71 10619/71 10616/71
f 10620/71 10621/71 10622/71
f 10511/71 10551/71 10623/71
f 10624/71 10625/71 10589/71
f 10551/71 10488/71 10623/71
f 10626/71 10507/71 10627/71
f 10494/71 10498/71 10628/71
f 10477/71 10481/71 10629/71
f 10481/71 10506/71 10630/71
f 10486/71 10543/71 10631/71
f 10623/71 10488/71 10632/71
f 10633/71 10634/71 10627/71
f 10635/71 10636/71 10633/71
f 10637/71 10526/71 10638/71
f 10639/71 10557/71 10640/71
f 10507/71 10493/71 10641/71
f 10584/71 10497/71 10642/71
f 10513/71 10516/71 10642/71
f 10643/71 10516/71 10644/71
f 10519/71 10524/71 10644/71
f 10524/71 10528/71 10645/71
f 10528/71 10533/71 10646/71
f 10533/71 10539/71 10647/71
f 10539/71 10540/71 10648/71
f 10631/71 10543/71 10649/71
f 10650/71 10651/71 10652/71
f 10653/71 10654/71 10650/71
f 10655/71 10656/71 10653/71
f 10657/71 10658/71 10659/71
f 10660/71 10661/71 10662/71
f 10663/71 10491/71 10639/71
f 10499/71 10503/71 10664/71
f 10640/71 10504/71 10665/71
f 10475/71 10476/71 10665/71
f 10666/71 10476/71 10667/71
f 10485/71 10526/71 10637/71
f 10668/71 10658/71 10669/71
f 10670/71 10534/71 10663/71
f 10671/71 10512/71 10672/71
f 10673/71 10674/71 10675/71
f 10676/71 10677/71 10678/71
f 10572/71 10676/71 10679/71
f 10680/71 10538/71 10671/71
f 10515/71 10507/71 10573/71
f 10672/71 10495/71 10681/71
f 10518/71 10522/71 10681/71
f 10682/71 10522/71 10683/71
f 10674/71 10684/71 10685/71
f 10677/71 10673/71 10686/71
f 10687/71 10552/71 10680/71
f 10688/71 10684/71 10689/71
f 10690/71 10619/71 10659/71
f 10691/71 10550/71 10692/71
f 10693/71 10550/71 10611/71
f 10550/71 10531/71 10694/71
f 10514/71 10550/71 10691/71
f 10562/71 10599/71 10695/71
f 10520/71 10500/71 10564/71
f 10530/71 10502/71 10568/71
f 10474/71 10535/71 10595/71
f 10479/71 10505/71 10696/71
f 10483/71 10484/71 10598/71
f 10697/71 10484/71 10698/71
f 10487/71 10490/71 10698/71
f 10591/71 10625/71 10699/71
f 10700/71 10500/71 10701/71
f 10702/71 10703/71 10565/71
f 10704/71 10705/71 10702/71
f 10603/71 10706/71 10704/71
f 10707/71 10605/71 10622/71
f 10701/71 10501/71 10708/71
f 10708/71 10517/71 10593/71
f 10709/71 10585/71 10710/71
f 10711/71 10709/71 10638/71
f 10694/71 10531/71 10579/71
f 10712/71 10536/71 10713/71
f 10537/71 10546/71 10713/71
f 10546/71 10547/71 10714/71
f 10547/71 10548/71 10715/71
f 10548/71 10549/71 10716/71
f 10549/71 10558/71 10717/71
f 10607/71 10525/71 10581/71
f 10718/71 10555/71 10719/71
f 10556/71 10485/71 10719/71
f 10575/71 10621/71 10720/71
f 10721/71 10472/71 10722/71
f 10722/71 10473/71 10723/71
f 10723/71 10478/71 10608/71
f 10724/71 10668/71 10725/71
f 10726/71 10660/71 10692/71
f 10641/71 10493/71 10628/71
f 10727/71 10498/71 10664/71
f 10503/71 10477/71 10728/71
f 10506/71 10510/71 10729/71
f 10510/71 10511/71 10730/71
f 10480/71 10514/71 10667/71
f 10661/71 10724/71 10731/71
f 10732/71 10733/71 10635/71
f 10734/71 10735/71 10732/71
f 10736/71 10737/71 10734/71
f 10738/71 10737/71 10689/71
f 10632/71 10489/71 10670/71
f 10540/71 10541/71 10739/71
f 10740/71 10541/71 10631/71
f 10523/71 10515/71 10683/71
f 10652/71 10741/71 10582/71
f 10742/71 10588/71 10655/71
f 10649/71 10544/71 10687/71
f 10431/72 10566/72 10703/72
f 10435/72 10602/72 10330/72
f 10330/72 10605/72 10332/72
f 10431/72 10705/72 10433/72
f 10436/72 10621/72 10349/72
f 10435/72 10705/72 10706/72
f 10332/72 10707/72 10436/72
f 10349/72 10575/72 10303/72
f 10314/72 10574/72 10585/72
f 10303/72 10574/72 10304/72
f 10314/72 10709/72 10439/72
f 10440/72 10526/72 10224/72
f 10439/72 10711/72 10440/72
f 10301/72 10676/72 10572/72
f 10301/72 10507/72 10186/72
f 10419/72 10658/72 10387/72
f 10454/72 10661/72 10390/72
f 10391/72 10661/72 10660/72
f 10291/72 10599/72 10562/72
f 10317/72 10625/72 10353/72
f 10461/72 10636/72 10733/72
f 10461/72 10735/72 10463/72
f 10167/72 10560/72 10496/72
f 10328/72 10590/72 10599/72
f 10465/72 10735/72 10737/72
f 10291/72 10560/72 10289/72
f 10465/72 10738/72 10467/72
f 10403/72 10684/72 10674/72
f 10398/72 10724/72 10454/72
f 10406/72 10673/72 10677/72
f 10391/72 10726/72 10455/72
f 10387/72 10668/72 10398/72
f 10338/72 10693/72 10610/72
f 10467/72 10684/72 10414/72
f 10317/72 10588/72 10587/72
f 10319/72 10625/72 10591/72
f 10340/72 10610/72 10613/72
f 10419/72 10619/72 10690/72
f 10319/72 10590/72 10320/72
f 10356/72 10634/72 10363/72
f 10470/72 10583/72 10741/72
f 10342/72 10613/72 10615/72
f 10380/72 10741/72 10651/72
f 10455/72 10550/72 10266/72
f 10365/72 10634/72 10636/72
f 10316/72 10656/72 10588/72
f 10403/72 10673/72 10404/72
f 10344/72 10615/72 10617/72
f 10382/72 10651/72 10654/72
f 10406/72 10676/72 10407/72
f 10346/72 10617/72 10619/72
f 10382/72 10656/72 10384/72
f 10507/72 10356/72 10186/72
f 10167/72 10583/72 10311/72
f 10224/72 10566/72 10294/72
f 10266/72 10693/72 10422/72
f 10113/69 10743/73 10069/73
f 10744/74 10103/65 10084/74
f 10103/49 10081/48 10084/75
f 10081/48 10100/47 10745/28
f 10089/48 10098/49 10087/75
f 10746/51 10095/47 10093/76
f 10747/77 10111/78 10112/77
f 10748/80 10080/79 10107/79
f 10749/33 10094/32 10091/81
f 10746/84 10080/83 10097/82
f 10074/45 10747/44 10099/84
f 10075/83 10099/84 10102/82
f 10389/87 10420/86 10396/85
f 10669/90 10730/89 10632/88
f 10750/93 10064/92 10068/91
f 10066/96 10751/95 10067/94
f 10067/94 10750/93 10068/91
f 10749/99 10752/98 10753/97
f 10754/100 10749/99 10753/97
f 10749/99 10755/102 10756/101
f 10752/98 10749/99 10756/101
f 10755/101 10757/103 10756/102
f 10753/97 10108/104 10754/100
f 10758/107 10753/106 10752/105
f 10758/107 10756/109 10757/108
f 10754/100 10759/111 10760/110
f 10749/99 10761/112 10755/102
f 10754/100 10762/113 10749/99
f 10110/103 10761/112 10763/114
f 10764/100 10765/113 10766/110
f 10110/103 10767/112 10768/102
f 10769/99 10767/112 10765/113
f 10764/100 10759/111 10108/104
f 10768/102 10769/99 10770/101
f 10758/107 10771/109 10772/108
f 10769/99 10764/100 10771/97
f 10757/104 10768/97 10770/100
f 10771/101 10108/103 10772/115
f 10769/99 10773/98 10770/101
f 10773/98 10769/99 10771/97
f 10758/107 10770/106 10773/105
f 10774/116 10775/116 10776/116
f 10777/116 10778/117 10779/117
f 10780/117 10781/116 10782/116
f 10783/118 10784/116 10774/116
f 10785/118 10786/116 10777/116
f 10783/118 10787/118 10788/118
f 10776/118 10789/118 10785/118
f 10782/116 10787/118 10790/118
f 10093/77 10111/78 10094/78
f 10745/73 10113/69 10069/73
f 10100/69 10112/70 10113/69
f 10094/67 10110/68 10091/68
f 10748/80 10075/79 10102/80
f 10098/65 10744/74 10087/74
f 10097/66 10109/65 10098/65
f 10107/64 10073/63 10075/64
f 10082/37 10069/75 10071/119
f 10087/37 10105/75 10088/120
f 10791/123 10792/122 10793/121
f 10794/123 10795/124 10796/121
f 10797/125 10793/121 10798/124
f 10799/126 10796/121 10800/122
f 10049/3 10057/11 10050/12
f 10050/4 10057/3 10052/21
f 10054/13 10061/14 10055/52
f 10049/3 10054/4 10056/12
f 10058/6 10106/6 10059/6
f 10060/6 10058/6 10055/6
f 10062/24 10072/25 10063/25
f 10069/28 10743/39 10070/27
f 10072/25 10801/25 10065/25
f 10073/31 10076/33 10074/30
f 10076/33 10092/81 10077/32
f 10078/34 10749/35 10076/35
f 10079/30 10749/33 10078/31
f 10081/38 10745/120 10082/37
f 10084/27 10081/36 10083/38
f 10086/36 10089/38 10087/41
f 10070/27 10743/39 10089/38
f 10065/25 10801/25 10090/25
f 10076/35 10749/35 10091/42
f 10079/45 10746/84 10093/44
f 10089/48 10743/28 10095/47
f 10096/46 10746/51 10097/50
f 10099/51 10747/76 10100/47
f 10102/50 10099/51 10101/46
f 10055/52 10059/61 10104/12
f 10105/28 10744/26 10084/27
f 10056/4 10104/12 10052/11
f 10051/13 10050/60 10058/59
f 10058/59 10050/60 10053/12
f 10107/64 10080/64 10078/63
f 10109/65 10748/66 10102/66
f 10077/67 10092/68 10110/68
f 10112/70 10093/70 10095/69
f 10115/71 10255/71 10116/71
f 10117/71 10236/71 10118/71
f 10121/71 10285/71 10122/71
f 10123/71 10133/71 10124/71
f 10115/71 10114/71 10127/71
f 10128/71 10181/71 10129/71
f 10132/71 10121/71 10120/71
f 10133/71 10183/71 10134/71
f 10126/71 10127/71 10136/71
f 10138/71 10195/71 10139/71
f 10140/71 10224/71 10141/71
f 10143/71 10252/71 10144/71
f 10147/71 10138/71 10137/71
f 10149/71 10278/71 10150/71
f 10152/71 10147/71 10146/71
f 10154/71 10235/71 10155/71
f 10157/71 10211/71 10158/71
f 10159/71 10286/71 10160/71
f 10163/71 10192/71 10164/71
f 10165/71 10194/71 10166/71
f 10168/71 10282/71 10169/71
f 10172/71 10281/71 10173/71
f 10117/71 10119/71 10174/71
f 10176/71 10123/71 10125/71
f 10179/71 10277/71 10180/71
f 10181/71 10188/71 10182/71
f 10183/71 10190/71 10184/71
f 10161/71 10160/71 10185/71
f 10187/71 10210/71 10182/71
f 10189/71 10268/71 10184/71
f 10191/71 10242/71 10192/71
f 10193/71 10202/71 10194/71
f 10196/71 10270/71 10139/71
f 10198/71 10132/71 10131/71
f 10199/71 10186/71 10185/71
f 10201/71 10208/71 10202/71
f 10172/71 10171/71 10204/71
f 10162/71 10164/71 10206/71
f 10207/71 10215/71 10208/71
f 10209/71 10802/71 10210/71
f 10203/71 10204/71 10211/71
f 10213/71 10205/71 10206/71
f 10207/71 10218/71 10214/71
f 10217/71 10213/71 10212/71
f 10218/71 10225/71 10219/71
f 10221/71 10227/71 10222/71
f 10223/71 10229/71 10141/71
f 10225/71 10233/71 10226/71
f 10135/71 10136/71 10227/71
f 10228/71 10284/71 10229/71
f 10230/71 10273/71 10231/71
f 10233/71 10243/71 10234/71
f 10149/71 10148/71 10235/71
f 10236/71 10247/71 10237/71
f 10238/71 10249/71 10239/71
f 10241/71 10269/71 10242/71
f 10243/71 10246/71 10244/71
f 10245/71 10253/71 10244/71
f 10247/71 10128/71 10130/71
f 10238/71 10257/71 10248/71
f 10251/71 10144/71 10252/71
f 10143/71 10145/71 10253/71
f 10254/71 10116/71 10255/71
f 10257/71 10259/71 10258/71
f 10200/71 10217/71 10216/71
f 10151/71 10167/71 10166/71
f 10259/71 10261/71 10260/71
f 10261/71 10263/71 10262/71
f 10263/71 10280/71 10264/71
f 10232/71 10231/71 10265/71
f 10267/71 10803/71 10268/71
f 10251/71 10250/71 10269/71
f 10156/71 10158/71 10270/71
f 10220/71 10222/71 10272/71
f 10197/71 10266/71 10265/71
f 10240/71 10239/71 10273/71
f 10275/71 10287/71 10276/71
f 10153/71 10155/71 10277/71
f 10278/71 10803/71 10267/71
f 10279/71 10283/71 10264/71
f 10142/71 10275/71 10274/71
f 10281/71 10802/71 10209/71
f 10168/71 10176/71 10177/71
f 10254/71 10256/71 10283/71
f 10175/71 10174/71 10284/71
f 10178/71 10180/71 10122/71
f 10170/71 10169/71 10286/71
f 10287/71 10271/71 10272/71
f 10288/71 10290/71 10289/71
f 10290/71 10424/71 10291/71
f 10293/71 10224/71 10294/71
f 10296/71 10228/71 10223/71
f 10297/71 10298/71 10247/71
f 10298/71 10425/71 10128/71
f 10299/71 10451/71 10116/71
f 10300/71 10408/71 10301/71
f 10302/71 10449/71 10303/71
f 10305/71 10270/71 10158/71
f 10307/71 10442/71 10240/71
f 10308/71 10299/71 10279/71
f 10309/71 10448/71 10276/71
f 10310/71 10167/71 10311/71
f 10313/71 10302/71 10304/71
f 10315/71 10471/71 10316/71
f 10318/71 10428/71 10319/71
f 10306/71 10158/71 10211/71
f 10322/71 10117/71 10175/71
f 10324/71 10325/71 10188/71
f 10325/71 10292/71 10187/71
f 10326/71 10139/71 10270/71
f 10327/71 10318/71 10320/71
f 10329/71 10435/71 10330/71
f 10331/71 10330/71 10332/71
f 10334/71 10222/71 10227/71
f 10335/71 10227/71 10136/71
f 10337/71 10422/71 10338/71
f 10339/71 10338/71 10340/71
f 10341/71 10340/71 10342/71
f 10343/71 10342/71 10344/71
f 10345/71 10344/71 10346/71
f 10348/71 10436/71 10349/71
f 10351/71 10267/71 10189/71
f 10315/71 10317/71 10353/71
f 10355/71 10186/71 10356/71
f 10358/71 10456/71 10170/71
f 10359/71 10360/71 10133/71
f 10360/71 10458/71 10183/71
f 10362/71 10148/71 10150/71
f 10357/71 10356/71 10363/71
f 10364/71 10363/71 10365/71
f 10367/71 10440/71 10224/71
f 10369/71 10180/71 10277/71
f 10371/71 10193/71 10165/71
f 10371/71 10373/71 10201/71
f 10372/71 10207/71 10201/71
f 10372/71 10374/71 10218/71
f 10374/71 10375/71 10225/71
f 10375/71 10376/71 10233/71
f 10376/71 10377/71 10243/71
f 10377/71 10468/71 10246/71
f 10378/71 10250/71 10252/71
f 10379/71 10470/71 10380/71
f 10381/71 10380/71 10382/71
f 10383/71 10382/71 10384/71
f 10386/71 10419/71 10387/71
f 10389/71 10460/71 10390/71
f 10370/71 10277/71 10155/71
f 10393/71 10457/71 10176/71
f 10394/71 10122/71 10180/71
f 10394/71 10396/71 10120/71
f 10395/71 10131/71 10120/71
f 10397/71 10388/71 10387/71
f 10392/71 10155/71 10235/71
f 10400/71 10164/71 10192/71
f 10402/71 10413/71 10403/71
f 10405/71 10415/71 10406/71
f 10408/71 10405/71 10407/71
f 10401/71 10192/71 10242/71
f 10410/71 10206/71 10164/71
f 10410/71 10412/71 10212/71
f 10411/71 10216/71 10212/71
f 10413/71 10418/71 10414/71
f 10415/71 10402/71 10404/71
f 10409/71 10242/71 10269/71
f 10417/71 10467/71 10414/71
f 10386/71 10347/71 10346/71
f 10420/71 10455/71 10266/71
f 10337/71 10423/71 10266/71
f 10424/71 10327/71 10328/71
f 10292/71 10430/71 10173/71
f 10296/71 10323/71 10175/71
f 10322/71 10297/71 10236/71
f 10425/71 10324/71 10181/71
f 10326/71 10427/71 10137/71
f 10426/71 10146/71 10137/71
f 10426/71 10288/71 10151/71
f 10428/71 10354/71 10353/71
f 10429/71 10171/71 10173/71
f 10295/71 10294/71 10431/71
f 10432/71 10431/71 10433/71
f 10434/71 10433/71 10435/71
f 10348/71 10333/71 10332/71
f 10437/71 10204/71 10171/71
f 10321/71 10211/71 10204/71
f 10438/71 10313/71 10314/71
f 10367/71 10438/71 10439/71
f 10307/71 10230/71 10232/71
f 10441/71 10238/71 10240/71
f 10441/71 10443/71 10257/71
f 10443/71 10444/71 10259/71
f 10444/71 10445/71 10261/71
f 10445/71 10446/71 10263/71
f 10446/71 10308/71 10280/71
f 10309/71 10272/71 10222/71
f 10447/71 10274/71 10276/71
f 10447/71 10368/71 10140/71
f 10449/71 10350/71 10349/71
f 10450/71 10114/71 10116/71
f 10452/71 10127/71 10114/71
f 10336/71 10136/71 10127/71
f 10453/71 10397/71 10398/71
f 10420/71 10389/71 10391/71
f 10358/71 10159/71 10161/71
f 10393/71 10168/71 10170/71
f 10457/71 10359/71 10123/71
f 10458/71 10459/71 10190/71
f 10459/71 10352/71 10189/71
f 10395/71 10421/71 10197/71
f 10460/71 10453/71 10454/71
f 10366/71 10365/71 10461/71
f 10462/71 10461/71 10463/71
f 10464/71 10463/71 10465/71
f 10417/71 10466/71 10465/71
f 10399/71 10235/71 10148/71
f 10468/71 10469/71 10245/71
f 10361/71 10143/71 10245/71
f 10411/71 10300/71 10199/71
f 10312/71 10311/71 10470/71
f 10385/71 10384/71 10316/71
f 10416/71 10269/71 10250/71
f 10472/71 10255/71 10115/71
f 10118/71 10535/71 10474/71
f 10475/71 10285/71 10121/71
f 10124/71 10481/71 10477/71
f 10478/71 10473/71 10115/71
f 10129/71 10505/71 10479/71
f 10476/71 10121/71 10132/71
f 10134/71 10506/71 10481/71
f 10482/71 10478/71 10126/71
f 10483/71 10195/71 10138/71
f 10141/71 10526/71 10485/71
f 10144/71 10543/71 10486/71
f 10484/71 10138/71 10147/71
f 10488/71 10278/71 10149/71
f 10487/71 10147/71 10152/71
f 10491/71 10534/71 10154/71
f 10492/71 10521/71 10157/71
f 10160/71 10286/71 10494/71
f 10495/71 10512/71 10163/71
f 10166/71 10194/71 10497/71
f 10169/71 10282/71 10499/71
f 10500/71 10281/71 10172/71
f 10174/71 10119/71 10474/71
f 10125/71 10477/71 10503/71
f 10504/71 10557/71 10179/71
f 10182/71 10508/71 10505/71
f 10184/71 10510/71 10506/71
f 10185/71 10160/71 10493/71
f 10182/71 10210/71 10509/71
f 10184/71 10268/71 10511/71
f 10512/71 10538/71 10191/71
f 10194/71 10202/71 10513/71
f 10483/71 10553/71 10196/71
f 10480/71 10132/71 10198/71
f 10185/71 10507/71 10515/71
f 10202/71 10208/71 10516/71
f 10517/71 10501/71 10172/71
f 10518/71 10495/71 10162/71
f 10208/71 10215/71 10519/71
f 10210/71 10802/71 10520/71
f 10521/71 10517/71 10203/71
f 10518/71 10205/71 10213/71
f 10214/71 10524/71 10519/71
f 10522/71 10213/71 10217/71
f 10219/71 10528/71 10524/71
f 10525/71 10529/71 10221/71
f 10141/71 10229/71 10527/71
f 10226/71 10533/71 10528/71
f 10529/71 10482/71 10135/71
f 10229/71 10284/71 10530/71
f 10231/71 10273/71 10532/71
f 10234/71 10539/71 10533/71
f 10534/71 10489/71 10149/71
f 10237/71 10542/71 10535/71
f 10239/71 10249/71 10537/71
f 10538/71 10552/71 10241/71
f 10244/71 10540/71 10539/71
f 10244/71 10253/71 10541/71
f 10130/71 10479/71 10542/71
f 10248/71 10546/71 10537/71
f 10543/71 10144/71 10251/71
f 10253/71 10145/71 10486/71
f 10255/71 10472/71 10545/71
f 10258/71 10547/71 10546/71
f 10523/71 10217/71 10200/71
f 10166/71 10496/71 10490/71
f 10260/71 10548/71 10547/71
f 10262/71 10549/71 10548/71
f 10264/71 10558/71 10549/71
f 10265/71 10231/71 10531/71
f 10268/71 10803/71 10551/71
f 10552/71 10544/71 10251/71
f 10553/71 10492/71 10156/71
f 10554/71 10525/71 10220/71
f 10265/71 10550/71 10514/71
f 10273/71 10239/71 10536/71
f 10555/71 10287/71 10275/71
f 10557/71 10491/71 10153/71
f 10551/71 10803/71 10278/71
f 10264/71 10283/71 10559/71
f 10556/71 10275/71 10142/71
f 10520/71 10802/71 10281/71
f 10177/71 10503/71 10499/71
f 10283/71 10256/71 10545/71
f 10284/71 10174/71 10502/71
f 10475/71 10504/71 10178/71
f 10286/71 10169/71 10498/71
f 10554/71 10271/71 10287/71
f 10560/71 10563/71 10561/71
f 10562/71 10695/71 10563/71
f 10566/71 10526/71 10567/71
f 10527/71 10530/71 10568/71
f 10542/71 10570/71 10569/71
f 10479/71 10696/71 10570/71
f 10472/71 10721/71 10571/71
f 10572/71 10679/71 10573/71
f 10575/71 10720/71 10576/71
f 10492/71 10553/71 10578/71
f 10536/71 10712/71 10579/71
f 10559/71 10571/71 10580/71
f 10555/71 10718/71 10581/71
f 10583/71 10496/71 10584/71
f 10574/71 10576/71 10586/71
f 10588/71 10742/71 10589/71
f 10591/71 10699/71 10592/71
f 10521/71 10492/71 10577/71
f 10502/71 10474/71 10595/71
f 10508/71 10597/71 10596/71
f 10509/71 10564/71 10597/71
f 10553/71 10483/71 10598/71
f 10590/71 10592/71 10600/71
f 10602/71 10706/71 10603/71
f 10605/71 10602/71 10601/71
f 10529/71 10525/71 10607/71
f 10482/71 10529/71 10606/71
f 10610/71 10693/71 10611/71
f 10613/71 10610/71 10609/71
f 10615/71 10613/71 10612/71
f 10617/71 10615/71 10614/71
f 10619/71 10617/71 10616/71
f 10621/71 10707/71 10622/71
f 10625/71 10587/71 10589/71
f 10507/71 10641/71 10627/71
f 10498/71 10727/71 10628/71
f 10481/71 10630/71 10629/71
f 10506/71 10729/71 10630/71
f 10488/71 10489/71 10632/71
f 10634/71 10626/71 10627/71
f 10636/71 10634/71 10633/71
f 10526/71 10711/71 10638/71
f 10557/71 10504/71 10640/71
f 10497/71 10513/71 10642/71
f 10516/71 10643/71 10642/71
f 10516/71 10519/71 10644/71
f 10524/71 10645/71 10644/71
f 10528/71 10646/71 10645/71
f 10533/71 10647/71 10646/71
f 10539/71 10648/71 10647/71
f 10540/71 10739/71 10648/71
f 10543/71 10544/71 10649/71
f 10651/71 10741/71 10652/71
f 10654/71 10651/71 10650/71
f 10656/71 10654/71 10653/71
f 10658/71 10690/71 10659/71
f 10661/71 10731/71 10662/71
f 10491/71 10557/71 10639/71
f 10503/71 10728/71 10664/71
f 10504/71 10475/71 10665/71
f 10476/71 10666/71 10665/71
f 10476/71 10480/71 10667/71
f 10658/71 10657/71 10669/71
f 10534/71 10491/71 10663/71
f 10512/71 10495/71 10672/71
f 10674/71 10685/71 10675/71
f 10677/71 10686/71 10678/71
f 10676/71 10678/71 10679/71
f 10538/71 10512/71 10671/71
f 10495/71 10518/71 10681/71
f 10522/71 10682/71 10681/71
f 10522/71 10523/71 10683/71
f 10684/71 10688/71 10685/71
f 10673/71 10675/71 10686/71
f 10552/71 10538/71 10680/71
f 10684/71 10738/71 10689/71
f 10619/71 10618/71 10659/71
f 10550/71 10726/71 10692/71
f 10550/71 10694/71 10611/71
f 10599/71 10600/71 10695/71
f 10500/71 10700/71 10564/71
f 10502/71 10594/71 10568/71
f 10535/71 10569/71 10595/71
f 10505/71 10596/71 10696/71
f 10484/71 10697/71 10598/71
f 10484/71 10487/71 10698/71
f 10490/71 10561/71 10698/71
f 10625/71 10624/71 10699/71
f 10500/71 10501/71 10701/71
f 10703/71 10566/71 10565/71
f 10705/71 10703/71 10702/71
f 10706/71 10705/71 10704/71
f 10605/71 10604/71 10622/71
f 10501/71 10517/71 10708/71
f 10517/71 10521/71 10593/71
f 10585/71 10586/71 10710/71
f 10709/71 10710/71 10638/71
f 10531/71 10532/71 10579/71
f 10536/71 10537/71 10713/71
f 10546/71 10714/71 10713/71
f 10547/71 10715/71 10714/71
f 10548/71 10716/71 10715/71
f 10549/71 10717/71 10716/71
f 10558/71 10580/71 10717/71
f 10525/71 10554/71 10581/71
f 10555/71 10556/71 10719/71
f 10485/71 10637/71 10719/71
f 10621/71 10620/71 10720/71
f 10472/71 10473/71 10722/71
f 10473/71 10478/71 10723/71
f 10478/71 10482/71 10608/71
f 10668/71 10669/71 10725/71
f 10660/71 10662/71 10692/71
f 10493/71 10494/71 10628/71
f 10498/71 10499/71 10664/71
f 10477/71 10629/71 10728/71
f 10510/71 10730/71 10729/71
f 10511/71 10623/71 10730/71
f 10514/71 10691/71 10667/71
f 10724/71 10725/71 10731/71
f 10733/71 10636/71 10635/71
f 10735/71 10733/71 10732/71
f 10737/71 10735/71 10734/71
f 10737/71 10736/71 10689/71
f 10489/71 10534/71 10670/71
f 10541/71 10740/71 10739/71
f 10541/71 10486/71 10631/71
f 10515/71 10573/71 10683/71
f 10741/71 10583/71 10582/71
f 10588/71 10656/71 10655/71
f 10544/71 10552/71 10687/71
f 10431/72 10294/72 10566/72
f 10435/72 10706/72 10602/72
f 10330/72 10602/72 10605/72
f 10431/72 10703/72 10705/72
f 10436/72 10707/72 10621/72
f 10435/72 10433/72 10705/72
f 10332/72 10605/72 10707/72
f 10349/72 10621/72 10575/72
f 10314/72 10304/72 10574/72
f 10303/72 10575/72 10574/72
f 10314/72 10585/72 10709/72
f 10440/72 10711/72 10526/72
f 10439/72 10709/72 10711/72
f 10301/72 10407/72 10676/72
f 10301/72 10572/72 10507/72
f 10419/72 10690/72 10658/72
f 10454/72 10724/72 10661/72
f 10391/72 10390/72 10661/72
f 10291/72 10328/72 10599/72
f 10317/72 10587/72 10625/72
f 10461/72 10365/72 10636/72
f 10461/72 10733/72 10735/72
f 10167/72 10289/72 10560/72
f 10328/72 10320/72 10590/72
f 10465/72 10463/72 10735/72
f 10291/72 10562/72 10560/72
f 10465/72 10737/72 10738/72
f 10403/72 10414/72 10684/72
f 10398/72 10668/72 10724/72
f 10406/72 10404/72 10673/72
f 10391/72 10660/72 10726/72
f 10387/72 10658/72 10668/72
f 10338/72 10422/72 10693/72
f 10467/72 10738/72 10684/72
f 10317/72 10316/72 10588/72
f 10319/72 10353/72 10625/72
f 10340/72 10338/72 10610/72
f 10419/72 10346/72 10619/72
f 10319/72 10591/72 10590/72
f 10356/72 10626/72 10634/72
f 10470/72 10311/72 10583/72
f 10342/72 10340/72 10613/72
f 10380/72 10470/72 10741/72
f 10455/72 10726/72 10550/72
f 10365/72 10363/72 10634/72
f 10316/72 10384/72 10656/72
f 10403/72 10674/72 10673/72
f 10344/72 10342/72 10615/72
f 10382/72 10380/72 10651/72
f 10406/72 10677/72 10676/72
f 10346/72 10344/72 10617/72
f 10382/72 10654/72 10656/72
f 10507/72 10626/72 10356/72
f 10167/72 10496/72 10583/72
f 10224/72 10526/72 10566/72
f 10266/72 10550/72 10693/72
f 10113/69 10095/69 10743/73
f 10744/74 10109/65 10103/65
f 10103/49 10101/46 10081/48
f 10081/48 10101/46 10100/47
f 10089/48 10096/46 10098/49
f 10746/51 10096/46 10095/47
f 10747/77 10077/78 10111/78
f 10748/80 10097/80 10080/79
f 10749/33 10079/30 10094/32
f 10746/84 10079/45 10080/83
f 10074/45 10077/43 10747/44
f 10075/83 10074/45 10099/84
f 10290/129 10288/128 10426/127
f 10426/127 10427/130 10290/129
f 10427/130 10326/132 10424/131
f 10326/132 10305/134 10327/133
f 10305/134 10306/135 10327/133
f 10306/135 10321/137 10318/136
f 10321/137 10437/138 10318/136
f 10429/141 10430/140 10292/139
f 10437/138 10429/141 10428/142
f 10318/136 10437/138 10428/142
f 10427/130 10424/131 10290/129
f 10327/133 10424/131 10326/132
f 10327/133 10306/135 10318/136
f 10429/141 10292/139 10325/143
f 10325/143 10324/145 10331/144
f 10324/145 10425/147 10329/146
f 10425/147 10298/148 10329/146
f 10298/148 10297/150 10434/149
f 10329/146 10298/148 10434/149
f 10297/150 10322/151 10434/149
f 10322/151 10323/153 10432/152
f 10434/149 10322/151 10432/152
f 10323/153 10296/155 10295/154
f 10296/155 10293/156 10295/154
f 10295/154 10432/152 10323/153
f 10429/141 10325/143 10331/144
f 10324/145 10329/146 10331/144
f 10428/142 10429/141 10331/144
f 10471/159 10315/158 10354/157
f 10354/157 10428/142 10331/144
f 10471/159 10354/157 10333/160
f 10354/157 10331/144 10333/160
f 10333/160 10348/162 10350/161
f 10385/164 10471/159 10418/163
f 10471/159 10333/160 10350/161
f 10471/159 10350/161 10418/163
f 10350/161 10449/166 10347/165
f 10385/164 10418/163 10413/167
f 10310/170 10312/169 10371/168
f 10312/169 10379/172 10373/171
f 10373/171 10371/168 10312/169
f 10374/175 10372/174 10381/173
f 10372/174 10373/171 10379/172
f 10376/178 10375/177 10383/176
f 10375/177 10374/175 10381/173
f 10383/176 10375/177 10381/173
f 10468/180 10377/179 10385/164
f 10377/179 10376/178 10383/176
f 10385/164 10377/179 10383/176
f 10361/182 10469/181 10468/180
f 10409/185 10416/184 10402/183
f 10416/184 10378/186 10413/167
f 10402/183 10416/184 10413/167
f 10378/186 10361/182 10468/180
f 10372/174 10379/172 10381/173
f 10378/186 10468/180 10385/164
f 10401/187 10409/185 10402/183
f 10410/190 10400/189 10415/188
f 10400/189 10401/187 10415/188
f 10411/193 10412/192 10408/191
f 10412/192 10410/190 10405/194
f 10408/191 10300/195 10411/193
f 10405/194 10408/191 10412/192
f 10401/187 10402/183 10415/188
f 10410/190 10415/188 10405/194
f 10378/186 10385/164 10413/167
f 10418/163 10350/161 10466/196
f 10449/166 10302/198 10452/197
f 10466/196 10417/199 10418/163
f 10466/196 10350/161 10347/165
f 10347/165 10449/166 10345/200
f 10464/202 10466/196 10388/201
f 10462/204 10464/202 10458/203
f 10345/200 10449/166 10450/205
f 10438/208 10367/207 10448/206
f 10367/207 10368/210 10447/209
f 10448/206 10367/207 10447/209
f 10448/206 10309/211 10438/208
f 10309/211 10334/213 10313/212
f 10438/208 10309/211 10313/212
f 10334/213 10335/214 10313/212
f 10335/214 10336/215 10302/198
f 10336/215 10452/197 10302/198
f 10452/197 10450/205 10449/166
f 10450/205 10451/217 10308/216
f 10451/217 10299/218 10308/216
f 10308/216 10446/219 10345/200
f 10446/219 10445/221 10343/220
f 10335/214 10302/198 10313/212
f 10450/205 10308/216 10345/200
f 10446/219 10343/220 10345/200
f 10445/221 10444/222 10343/220
f 10444/222 10443/224 10341/223
f 10443/224 10441/225 10341/223
f 10441/225 10442/227 10339/226
f 10442/227 10307/229 10337/228
f 10339/226 10442/227 10337/228
f 10307/229 10423/230 10337/228
f 10341/223 10441/225 10339/226
f 10466/196 10347/165 10388/201
f 10444/222 10341/223 10343/220
f 10347/165 10386/231 10388/201
f 10366/233 10462/204 10359/232
f 10464/202 10388/201 10397/234
f 10464/202 10397/234 10459/235
f 10355/238 10357/237 10358/236
f 10357/237 10364/240 10456/239
f 10358/236 10357/237 10456/239
f 10464/202 10459/235 10458/203
f 10397/234 10453/242 10399/241
f 10362/243 10397/234 10399/241
f 10364/240 10366/233 10393/244
f 10393/244 10456/239 10364/240
f 10359/232 10457/245 10366/233
f 10457/245 10393/244 10366/233
f 10458/203 10360/246 10462/204
f 10360/246 10359/232 10462/204
f 10351/248 10352/247 10459/235
f 10397/234 10362/243 10459/235
f 10453/242 10460/250 10370/249
f 10362/243 10351/248 10459/235
f 10392/251 10399/241 10453/242
f 10369/252 10370/249 10460/250
f 10370/249 10392/251 10453/242
f 10396/85 10394/253 10389/87
f 10394/253 10369/252 10460/250
f 10389/87 10394/253 10460/250
f 10421/255 10395/254 10420/86
f 10395/254 10396/85 10420/86
f 10698/258 10561/257 10563/256
f 10563/256 10697/259 10698/258
f 10695/261 10598/260 10697/259
f 10600/263 10578/262 10598/260
f 10600/263 10577/264 10578/262
f 10592/266 10593/265 10577/264
f 10592/266 10708/267 10593/265
f 10564/270 10700/269 10701/268
f 10699/271 10701/268 10708/267
f 10699/271 10708/267 10592/266
f 10563/256 10695/261 10697/259
f 10598/260 10695/261 10600/263
f 10592/266 10577/264 10600/263
f 10597/272 10564/270 10701/268
f 10601/274 10596/273 10597/272
f 10603/276 10696/275 10596/273
f 10603/276 10570/277 10696/275
f 10704/279 10569/278 10570/277
f 10704/279 10570/277 10603/276
f 10704/279 10595/280 10569/278
f 10702/282 10594/281 10595/280
f 10702/282 10595/280 10704/279
f 10565/284 10568/283 10594/281
f 10565/284 10567/285 10568/283
f 10594/281 10702/282 10565/284
f 10601/274 10597/272 10701/268
f 10601/274 10603/276 10596/273
f 10601/274 10701/268 10699/271
f 10624/288 10589/287 10742/286
f 10601/274 10699/271 10624/288
f 10604/289 10624/288 10742/286
f 10604/289 10601/274 10624/288
f 10620/291 10622/290 10604/289
f 10688/293 10742/286 10655/292
f 10620/291 10604/289 10742/286
f 10688/293 10620/291 10742/286
f 10618/295 10720/294 10620/291
f 10685/296 10688/293 10655/292
f 10642/299 10582/298 10584/297
f 10643/301 10652/300 10582/298
f 10582/298 10642/299 10643/301
f 10650/304 10644/303 10645/302
f 10652/300 10643/301 10644/303
f 10653/307 10646/306 10647/305
f 10650/304 10645/302 10646/306
f 10650/304 10646/306 10653/307
f 10655/292 10648/309 10739/308
f 10653/307 10647/305 10648/309
f 10653/307 10648/309 10655/292
f 10739/308 10740/311 10631/310
f 10675/314 10687/313 10680/312
f 10685/296 10649/315 10687/313
f 10685/296 10687/313 10675/314
f 10739/308 10631/310 10649/315
f 10650/304 10652/300 10644/303
f 10655/292 10739/308 10649/315
f 10675/314 10680/312 10671/316
f 10686/319 10672/318 10681/317
f 10686/319 10671/316 10672/318
f 10679/322 10682/321 10683/320
f 10678/323 10681/317 10682/321
f 10683/320 10573/324 10679/322
f 10682/321 10679/322 10678/323
f 10686/319 10675/314 10671/316
f 10678/323 10686/319 10681/317
f 10685/296 10655/292 10649/315
f 10736/325 10620/291 10688/293
f 10723/327 10576/326 10720/294
f 10688/293 10689/328 10736/325
f 10618/295 10620/291 10736/325
f 10616/329 10720/294 10618/295
f 10657/331 10736/325 10734/330
f 10729/333 10734/330 10732/332
f 10722/334 10720/294 10616/329
f 10718/337 10638/336 10710/335
f 10719/339 10637/338 10638/336
f 10719/339 10638/336 10718/337
f 10710/335 10581/340 10718/337
f 10586/342 10607/341 10581/340
f 10586/342 10581/340 10710/335
f 10586/342 10606/343 10607/341
f 10576/326 10608/344 10606/343
f 10576/326 10723/327 10608/344
f 10720/294 10722/334 10723/327
f 10580/345 10721/217 10722/334
f 10580/345 10571/346 10721/217
f 10616/329 10717/347 10580/345
f 10614/349 10716/348 10717/347
f 10586/342 10576/326 10606/343
f 10616/329 10580/345 10722/334
f 10616/329 10614/349 10717/347
f 10614/349 10715/350 10716/348
f 10612/352 10714/351 10715/350
f 10612/352 10713/353 10714/351
f 10609/355 10712/354 10713/353
f 10611/357 10579/356 10712/354
f 10611/357 10712/354 10609/355
f 10611/357 10694/358 10579/356
f 10609/355 10713/353 10612/352
f 10657/331 10618/295 10736/325
f 10614/349 10612/352 10715/350
f 10657/331 10659/359 10618/295
f 10629/361 10732/332 10635/360
f 10669/90 10657/331 10734/330
f 10730/89 10669/90 10734/330
f 10628/364 10627/363 10641/362
f 10727/366 10633/365 10627/363
f 10729/333 10730/89 10734/330
f 10628/364 10727/366 10627/363
f 10664/367 10635/360 10633/365
f 10664/367 10633/365 10727/366
f 10635/360 10664/367 10728/368
f 10732/332 10629/361 10630/369
f 10635/360 10728/368 10629/361
f 10732/332 10630/369 10729/333
f 10730/89 10623/370 10632/88
f 10725/373 10670/372 10663/371
f 10669/90 10632/88 10670/372
f 10669/90 10670/372 10725/373
f 10731/376 10639/375 10640/374
f 10725/373 10663/371 10639/375
f 10662/379 10665/378 10666/377
f 10731/376 10640/374 10665/378
f 10731/376 10665/378 10662/379
f 10692/382 10667/381 10691/380
f 10692/382 10666/377 10667/381
f 10666/377 10692/382 10662/379
f 10731/376 10725/373 10639/375
f 10750/93 10062/383 10064/92
f 10066/96 10090/384 10751/95
f 10067/94 10751/95 10750/93
f 10755/101 10110/115 10757/103
f 10753/97 10772/385 10108/104
f 10758/107 10772/386 10753/106
f 10758/107 10752/105 10756/109
f 10754/100 10108/104 10759/111
f 10749/99 10762/113 10761/112
f 10754/100 10760/110 10762/113
f 10110/103 10755/102 10761/112
f 10764/100 10769/99 10765/113
f 10110/103 10763/114 10767/112
f 10769/99 10768/102 10767/112
f 10764/100 10766/110 10759/111
f 10758/107 10773/105 10771/109
f 10757/104 10110/385 10768/97
f 10771/101 10764/102 10108/103
f 10758/107 10757/386 10770/106
f 10774/116 10784/116 10775/116
f 10777/116 10786/116 10778/117
f 10780/117 10804/117 10781/116
f 10783/118 10788/118 10784/116
f 10785/118 10789/118 10786/116
f 10783/118 10790/118 10787/118
f 10776/118 10775/118 10789/118
f 10782/116 10781/116 10787/118
f 10093/77 10112/77 10111/78
f 10745/73 10100/69 10113/69
f 10100/69 10747/70 10112/70
f 10094/67 10111/67 10110/68
f 10748/80 10107/79 10075/79
f 10098/65 10109/65 10744/74
f 10097/66 10748/66 10109/65
f 10107/64 10108/63 10073/63
f 10082/37 10745/120 10069/75
f 10087/37 10744/119 10105/75
f 10791/123 10805/126 10792/122
f 10794/123 10806/125 10795/124
f 10797/125 10791/123 10793/121
f 10799/126 10794/123 10796/121
f 10807/918 10808/918 10809/918
f 10810/918 10811/918 10812/918
f 10809/918 10813/918 10807/918
f 10811/918 10810/918 10814/918
f 10812/918 10811/918 10809/918
f 10812/918 10809/918 10808/918
f 10811/918 10814/918 10813/918
f 10811/918 10813/918 10809/918
f 10814/918 10810/918 10807/918
f 10814/918 10807/918 10813/918
f 10810/918 10812/918 10808/918
f 10810/918 10808/918 10807/918
f 10815/918 10816/918 10817/918
f 10818/918 10819/918 10820/918
f 10817/918 10821/918 10815/918
f 10819/918 10818/918 10822/918
f 10820/918 10819/918 10817/918
f 10820/918 10817/918 10816/918
f 10819/918 10822/918 10821/918
f 10819/918 10821/918 10817/918
f 10822/918 10818/918 10815/918
f 10822/918 10815/918 10821/918
f 10818/918 10820/918 10816/918
f 10818/918 10816/918 10815/918
f 10823/918 10824/918 10825/918
f 10823/918 10825/918 10826/918
f 10827/918 10828/918 10829/918
f 10827/918 10829/918 10830/918
f 10824/918 10827/918 10830/918
f 10824/918 10830/918 10825/918
f 10828/918 10823/918 10826/918
f 10828/918 10826/918 10829/918
f 10826/918 10825/918 10831/918
f 10826/918 10831/918 10832/918
f 10830/918 10829/918 10833/918
f 10830/918 10833/918 10834/918
f 10825/918 10830/918 10834/918
f 10825/918 10834/918 10831/918
f 10829/918 10826/918 10832/918
f 10829/918 10832/918 10833/918
f 10832/918 10831/918 10835/918
f 10832/918 10835/918 10836/918
f 10834/918 10833/918 10837/918
f 10834/918 10837/918 10838/918
f 10831/918 10834/918 10838/918
f 10831/918 10838/918 10835/918
f 10833/918 10832/918 10836/918
f 10833/918 10836/918 10837/918
f 10836/918 10835/918 10839/918
f 10836/918 10839/918 10840/918
f 10838/918 10837/918 10841/918
f 10838/918 10841/918 10842/918
f 10835/918 10838/918 10842/918
f 10835/918 10842/918 10839/918
f 10837/918 10836/918 10840/918
f 10837/918 10840/918 10841/918
f 10840/918 10839/918 10843/918
f 10840/918 10843/918 10844/918
f 10842/918 10841/918 10845/918
f 10842/918 10845/918 10846/918
f 10839/918 10842/918 10846/918
f 10839/918 10846/918 10843/918
f 10841/918 10840/918 10844/918
f 10841/918 10844/918 10845/918
f 10844/918 10843/918 10847/918
f 10844/918 10847/918 10848/918
f 10846/918 10845/918 10849/918
f 10846/918 10849/918 10850/918
f 10843/918 10846/918 10850/918
f 10843/918 10850/918 10847/918
f 10845/918 10844/918 10848/918
f 10845/918 10848/918 10849/918
f 10848/918 10847/918 10851/918
f 10848/918 10851/918 10852/918
f 10850/918 10849/918 10853/918
f 10850/918 10853/918 10854/918
f 10847/918 10850/918 10854/918
f 10847/918 10854/918 10851/918
f 10849/918 10848/918 10852/918
f 10849/918 10852/918 10853/918
f 10852/918 10851/918 10855/918
f 10852/918 10855/918 10856/918
f 10854/918 10853/918 10857/918
f 10854/918 10857/918 10858/918
f 10851/918 10854/918 10858/918
f 10851/918 10858/918 10855/918
f 10853/918 10852/918 10856/918
f 10853/918 10856/918 10857/918
f 10856/918 10855/918 10859/918
f 10856/918 10859/918 10860/918
f 10858/918 10857/918 10861/918
f 10858/918 10861/918 10862/918
f 10855/918 10858/918 10862/918
f 10855/918 10862/918 10859/918
f 10857/918 10856/918 10860/918
f 10857/918 10860/918 10861/918
f 10860/918 10859/918 10863/918
f 10860/918 10863/918 10864/918
f 10862/918 10861/918 10865/918
f 10862/918 10865/918 10866/918
f 10859/918 10862/918 10866/918
f 10859/918 10866/918 10863/918
f 10861/918 10860/918 10864/918
f 10861/918 10864/918 10865/918
f 10864/918 10863/918 10867/918
f 10864/918 10867/918 10868/918
f 10866/918 10865/918 10869/918
f 10866/918 10869/918 10870/918
f 10863/918 10866/918 10870/918
f 10863/918 10870/918 10867/918
f 10865/918 10864/918 10868/918
f 10865/918 10868/918 10869/918
f 10868/918 10867/918 10824/918
f 10868/918 10824/918 10823/918
f 10870/918 10869/918 10828/918
f 10870/918 10828/918 10827/918
f 10867/918 10870/918 10827/918
f 10867/918 10827/918 10824/918
f 10869/918 10868/918 10823/918
f 10869/918 10823/918 10828/918
f 10871/918 10872/918 10873/918
f 10871/918 10873/918 10874/918
f 10875/918 10876/918 10877/918
f 10875/918 10877/918 10878/918
f 10872/918 10875/918 10878/918
f 10872/918 10878/918 10873/918
f 10876/918 10871/918 10874/918
f 10876/918 10874/918 10877/918
f 10874/918 10873/918 10879/918
f 10874/918 10879/918 10880/918
f 10878/918 10877/918 10881/918
f 10878/918 10881/918 10882/918
f 10873/918 10878/918 10882/918
f 10873/918 10882/918 10879/918
f 10877/918 10874/918 10880/918
f 10877/918 10880/918 10881/918
f 10880/918 10879/918 10883/918
f 10880/918 10883/918 10884/918
f 10882/918 10881/918 10885/918
f 10882/918 10885/918 10886/918
f 10879/918 10882/918 10886/918
f 10879/918 10886/918 10883/918
f 10881/918 10880/918 10884/918
f 10881/918 10884/918 10885/918
f 10884/918 10883/918 10887/918
f 10884/918 10887/918 10888/918
f 10886/918 10885/918 10889/918
f 10886/918 10889/918 10890/918
f 10883/918 10886/918 10890/918
f 10883/918 10890/918 10887/918
f 10885/918 10884/918 10888/918
f 10885/918 10888/918 10889/918
f 10888/918 10887/918 10891/918
f 10888/918 10891/918 10892/918
f 10890/918 10889/918 10893/918
f 10890/918 10893/918 10894/918
f 10887/918 10890/918 10894/918
f 10887/918 10894/918 10891/918
f 10889/918 10888/918 10892/918
f 10889/918 10892/918 10893/918
f 10892/918 10891/918 10895/918
f 10892/918 10895/918 10896/918
f 10894/918 10893/918 10897/918
f 10894/918 10897/918 10898/918
f 10891/918 10894/918 10898/918
f 10891/918 10898/918 10895/918
f 10893/918 10892/918 10896/918
f 10893/918 10896/918 10897/918
f 10896/918 10895/918 10899/918
f 10896/918 10899/918 10900/918
f 10898/918 10897/918 10901/918
f 10898/918 10901/918 10902/918
f 10895/918 10898/918 10902/918
f 10895/918 10902/918 10899/918
f 10897/918 10896/918 10900/918
f 10897/918 10900/918 10901/918
f 10900/918 10899/918 10903/918
f 10900/918 10903/918 10904/918
f 10902/918 10901/918 10905/918
f 10902/918 10905/918 10906/918
f 10899/918 10902/918 10906/918
f 10899/918 10906/918 10903/918
f 10901/918 10900/918 10904/918
f 10901/918 10904/918 10905/918
f 10904/918 10903/918 10907/918
f 10904/918 10907/918 10908/918
f 10906/918 10905/918 10909/918
f 10906/918 10909/918 10910/918
f 10903/918 10906/918 10910/918
f 10903/918 10910/918 10907/918
f 10905/918 10904/918 10908/918
f 10905/918 10908/918 10909/918
f 10908/918 10907/918 10911/918
f 10908/918 10911/918 10912/918
f 10910/918 10909/918 10913/918
f 10910/918 10913/918 10914/918
f 10907/918 10910/918 10914/918
f 10907/918 10914/918 10911/918
f 10909/918 10908/918 10912/918
f 10909/918 10912/918 10913/918
f 10912/918 10911/918 10915/918
f 10912/918 10915/918 10916/918
f 10914/918 10913/918 10917/918
f 10914/918 10917/918 10918/918
f 10911/918 10914/918 10918/918
f 10911/918 10918/918 10915/918
f 10913/918 10912/918 10916/918
f 10913/918 10916/918 10917/918
f 10916/918 10915/918 10872/918
f 10916/918 10872/918 10871/918
f 10918/918 10917/918 10876/918
f 10918/918 10876/918 10875/918
f 10915/918 10918/918 10875/918
f 10915/918 10875/918 10872/918
f 10917/918 10916/918 10871/918
f 10917/918 10871/918 10876/918
f 10919/918 10920/918 10921/918
f 10919/918 10921/918 10922/918
f 10923/918 10924/918 10925/918
f 10923/918 10925/918 10926/918
f 10920/918 10923/918 10926/918
f 10920/918 10926/918 10921/918
f 10924/918 10919/918 10922/918
f 10924/918 10922/918 10925/918
f 10922/918 10921/918 10927/918
f 10922/918 10927/918 10928/918
f 10926/918 10925/918 10929/918
f 10926/918 10929/918 10930/918
f 10921/918 10926/918 10930/918
f 10921/918 10930/918 10927/918
f 10925/918 10922/918 10928/918
f 10925/918 10928/918 10929/918
f 10928/918 10927/918 10931/918
f 10928/918 10931/918 10932/918
f 10930/918 10929/918 10933/918
f 10930/918 10933/918 10934/918
f 10927/918 10930/918 10934/918
f 10927/918 10934/918 10931/918
f 10929/918 10928/918 10932/918
f 10929/918 10932/918 10933/918
f 10932/918 10931/918 10935/918
f 10932/918 10935/918 10936/918
f 10934/918 10933/918 10937/918
f 10934/918 10937/918 10938/918
f 10931/918 10934/918 10938/918
f 10931/918 10938/918 10935/918
f 10933/918 10932/918 10936/918
f 10933/918 10936/918 10937/918
f 10936/918 10935/918 10939/918
f 10936/918 10939/918 10940/918
f 10938/918 10937/918 10941/918
f 10938/918 10941/918 10942/918
f 10935/918 10938/918 10942/918
f 10935/918 10942/918 10939/918
f 10937/918 10936/918 10940/918
f 10937/918 10940/918 10941/918
f 10940/918 10939/918 10943/918
f 10940/918 10943/918 10944/918
f 10942/918 10941/918 10945/918
f 10942/918 10945/918 10946/918
f 10939/918 10942/918 10946/918
f 10939/918 10946/918 10943/918
f 10941/918 10940/918 10944/918
f 10941/918 10944/918 10945/918
f 10944/918 10943/918 10947/918
f 10944/918 10947/918 10948/918
f 10946/918 10945/918 10949/918
f 10946/918 10949/918 10950/918
f 10943/918 10946/918 10950/918
f 10943/918 10950/918 10947/918
f 10945/918 10944/918 10948/918
f 10945/918 10948/918 10949/918
f 10948/918 10947/918 10951/918
f 10948/918 10951/918 10952/918
f 10950/918 10949/918 10953/918
f 10950/918 10953/918 10954/918
f 10947/918 10950/918 10954/918
f 10947/918 10954/918 10951/918
f 10949/918 10948/918 10952/918
f 10949/918 10952/918 10953/918
f 10952/918 10951/918 10955/918
f 10952/918 10955/918 10956/918
f 10954/918 10953/918 10957/918
f 10954/918 10957/918 10958/918
f 10951/918 10954/918 10958/918
f 10951/918 10958/918 10955/918
f 10953/918 10952/918 10956/918
f 10953/918 10956/918 10957/918
f 10956/918 10955/918 10959/918
f 10956/918 10959/918 10960/918
f 10958/918 10957/918 10961/918
f 10958/918 10961/918 10962/918
f 10955/918 10958/918 10962/918
f 10955/918 10962/918 10959/918
f 10957/918 10956/918 10960/918
f 10957/918 10960/918 10961/918
f 10960/918 10959/918 10963/918
f 10960/918 10963/918 10964/918
f 10962/918 10961/918 10965/918
f 10962/918 10965/918 10966/918
f 10959/918 10962/918 10966/918
f 10959/918 10966/918 10963/918
f 10961/918 10960/918 10964/918
f 10961/918 10964/918 10965/918
f 10964/918 10963/918 10920/918
f 10964/918 10920/918 10919/918
f 10966/918 10965/918 10924/918
f 10966/918 10924/918 10923/918
f 10963/918 10966/918 10923/918
f 10963/918 10923/918 10920/918
f 10965/918 10964/918 10919/918
f 10965/918 10919/918 10924/918
f 10967/918 10968/918 10969/918
f 10967/918 10969/918 10970/918
f 10971/918 10972/918 10973/918
f 10971/918 10973/918 10974/918
f 10968/918 10971/918 10974/918
f 10968/918 10974/918 10969/918
f 10972/918 10967/918 10970/918
f 10972/918 10970/918 10973/918
f 10970/918 10969/918 10975/918
f 10970/918 10975/918 10976/918
f 10974/918 10973/918 10977/918
f 10974/918 10977/918 10978/918
f 10969/918 10974/918 10978/918
f 10969/918 10978/918 10975/918
f 10973/918 10970/918 10976/918
f 10973/918 10976/918 10977/918
f 10976/918 10975/918 10979/918
f 10976/918 10979/918 10980/918
f 10978/918 10977/918 10981/918
f 10978/918 10981/918 10982/918
f 10975/918 10978/918 10982/918
f 10975/918 10982/918 10979/918
f 10977/918 10976/918 10980/918
f 10977/918 10980/918 10981/918
f 10980/918 10979/918 10983/918
f 10980/918 10983/918 10984/918
f 10982/918 10981/918 10985/918
f 10982/918 10985/918 10986/918
f 10979/918 10982/918 10986/918
f 10979/918 10986/918 10983/918
f 10981/918 10980/918 10984/918
f 10981/918 10984/918 10985/918
f 10984/918 10983/918 10987/918
f 10984/918 10987/918 10988/918
f 10986/918 10985/918 10989/918
f 10986/918 10989/918 10990/918
f 10983/918 10986/918 10990/918
f 10983/918 10990/918 10987/918
f 10985/918 10984/918 10988/918
f 10985/918 10988/918 10989/918
f 10988/918 10987/918 10991/918
f 10988/918 10991/918 10992/918
f 10990/918 10989/918 10993/918
f 10990/918 10993/918 10994/918
f 10987/918 10990/918 10994/918
f 10987/918 10994/918 10991/918
f 10989/918 10988/918 10992/918
f 10989/918 10992/918 10993/918
f 10992/918 10991/918 10995/918
f 10992/918 10995/918 10996/918
f 10994/918 10993/918 10997/918
f 10994/918 10997/918 10998/918
f 10991/918 10994/918 10998/918
f 10991/918 10998/918 10995/918
f 10993/918 10992/918 10996/918
f 10993/918 10996/918 10997/918
f 10996/918 10995/918 10999/918
f 10996/918 10999/918 11000/918
f 10998/918 10997/918 11001/918
f 10998/918 11001/918 11002/918
f 10995/918 10998/918 11002/918
f 10995/918 11002/918 10999/918
f 10997/918 10996/918 11000/918
f 10997/918 11000/918 11001/918
f 11000/918 10999/918 11003/918
f 11000/918 11003/918 11004/918
f 11002/918 11001/918 11005/918
f 11002/918 11005/918 11006/918
f 10999/918 11002/918 11006/918
f 10999/918 11006/918 11003/918
f 11001/918 11000/918 11004/918
f 11001/918 11004/918 11005/918
f 11004/918 11003/918 11007/918
f 11004/918 11007/918 11008/918
f 11006/918 11005/918 11009/918
f 11006/918 11009/918 11010/918
f 11003/918 11006/918 11010/918
f 11003/918 11010/918 11007/918
f 11005/918 11004/918 11008/918
f 11005/918 11008/918 11009/918
f 11008/918 11007/918 11011/918
f 11008/918 11011/918 11012/918
f 11010/918 11009/918 11013/918
f 11010/918 11013/918 11014/918
f 11007/918 11010/918 11014/918
f 11007/918 11014/918 11011/918
f 11009/918 11008/918 11012/918
f 11009/918 11012/918 11013/918
f 11012/918 11011/918 10968/918
f 11012/918 10968/918 10967/918
f 11014/918 11013/918 10972/918
f 11014/918 10972/918 10971/918
f 11011/918 11014/918 10971/918
f 11011/918 10971/918 10968/918
f 11013/918 11012/918 10967/918
f 11013/918 10967/918 10972/918
f 11015/918 11016/918 11017/918
f 11018/918 11019/918 11020/918
f 11017/918 11021/918 11015/918
f 11019/918 11018/918 11022/918
f 11020/918 11019/918 11017/918
f 11020/918 11017/918 11016/918
f 11019/918 11022/918 11021/918
f 11019/918 11021/918 11017/918
f 11022/918 11018/918 11015/918
f 11022/918 11015/918 11021/918
f 11018/918 11020/918 11016/918
f 11018/918 11016/918 11015/918
f 11023/920 11024/920 11025/920
f 11026/920 11027/920 11028/920
f 11026/920 11028/920 11024/920
f 11026/920 11024/920 11023/920
f 11028/920 11027/920 11025/920
f 11028/920 11025/920 11024/920
f 11027/920 11026/920 11023/920
f 11027/920 11023/920 11025/920
f 11029/918 11030/918 11031/918
f 11032/918 11033/918 11034/918
f 11031/918 11035/918 11029/918
f 11033/918 11032/918 11036/918
f 11034/918 11033/918 11031/918
f 11034/918 11031/918 11030/918
f 11033/918 11036/918 11035/918
f 11033/918 11035/918 11031/918
f 11036/918 11032/918 11029/918
f 11036/918 11029/918 11035/918
f 11032/918 11034/918 11030/918
f 11032/918 11030/918 11029/918
f 11037/920 11038/920 11039/920
f 11040/920 11041/920 11042/920
f 11040/920 11042/920 11038/920
f 11040/920 11038/920 11037/920
f 11042/920 11041/920 11039/920
f 11042/920 11039/920 11038/920
f 11041/920 11040/920 11037/920
f 11041/920 11037/920 11039/920
f 11043/919 11044/919 11045/919
f 11043/919 11045/919 11046/919
f 11047/919 11048/919 11049/919
f 11047/919 11049/919 11050/919
f 11044/919 11047/919 11050/919
f 11044/919 11050/919 11045/919
f 11048/919 11043/919 11046/919
f 11048/919 11046/919 11049/919
f 11046/919 11045/919 11051/919
f 11046/919 11051/919 11052/919
f 11050/919 11049/919 11053/919
f 11050/919 11053/919 11054/919
f 11045/919 11050/919 11054/919
f 11045/919 11054/919 11051/919
f 11049/919 11046/919 11052/919
f 11049/919 11052/919 11053/919
f 11052/919 11051/919 11055/919
f 11052/919 11055/919 11056/919
f 11054/919 11053/919 11057/919
f 11054/919 11057/919 11058/919
f 11051/919 11054/919 11058/919
f 11051/919 11058/919 11055/919
f 11053/919 11052/919 11056/919
f 11053/919 11056/919 11057/919
f 11056/919 11055/919 11059/919
f 11056/919 11059/919 11060/919
f 11058/919 11057/919 11061/919
f 11058/919 11061/919 11062/919
f 11055/919 11058/919 11062/919
f 11055/919 11062/919 11059/919
f 11057/919 11056/919 11060/919
f 11057/919 11060/919 11061/919
f 11060/919 11059/919 11063/919
f 11060/919 11063/919 11064/919
f 11062/919 11061/919 11065/919
f 11062/919 11065/919 11066/919
f 11059/919 11062/919 11066/919
f 11059/919 11066/919 11063/919
f 11061/919 11060/919 11064/919
f 11061/919 11064/919 11065/919
f 11064/919 11063/919 11067/919
f 11064/919 11067/919 11068/919
f 11066/919 11065/919 11069/919
f 11066/919 11069/919 11070/919
f 11063/919 11066/919 11070/919
f 11063/919 11070/919 11067/919
f 11065/919 11064/919 11068/919
f 11065/919 11068/919 11069/919
f 11068/919 11067/919 11071/919
f 11068/919 11071/919 11072/919
f 11070/919 11069/919 11073/919
f 11070/919 11073/919 11074/919
f 11067/919 11070/919 11074/919
f 11067/919 11074/919 11071/919
f 11069/919 11068/919 11072/919
f 11069/919 11072/919 11073/919
f 11072/919 11071/919 11075/919
f 11072/919 11075/919 11076/919
f 11074/919 11073/919 11077/919
f 11074/919 11077/919 11078/919
f 11071/919 11074/919 11078/919
f 11071/919 11078/919 11075/919
f 11073/919 11072/919 11076/919
f 11073/919 11076/919 11077/919
f 11076/919 11075/919 11079/919
f 11076/919 11079/919 11080/919
f 11078/919 11077/919 11081/919
f 11078/919 11081/919 11082/919
f 11075/919 11078/919 11082/919
f 11075/919 11082/919 11079/919
f 11077/919 11076/919 11080/919
f 11077/919 11080/919 11081/919
f 11080/919 11079/919 11083/919
f 11080/919 11083/919 11084/919
f 11082/919 11081/919 11085/919
f 11082/919 11085/919 11086/919
f 11079/919 11082/919 11086/919
f 11079/919 11086/919 11083/919
f 11081/919 11080/919 11084/919
f 11081/919 11084/919 11085/919
f 11084/919 11083/919 11087/919
f 11084/919 11087/919 11088/919
f 11086/919 11085/919 11089/919
f 11086/919 11089/919 11090/919
f 11083/919 11086/919 11090/919
f 11083/919 11090/919 11087/919
f 11085/919 11084/919 11088/919
f 11085/919 11088/919 11089/919
f 11088/919 11087/919 11044/919
f 11088/919 11044/919 11043/919
f 11090/919 11089/919 11048/919
f 11090/919 11048/919 11047/919
f 11087/919 11090/919 11047/919
f 11087/919 11047/919 11044/919
f 11089/919 11088/919 11043/919
f 11089/919 11043/919 11048/919
f 11091/919 11092/919 11093/919
f 11091/919 11093/919 11094/919
f 11095/919 11096/919 11097/919
f 11095/919 11097/919 11098/919
f 11092/919 11095/919 11098/919
f 11092/919 11098/919 11093/919
f 11096/919 11091/919 11094/919
f 11096/919 11094/919 11097/919
f 11094/919 11093/919 11099/919
f 11094/919 11099/919 11100/919
f 11098/919 11097/919 11101/919
f 11098/919 11101/919 11102/919
f 11093/919 11098/919 11102/919
f 11093/919 11102/919 11099/919
f 11097/919 11094/919 11100/919
f 11097/919 11100/919 11101/919
f 11100/919 11099/919 11103/919
f 11100/919 11103/919 11104/919
f 11102/919 11101/919 11105/919
f 11102/919 11105/919 11106/919
f 11099/919 11102/919 11106/919
f 11099/919 11106/919 11103/919
f 11101/919 11100/919 11104/919
f 11101/919 11104/919 11105/919
f 11104/919 11103/919 11107/919
f 11104/919 11107/919 11108/919
f 11106/919 11105/919 11109/919
f 11106/919 11109/919 11110/919
f 11103/919 11106/919 11110/919
f 11103/919 11110/919 11107/919
f 11105/919 11104/919 11108/919
f 11105/919 11108/919 11109/919
f 11108/919 11107/919 11111/919
f 11108/919 11111/919 11112/919
f 11110/919 11109/919 11113/919
f 11110/919 11113/919 11114/919
f 11107/919 11110/919 11114/919
f 11107/919 11114/919 11111/919
f 11109/919 11108/919 11112/919
f 11109/919 11112/919 11113/919
f 11112/919 11111/919 11115/919
f 11112/919 11115/919 11116/919
f 11114/919 11113/919 11117/919
f 11114/919 11117/919 11118/919
f 11111/919 11114/919 11118/919
f 11111/919 11118/919 11115/919
f 11113/919 11112/919 11116/919
f 11113/919 11116/919 11117/919
f 11116/919 11115/919 11119/919
f 11116/919 11119/919 11120/919
f 11118/919 11117/919 11121/919
f 11118/919 11121/919 11122/919
f 11115/919 11118/919 11122/919
f 11115/919 11122/919 11119/919
f 11117/919 11116/919 11120/919
f 11117/919 11120/919 11121/919
f 11120/919 11119/919 11123/919
f 11120/919 11123/919 11124/919
f 11122/919 11121/919 11125/919
f 11122/919 11125/919 11126/919
f 11119/919 11122/919 11126/919
f 11119/919 11126/919 11123/919
f 11121/919 11120/919 11124/919
f 11121/919 11124/919 11125/919
f 11124/919 11123/919 11127/919
f 11124/919 11127/919 11128/919
f 11126/919 11125/919 11129/919
f 11126/919 11129/919 11130/919
f 11123/919 11126/919 11130/919
f 11123/919 11130/919 11127/919
f 11125/919 11124/919 11128/919
f 11125/919 11128/919 11129/919
f 11128/919 11127/919 11131/919
f 11128/919 11131/919 11132/919
f 11130/919 11129/919 11133/919
f 11130/919 11133/919 11134/919
f 11127/919 11130/919 11134/919
f 11127/919 11134/919 11131/919
f 11129/919 11128/919 11132/919
f 11129/919 11132/919 11133/919
f 11132/919 11131/919 11135/919
f 11132/919 11135/919 11136/919
f 11134/919 11133/919 11137/919
f 11134/919 11137/919 11138/919
f 11131/919 11134/919 11138/919
f 11131/919 11138/919 11135/919
f 11133/919 11132/919 11136/919
f 11133/919 11136/919 11137/919
f 11136/919 11135/919 11092/919
f 11136/919 11092/919 11091/919
f 11138/919 11137/919 11096/919
f 11138/919 11096/919 11095/919
f 11135/919 11138/919 11095/919
f 11135/919 11095/919 11092/919
f 11137/919 11136/919 11091/919
f 11137/919 11091/919 11096/919
f 11139/919 11140/919 11141/919
f 11139/919 11141/919 11142/919
f 11143/919 11144/919 11145/919
f 11143/919 11145/919 11146/919
f 11140/919 11143/919 11146/919
f 11140/919 11146/919 11141/919
f 11144/919 11139/919 11142/919
f 11144/919 11142/919 11145/919
f 11142/919 11141/919 11147/919
f 11142/919 11147/919 11148/919
f 11146/919 11145/919 11149/919
f 11146/919 11149/919 11150/919
f 11141/919 11146/919 11150/919
f 11141/919 11150/919 11147/919
f 11145/919 11142/919 11148/919
f 11145/919 11148/919 11149/919
f 11148/919 11147/919 11151/919
f 11148/919 11151/919 11152/919
f 11150/919 11149/919 11153/919
f 11150/919 11153/919 11154/919
f 11147/919 11150/919 11154/919
f 11147/919 11154/919 11151/919
f 11149/919 11148/919 11152/919
f 11149/919 11152/919 11153/919
f 11152/919 11151/919 11155/919
f 11152/919 11155/919 11156/919
f 11154/919 11153/919 11157/919
f 11154/919 11157/919 11158/919
f 11151/919 11154/919 11158/919
f 11151/919 11158/919 11155/919
f 11153/919 11152/919 11156/919
f 11153/919 11156/919 11157/919
f 11156/919 11155/919 11159/919
f 11156/919 11159/919 11160/919
f 11158/919 11157/919 11161/919
f 11158/919 11161/919 11162/919
f 11155/919 11158/919 11162/919
f 11155/919 11162/919 11159/919
f 11157/919 11156/919 11160/919
f 11157/919 11160/919 11161/919
f 11160/919 11159/919 11163/919
f 11160/919 11163/919 11164/919
f 11162/919 11161/919 11165/919
f 11162/919 11165/919 11166/919
f 11159/919 11162/919 11166/919
f 11159/919 11166/919 11163/919
f 11161/919 11160/919 11164/919
f 11161/919 11164/919 11165/919
f 11164/919 11163/919 11167/919
f 11164/919 11167/919 11168/919
f 11166/919 11165/919 11169/919
f 11166/919 11169/919 11170/919
f 11163/919 11166/919 11170/919
f 11163/919 11170/919 11167/919
f 11165/919 11164/919 11168/919
f 11165/919 11168/919 11169/919
f 11168/919 11167/919 11171/919
f 11168/919 11171/919 11172/919
f 11170/919 11169/919 11173/919
f 11170/919 11173/919 11174/919
f 11167/919 11170/919 11174/919
f 11167/919 11174/919 11171/919
f 11169/919 11168/919 11172/919
f 11169/919 11172/919 11173/919
f 11172/919 11171/919 11175/919
f 11172/919 11175/919 11176/919
f 11174/919 11173/919 11177/919
f 11174/919 11177/919 11178/919
f 11171/919 11174/919 11178/919
f 11171/919 11178/919 11175/919
f 11173/919 11172/919 11176/919
f 11173/919 11176/919 11177/919
f 11176/919 11175/919 11179/919
f 11176/919 11179/919 11180/919
f 11178/919 11177/919 11181/919
f 11178/919 11181/919 11182/919
f 11175/919 11178/919 11182/919
f 11175/919 11182/919 11179/919
f 11177/919 11176/919 11180/919
f 11177/919 11180/919 11181/919
f 11180/919 11179/919 11183/919
f 11180/919 11183/919 11184/919
f 11182/919 11181/919 11185/919
f 11182/919 11185/919 11186/919
f 11179/919 11182/919 11186/919
f 11179/919 11186/919 11183/919
f 11181/919 11180/919 11184/919
f 11181/919 11184/919 11185/919
f 11184/919 11183/919 11140/919
f 11184/919 11140/919 11139/919
f 11186/919 11185/919 11144/919
f 11186/919 11144/919 11143/919
f 11183/919 11186/919 11143/919
f 11183/919 11143/919 11140/919
f 11185/919 11184/919 11139/919
f 11185/919 11139/919 11144/919
f 11187/919 11188/919 11189/919
f 11187/919 11189/919 11190/919
f 11191/919 11192/919 11193/919
f 11191/919 11193/919 11194/919
f 11188/919 11191/919 11194/919
f 11188/919 11194/919 11189/919
f 11192/919 11187/919 11190/919
f 11192/919 11190/919 11193/919
f 11190/919 11189/919 11195/919
f 11190/919 11195/919 11196/919
f 11194/919 11193/919 11197/919
f 11194/919 11197/919 11198/919
f 11189/919 11194/919 11198/919
f 11189/919 11198/919 11195/919
f 11193/919 11190/919 11196/919
f 11193/919 11196/919 11197/919
f 11196/919 11195/919 11199/919
f 11196/919 11199/919 11200/919
f 11198/919 11197/919 11201/919
f 11198/919 11201/919 11202/919
f 11195/919 11198/919 11202/919
f 11195/919 11202/919 11199/919
f 11197/919 11196/919 11200/919
f 11197/919 11200/919 11201/919
f 11200/919 11199/919 11203/919
f 11200/919 11203/919 11204/919
f 11202/919 11201/919 11205/919
f 11202/919 11205/919 11206/919
f 11199/919 11202/919 11206/919
f 11199/919 11206/919 11203/919
f 11201/919 11200/919 11204/919
f 11201/919 11204/919 11205/919
f 11204/919 11203/919 11207/919
f 11204/919 11207/919 11208/919
f 11206/919 11205/919 11209/919
f 11206/919 11209/919 11210/919
f 11203/919 11206/919 11210/919
f 11203/919 11210/919 11207/919
f 11205/919 11204/919 11208/919
f 11205/919 11208/919 11209/919
f 11208/919 11207/919 11211/919
f 11208/919 11211/919 11212/919
f 11210/919 11209/919 11213/919
f 11210/919 11213/919 11214/919
f 11207/919 11210/919 11214/919
f 11207/919 11214/919 11211/919
f 11209/919 11208/919 11212/919
f 11209/919 11212/919 11213/919
f 11212/919 11211/919 11215/919
f 11212/919 11215/919 11216/919
f 11214/919 11213/919 11217/919
f 11214/919 11217/919 11218/919
f 11211/919 11214/919 11218/919
f 11211/919 11218/919 11215/919
f 11213/919 11212/919 11216/919
f 11213/919 11216/919 11217/919
f 11216/919 11215/919 11219/919
f 11216/919 11219/919 11220/919
f 11218/919 11217/919 11221/919
f 11218/919 11221/919 11222/919
f 11215/919 11218/919 11222/919
f 11215/919 11222/919 11219/919
f 11217/919 11216/919 11220/919
f 11217/919 11220/919 11221/919
f 11220/919 11219/919 11223/919
f 11220/919 11223/919 11224/919
f 11222/919 11221/919 11225/919
f 11222/919 11225/919 11226/919
f 11219/919 11222/919 11226/919
f 11219/919 11226/919 11223/919
f 11221/919 11220/919 11224/919
f 11221/919 11224/919 11225/919
f 11224/919 11223/919 11227/919
f 11224/919 11227/919 11228/919
f 11226/919 11225/919 11229/919
f 11226/919 11229/919 11230/919
f 11223/919 11226/919 11230/919
f 11223/919 11230/919 11227/919
f 11225/919 11224/919 11228/919
f 11225/919 11228/919 11229/919
f 11228/919 11227/919 11231/919
f 11228/919 11231/919 11232/919
f 11230/919 11229/919 11233/919
f 11230/919 11233/919 11234/919
f 11227/919 11230/919 11234/919
f 11227/919 11234/919 11231/919
f 11229/919 11228/919 11232/919
f 11229/919 11232/919 11233/919
f 11232/919 11231/919 11188/919
f 11232/919 11188/919 11187/919
f 11234/919 11233/919 11192/919
f 11234/919 11192/919 11191/919
f 11231/919 11234/919 11191/919
f 11231/919 11191/919 11188/919
f 11233/919 11232/919 11187/919
f 11233/919 11187/919 11192/919
f 11235/919 11236/919 11237/919
f 11235/919 11237/919 11238/919
f 11239/919 11240/919 11241/919
f 11239/919 11241/919 11242/919
f 11236/919 11239/919 11242/919
f 11236/919 11242/919 11237/919
f 11240/919 11235/919 11238/919
f 11240/919 11238/919 11241/919
f 11238/919 11237/919 11243/919
f 11238/919 11243/919 11244/919
f 11242/919 11241/919 11245/919
f 11242/919 11245/919 11246/919
f 11237/919 11242/919 11246/919
f 11237/919 11246/919 11243/919
f 11241/919 11238/919 11244/919
f 11241/919 11244/919 11245/919
f 11244/919 11243/919 11247/919
f 11244/919 11247/919 11248/919
f 11246/919 11245/919 11249/919
f 11246/919 11249/919 11250/919
f 11243/919 11246/919 11250/919
f 11243/919 11250/919 11247/919
f 11245/919 11244/919 11248/919
f 11245/919 11248/919 11249/919
f 11248/919 11247/919 11251/919
f 11248/919 11251/919 11252/919
f 11250/919 11249/919 11253/919
f 11250/919 11253/919 11254/919
f 11247/919 11250/919 11254/919
f 11247/919 11254/919 11251/919
f 11249/919 11248/919 11252/919
f 11249/919 11252/919 11253/919
f 11252/919 11251/919 11255/919
f 11252/919 11255/919 11256/919
f 11254/919 11253/919 11257/919
f 11254/919 11257/919 11258/919
f 11251/919 11254/919 11258/919
f 11251/919 11258/919 11255/919
f 11253/919 11252/919 11256/919
f 11253/919 11256/919 11257/919
f 11256/919 11255/919 11259/919
f 11256/919 11259/919 11260/919
f 11258/919 11257/919 11261/919
f 11258/919 11261/919 11262/919
f 11255/919 11258/919 11262/919
f 11255/919 11262/919 11259/919
f 11257/919 11256/919 11260/919
f 11257/919 11260/919 11261/919
f 11260/919 11259/919 11263/919
f 11260/919 11263/919 11264/919
f 11262/919 11261/919 11265/919
f 11262/919 11265/919 11266/919
f 11259/919 11262/919 11266/919
f 11259/919 11266/919 11263/919
f 11261/919 11260/919 11264/919
f 11261/919 11264/919 11265/919
f 11264/919 11263/919 11267/919
f 11264/919 11267/919 11268/919
f 11266/919 11265/919 11269/919
f 11266/919 11269/919 11270/919
f 11263/919 11266/919 11270/919
f 11263/919 11270/919 11267/919
f 11265/919 11264/919 11268/919
f 11265/919 11268/919 11269/919
f 11268/919 11267/919 11271/919
f 11268/919 11271/919 11272/919
f 11270/919 11269/919 11273/919
f 11270/919 11273/919 11274/919
f 11267/919 11270/919 11274/919
f 11267/919 11274/919 11271/919
f 11269/919 11268/919 11272/919
f 11269/919 11272/919 11273/919
f 11272/919 11271/919 11275/919
f 11272/919 11275/919 11276/919
f 11274/919 11273/919 11277/919
f 11274/919 11277/919 11278/919
f 11271/919 11274/919 11278/919
f 11271/919 11278/919 11275/919
f 11273/919 11272/919 11276/919
f 11273/919 11276/919 11277/919
f 11276/919 11275/919 11279/919
f 11276/919 11279/919 11280/919
f 11278/919 11277/919 11281/919
f 11278/919 11281/919 11282/919
f 11275/919 11278/919 11282/919
f 11275/919 11282/919 11279/919
f 11277/919 11276/919 11280/919
f 11277/919 11280/919 11281/919
f 11280/919 11279/919 11236/919
f 11280/919 11236/919 11235/919
f 11282/919 11281/919 11240/919
f 11282/919 11240/919 11239/919
f 11279/919 11282/919 11239/919
f 11279/919 11239/919 11236/919
f 11281/919 11280/919 11235/919
f 11281/919 11235/919 11240/919
g sheath
f 3856/421 3855/420 3854/419
f 3859/421 3858/420 3857/422
f 3862/425 3861/424 3860/423
f 3854/419 3863/426 3856/421
f 3866/429 3865/428 3864/427
f 3869/432 3868/431 3867/430
f 3857/422 3870/433 3866/429
f 3863/426 3871/419 3859/421
f 3874/422 3873/435 3872/429
f 3877/438 3876/437 3875/436
f 3879/424 3878/439 3867/430
f 3855/447 3880/440 3854/442
f 3882/441 3881/443 3878/439
f 3885/430 3884/451 3883/439
f 3888/482 3887/425 3886/445
f 3854/442 3890/450 3889/446
f 3860/423 3892/441 3891/440
f 3883/439 3861/424 3885/430
f 3891/440 3858/447 3871/442
f 3895/431 3894/449 3893/448
f 3897/477 3880/440 3896/423
f 3867/430 3884/451 3869/432
f 3883/439 3865/452 3870/443
f 3865/452 3878/439 3881/443
f 3900/455 3899/454 3898/453
f 3903/455 3902/454 3901/456
f 3901/456 3905/458 3904/457
f 3908/460 3907/453 3906/459
f 3904/457 3910/462 3909/461
f 3875/436 3905/458 3877/438
f 3912/459 3911/463 3898/453
f 3915/464 3914/460 3913/438
f 3918/458 3917/456 3916/457
f 3913/438 3899/454 3918/458
f 3898/453 3914/460 3912/459
f 3916/457 3910/462 3918/458
f 3898/453 3919/465 3900/455
f 3870/443 3892/441 3883/439
f 3906/459 3911/463 3920/466
f 3923/469 3922/468 3921/467
f 3924/470 3923/469 3921/467
f 3923/469 3926/471 3925/468
f 3922/468 3923/469 3925/468
f 3901/456 3927/471 3903/455
f 3928/470 3901/456 3904/457
f 3930/473 3927/471 3929/468
f 3926/471 3930/473 3925/468
f 3916/457 3931/474 3909/461
f 3933/469 3932/468 3929/468
f 3927/471 3933/469 3929/468
f 3933/469 3928/470 3934/467
f 3932/468 3933/469 3934/467
f 3917/456 3924/470 3916/457
f 3935/467 3924/470 3921/467
f 3900/455 3936/472 3926/471
f 3904/457 3931/474 3928/470
f 3937/468 3921/467 3922/468
f 3937/468 3925/468 3930/473
f 3937/468 3934/467 3935/467
f 3896/423 3882/441 3879/424
f 3879/424 3887/425 3896/423
f 3867/430 3938/475 3879/424
f 3940/449 3868/431 3939/448
f 3893/448 3941/476 3915/464
f 3939/448 3942/476 3940/449
f 3908/460 3943/464 3877/438
f 3906/459 3942/476 3908/460
f 3891/440 3897/477 3860/423
f 3896/423 3944/444 3897/477
f 3895/431 3869/432 3885/430
f 3893/448 3945/478 3895/431
f 3946/479 3943/464 3939/448
f 3949/445 3948/481 3947/480
f 3913/438 3876/437 3915/464
f 3920/466 3950/480 3906/459
f 3886/445 3938/475 3940/449
f 3915/464 3946/479 3893/448
f 3885/430 3951/475 3895/431
f 3949/445 3951/475 3862/425
f 3877/438 3902/454 3908/460
f 3947/480 3894/449 3949/445
f 3903/455 3936/472 3919/465
f 3941/476 3912/459 3914/460
f 3862/425 3888/482 3949/445
f 3860/423 3944/444 3862/425
f 3871/442 3890/450 3891/440
f 3939/448 3945/478 3946/479
f 3918/458 3875/436 3913/438
f 3886/445 3948/481 3888/482
f 3919/465 3907/453 3903/455
f 3947/480 3920/466 3912/459
f 3954/483 3953/483 3952/483
f 3957/483 3956/483 3955/484
f 3881/433 3874/422 3872/429
f 3958/435 3857/422 3866/429
f 3958/435 3960/485 3959/435
f 3961/486 3958/435 3959/435
f 3959/435 3960/485 3873/435
f 3962/486 3959/435 3873/435
f 3872/429 3865/428 3881/433
f 3872/429 3960/485 3864/427
f 3954/483 3962/486 3873/435
f 3859/421 3957/483 3955/484
f 3856/421 3954/483 3874/422
f 3965/484 3964/487 3963/484
f 3953/483 3965/484 3963/484
f 3963/484 3964/487 3955/484
f 3956/483 3963/484 3955/484
f 3866/429 3960/485 3958/435
f 3955/484 3863/426 3859/421
f 3966/490 3952/489 3953/488
f 3963/491 3966/490 3953/488
f 3966/490 3959/493 3962/492
f 3952/489 3966/490 3962/492
f 3966/490 3967/489 3961/492
f 3959/493 3966/490 3961/492
f 3966/490 3963/491 3956/488
f 3967/489 3966/490 3956/488
f 3957/483 3961/486 3967/483
f 3928/470 3935/467 3934/467
f 3940/449 3950/480 3886/445
f 3926/471 3917/456 3900/455
f 3937/468 3929/468 3932/468
f 3863/426 3965/484 3856/421
f 3879/494 3885/494 3867/494
f 3887/494 3944/494 3862/494
f 3908/494 3877/494 3913/494
f 3970/99 3969/98 3968/97
f 3971/100 3970/99 3968/97
f 3970/99 3973/102 3972/101
f 3969/98 3970/99 3972/101
f 3972/102 3975/115 3974/103
f 3968/97 3976/104 3971/100
f 3977/107 3968/106 3969/105
f 3977/107 3972/109 3974/108
f 3976/104 3978/110 3971/100
f 3973/102 3980/113 3979/112
f 3970/99 3978/110 3980/113
f 3973/102 3981/114 3975/103
f 3984/99 3983/110 3982/100
f 3986/102 3981/114 3985/112
f 3986/102 3987/113 3984/99
f 3976/104 3983/110 3988/111
f 3986/102 3984/99 3989/101
f 3977/107 3991/109 3990/108
f 3984/99 3982/100 3991/97
f 3989/100 3975/385 3986/97
f 3991/101 3976/103 3990/115
f 3984/99 3992/98 3989/101
f 3992/98 3984/99 3991/97
f 3977/107 3989/106 3992/105
f 3995/497 3994/496 3993/495
f 3998/506 3997/498 3996/500
f 4001/503 4000/502 3999/501
f 3999/501 4003/505 4002/504
f 4005/498 3998/506 4004/500
f 3996/500 4006/507 4001/503
f 4004/500 4007/507 4005/498
f 4007/516 4008/508 4005/509
f 4010/497 4009/510 3994/495
f 4013/495 4012/518 4011/496
f 4005/509 4015/520 4014/512
f 4018/515 4017/514 4016/513
f 4011/496 4019/497 4013/495
f 4016/508 4006/516 3997/509
f 4021/520 4008/513 4020/515
f 3993/495 4012/518 4022/511
f 4011/495 4003/519 4000/510
f 4003/519 3994/495 4009/510
f 4000/510 4017/497 4011/495
f 4020/515 4010/514 3995/497
f 4016/513 4021/520 4018/515
f 3997/509 4015/520 4016/508
f 4009/502 4024/503 4023/501
f 4023/501 4003/505 4009/502
f 4027/523 4026/522 4025/521
f 4030/524 4029/529 4028/525
f 4033/526 4032/521 4031/523
f 4036/643 4035/527 4034/114
f 4027/523 4025/521 4037/526
f 4030/524 4028/525 4033/526
f 4032/521 4038/522 4031/523
f 4035/527 4026/522 4034/114
f 4041/533 4040/531 4039/532
f 4044/533 4043/531 4042/532
f 4039/533 4046/531 4045/532
f 4048/531 4047/534 4045/533
f 4051/531 4050/534 4049/533
f 4047/531 4053/534 4052/533
f 4055/531 4051/534 4054/533
f 4057/533 4050/531 4056/532
f 4059/533 4053/531 4058/532
f 4056/533 4060/531 4041/532
f 4058/533 4061/531 4044/532
f 4062/531 4055/534 4042/533
f 4046/533 4063/535 4048/532
f 4065/535 4064/536 4061/533
f 4067/535 4066/536 4062/533
f 4069/535 4068/536 4047/533
f 4064/535 4067/536 4043/533
f 4068/535 4065/536 4053/533
f 4040/533 4070/535 4046/532
f 4066/535 4071/536 4055/533
f 4050/533 4072/535 4060/532
f 4051/533 4071/535 4050/532
f 4060/533 4073/535 4040/532
f 4048/533 4074/535 4047/532
f 4064/538 4075/531 4067/537
f 4077/531 4076/534 4073/538
f 4079/531 4078/534 4071/538
f 4076/531 4080/534 4070/538
f 4080/531 4081/534 4063/538
f 4078/531 4077/534 4072/538
f 4067/538 4082/531 4066/537
f 4068/538 4083/531 4065/537
f 4065/538 4084/531 4064/537
f 4081/531 4085/534 4074/538
f 4066/538 4086/531 4071/537
f 4069/538 4085/531 4068/537
f 4075/535 4087/539 4082/536
f 4089/539 4088/540 4077/535
f 4091/539 4090/540 4079/535
f 4088/539 4092/540 4076/535
f 4092/539 4093/540 4080/535
f 4090/539 4089/540 4078/535
f 4082/535 4094/539 4086/536
f 4083/535 4095/539 4084/536
f 4084/535 4096/539 4075/536
f 4093/539 4097/540 4081/535
f 4086/535 4098/539 4079/536
f 4085/535 4097/539 4083/536
f 4101/541 4100/542 4099/543
f 4104/609 4103/654 4102/544
f 4107/547 4106/661 4105/663
f 4110/611 4109/550 4108/552
f 4113/710 4112/553 4111/555
f 4116/712 4115/711 4114/558
f 4118/556 4117/557 4114/558
f 4121/559 4120/560 4119/561
f 4123/615 4120/613 4122/713
f 4101/563 4117/557 4124/575
f 4126/568 4121/714 4125/669
f 4128/566 4127/564 4111/681
f 4100/569 4129/567 4125/669
f 4131/571 4130/570 4128/566
f 4133/573 4132/576 4122/572
f 4134/562 4129/567 4124/575
f 4132/576 4135/670 4104/574
f 4136/580 4112/578 4116/671
f 4138/583 4137/581 4102/672
f 4139/715 4112/553 4113/710
f 4141/717 4115/711 4140/716
f 4107/719 4142/585 4102/718
f 4145/720 4144/616 4143/618
f 4147/617 4146/721 4143/618
f 4141/717 4117/557 4118/556
f 4149/584 4142/585 4148/586
f 4150/722 4120/560 4121/559
f 4152/724 4120/613 4151/723
f 4153/726 4117/557 4108/725
f 4155/589 4154/587 4145/674
f 4156/727 4121/714 4126/568
f 4158/591 4157/675 4131/592
f 4139/593 4127/564 4159/594
f 4137/676 4138/596 4103/595
f 4156/727 4129/567 4109/728
f 4159/594 4130/570 4157/729
f 4160/598 4146/599 4099/600
f 4152/619 4132/576 4133/573
f 4163/601 4162/602 4161/603
f 4153/726 4129/567 4134/562
f 4105/730 4135/670 4132/576
f 4148/586 4164/673 4163/731
f 4166/605 4154/679 4165/604
f 4140/733 4112/578 4167/732
f 4099/735 4110/734 4165/604
f 4170/523 4169/522 4168/521
f 4173/524 4172/529 4171/525
f 4176/526 4175/521 4174/523
f 4179/643 4178/527 4177/114
f 4170/523 4168/521 4180/526
f 4176/526 4171/525 4173/524
f 4175/521 4181/522 4174/523
f 4178/527 4169/522 4177/114
f 4184/533 4183/531 4182/532
f 4187/533 4186/531 4185/532
f 4189/531 4188/534 4182/533
f 4188/531 4191/534 4190/533
f 4194/531 4193/534 4192/533
f 4196/533 4191/531 4195/532
f 4198/533 4197/531 4192/532
f 4200/533 4193/531 4199/532
f 4195/533 4202/531 4201/532
f 4199/533 4203/531 4184/532
f 4201/533 4204/531 4187/532
f 4185/533 4205/531 4198/532
f 4189/533 4206/535 4188/532
f 4208/535 4207/536 4204/533
f 4210/535 4209/536 4205/533
f 4212/535 4211/536 4191/533
f 4207/535 4210/536 4186/533
f 4211/535 4208/536 4202/533
f 4183/533 4213/535 4189/532
f 4209/535 4214/536 4197/533
f 4193/533 4215/535 4203/532
f 4194/533 4214/535 4193/532
f 4203/533 4216/535 4183/532
f 4188/533 4217/535 4191/532
f 4207/538 4218/531 4210/537
f 4220/531 4219/534 4216/538
f 4222/531 4221/534 4214/538
f 4219/531 4223/534 4213/538
f 4223/531 4224/534 4206/538
f 4221/531 4220/534 4215/538
f 4210/538 4225/531 4209/537
f 4211/538 4226/531 4208/537
f 4208/538 4227/531 4207/537
f 4224/531 4228/534 4217/538
f 4209/538 4229/531 4214/537
f 4212/538 4228/531 4211/537
f 4218/535 4230/539 4225/536
f 4232/539 4231/540 4220/535
f 4234/539 4233/540 4222/535
f 4231/539 4235/540 4219/535
f 4235/539 4236/540 4223/535
f 4233/539 4232/540 4221/535
f 4225/535 4237/539 4229/536
f 4226/535 4238/539 4227/536
f 4227/535 4239/539 4218/536
f 4236/539 4240/540 4224/535
f 4229/535 4241/539 4222/536
f 4228/535 4240/539 4226/536
f 4244/541 4243/542 4242/543
f 4247/609 4246/654 4245/544
f 4250/547 4249/661 4248/663
f 4253/611 4252/550 4251/552
f 4256/710 4255/553 4254/555
f 4259/712 4258/711 4257/558
f 4261/556 4260/557 4257/558
f 4264/559 4263/560 4262/561
f 4266/615 4263/613 4265/713
f 4244/563 4260/557 4267/575
f 4269/568 4264/714 4268/669
f 4271/566 4270/564 4254/681
f 4243/569 4272/567 4268/669
f 4274/571 4273/570 4271/566
f 4276/573 4275/576 4265/572
f 4277/562 4272/567 4267/575
f 4275/576 4278/670 4247/574
f 4279/580 4255/578 4259/671
f 4281/581 4250/582 4280/583
f 4282/715 4255/553 4256/710
f 4284/717 4258/711 4283/716
f 4250/719 4285/585 4245/718
f 4288/720 4287/616 4286/618
f 4290/617 4289/721 4286/618
f 4284/717 4260/557 4261/556
f 4292/584 4285/585 4291/586
f 4293/722 4263/560 4264/559
f 4295/724 4263/613 4294/723
f 4296/726 4260/557 4251/725
f 4298/589 4297/587 4288/674
f 4299/727 4264/714 4269/568
f 4301/591 4300/675 4274/592
f 4282/593 4270/564 4302/594
f 4281/676 4280/596 4246/595
f 4299/727 4272/567 4252/728
f 4302/594 4273/570 4300/729
f 4303/598 4289/599 4242/600
f 4295/619 4275/576 4276/573
f 4306/601 4305/602 4304/603
f 4296/726 4272/567 4277/562
f 4248/730 4278/670 4275/576
f 4291/586 4307/673 4306/731
f 4309/605 4297/679 4308/604
f 4283/733 4255/578 4310/732
f 4242/735 4253/734 4308/604
f 4313/622 4312/620 4311/631
f 4316/624 4315/40 4314/627
f 4319/626 4318/623 4317/625
f 4322/628 4321/621 4320/26
f 4313/622 4323/623 4312/620
f 4324/627 4315/40 4316/624
f 4325/631 4319/629 4317/630
f 4320/26 4326/621 4322/628
f 4329/632 4328/632 4327/632
f 4332/632 4331/632 4330/632
f 4335/632 4334/632 4333/632
f 4338/632 4337/632 4336/632
f 4339/632 4329/632 4327/632
f 4335/632 4340/632 4333/632
f 4338/632 4336/632 4341/632
f 4342/632 4331/632 4332/632
f 4345/632 4344/632 4343/632
f 4348/632 4347/632 4346/632
f 4351/632 4350/632 4349/632
f 4354/632 4353/632 4352/632
f 4355/632 4345/632 4343/632
f 4351/632 4356/632 4349/632
f 4354/632 4352/632 4357/632
f 4358/632 4347/632 4348/632
f 4361/632 4360/632 4359/632
f 4364/632 4363/632 4362/632
f 4367/632 4366/632 4365/632
f 4370/632 4369/632 4368/632
f 4371/632 4361/632 4359/632
f 4367/632 4372/632 4365/632
f 4370/632 4368/632 4373/632
f 4374/632 4363/632 4364/632
f 4377/632 4376/632 4375/632
f 4380/632 4379/632 4378/632
f 4383/632 4382/632 4381/632
f 4386/632 4385/632 4384/632
f 4377/632 4375/632 4387/632
f 4383/632 4388/632 4381/632
f 4389/632 4386/632 4384/632
f 4378/632 4379/632 4390/632
f 4393/632 4392/632 4391/632
f 4396/632 4395/632 4394/632
f 4399/632 4398/632 4397/632
f 4402/632 4401/632 4400/632
f 4393/632 4391/632 4403/632
f 4399/632 4404/632 4397/632
f 4405/632 4402/632 4400/632
f 4394/632 4395/632 4406/632
f 4409/632 4408/632 4407/632
f 4412/632 4411/632 4410/632
f 4415/632 4414/632 4413/632
f 4418/632 4417/632 4416/632
f 4409/632 4407/632 4419/632
f 4415/632 4420/632 4413/632
f 4421/632 4418/632 4416/632
f 4410/632 4411/632 4422/632
f 4425/632 4424/632 4423/632
f 4427/632 4424/632 4426/632
f 4430/632 4429/632 4428/632
f 4432/632 4423/632 4431/632
f 4433/632 4426/632 4429/632
f 4436/632 4435/632 4434/632
f 4438/632 4435/632 4437/632
f 4441/632 4440/632 4439/632
f 4443/632 4434/632 4442/632
f 4444/632 4437/632 4440/632
f 4447/632 4446/632 4445/632
f 4449/632 4446/632 4448/632
f 4452/632 4451/632 4450/632
f 4454/632 4445/632 4453/632
f 4455/632 4448/632 4451/632
f 4458/632 4457/632 4456/632
f 4460/632 4457/632 4459/632
f 4463/632 4462/632 4461/632
f 4465/632 4456/632 4464/632
f 4466/632 4459/632 4462/632
f 4469/632 4468/632 4467/632
f 4471/632 4468/632 4470/632
f 4474/632 4473/632 4472/632
f 4476/632 4469/632 4475/632
f 4477/632 4470/632 4473/632
f 4480/632 4479/632 4478/632
f 4482/632 4479/632 4481/632
f 4485/632 4484/632 4483/632
f 4487/632 4480/632 4486/632
f 4488/632 4481/632 4484/632
f 4491/632 4490/632 4489/632
f 4493/632 4490/632 4492/632
f 4496/632 4495/632 4494/632
f 4498/632 4489/632 4497/632
f 4495/632 4493/632 4499/632
f 4502/632 4501/632 4500/632
f 4504/632 4501/632 4503/632
f 4507/632 4506/632 4505/632
f 4509/632 4500/632 4508/632
f 4506/632 4504/632 4510/632
f 4513/632 4512/632 4511/632
f 4515/632 4512/632 4514/632
f 4518/632 4517/632 4516/632
f 4520/632 4511/632 4519/632
f 4517/632 4515/632 4521/632
f 4524/632 4523/632 4522/632
f 4526/632 4523/632 4525/632
f 4529/632 4528/632 4527/632
f 4531/632 4522/632 4530/632
f 4528/632 4526/632 4532/632
f 4535/632 4534/632 4533/632
f 4537/632 4534/632 4536/632
f 4540/632 4539/632 4538/632
f 4542/632 4533/632 4541/632
f 4543/632 4536/632 4539/632
f 4546/632 4545/632 4544/632
f 4548/632 4545/632 4547/632
f 4551/632 4550/632 4549/632
f 4553/632 4544/632 4552/632
f 4554/632 4547/632 4550/632
f 4557/632 4556/632 4555/632
f 4560/632 4559/632 4558/632
f 4563/632 4562/632 4561/632
f 4557/632 4565/632 4564/632
f 4567/632 4566/632 4560/632
f 4564/632 4569/632 4568/632
f 4567/632 4571/632 4570/632
f 4573/632 4569/632 4572/632
f 4575/632 4571/632 4574/632
f 4573/632 4577/632 4576/632
f 4579/632 4578/632 4575/632
f 4576/632 4581/632 4580/632
f 4583/632 4582/632 4579/632
f 4580/632 4585/632 4584/632
f 4583/632 4587/632 4586/632
f 4589/632 4585/632 4588/632
f 4591/632 4587/632 4590/632
f 4593/632 4588/632 4592/632
f 4595/632 4594/632 4591/632
f 4593/632 4597/632 4596/632
f 4599/632 4598/632 4595/632
f 4602/632 4601/632 4600/632
f 4596/632 4604/632 4603/632
f 4606/632 4605/632 4601/632
f 4603/632 4608/632 4607/632
f 4602/632 4610/632 4609/632
f 4612/632 4611/632 4605/632
f 4614/632 4608/632 4613/632
f 4615/632 4610/632 4556/632
f 4616/632 4559/632 4611/632
f 4617/632 4613/632 4562/632
f 4620/632 4619/632 4618/632
f 4623/632 4622/632 4621/632
f 4624/632 4621/632 4619/632
f 4627/632 4626/632 4625/632
f 4625/632 4629/632 4628/632
f 4632/632 4631/632 4630/632
f 4635/632 4634/632 4633/632
f 4636/632 4633/632 4631/632
f 4639/632 4638/632 4637/632
f 4637/632 4641/632 4640/632
f 4644/632 4643/632 4642/632
f 4647/632 4646/632 4645/632
f 4648/632 4645/632 4643/632
f 4651/632 4650/632 4649/632
f 4649/632 4653/632 4652/632
f 4656/632 4655/632 4654/632
f 4659/632 4658/632 4657/632
f 4660/632 4657/632 4655/632
f 4663/632 4662/632 4661/632
f 4661/632 4665/632 4664/632
f 4668/632 4667/632 4666/632
f 4671/632 4670/632 4669/632
f 4672/632 4669/632 4667/632
f 4675/632 4674/632 4673/632
f 4673/632 4677/632 4676/632
f 4680/632 4679/632 4678/632
f 4683/632 4682/632 4681/632
f 4684/632 4681/632 4679/632
f 4687/632 4686/632 4685/632
f 4685/632 4689/632 4688/632
f 4680/632 4690/632 4687/632
f 4668/632 4691/632 4675/632
f 4656/632 4692/632 4663/632
f 4644/632 4693/632 4651/632
f 4632/632 4694/632 4639/632
f 4620/632 4695/632 4627/632
f 4698/633 4697/633 4696/633
f 4697/633 4700/633 4699/633
f 4703/633 4702/633 4701/633
f 4696/633 4704/633 4698/633
f 4706/633 4705/633 4704/633
f 4708/633 4702/633 4707/633
f 4711/633 4710/633 4709/633
f 4703/633 4701/633 4712/633
f 4715/634 4714/634 4713/634
f 4718/634 4717/634 4716/634
f 4720/634 4719/634 4716/634
f 4722/634 4718/634 4721/634
f 4713/634 4717/634 4723/634
f 4715/634 4716/634 4724/634
f 4726/634 4719/634 4725/634
f 4721/634 4727/634 4726/634
f 4723/634 4728/634 4722/634
f 4731/633 4730/633 4729/633
f 4730/633 4733/633 4732/633
f 4736/633 4735/633 4734/633
f 4729/633 4737/633 4731/633
f 4739/633 4738/633 4737/633
f 4741/633 4735/633 4740/633
f 4744/633 4743/633 4742/633
f 4734/633 4746/633 4745/633
f 4749/634 4748/634 4747/634
f 4752/634 4751/634 4750/634
f 4754/634 4752/634 4753/634
f 4756/634 4750/634 4755/634
f 4757/634 4751/634 4749/634
f 4758/634 4752/634 4747/634
f 4753/634 4760/634 4759/634
f 4759/634 4761/634 4756/634
f 4755/634 4762/634 4757/634
f 4765/632 4764/632 4763/632
f 4765/632 4767/632 4766/632
f 4763/632 4769/632 4768/632
f 4772/632 4771/632 4770/632
f 4773/632 4767/632 4770/632
f 4768/632 4769/632 4772/632
f 4776/632 4775/632 4774/632
f 4775/632 4778/632 4777/632
f 4781/633 4780/633 4779/633
f 4707/633 4780/633 4782/633
f 4785/633 4784/633 4783/633
f 4740/633 4784/633 4786/633
f 4754/634 4756/634 4757/634
f 4721/634 4720/634 4723/634
f 4789/632 4788/632 4787/632
f 4791/632 4790/632 4787/632
f 4789/632 4792/632 4788/632
f 4795/632 4794/632 4793/632
f 4795/632 4790/632 4796/632
f 4793/632 4797/632 4792/632
f 4800/632 4799/632 4798/632
f 4802/632 4801/632 4799/632
f 4805/632 4804/632 4803/632
f 4807/632 4806/632 4805/632
f 4810/632 4809/632 4808/632
f 4803/632 4812/632 4811/632
f 4808/632 4809/632 4807/632
f 4811/632 4813/632 4810/632
f 4813/632 4815/632 4814/632
f 4817/632 4816/632 4804/632
f 4809/632 4814/632 4818/632
f 4812/632 4816/632 4815/632
f 4818/632 4819/632 4809/632
f 4819/632 4817/632 4806/632
f 3856/421 3874/422 3855/420
f 3859/421 3871/419 3858/420
f 3862/425 3951/475 3861/424
f 3854/419 3889/434 3863/426
f 3866/429 3870/433 3865/428
f 3869/432 3945/478 3868/431
f 3857/422 3858/420 3870/433
f 3863/426 3889/434 3871/419
f 3874/422 3954/483 3873/435
f 3877/438 3943/464 3876/437
f 3879/424 3882/441 3878/439
f 3855/447 3882/441 3880/440
f 3882/441 3855/447 3881/443
f 3885/430 3869/432 3884/451
f 3888/482 3944/444 3887/425
f 3854/442 3880/440 3890/450
f 3860/423 3861/424 3892/441
f 3883/439 3892/441 3861/424
f 3891/440 3892/441 3858/447
f 3895/431 3951/475 3894/449
f 3897/477 3890/450 3880/440
f 3867/430 3878/439 3884/451
f 3883/439 3884/451 3865/452
f 3865/452 3884/451 3878/439
f 3900/455 3917/456 3899/454
f 3903/455 3907/453 3902/454
f 3901/456 3902/454 3905/458
f 3908/460 3902/454 3907/453
f 3904/457 3905/458 3910/462
f 3875/436 3910/462 3905/458
f 3912/459 3920/466 3911/463
f 3915/464 3941/476 3914/460
f 3918/458 3899/454 3917/456
f 3913/438 3914/460 3899/454
f 3898/453 3899/454 3914/460
f 3916/457 3909/461 3910/462
f 3898/453 3911/463 3919/465
f 3870/443 3858/447 3892/441
f 3906/459 3907/453 3911/463
f 3901/456 3933/469 3927/471
f 3928/470 3933/469 3901/456
f 3930/473 3936/472 3927/471
f 3926/471 3936/472 3930/473
f 3916/457 3924/470 3931/474
f 3917/456 3923/469 3924/470
f 3935/467 3931/474 3924/470
f 3900/455 3919/465 3936/472
f 3904/457 3909/461 3931/474
f 3937/468 3935/467 3921/467
f 3937/468 3922/468 3925/468
f 3937/468 3932/468 3934/467
f 3896/423 3880/440 3882/441
f 3879/424 3938/475 3887/425
f 3867/430 3868/431 3938/475
f 3940/449 3938/475 3868/431
f 3893/448 3894/449 3941/476
f 3939/448 3943/464 3942/476
f 3908/460 3942/476 3943/464
f 3906/459 3950/480 3942/476
f 3891/440 3890/450 3897/477
f 3896/423 3887/425 3944/444
f 3895/431 3945/478 3869/432
f 3893/448 3946/479 3945/478
f 3946/479 3876/437 3943/464
f 3949/445 3888/482 3948/481
f 3913/438 3875/436 3876/437
f 3920/466 3948/481 3950/480
f 3886/445 3887/425 3938/475
f 3915/464 3876/437 3946/479
f 3885/430 3861/424 3951/475
f 3949/445 3894/449 3951/475
f 3877/438 3905/458 3902/454
f 3947/480 3941/476 3894/449
f 3903/455 3927/471 3936/472
f 3941/476 3947/480 3912/459
f 3862/425 3944/444 3888/482
f 3860/423 3897/477 3944/444
f 3871/442 3889/446 3890/450
f 3939/448 3868/431 3945/478
f 3918/458 3910/462 3875/436
f 3886/445 3950/480 3948/481
f 3919/465 3911/463 3907/453
f 3947/480 3948/481 3920/466
f 3954/483 3965/484 3953/483
f 3957/483 3967/483 3956/483
f 3881/433 3855/420 3874/422
f 3958/435 3957/483 3857/422
f 3872/429 3864/427 3865/428
f 3872/429 3873/435 3960/485
f 3954/483 3952/483 3962/486
f 3859/421 3857/422 3957/483
f 3856/421 3965/484 3954/483
f 3866/429 3864/427 3960/485
f 3955/484 3964/487 3863/426
f 3957/483 3958/435 3961/486
f 3928/470 3931/474 3935/467
f 3940/449 3942/476 3950/480
f 3926/471 3923/469 3917/456
f 3937/468 3930/473 3929/468
f 3863/426 3964/487 3965/484
f 3879/494 3896/494 3860/494
f 3896/494 3897/494 3860/494
f 3860/494 3861/494 3879/494
f 3861/494 3885/494 3879/494
f 3885/494 3869/494 3867/494
f 3862/494 3951/494 3938/494
f 3951/494 3895/494 3868/494
f 3895/494 3945/494 3868/494
f 3868/494 3938/494 3951/494
f 3938/494 3887/494 3862/494
f 3875/494 3913/494 3877/494
f 3913/494 3914/494 3908/494
f 3914/494 3912/494 3908/494
f 3912/494 3920/494 3906/494
f 3908/494 3912/494 3906/494
f 3972/102 3973/101 3975/115
f 3968/97 3990/385 3976/104
f 3977/107 3990/386 3968/106
f 3977/107 3969/105 3972/109
f 3976/104 3988/111 3978/110
f 3973/102 3970/99 3980/113
f 3970/99 3971/100 3978/110
f 3973/102 3979/112 3981/114
f 3984/99 3987/113 3983/110
f 3986/102 3975/103 3981/114
f 3986/102 3985/112 3987/113
f 3976/104 3982/100 3983/110
f 3977/107 3992/105 3991/109
f 3989/100 3974/104 3975/385
f 3991/101 3982/102 3976/103
f 3977/107 3974/386 3989/106
f 3995/497 4010/514 3994/496
f 3998/506 4014/499 3997/498
f 4001/503 4006/507 4000/502
f 3999/501 4000/502 4003/505
f 4005/498 4014/499 3998/506
f 3996/500 3997/498 4006/507
f 4004/500 4024/503 4007/507
f 4007/516 4010/497 4008/508
f 4010/497 4007/516 4009/510
f 4013/495 4022/511 4012/518
f 4005/509 4008/508 4015/520
f 4018/515 4019/497 4017/514
f 4011/496 4017/514 4019/497
f 4016/508 4017/497 4006/516
f 4021/520 4015/517 4008/513
f 3993/495 3994/496 4012/518
f 4011/495 4012/511 4003/519
f 4003/519 4012/511 3994/495
f 4000/510 4006/516 4017/497
f 4020/515 4008/513 4010/514
f 4016/513 4015/517 4021/520
f 3997/509 4014/512 4015/520
f 4009/502 4007/507 4024/503
f 4023/501 4002/504 4003/505
f 4027/523 4820/530 4026/522
f 4030/524 4037/526 4029/529
f 4033/526 4821/529 4032/521
f 4036/643 4038/528 4035/527
f 4025/521 4029/529 4037/526
f 4028/525 4821/529 4033/526
f 4038/522 4036/530 4031/523
f 4026/522 4820/530 4034/114
f 4040/531 4046/534 4039/532
f 4043/531 4062/534 4042/532
f 4046/531 4048/534 4045/532
f 4047/534 4052/532 4045/533
f 4050/534 4057/532 4049/533
f 4053/534 4059/532 4052/533
f 4051/534 4049/532 4054/533
f 4050/531 4060/534 4056/532
f 4053/531 4061/534 4058/532
f 4060/531 4040/534 4041/532
f 4061/531 4043/534 4044/532
f 4055/534 4054/532 4042/533
f 4063/535 4074/536 4048/532
f 4064/536 4043/532 4061/533
f 4066/536 4055/532 4062/533
f 4068/536 4053/532 4047/533
f 4067/536 4062/532 4043/533
f 4065/536 4061/532 4053/533
f 4070/535 4063/536 4046/532
f 4071/536 4051/532 4055/533
f 4072/535 4073/536 4060/532
f 4071/535 4072/536 4050/532
f 4073/535 4070/536 4040/532
f 4074/535 4069/536 4047/532
f 4075/531 4082/534 4067/537
f 4076/534 4070/537 4073/538
f 4078/534 4072/537 4071/538
f 4080/534 4063/537 4070/538
f 4081/534 4074/537 4063/538
f 4077/534 4073/537 4072/538
f 4082/531 4086/534 4066/537
f 4083/531 4084/534 4065/537
f 4084/531 4075/534 4064/537
f 4085/534 4069/537 4074/538
f 4086/531 4079/534 4071/537
f 4085/531 4083/534 4068/537
f 4087/539 4094/540 4082/536
f 4088/540 4076/536 4077/535
f 4090/540 4078/536 4079/535
f 4092/540 4080/536 4076/535
f 4093/540 4081/536 4080/535
f 4089/540 4077/536 4078/535
f 4094/539 4098/540 4086/536
f 4095/539 4096/540 4084/536
f 4096/539 4087/540 4075/536
f 4097/540 4085/536 4081/535
f 4098/539 4091/540 4079/536
f 4097/539 4095/540 4083/536
f 4116/647 4165/649 4136/648
f 4114/736 4099/543 4165/649
f 4114/736 4165/649 4116/647
f 4125/645 4143/644 4160/737
f 4119/738 4123/608 4143/644
f 4125/645 4119/738 4143/644
f 4100/542 4160/737 4099/543
f 4099/543 4114/736 4101/541
f 4101/541 4124/646 4100/542
f 4160/737 4100/542 4125/645
f 4148/545 4165/649 4155/546
f 4148/545 4136/648 4165/649
f 4128/650 4111/651 4136/648
f 4163/739 4131/652 4128/650
f 4163/739 4161/653 4131/652
f 4163/739 4128/650 4136/648
f 4163/739 4136/648 4148/545
f 4149/740 4143/644 4123/608
f 4149/740 4145/607 4143/644
f 4148/545 4155/546 4145/607
f 4145/607 4149/740 4148/545
f 4104/609 4123/608 4122/680
f 4149/740 4123/608 4102/544
f 4103/654 4138/655 4102/544
f 4104/609 4102/544 4123/608
f 4154/549 4166/657 4164/548
f 4166/657 4167/666 4164/548
f 4167/666 4139/656 4159/658
f 4159/658 4157/659 4162/741
f 4157/659 4158/660 4162/741
f 4167/666 4159/658 4162/741
f 4164/548 4167/666 4162/741
f 4151/664 4147/551 4142/742
f 4147/551 4144/610 4142/742
f 4144/610 4154/549 4164/548
f 4164/548 4142/742 4144/610
f 4152/743 4151/664 4105/663
f 4107/547 4151/664 4142/742
f 4107/547 4137/662 4106/661
f 4151/664 4107/547 4105/663
f 4167/666 4166/657 4140/665
f 4166/657 4110/611 4141/744
f 4140/665 4166/657 4141/744
f 4146/745 4147/551 4156/667
f 4147/551 4151/664 4150/746
f 4147/551 4150/746 4156/667
f 4110/611 4146/745 4109/550
f 4108/552 4141/744 4110/611
f 4109/550 4153/668 4108/552
f 4156/667 4109/550 4146/745
f 4112/553 4136/554 4111/555
f 4115/711 4118/556 4114/558
f 4117/557 4101/563 4114/558
f 4120/560 4123/612 4119/561
f 4120/613 4133/614 4122/713
f 4117/557 4134/562 4124/575
f 4121/714 4119/747 4125/669
f 4127/564 4113/565 4111/681
f 4129/567 4126/568 4125/669
f 4130/570 4127/564 4128/566
f 4132/576 4104/574 4122/572
f 4129/567 4100/569 4124/575
f 4135/670 4103/577 4104/574
f 4112/578 4115/579 4116/671
f 4137/581 4107/582 4102/672
f 4139/715 4167/748 4112/553
f 4141/717 4118/556 4115/711
f 4142/585 4149/584 4102/718
f 4144/616 4147/617 4143/618
f 4146/721 4160/749 4143/618
f 4141/717 4108/725 4117/557
f 4142/585 4164/673 4148/586
f 4150/722 4151/750 4120/560
f 4152/724 4133/614 4120/613
f 4153/726 4134/562 4117/557
f 4154/587 4144/588 4145/674
f 4156/727 4150/751 4121/714
f 4131/592 4161/590 4158/591
f 4157/675 4130/752 4131/592
f 4139/593 4113/565 4127/564
f 4135/753 4106/597 4103/595
f 4106/597 4137/676 4103/595
f 4156/727 4126/568 4129/567
f 4159/594 4127/564 4130/570
f 4146/599 4110/677 4099/600
f 4152/619 4105/730 4132/576
f 4162/602 4158/678 4161/603
f 4153/726 4109/728 4129/567
f 4105/730 4106/754 4135/670
f 4164/673 4162/755 4163/731
f 4154/679 4155/606 4165/604
f 4140/733 4115/579 4112/578
f 4110/734 4166/605 4165/604
f 4170/523 4822/530 4169/522
f 4173/524 4180/526 4172/529
f 4176/526 4823/529 4175/521
f 4179/643 4181/528 4178/527
f 4168/521 4172/529 4180/526
f 4176/526 4823/529 4171/525
f 4181/522 4179/530 4174/523
f 4169/522 4822/530 4177/114
f 4183/531 4189/534 4182/532
f 4186/531 4205/534 4185/532
f 4188/534 4190/532 4182/533
f 4191/534 4196/532 4190/533
f 4193/534 4200/532 4192/533
f 4191/531 4202/534 4195/532
f 4197/531 4194/534 4192/532
f 4193/531 4203/534 4199/532
f 4202/531 4204/534 4201/532
f 4203/531 4183/534 4184/532
f 4204/531 4186/534 4187/532
f 4205/531 4197/534 4198/532
f 4206/535 4217/536 4188/532
f 4207/536 4186/532 4204/533
f 4209/536 4197/532 4205/533
f 4211/536 4202/532 4191/533
f 4210/536 4205/532 4186/533
f 4208/536 4204/532 4202/533
f 4213/535 4206/536 4189/532
f 4214/536 4194/532 4197/533
f 4215/535 4216/536 4203/532
f 4214/535 4215/536 4193/532
f 4216/535 4213/536 4183/532
f 4217/535 4212/536 4191/532
f 4218/531 4225/534 4210/537
f 4219/534 4213/537 4216/538
f 4221/534 4215/537 4214/538
f 4223/534 4206/537 4213/538
f 4224/534 4217/537 4206/538
f 4220/534 4216/537 4215/538
f 4225/531 4229/534 4209/537
f 4226/531 4227/534 4208/537
f 4227/531 4218/534 4207/537
f 4228/534 4212/537 4217/538
f 4229/531 4222/534 4214/537
f 4228/531 4226/534 4211/537
f 4230/539 4237/540 4225/536
f 4231/540 4219/536 4220/535
f 4233/540 4221/536 4222/535
f 4235/540 4223/536 4219/535
f 4236/540 4224/536 4223/535
f 4232/540 4220/536 4221/535
f 4237/539 4241/540 4229/536
f 4238/539 4239/540 4227/536
f 4239/539 4230/540 4218/536
f 4240/540 4228/536 4224/535
f 4241/539 4234/540 4222/536
f 4240/539 4238/540 4226/536
f 4259/647 4308/649 4279/648
f 4257/736 4242/543 4308/649
f 4257/736 4308/649 4259/647
f 4268/645 4286/644 4303/737
f 4262/738 4266/608 4286/644
f 4268/645 4262/738 4286/644
f 4243/542 4303/737 4242/543
f 4242/543 4257/736 4244/541
f 4244/541 4267/646 4243/542
f 4303/737 4243/542 4268/645
f 4291/545 4308/649 4298/546
f 4291/545 4279/648 4308/649
f 4271/650 4254/651 4279/648
f 4306/739 4274/652 4271/650
f 4306/739 4304/653 4274/652
f 4306/739 4271/650 4279/648
f 4306/739 4279/648 4291/545
f 4292/740 4286/644 4266/608
f 4292/740 4288/607 4286/644
f 4291/545 4298/546 4288/607
f 4288/607 4292/740 4291/545
f 4247/609 4266/608 4265/680
f 4292/740 4266/608 4245/544
f 4246/654 4280/655 4245/544
f 4247/609 4245/544 4266/608
f 4297/549 4309/657 4307/548
f 4309/657 4310/666 4307/548
f 4310/666 4282/656 4302/658
f 4302/658 4300/659 4305/741
f 4300/659 4301/660 4305/741
f 4310/666 4302/658 4305/741
f 4307/548 4310/666 4305/741
f 4294/664 4290/551 4285/742
f 4290/551 4287/610 4285/742
f 4287/610 4297/549 4307/548
f 4307/548 4285/742 4287/610
f 4295/743 4294/664 4248/663
f 4250/547 4294/664 4285/742
f 4250/547 4281/662 4249/661
f 4294/664 4250/547 4248/663
f 4310/666 4309/657 4283/665
f 4309/657 4253/611 4284/744
f 4283/665 4309/657 4284/744
f 4289/745 4290/551 4299/667
f 4290/551 4294/664 4293/746
f 4290/551 4293/746 4299/667
f 4253/611 4289/745 4252/550
f 4251/552 4284/744 4253/611
f 4252/550 4296/668 4251/552
f 4299/667 4252/550 4289/745
f 4255/553 4279/554 4254/555
f 4258/711 4261/556 4257/558
f 4260/557 4244/563 4257/558
f 4263/560 4266/612 4262/561
f 4263/613 4276/614 4265/713
f 4260/557 4277/562 4267/575
f 4264/714 4262/747 4268/669
f 4270/564 4256/565 4254/681
f 4272/567 4269/568 4268/669
f 4273/570 4270/564 4271/566
f 4275/576 4247/574 4265/572
f 4272/567 4243/569 4267/575
f 4278/670 4246/577 4247/574
f 4255/578 4258/579 4259/671
f 4250/582 4245/672 4280/583
f 4282/715 4310/748 4255/553
f 4284/717 4261/556 4258/711
f 4285/585 4292/584 4245/718
f 4287/616 4290/617 4286/618
f 4289/721 4303/749 4286/618
f 4284/717 4251/725 4260/557
f 4285/585 4307/673 4291/586
f 4293/722 4294/750 4263/560
f 4295/724 4276/614 4263/613
f 4296/726 4277/562 4260/557
f 4297/587 4287/588 4288/674
f 4299/727 4293/751 4264/714
f 4274/592 4304/590 4301/591
f 4300/675 4273/752 4274/592
f 4282/593 4256/565 4270/564
f 4278/753 4249/597 4246/595
f 4249/597 4281/676 4246/595
f 4299/727 4269/568 4272/567
f 4302/594 4270/564 4273/570
f 4289/599 4253/677 4242/600
f 4295/619 4248/730 4275/576
f 4305/602 4301/678 4304/603
f 4296/726 4252/728 4272/567
f 4248/730 4249/754 4278/670
f 4307/673 4305/755 4306/731
f 4297/679 4298/606 4308/604
f 4283/733 4258/579 4255/578
f 4253/734 4309/605 4308/604
f 4312/620 4321/621 4311/631
f 4315/40 4323/623 4314/627
f 4318/623 4324/627 4317/625
f 4322/628 4311/631 4321/621
f 4313/622 4314/627 4323/623
f 4324/627 4318/623 4315/40
f 4325/631 4326/621 4319/629
f 4326/621 4325/631 4322/628
f 4328/632 4342/632 4327/632
f 4331/632 4337/632 4330/632
f 4335/632 4341/632 4334/632
f 4338/632 4330/632 4337/632
f 4339/632 4340/632 4329/632
f 4335/632 4339/632 4340/632
f 4336/632 4334/632 4341/632
f 4342/632 4328/632 4331/632
f 4344/632 4358/632 4343/632
f 4347/632 4353/632 4346/632
f 4351/632 4357/632 4350/632
f 4354/632 4346/632 4353/632
f 4355/632 4356/632 4345/632
f 4351/632 4355/632 4356/632
f 4352/632 4350/632 4357/632
f 4358/632 4344/632 4347/632
f 4360/632 4374/632 4359/632
f 4363/632 4369/632 4362/632
f 4367/632 4373/632 4366/632
f 4370/632 4362/632 4369/632
f 4371/632 4372/632 4361/632
f 4367/632 4371/632 4372/632
f 4368/632 4366/632 4373/632
f 4374/632 4360/632 4363/632
f 4377/632 4390/632 4376/632
f 4380/632 4385/632 4379/632
f 4383/632 4389/632 4382/632
f 4385/632 4380/632 4384/632
f 4375/632 4388/632 4387/632
f 4383/632 4387/632 4388/632
f 4389/632 4382/632 4386/632
f 4379/632 4376/632 4390/632
f 4393/632 4406/632 4392/632
f 4396/632 4401/632 4395/632
f 4399/632 4405/632 4398/632
f 4401/632 4396/632 4400/632
f 4391/632 4404/632 4403/632
f 4399/632 4403/632 4404/632
f 4405/632 4398/632 4402/632
f 4395/632 4392/632 4406/632
f 4409/632 4422/632 4408/632
f 4412/632 4417/632 4411/632
f 4415/632 4421/632 4414/632
f 4417/632 4412/632 4416/632
f 4407/632 4420/632 4419/632
f 4415/632 4419/632 4420/632
f 4421/632 4414/632 4418/632
f 4411/632 4408/632 4422/632
f 4425/632 4824/632 4424/632
f 4427/632 4824/632 4424/632
f 4430/632 4433/632 4429/632
f 4432/632 4425/632 4423/632
f 4433/632 4427/632 4426/632
f 4436/632 4825/632 4435/632
f 4438/632 4825/632 4435/632
f 4441/632 4444/632 4440/632
f 4443/632 4436/632 4434/632
f 4444/632 4438/632 4437/632
f 4447/632 4826/632 4446/632
f 4449/632 4826/632 4446/632
f 4452/632 4455/632 4451/632
f 4454/632 4447/632 4445/632
f 4455/632 4449/632 4448/632
f 4458/632 4827/632 4457/632
f 4460/632 4827/632 4457/632
f 4463/632 4466/632 4462/632
f 4465/632 4458/632 4456/632
f 4466/632 4460/632 4459/632
f 4468/632 4828/632 4467/632
f 4471/632 4828/632 4468/632
f 4474/632 4477/632 4473/632
f 4469/632 4467/632 4475/632
f 4477/632 4471/632 4470/632
f 4479/632 4829/632 4478/632
f 4482/632 4829/632 4479/632
f 4485/632 4488/632 4484/632
f 4480/632 4478/632 4486/632
f 4488/632 4482/632 4481/632
f 4491/632 4830/632 4490/632
f 4490/632 4830/632 4492/632
f 4495/632 4499/632 4494/632
f 4498/632 4491/632 4489/632
f 4493/632 4492/632 4499/632
f 4502/632 4831/632 4501/632
f 4501/632 4831/632 4503/632
f 4506/632 4510/632 4505/632
f 4509/632 4502/632 4500/632
f 4504/632 4503/632 4510/632
f 4513/632 4832/632 4512/632
f 4512/632 4832/632 4514/632
f 4517/632 4521/632 4516/632
f 4520/632 4513/632 4511/632
f 4515/632 4514/632 4521/632
f 4524/632 4833/632 4523/632
f 4523/632 4833/632 4525/632
f 4528/632 4532/632 4527/632
f 4531/632 4524/632 4522/632
f 4526/632 4525/632 4532/632
f 4535/632 4834/632 4534/632
f 4537/632 4834/632 4534/632
f 4540/632 4543/632 4539/632
f 4542/632 4535/632 4533/632
f 4543/632 4537/632 4536/632
f 4546/632 4835/632 4545/632
f 4548/632 4835/632 4545/632
f 4551/632 4554/632 4550/632
f 4553/632 4546/632 4544/632
f 4554/632 4548/632 4547/632
f 4557/632 4615/632 4556/632
f 4560/632 4566/632 4559/632
f 4563/632 4617/632 4562/632
f 4557/632 4555/632 4565/632
f 4567/632 4570/632 4566/632
f 4564/632 4565/632 4569/632
f 4567/632 4574/632 4571/632
f 4573/632 4568/632 4569/632
f 4575/632 4578/632 4571/632
f 4573/632 4572/632 4577/632
f 4579/632 4582/632 4578/632
f 4576/632 4577/632 4581/632
f 4583/632 4586/632 4582/632
f 4580/632 4581/632 4585/632
f 4583/632 4590/632 4587/632
f 4589/632 4584/632 4585/632
f 4591/632 4594/632 4587/632
f 4593/632 4589/632 4588/632
f 4595/632 4598/632 4594/632
f 4593/632 4592/632 4597/632
f 4599/632 4836/632 4598/632
f 4602/632 4606/632 4601/632
f 4596/632 4597/632 4604/632
f 4606/632 4612/632 4605/632
f 4603/632 4604/632 4608/632
f 4602/632 4600/632 4610/632
f 4612/632 4616/632 4611/632
f 4614/632 4607/632 4608/632
f 4615/632 4609/632 4610/632
f 4616/632 4558/632 4559/632
f 4617/632 4614/632 4613/632
f 4620/632 4624/632 4619/632
f 4623/632 4837/632 4622/632
f 4624/632 4623/632 4621/632
f 4627/632 4695/632 4626/632
f 4625/632 4626/632 4629/632
f 4632/632 4636/632 4631/632
f 4635/632 4838/632 4634/632
f 4636/632 4635/632 4633/632
f 4639/632 4694/632 4638/632
f 4637/632 4638/632 4641/632
f 4644/632 4648/632 4643/632
f 4647/632 4839/632 4646/632
f 4648/632 4647/632 4645/632
f 4651/632 4693/632 4650/632
f 4649/632 4650/632 4653/632
f 4656/632 4660/632 4655/632
f 4659/632 4840/632 4658/632
f 4660/632 4659/632 4657/632
f 4663/632 4692/632 4662/632
f 4661/632 4662/632 4665/632
f 4668/632 4672/632 4667/632
f 4671/632 4841/632 4670/632
f 4672/632 4671/632 4669/632
f 4675/632 4691/632 4674/632
f 4673/632 4674/632 4677/632
f 4680/632 4684/632 4679/632
f 4683/632 4842/632 4682/632
f 4684/632 4683/632 4681/632
f 4687/632 4690/632 4686/632
f 4685/632 4686/632 4689/632
f 4680/632 4678/632 4690/632
f 4668/632 4666/632 4691/632
f 4656/632 4654/632 4692/632
f 4644/632 4642/632 4693/632
f 4632/632 4630/632 4694/632
f 4620/632 4618/632 4695/632
f 4697/633 4699/633 4696/633
f 4700/633 4709/633 4699/633
f 4702/633 4843/633 4701/633
f 4696/633 4706/633 4704/633
f 4706/633 4779/633 4705/633
f 4708/633 4843/633 4702/633
f 4845/633 4844/633 4711/633
f 4845/633 4712/633 4844/633
f 4709/633 4846/633 4845/633
f 4709/633 4845/633 4711/633
f 4709/633 4700/633 4846/633
f 4712/633 4845/633 4703/633
f 4701/633 4844/633 4712/633
f 4715/634 4724/634 4714/634
f 4714/634 4724/634 4716/634
f 4716/634 4719/634 4718/634
f 4719/634 4727/634 4718/634
f 4718/634 4728/634 4717/634
f 4716/634 4717/634 4714/634
f 4720/634 4725/634 4719/634
f 4722/634 4728/634 4718/634
f 4713/634 4714/634 4717/634
f 4715/634 4720/634 4716/634
f 4726/634 4727/634 4719/634
f 4721/634 4718/634 4727/634
f 4723/634 4717/634 4728/634
f 4730/633 4732/633 4729/633
f 4733/633 4742/633 4732/633
f 4735/633 4847/633 4734/633
f 4729/633 4739/633 4737/633
f 4739/633 4783/633 4738/633
f 4741/633 4847/633 4735/633
f 4848/633 4746/633 4744/633
f 4848/633 4745/633 4746/633
f 4742/633 4849/633 4848/633
f 4742/633 4848/633 4744/633
f 4742/633 4733/633 4849/633
f 4745/633 4736/633 4734/633
f 4745/633 4848/633 4736/633
f 4748/634 4758/634 4747/634
f 4752/634 4758/634 4748/634
f 4750/634 4760/634 4752/634
f 4750/634 4761/634 4760/634
f 4751/634 4762/634 4750/634
f 4748/634 4751/634 4752/634
f 4752/634 4760/634 4753/634
f 4750/634 4762/634 4755/634
f 4751/634 4748/634 4749/634
f 4752/634 4754/634 4747/634
f 4760/634 4761/634 4759/634
f 4761/634 4750/634 4756/634
f 4762/634 4751/634 4757/634
f 4765/632 4766/632 4764/632
f 4765/632 4774/632 4767/632
f 4763/632 4764/632 4769/632
f 4771/632 4773/632 4770/632
f 4767/632 4774/632 4770/632
f 4769/632 4771/632 4772/632
f 4776/632 4850/632 4775/632
f 4775/632 4850/632 4778/632
f 4851/633 4705/633 4779/633
f 4779/633 4852/633 4781/633
f 4781/633 4853/633 4780/633
f 4853/633 4782/633 4780/633
f 4780/633 4851/633 4779/633
f 4782/633 4853/633 4708/633
f 4708/633 4707/633 4782/633
f 4854/633 4738/633 4783/633
f 4783/633 4855/633 4785/633
f 4785/633 4856/633 4784/633
f 4856/633 4786/633 4784/633
f 4784/633 4854/633 4783/633
f 4786/633 4856/633 4741/633
f 4741/633 4740/633 4786/633
f 4754/634 4757/634 4749/634
f 4756/634 4755/634 4757/634
f 4753/634 4759/634 4756/634
f 4756/634 4754/634 4753/634
f 4749/634 4747/634 4754/634
f 4715/634 4713/634 4720/634
f 4713/634 4723/634 4720/634
f 4723/634 4722/634 4721/634
f 4721/634 4726/634 4725/634
f 4725/634 4720/634 4721/634
f 4788/632 4791/632 4787/632
f 4790/632 4800/632 4787/632
f 4792/632 4797/632 4788/632
f 4795/632 4796/632 4794/632
f 4795/632 4800/632 4790/632
f 4793/632 4794/632 4797/632
f 4799/632 4857/632 4798/632
f 4801/632 4857/632 4799/632
f 4804/632 4858/632 4803/632
f 4806/632 4804/632 4805/632
f 4810/632 4813/632 4809/632
f 4803/632 4858/632 4812/632
f 4809/632 4806/632 4807/632
f 4811/632 4812/632 4813/632
f 4813/632 4812/632 4815/632
f 4816/632 4858/632 4804/632
f 4809/632 4813/632 4814/632
f 4812/632 4858/632 4816/632
f 4819/632 4806/632 4809/632
f 4817/632 4804/632 4806/632
f 6003/918 6000/918 6001/918
f 5999/918 5997/918 5996/918
f 6001/918 6002/918 6003/918
f 5997/918 5999/918 5998/918
f 5996/918 5997/918 6001/918
f 5996/918 6001/918 6000/918
f 5997/918 5998/918 6002/918
f 5997/918 6002/918 6001/918
f 5998/918 5999/918 6003/918
f 5998/918 6003/918 6002/918
f 5999/918 5996/918 6000/918
f 5999/918 6000/918 6003/918
f 6011/918 6008/918 6009/918
f 6007/918 6005/918 6004/918
f 6009/918 6010/918 6011/918
f 6005/918 6007/918 6006/918
f 6004/918 6005/918 6009/918
f 6004/918 6009/918 6008/918
f 6005/918 6006/918 6010/918
f 6005/918 6010/918 6009/918
f 6006/918 6007/918 6011/918
f 6006/918 6011/918 6010/918
f 6007/918 6004/918 6008/918
f 6007/918 6008/918 6011/918
f 6019/918 6016/918 6017/918
f 6015/918 6013/918 6012/918
f 6017/918 6018/918 6019/918
f 6013/918 6015/918 6014/918
f 6012/918 6013/918 6017/918
f 6012/918 6017/918 6016/918
f 6013/918 6014/918 6018/918
f 6013/918 6018/918 6017/918
f 6014/918 6015/918 6019/918
f 6014/918 6019/918 6018/918
f 6015/918 6012/918 6016/918
f 6015/918 6016/918 6019/918
f 6027/918 6024/918 6025/918
f 6023/918 6021/918 6020/918
f 6025/918 6026/918 6027/918
f 6021/918 6023/918 6022/918
f 6020/918 6021/918 6025/918
f 6020/918 6025/918 6024/918
f 6021/918 6022/918 6026/918
f 6021/918 6026/918 6025/918
f 6022/918 6023/918 6027/918
f 6022/918 6027/918 6026/918
f 6023/918 6020/918 6024/918
f 6023/918 6024/918 6027/918
f 6035/918 6032/918 6033/918
f 6031/918 6029/918 6028/918
f 6033/918 6034/918 6035/918
f 6029/918 6031/918 6030/918
f 6028/918 6029/918 6033/918
f 6028/918 6033/918 6032/918
f 6029/918 6030/918 6034/918
f 6029/918 6034/918 6033/918
f 6030/918 6031/918 6035/918
f 6030/918 6035/918 6034/918
f 6031/918 6028/918 6032/918
f 6031/918 6032/918 6035/918
f 6043/918 6040/918 6041/918
f 6039/918 6037/918 6036/918
f 6041/918 6042/918 6043/918
f 6037/918 6039/918 6038/918
f 6036/918 6037/918 6041/918
f 6036/918 6041/918 6040/918
f 6037/918 6038/918 6042/918
f 6037/918 6042/918 6041/918
f 6038/918 6039/918 6043/918
f 6038/918 6043/918 6042/918
f 6039/918 6036/918 6040/918
f 6039/918 6040/918 6043/918
f 6051/918 6048/918 6049/918
f 6047/918 6045/918 6044/918
f 6049/918 6050/918 6051/918
f 6045/918 6047/918 6046/918
f 6044/918 6045/918 6049/918
f 6044/918 6049/918 6048/918
f 6045/918 6046/918 6050/918
f 6045/918 6050/918 6049/918
f 6046/918 6047/918 6051/918
f 6046/918 6051/918 6050/918
f 6047/918 6044/918 6048/918
f 6047/918 6048/918 6051/918
g blade_damaged
f 4861/3 4860/12 4859/4
f 4860/4 4863/21 4862/20
f 4866/13 4865/52 4864/23
f 4861/3 4864/12 4867/11
f 4869/6 4868/6 4865/6
f 4871/6 4865/6 4870/6
f 4874/24 4873/25 4872/24
f 4873/25 4876/25 4875/25
f 4877/25 4873/25 4875/25
f 4872/25 4873/25 4877/25
f 4878/25 4872/25 4877/25
f 4881/28 4880/27 4879/26
f 4882/25 4876/25 4873/25
f 4885/31 4884/30 4883/29
f 4887/33 4886/32 4884/30
f 4888/34 4887/35 4885/34
f 4890/30 4888/31 4889/29
f 4893/38 4892/37 4891/36
f 4895/27 4891/38 4894/39
f 4898/36 4897/41 4896/40
f 4880/27 4899/38 4898/36
f 4876/25 4900/25 4875/25
f 4887/35 4902/42 4901/42
f 4890/45 4904/44 4903/43
f 4899/48 4906/47 4905/46
f 4905/46 4908/50 4907/49
f 4911/51 4910/47 4909/46
f 4913/50 4909/46 4912/49
f 4865/52 4914/12 4864/23
f 4915/28 4895/27 4894/39
f 4864/4 4863/11 4867/3
f 4859/13 4869/59 4871/14
f 4869/59 4862/12 4916/61
f 4918/64 4888/63 4917/63
f 4919/65 4913/66 4912/65
f 4886/67 4921/68 4920/67
f 4923/70 4906/69 4922/69
f 4926/71 4925/71 4924/71
f 4929/71 4928/71 4927/71
f 4932/71 4931/71 4930/71
f 4935/71 4934/71 4933/71
f 4937/71 4925/71 4936/71
f 4940/71 4939/71 4938/71
f 4942/71 4941/71 4932/71
f 4944/71 4943/71 4934/71
f 4946/71 4937/71 4945/71
f 4949/71 4948/71 4947/71
f 4952/71 4951/71 4950/71
f 4955/71 4954/71 4953/71
f 4957/71 4956/71 4949/71
f 4960/71 4959/71 4958/71
f 4962/71 4961/71 4957/71
f 4965/71 4964/71 4963/71
f 4968/71 4967/71 4966/71
f 4971/71 4970/71 4969/71
f 4974/71 4973/71 4972/71
f 4977/71 4976/71 4975/71
f 4980/71 4979/71 4978/71
f 4983/71 4982/71 4981/71
f 4929/71 4985/71 4984/71
f 4987/71 4933/71 4986/71
f 4990/71 4989/71 4988/71
f 4992/71 4991/71 4939/71
f 4994/71 4993/71 4943/71
f 4969/71 4996/71 4995/71
f 4998/71 4991/71 4997/71
f 5000/71 4993/71 4999/71
f 4973/71 5002/71 5001/71
f 5004/71 5003/71 4977/71
f 5006/71 5005/71 4947/71
f 5008/71 5007/71 4942/71
f 5010/71 4996/71 5009/71
f 5012/71 5011/71 5004/71
f 5014/71 4982/71 5013/71
f 5016/71 4974/71 5015/71
f 5018/71 5017/71 5012/71
f 5020/71 5019/71 4998/71
f 4967/71 5014/71 5021/71
f 5023/71 5022/71 5015/71
f 5018/71 5025/71 5024/71
f 5027/71 5026/71 5023/71
f 5029/71 5028/71 5025/71
f 5032/71 5031/71 5030/71
f 5034/71 4951/71 5033/71
f 5036/71 5035/71 5028/71
f 5031/71 4946/71 5037/71
f 5039/71 5038/71 5034/71
f 5042/71 5041/71 5040/71
f 5044/71 5043/71 5035/71
f 4964/71 4959/71 5045/71
f 5047/71 5046/71 4928/71
f 5050/71 5049/71 5048/71
f 5002/71 5052/71 5051/71
f 5054/71 5053/71 5043/71
f 5056/71 5053/71 5055/71
f 5057/71 4938/71 5046/71
f 5050/71 5059/71 5058/71
f 5062/71 5061/71 5060/71
f 4955/71 5063/71 5056/71
f 5066/71 5065/71 5064/71
f 5068/71 5067/71 5059/71
f 5010/71 5009/71 5027/71
f 4962/71 4976/71 4961/71
f 5070/71 5069/71 5067/71
f 5072/71 5071/71 5069/71
f 5074/71 5073/71 5071/71
f 5040/71 5076/71 5075/71
f 5078/71 5077/71 5000/71
f 5052/71 5061/71 5079/71
f 5005/71 4968/71 5080/71
f 5082/71 5032/71 5081/71
f 5008/71 5076/71 5007/71
f 5048/71 5083/71 5042/71
f 5086/71 5085/71 5084/71
f 4989/71 4965/71 5087/71
f 4958/71 5088/71 5078/71
f 5090/71 5073/71 5089/71
f 4952/71 4950/71 5086/71
f 4981/71 5091/71 5020/71
f 4980/71 4986/71 5092/71
f 5066/71 5093/71 5090/71
f 4984/71 5094/71 5039/71
f 5095/71 4990/71 4930/71
f 4978/71 5096/71 4971/71
f 5084/71 5097/71 5081/71
f 5099/71 5098/71 4975/71
f 5101/71 5100/71 5098/71
f 5102/71 5020/71 4998/71
f 5105/71 5104/71 5103/71
f 5105/71 5034/71 5033/71
f 5106/71 5034/71 5105/71
f 5107/71 5057/71 5047/71
f 5108/71 4940/71 5057/71
f 5109/71 4924/71 5066/71
f 5099/71 4975/71 4962/71
f 5111/71 5110/71 4995/71
f 5114/71 5113/71 5112/71
f 5116/71 4966/71 5115/71
f 5117/71 5048/71 5042/71
f 5118/71 5090/71 5089/71
f 5109/71 5066/71 5090/71
f 5119/71 5084/71 5081/71
f 5122/71 5121/71 5120/71
f 5124/71 5112/71 5123/71
f 5127/71 5126/71 5125/71
f 5130/71 5129/71 5128/71
f 5115/71 5021/71 5131/71
f 5122/71 4977/71 4975/71
f 5133/71 4984/71 5132/71
f 5134/71 4997/71 4992/71
f 5135/71 4998/71 4997/71
f 5136/71 5080/71 5116/71
f 5138/71 5128/71 5137/71
f 5141/71 5140/71 5139/71
f 5139/71 5143/71 5142/71
f 5145/71 5037/71 5144/71
f 5144/71 4945/71 5146/71
f 5149/71 5148/71 5147/71
f 5147/71 5151/71 5150/71
f 5150/71 5153/71 5152/71
f 5152/71 5155/71 5154/71
f 5154/71 5157/71 5156/71
f 5160/71 5159/71 5158/71
f 5162/71 5000/71 5161/71
f 5127/71 5164/71 5163/71
f 5162/71 4958/71 5078/71
f 5167/71 5166/71 5165/71
f 5168/71 4978/71 4971/71
f 5169/71 4944/71 4935/71
f 5170/71 4994/71 4944/71
f 5171/71 5060/71 4955/71
f 5172/71 4958/71 5162/71
f 5165/71 5174/71 5173/71
f 5173/71 5176/71 5175/71
f 5178/71 5033/71 5177/71
f 5180/71 5087/71 5179/71
f 5167/71 4969/71 4995/71
f 5181/71 4977/71 5122/71
f 5181/71 5012/71 5004/71
f 5183/71 5012/71 5182/71
f 5183/71 5029/71 5018/71
f 5184/71 5036/71 5029/71
f 5185/71 5044/71 5036/71
f 5186/71 5054/71 5044/71
f 5187/71 5055/71 5054/71
f 5188/71 5060/71 5171/71
f 5191/71 5190/71 5189/71
f 5189/71 5193/71 5192/71
f 5192/71 5195/71 5194/71
f 5198/71 5197/71 5196/71
f 5201/71 5200/71 5199/71
f 5179/71 4963/71 5202/71
f 5203/71 4987/71 4980/71
f 5204/71 4988/71 5180/71
f 5204/71 4932/71 4930/71
f 5206/71 4932/71 5205/71
f 5177/71 5033/71 4952/71
f 5208/71 5197/71 5207/71
f 5202/71 5045/71 5209/71
f 5211/71 5001/71 5210/71
f 5214/71 5213/71 5212/71
f 5217/71 5216/71 5215/71
f 5218/71 5215/71 5110/71
f 5210/71 5051/71 5219/71
f 5111/71 4995/71 5010/71
f 5220/71 4972/71 5211/71
f 5220/71 5023/71 5015/71
f 5222/71 5023/71 5221/71
f 5224/71 5223/71 5213/71
f 5225/71 5212/71 5216/71
f 5219/71 5079/71 5226/71
f 5228/71 5223/71 5227/71
f 5198/71 5157/71 5229/71
f 5231/71 5075/71 5230/71
f 5149/71 5075/71 5232/71
f 5233/71 5040/71 5075/71
f 5230/71 5075/71 5008/71
f 5234/71 5137/71 5100/71
f 5102/71 4981/71 5020/71
f 5106/71 4984/71 5039/71
f 5133/71 5047/71 4929/71
f 5235/71 4992/71 4940/71
f 5136/71 4949/71 4947/71
f 5237/71 4949/71 5236/71
f 5237/71 4962/71 4957/71
f 5238/71 5164/71 5129/71
f 5240/71 4981/71 5239/71
f 5103/71 5242/71 5241/71
f 5241/71 5244/71 5243/71
f 5243/71 5245/71 5141/71
f 5160/71 5143/71 5246/71
f 5247/71 4983/71 5240/71
f 5131/71 5013/71 5247/71
f 5249/71 5123/71 5248/71
f 5178/71 5248/71 5250/71
f 5117/71 5040/71 5233/71
f 5252/71 5048/71 5251/71
f 5252/71 5068/71 5050/71
f 5253/71 5070/71 5068/71
f 5254/71 5072/71 5070/71
f 5255/71 5074/71 5072/71
f 5256/71 5089/71 5074/71
f 5119/71 5030/71 5145/71
f 5258/71 5084/71 5257/71
f 5258/71 4952/71 5086/71
f 5259/71 5159/71 5113/71
f 5261/71 4924/71 5260/71
f 5262/71 4926/71 5261/71
f 5146/71 4936/71 5262/71
f 5264/71 5207/71 5263/71
f 5231/71 5199/71 5265/71
f 5168/71 4969/71 5167/71
f 5203/71 4978/71 5266/71
f 5267/71 4935/71 4987/71
f 5268/71 4999/71 4994/71
f 5269/71 5000/71 4999/71
f 5206/71 5008/71 4942/71
f 5270/71 5263/71 5200/71
f 5175/71 5272/71 5271/71
f 5271/71 5274/71 5273/71
f 5273/71 5276/71 5275/71
f 5228/71 5276/71 5277/71
f 5209/71 4960/71 5172/71
f 5278/71 5056/71 5055/71
f 5171/71 5056/71 5279/71
f 5222/71 5010/71 5027/71
f 5120/71 5280/71 5191/71
f 5194/71 5126/71 5281/71
f 5226/71 5062/71 5188/71
f 5283/71 4925/71 5282/71
f 4927/71 4928/71 5284/71
f 5286/71 4931/71 5285/71
f 4933/71 4934/71 5287/71
f 5288/71 4925/71 4937/71
f 4938/71 4939/71 5289/71
f 5285/71 4941/71 5290/71
f 4934/71 4943/71 5291/71
f 5292/71 4937/71 4946/71
f 5294/71 4948/71 5293/71
f 4950/71 4951/71 5295/71
f 4953/71 4954/71 5296/71
f 5293/71 4956/71 5297/71
f 5299/71 4959/71 5298/71
f 5297/71 4961/71 5300/71
f 5301/71 4964/71 4965/71
f 5302/71 4967/71 4968/71
f 5304/71 4970/71 5303/71
f 5305/71 4973/71 4974/71
f 5307/71 4976/71 5306/71
f 5309/71 4979/71 5308/71
f 5311/71 4982/71 5310/71
f 5312/71 4985/71 5284/71
f 4986/71 4933/71 5313/71
f 5314/71 4989/71 4990/71
f 4939/71 4991/71 5315/71
f 4943/71 4993/71 5316/71
f 5317/71 4996/71 5304/71
f 5319/71 4991/71 5318/71
f 5321/71 4993/71 5320/71
f 5322/71 5002/71 4973/71
f 5306/71 5003/71 5323/71
f 5294/71 5005/71 5006/71
f 5290/71 5007/71 5324/71
f 5009/71 4996/71 5325/71
f 5323/71 5011/71 5326/71
f 5327/71 4982/71 5014/71
f 5328/71 4974/71 5016/71
f 5326/71 5017/71 5329/71
f 5318/71 5019/71 5330/71
f 5331/71 5014/71 4967/71
f 5328/71 5022/71 5332/71
f 5024/71 5025/71 5329/71
f 5332/71 5026/71 5333/71
f 5025/71 5028/71 5334/71
f 5335/71 5031/71 5032/71
f 5337/71 4951/71 5336/71
f 5028/71 5035/71 5338/71
f 5339/71 4946/71 5031/71
f 5336/71 5038/71 5340/71
f 5342/71 5041/71 5341/71
f 5035/71 5043/71 5343/71
f 5344/71 4959/71 4964/71
f 4928/71 5046/71 5345/71
f 5347/71 5049/71 5346/71
f 5348/71 5052/71 5002/71
f 5043/71 5053/71 5349/71
f 5351/71 5053/71 5350/71
f 5046/71 4938/71 5352/71
f 5058/71 5059/71 5346/71
f 5354/71 5061/71 5353/71
f 5350/71 5063/71 5296/71
f 5064/71 5065/71 5355/71
f 5059/71 5067/71 5356/71
f 5333/71 5009/71 5325/71
f 4961/71 4976/71 5300/71
f 5067/71 5069/71 5357/71
f 5069/71 5071/71 5358/71
f 5071/71 5073/71 5359/71
f 5360/71 5076/71 5342/71
f 5320/71 5077/71 5361/71
f 5362/71 5061/71 5052/71
f 5363/71 4968/71 5005/71
f 5364/71 5032/71 5082/71
f 5007/71 5076/71 5324/71
f 5341/71 5083/71 5347/71
f 5366/71 5085/71 5365/71
f 5367/71 4965/71 4989/71
f 5361/71 5088/71 5299/71
f 5369/71 5073/71 5368/71
f 5365/71 4950/71 5295/71
f 5330/71 5091/71 5311/71
f 5092/71 4986/71 5308/71
f 5368/71 5093/71 5355/71
f 5340/71 5094/71 5312/71
f 5286/71 4990/71 5095/71
f 5303/71 5096/71 5309/71
f 5364/71 5097/71 5366/71
f 5307/71 5371/71 5370/71
f 5371/71 5373/71 5372/71
f 5318/71 5330/71 5374/71
f 5377/71 5376/71 5375/71
f 5337/71 5336/71 5375/71
f 5375/71 5336/71 5378/71
f 5345/71 5352/71 5379/71
f 5352/71 5289/71 5380/71
f 5355/71 5283/71 5381/71
f 5300/71 5307/71 5370/71
f 5317/71 5383/71 5382/71
f 5386/71 5385/71 5384/71
f 5388/71 5302/71 5387/71
f 5341/71 5347/71 5389/71
f 5369/71 5368/71 5390/71
f 5368/71 5355/71 5381/71
f 5364/71 5366/71 5391/71
f 5394/71 5393/71 5392/71
f 5396/71 5386/71 5395/71
f 5399/71 5398/71 5397/71
f 5402/71 5401/71 5400/71
f 5403/71 5331/71 5388/71
f 5307/71 5306/71 5392/71
f 5405/71 5312/71 5404/71
f 5315/71 5319/71 5406/71
f 5319/71 5318/71 5407/71
f 5387/71 5363/71 5408/71
f 5410/71 5402/71 5409/71
f 5413/71 5412/71 5411/71
f 5415/71 5414/71 5413/71
f 5417/71 5339/71 5416/71
f 5418/71 5292/71 5417/71
f 5421/71 5420/71 5419/71
f 5423/71 5422/71 5421/71
f 5425/71 5424/71 5423/71
f 5427/71 5426/71 5425/71
f 5429/71 5428/71 5427/71
f 5432/71 5431/71 5430/71
f 5320/71 5361/71 5433/71
f 5435/71 5434/71 5397/71
f 5361/71 5299/71 5433/71
f 5437/71 5317/71 5436/71
f 5303/71 5309/71 5438/71
f 5287/71 5291/71 5439/71
f 5291/71 5316/71 5440/71
f 5296/71 5354/71 5441/71
f 5433/71 5299/71 5442/71
f 5444/71 5443/71 5436/71
f 5446/71 5445/71 5444/71
f 5448/71 5337/71 5447/71
f 5450/71 5367/71 5449/71
f 5317/71 5304/71 5451/71
f 5392/71 5306/71 5452/71
f 5323/71 5326/71 5452/71
f 5454/71 5326/71 5453/71
f 5329/71 5334/71 5453/71
f 5334/71 5338/71 5455/71
f 5338/71 5343/71 5456/71
f 5343/71 5349/71 5457/71
f 5349/71 5351/71 5458/71
f 5441/71 5354/71 5459/71
f 5462/71 5461/71 5460/71
f 5464/71 5463/71 5462/71
f 5466/71 5465/71 5464/71
f 5469/71 5468/71 5467/71
f 5472/71 5471/71 5470/71
f 5473/71 5301/71 5450/71
f 5308/71 5313/71 5474/71
f 5449/71 5314/71 5475/71
f 5286/71 5285/71 5475/71
f 5477/71 5285/71 5476/71
f 5295/71 5337/71 5448/71
f 5479/71 5468/71 5478/71
f 5480/71 5344/71 5473/71
f 5482/71 5322/71 5481/71
f 5485/71 5484/71 5483/71
f 5488/71 5487/71 5486/71
f 5383/71 5488/71 5489/71
f 5490/71 5348/71 5482/71
f 5325/71 5317/71 5382/71
f 5481/71 5305/71 5491/71
f 5328/71 5332/71 5491/71
f 5493/71 5332/71 5492/71
f 5484/71 5495/71 5494/71
f 5487/71 5485/71 5496/71
f 5497/71 5362/71 5490/71
f 5499/71 5495/71 5498/71
f 5500/71 5428/71 5467/71
f 5502/71 5360/71 5501/71
f 5503/71 5360/71 5419/71
f 5360/71 5342/71 5504/71
f 5324/71 5360/71 5502/71
f 5373/71 5410/71 5505/71
f 5330/71 5311/71 5374/71
f 5340/71 5312/71 5378/71
f 5284/71 5345/71 5404/71
f 5289/71 5315/71 5506/71
f 5294/71 5293/71 5408/71
f 5508/71 5293/71 5507/71
f 5297/71 5300/71 5507/71
f 5401/71 5434/71 5509/71
f 5511/71 5311/71 5510/71
f 5513/71 5512/71 5377/71
f 5515/71 5514/71 5513/71
f 5411/71 5516/71 5515/71
f 5517/71 5414/71 5430/71
f 5510/71 5310/71 5518/71
f 5518/71 5327/71 5403/71
f 5520/71 5396/71 5519/71
f 5521/71 5520/71 5447/71
f 5504/71 5342/71 5389/71
f 5523/71 5347/71 5522/71
f 5346/71 5356/71 5522/71
f 5356/71 5357/71 5524/71
f 5357/71 5358/71 5525/71
f 5358/71 5359/71 5526/71
f 5359/71 5369/71 5527/71
f 5416/71 5335/71 5391/71
f 5529/71 5366/71 5528/71
f 5365/71 5295/71 5528/71
f 5385/71 5431/71 5530/71
f 5532/71 5283/71 5531/71
f 5531/71 5282/71 5533/71
f 5533/71 5288/71 5418/71
f 5535/71 5479/71 5534/71
f 5536/71 5472/71 5501/71
f 5451/71 5304/71 5438/71
f 5537/71 5309/71 5474/71
f 5313/71 5287/71 5538/71
f 5316/71 5321/71 5539/71
f 5321/71 5320/71 5540/71
f 5290/71 5324/71 5476/71
f 5471/71 5535/71 5541/71
f 5543/71 5542/71 5446/71
f 5545/71 5544/71 5543/71
f 5547/71 5546/71 5545/71
f 5548/71 5546/71 5498/71
f 5442/71 5298/71 5480/71
f 5351/71 5350/71 5549/71
f 5550/71 5350/71 5441/71
f 5333/71 5325/71 5492/71
f 5460/71 5551/71 5394/71
f 5552/71 5398/71 5466/71
f 5459/71 5353/71 5497/71
f 5242/72 5376/72 5512/72
f 5245/72 5412/72 5140/72
f 5140/72 5414/72 5143/72
f 5242/72 5514/72 5244/72
f 5246/72 5431/72 5159/72
f 5245/72 5514/72 5516/72
f 5143/72 5517/72 5246/72
f 5159/72 5385/72 5113/72
f 5123/72 5386/72 5396/72
f 5113/72 5386/72 5112/72
f 5123/72 5520/72 5248/72
f 5250/72 5337/72 5033/72
f 5248/72 5521/72 5250/72
f 5110/72 5488/72 5383/72
f 5110/72 5317/72 4995/72
f 5229/72 5468/72 5197/72
f 5263/72 5471/72 5200/72
f 5199/72 5471/72 5472/72
f 5100/72 5410/72 5373/72
f 5125/72 5434/72 5164/72
f 5272/72 5445/72 5542/72
f 5272/72 5544/72 5274/72
f 4975/72 5371/72 5307/72
f 5137/72 5402/72 5410/72
f 5276/72 5544/72 5546/72
f 5100/72 5371/72 5098/72
f 5276/72 5548/72 5277/72
f 5213/72 5495/72 5484/72
f 5207/72 5535/72 5263/72
f 5216/72 5485/72 5487/72
f 5199/72 5536/72 5265/72
f 5197/72 5479/72 5207/72
f 5148/72 5503/72 5420/72
f 5277/72 5495/72 5223/72
f 5125/72 5398/72 5399/72
f 5129/72 5434/72 5401/72
f 5151/72 5420/72 5422/72
f 5229/72 5428/72 5500/72
f 5129/72 5402/72 5128/72
f 5166/72 5443/72 5174/72
f 5280/72 5393/72 5551/72
f 5153/72 5422/72 5424/72
f 5190/72 5551/72 5461/72
f 5265/72 5360/72 5075/72
f 5176/72 5443/72 5445/72
f 5126/72 5465/72 5398/72
f 5213/72 5485/72 5212/72
f 5155/72 5424/72 5426/72
f 5193/72 5461/72 5463/72
f 5216/72 5488/72 5215/72
f 5157/72 5426/72 5428/72
f 5193/72 5465/72 5195/72
f 5317/72 5166/72 4995/72
f 4975/72 5393/72 5121/72
f 5033/72 5376/72 5104/72
f 5075/72 5503/72 5232/72
f 4922/69 5553/73 4881/73
f 5554/74 4912/65 4895/74
f 4912/49 4893/48 4895/75
f 4893/48 4910/47 5555/28
f 4899/48 4907/49 4897/75
f 5556/51 4906/47 4904/76
f 5557/77 4920/78 4923/77
f 5558/80 4889/79 4918/79
f 5559/33 4903/32 4902/81
f 5556/84 4889/83 4908/82
f 4884/45 5557/44 4911/84
f 4883/83 4911/84 4913/82
f 5201/87 5231/86 5205/85
f 5478/90 5540/89 5442/88
f 5560/93 4872/92 4878/91
f 4875/96 5561/95 4877/94
f 4877/94 5560/93 4878/91
f 5559/99 5563/98 5562/97
f 5564/100 5559/99 5562/97
f 5559/99 5566/102 5565/101
f 5563/98 5559/99 5565/101
f 5566/101 5567/103 5565/102
f 5562/97 4917/104 5564/100
f 5568/107 5562/106 5563/105
f 5568/107 5565/109 5567/108
f 5564/100 5570/111 5569/110
f 5559/99 5571/112 5566/102
f 5564/100 5572/113 5559/99
f 4921/103 5571/112 5573/114
f 5576/100 5575/113 5574/110
f 4921/103 5578/112 5577/102
f 5579/99 5578/112 5575/113
f 5576/100 5570/111 4917/104
f 5577/102 5579/99 5580/101
f 5568/107 5582/109 5581/108
f 5579/99 5576/100 5582/97
f 5567/104 5577/97 5580/100
f 5582/101 4917/103 5581/115
f 5579/99 5583/98 5580/101
f 5583/98 5579/99 5582/97
f 5568/107 5580/106 5583/105
f 5586/116 5585/116 5584/116
f 5589/116 5588/117 5587/117
f 5592/117 5591/116 5590/116
f 5594/118 5593/116 5586/116
f 5596/118 5595/116 5589/116
f 5594/118 5598/118 5597/118
f 5584/118 5599/118 5596/118
f 5590/116 5598/118 5600/118
f 4904/77 4920/78 4903/78
f 5555/73 4922/69 4881/73
f 4910/69 4923/70 4922/69
f 4903/67 4921/68 4902/68
f 5558/80 4883/79 4913/80
f 4907/65 5554/74 4897/74
f 4908/66 4919/65 4907/65
f 4918/64 4885/63 4883/64
f 4892/37 4881/75 4879/119
f 4897/37 4915/75 4896/120
f 5603/123 5602/122 5601/121
f 5606/123 5605/124 5604/121
f 5608/125 5601/121 5607/124
f 5610/126 5604/121 5609/122
f 4861/3 4867/11 4860/12
f 4860/4 4867/3 4863/21
f 4866/13 4870/14 4865/52
f 4861/3 4866/4 4864/12
f 4869/6 4916/6 4868/6
f 4871/6 4869/6 4865/6
f 4874/24 4882/25 4873/25
f 4881/28 5553/39 4880/27
f 4882/25 5611/25 4876/25
f 4885/31 4887/33 4884/30
f 4887/33 4901/81 4886/32
f 4888/34 5559/35 4887/35
f 4890/30 5559/33 4888/31
f 4893/38 5555/120 4892/37
f 4895/27 4893/36 4891/38
f 4898/36 4899/38 4897/41
f 4880/27 5553/39 4899/38
f 4876/25 5611/25 4900/25
f 4887/35 5559/35 4902/42
f 4890/45 5556/84 4904/44
f 4899/48 5553/28 4906/47
f 4905/46 5556/51 4908/50
f 4911/51 5557/76 4910/47
f 4913/50 4911/51 4909/46
f 4865/52 4868/61 4914/12
f 4915/28 5554/26 4895/27
f 4864/4 4914/12 4863/11
f 4859/13 4860/60 4869/59
f 4869/59 4860/60 4862/12
f 4918/64 4889/64 4888/63
f 4919/65 5558/66 4913/66
f 4886/67 4901/68 4921/68
f 4923/70 4904/70 4906/69
f 4925/71 5065/71 4924/71
f 4929/71 5047/71 4928/71
f 4931/71 5095/71 4930/71
f 4935/71 4944/71 4934/71
f 4925/71 4926/71 4936/71
f 4940/71 4992/71 4939/71
f 4941/71 4931/71 4932/71
f 4944/71 4994/71 4943/71
f 4937/71 4936/71 4945/71
f 4948/71 5006/71 4947/71
f 4952/71 5033/71 4951/71
f 4955/71 5060/71 4954/71
f 4956/71 4948/71 4949/71
f 4959/71 5088/71 4958/71
f 4961/71 4956/71 4957/71
f 4964/71 5045/71 4963/71
f 4967/71 5021/71 4966/71
f 4971/71 5096/71 4970/71
f 4973/71 5001/71 4972/71
f 4977/71 5003/71 4976/71
f 4980/71 5092/71 4979/71
f 4982/71 5091/71 4981/71
f 4929/71 4927/71 4985/71
f 4987/71 4935/71 4933/71
f 4989/71 5087/71 4988/71
f 4992/71 4997/71 4991/71
f 4994/71 4999/71 4993/71
f 4969/71 4970/71 4996/71
f 4998/71 5019/71 4991/71
f 5000/71 5077/71 4993/71
f 5002/71 5051/71 5001/71
f 5004/71 5011/71 5003/71
f 5005/71 5080/71 4947/71
f 5007/71 4941/71 4942/71
f 5010/71 4995/71 4996/71
f 5012/71 5017/71 5011/71
f 4982/71 4983/71 5013/71
f 4974/71 4972/71 5015/71
f 5018/71 5024/71 5017/71
f 5020/71 5612/71 5019/71
f 5014/71 5013/71 5021/71
f 5022/71 5016/71 5015/71
f 5018/71 5029/71 5025/71
f 5026/71 5022/71 5023/71
f 5029/71 5036/71 5028/71
f 5031/71 5037/71 5030/71
f 5034/71 5038/71 4951/71
f 5036/71 5044/71 5035/71
f 4946/71 4945/71 5037/71
f 5039/71 5094/71 5038/71
f 5042/71 5083/71 5041/71
f 5044/71 5054/71 5043/71
f 4959/71 4960/71 5045/71
f 5047/71 5057/71 5046/71
f 5050/71 5058/71 5049/71
f 5052/71 5079/71 5051/71
f 5054/71 5055/71 5053/71
f 5056/71 5063/71 5053/71
f 5057/71 4940/71 4938/71
f 5050/71 5068/71 5059/71
f 5061/71 4954/71 5060/71
f 4955/71 4953/71 5063/71
f 5066/71 4924/71 5065/71
f 5068/71 5070/71 5067/71
f 5009/71 5026/71 5027/71
f 4962/71 4975/71 4976/71
f 5070/71 5072/71 5069/71
f 5072/71 5074/71 5071/71
f 5074/71 5089/71 5073/71
f 5040/71 5041/71 5076/71
f 5078/71 5613/71 5077/71
f 5061/71 5062/71 5079/71
f 4968/71 4966/71 5080/71
f 5032/71 5030/71 5081/71
f 5008/71 5075/71 5076/71
f 5048/71 5049/71 5083/71
f 5085/71 5097/71 5084/71
f 4965/71 4963/71 5087/71
f 5088/71 5613/71 5078/71
f 5090/71 5093/71 5073/71
f 4950/71 5085/71 5086/71
f 5091/71 5612/71 5020/71
f 4980/71 4987/71 4986/71
f 5066/71 5064/71 5093/71
f 4984/71 4985/71 5094/71
f 4990/71 4988/71 4930/71
f 4978/71 4979/71 5096/71
f 5097/71 5082/71 5081/71
f 5099/71 5101/71 5098/71
f 5101/71 5234/71 5100/71
f 5105/71 5033/71 5104/71
f 5106/71 5039/71 5034/71
f 5107/71 5108/71 5057/71
f 5108/71 5235/71 4940/71
f 5109/71 5260/71 4924/71
f 5111/71 5218/71 5110/71
f 5114/71 5259/71 5113/71
f 5116/71 5080/71 4966/71
f 5117/71 5251/71 5048/71
f 5118/71 5109/71 5090/71
f 5119/71 5257/71 5084/71
f 5122/71 4975/71 5121/71
f 5124/71 5114/71 5112/71
f 5127/71 5281/71 5126/71
f 5130/71 5238/71 5129/71
f 5115/71 4966/71 5021/71
f 5133/71 4929/71 4984/71
f 5134/71 5135/71 4997/71
f 5135/71 5102/71 4998/71
f 5136/71 4947/71 5080/71
f 5138/71 5130/71 5128/71
f 5141/71 5245/71 5140/71
f 5139/71 5140/71 5143/71
f 5145/71 5030/71 5037/71
f 5144/71 5037/71 4945/71
f 5149/71 5232/71 5148/71
f 5147/71 5148/71 5151/71
f 5150/71 5151/71 5153/71
f 5152/71 5153/71 5155/71
f 5154/71 5155/71 5157/71
f 5160/71 5246/71 5159/71
f 5162/71 5078/71 5000/71
f 5127/71 5125/71 5164/71
f 5167/71 4995/71 5166/71
f 5168/71 5266/71 4978/71
f 5169/71 5170/71 4944/71
f 5170/71 5268/71 4994/71
f 5172/71 4960/71 4958/71
f 5165/71 5166/71 5174/71
f 5173/71 5174/71 5176/71
f 5178/71 5250/71 5033/71
f 5180/71 4988/71 5087/71
f 5181/71 5004/71 4977/71
f 5181/71 5182/71 5012/71
f 5183/71 5018/71 5012/71
f 5183/71 5184/71 5029/71
f 5184/71 5185/71 5036/71
f 5185/71 5186/71 5044/71
f 5186/71 5187/71 5054/71
f 5187/71 5278/71 5055/71
f 5188/71 5062/71 5060/71
f 5191/71 5280/71 5190/71
f 5189/71 5190/71 5193/71
f 5192/71 5193/71 5195/71
f 5198/71 5229/71 5197/71
f 5201/71 5270/71 5200/71
f 5179/71 5087/71 4963/71
f 5203/71 5267/71 4987/71
f 5204/71 4930/71 4988/71
f 5204/71 5205/71 4932/71
f 5206/71 4942/71 4932/71
f 5208/71 5196/71 5197/71
f 5202/71 4963/71 5045/71
f 5211/71 4972/71 5001/71
f 5214/71 5224/71 5213/71
f 5217/71 5225/71 5216/71
f 5218/71 5217/71 5215/71
f 5210/71 5001/71 5051/71
f 5220/71 5015/71 4972/71
f 5220/71 5221/71 5023/71
f 5222/71 5027/71 5023/71
f 5224/71 5227/71 5223/71
f 5225/71 5214/71 5212/71
f 5219/71 5051/71 5079/71
f 5228/71 5277/71 5223/71
f 5198/71 5156/71 5157/71
f 5231/71 5265/71 5075/71
f 5149/71 5233/71 5075/71
f 5234/71 5138/71 5137/71
f 5102/71 5239/71 4981/71
f 5106/71 5132/71 4984/71
f 5133/71 5107/71 5047/71
f 5235/71 5134/71 4992/71
f 5136/71 5236/71 4949/71
f 5237/71 4957/71 4949/71
f 5237/71 5099/71 4962/71
f 5238/71 5163/71 5164/71
f 5240/71 4983/71 4981/71
f 5103/71 5104/71 5242/71
f 5241/71 5242/71 5244/71
f 5243/71 5244/71 5245/71
f 5160/71 5142/71 5143/71
f 5247/71 5013/71 4983/71
f 5131/71 5021/71 5013/71
f 5249/71 5124/71 5123/71
f 5178/71 5249/71 5248/71
f 5117/71 5042/71 5040/71
f 5252/71 5050/71 5048/71
f 5252/71 5253/71 5068/71
f 5253/71 5254/71 5070/71
f 5254/71 5255/71 5072/71
f 5255/71 5256/71 5074/71
f 5256/71 5118/71 5089/71
f 5119/71 5081/71 5030/71
f 5258/71 5086/71 5084/71
f 5258/71 5177/71 4952/71
f 5259/71 5158/71 5159/71
f 5261/71 4926/71 4924/71
f 5262/71 4936/71 4926/71
f 5146/71 4945/71 4936/71
f 5264/71 5208/71 5207/71
f 5231/71 5201/71 5199/71
f 5168/71 4971/71 4969/71
f 5203/71 4980/71 4978/71
f 5267/71 5169/71 4935/71
f 5268/71 5269/71 4999/71
f 5269/71 5161/71 5000/71
f 5206/71 5230/71 5008/71
f 5270/71 5264/71 5263/71
f 5175/71 5176/71 5272/71
f 5271/71 5272/71 5274/71
f 5273/71 5274/71 5276/71
f 5228/71 5275/71 5276/71
f 5209/71 5045/71 4960/71
f 5278/71 5279/71 5056/71
f 5171/71 4955/71 5056/71
f 5222/71 5111/71 5010/71
f 5120/71 5121/71 5280/71
f 5194/71 5195/71 5126/71
f 5226/71 5079/71 5062/71
f 5283/71 5065/71 4925/71
f 4928/71 5345/71 5284/71
f 5286/71 5095/71 4931/71
f 4934/71 5291/71 5287/71
f 5288/71 5282/71 4925/71
f 4939/71 5315/71 5289/71
f 5285/71 4931/71 4941/71
f 4943/71 5316/71 5291/71
f 5292/71 5288/71 4937/71
f 5294/71 5006/71 4948/71
f 4951/71 5337/71 5295/71
f 4954/71 5354/71 5296/71
f 5293/71 4948/71 4956/71
f 5299/71 5088/71 4959/71
f 5297/71 4956/71 4961/71
f 5301/71 5344/71 4964/71
f 5302/71 5331/71 4967/71
f 4970/71 5096/71 5303/71
f 5305/71 5322/71 4973/71
f 4976/71 5003/71 5306/71
f 4979/71 5092/71 5308/71
f 5311/71 5091/71 4982/71
f 4985/71 4927/71 5284/71
f 4933/71 5287/71 5313/71
f 5314/71 5367/71 4989/71
f 4991/71 5319/71 5315/71
f 4993/71 5321/71 5316/71
f 4996/71 4970/71 5304/71
f 4991/71 5019/71 5318/71
f 4993/71 5077/71 5320/71
f 5322/71 5348/71 5002/71
f 5003/71 5011/71 5323/71
f 5294/71 5363/71 5005/71
f 5290/71 4941/71 5007/71
f 4996/71 5317/71 5325/71
f 5011/71 5017/71 5326/71
f 5327/71 5310/71 4982/71
f 5328/71 5305/71 4974/71
f 5017/71 5024/71 5329/71
f 5019/71 5612/71 5330/71
f 5331/71 5327/71 5014/71
f 5328/71 5016/71 5022/71
f 5025/71 5334/71 5329/71
f 5332/71 5022/71 5026/71
f 5028/71 5338/71 5334/71
f 5335/71 5339/71 5031/71
f 4951/71 5038/71 5336/71
f 5035/71 5343/71 5338/71
f 5339/71 5292/71 4946/71
f 5038/71 5094/71 5340/71
f 5041/71 5083/71 5341/71
f 5043/71 5349/71 5343/71
f 5344/71 5298/71 4959/71
f 5046/71 5352/71 5345/71
f 5049/71 5058/71 5346/71
f 5348/71 5362/71 5052/71
f 5053/71 5351/71 5349/71
f 5053/71 5063/71 5350/71
f 4938/71 5289/71 5352/71
f 5059/71 5356/71 5346/71
f 5354/71 4954/71 5061/71
f 5063/71 4953/71 5296/71
f 5065/71 5283/71 5355/71
f 5067/71 5357/71 5356/71
f 5333/71 5026/71 5009/71
f 4976/71 5307/71 5300/71
f 5069/71 5358/71 5357/71
f 5071/71 5359/71 5358/71
f 5073/71 5369/71 5359/71
f 5076/71 5041/71 5342/71
f 5077/71 5613/71 5361/71
f 5362/71 5353/71 5061/71
f 5363/71 5302/71 4968/71
f 5364/71 5335/71 5032/71
f 5076/71 5360/71 5324/71
f 5083/71 5049/71 5347/71
f 5366/71 5097/71 5085/71
f 5367/71 5301/71 4965/71
f 5361/71 5613/71 5088/71
f 5073/71 5093/71 5368/71
f 5365/71 5085/71 4950/71
f 5330/71 5612/71 5091/71
f 4986/71 5313/71 5308/71
f 5093/71 5064/71 5355/71
f 5094/71 4985/71 5312/71
f 5286/71 5314/71 4990/71
f 5096/71 4979/71 5309/71
f 5364/71 5082/71 5097/71
f 5371/71 5372/71 5370/71
f 5373/71 5505/71 5372/71
f 5376/71 5337/71 5375/71
f 5336/71 5340/71 5378/71
f 5352/71 5380/71 5379/71
f 5289/71 5506/71 5380/71
f 5283/71 5532/71 5381/71
f 5383/71 5489/71 5382/71
f 5385/71 5530/71 5384/71
f 5302/71 5363/71 5387/71
f 5347/71 5523/71 5389/71
f 5368/71 5381/71 5390/71
f 5366/71 5529/71 5391/71
f 5393/71 5307/71 5392/71
f 5386/71 5384/71 5395/71
f 5398/71 5552/71 5397/71
f 5401/71 5509/71 5400/71
f 5331/71 5302/71 5388/71
f 5312/71 5284/71 5404/71
f 5319/71 5407/71 5406/71
f 5318/71 5374/71 5407/71
f 5363/71 5294/71 5408/71
f 5402/71 5400/71 5409/71
f 5412/71 5516/71 5411/71
f 5414/71 5412/71 5413/71
f 5339/71 5335/71 5416/71
f 5292/71 5339/71 5417/71
f 5420/71 5503/71 5419/71
f 5422/71 5420/71 5421/71
f 5424/71 5422/71 5423/71
f 5426/71 5424/71 5425/71
f 5428/71 5426/71 5427/71
f 5431/71 5517/71 5430/71
f 5434/71 5399/71 5397/71
f 5317/71 5451/71 5436/71
f 5309/71 5537/71 5438/71
f 5291/71 5440/71 5439/71
f 5316/71 5539/71 5440/71
f 5299/71 5298/71 5442/71
f 5443/71 5437/71 5436/71
f 5445/71 5443/71 5444/71
f 5337/71 5521/71 5447/71
f 5367/71 5314/71 5449/71
f 5306/71 5323/71 5452/71
f 5326/71 5454/71 5452/71
f 5326/71 5329/71 5453/71
f 5334/71 5455/71 5453/71
f 5338/71 5456/71 5455/71
f 5343/71 5457/71 5456/71
f 5349/71 5458/71 5457/71
f 5351/71 5549/71 5458/71
f 5354/71 5353/71 5459/71
f 5461/71 5551/71 5460/71
f 5463/71 5461/71 5462/71
f 5465/71 5463/71 5464/71
f 5468/71 5500/71 5467/71
f 5471/71 5541/71 5470/71
f 5301/71 5367/71 5450/71
f 5313/71 5538/71 5474/71
f 5314/71 5286/71 5475/71
f 5285/71 5477/71 5475/71
f 5285/71 5290/71 5476/71
f 5468/71 5469/71 5478/71
f 5344/71 5301/71 5473/71
f 5322/71 5305/71 5481/71
f 5484/71 5494/71 5483/71
f 5487/71 5496/71 5486/71
f 5488/71 5486/71 5489/71
f 5348/71 5322/71 5482/71
f 5305/71 5328/71 5491/71
f 5332/71 5493/71 5491/71
f 5332/71 5333/71 5492/71
f 5495/71 5499/71 5494/71
f 5485/71 5483/71 5496/71
f 5362/71 5348/71 5490/71
f 5495/71 5548/71 5498/71
f 5428/71 5429/71 5467/71
f 5360/71 5536/71 5501/71
f 5360/71 5504/71 5419/71
f 5410/71 5409/71 5505/71
f 5311/71 5511/71 5374/71
f 5312/71 5405/71 5378/71
f 5345/71 5379/71 5404/71
f 5315/71 5406/71 5506/71
f 5293/71 5508/71 5408/71
f 5293/71 5297/71 5507/71
f 5300/71 5370/71 5507/71
f 5434/71 5435/71 5509/71
f 5311/71 5310/71 5510/71
f 5512/71 5376/71 5377/71
f 5514/71 5512/71 5513/71
f 5516/71 5514/71 5515/71
f 5414/71 5415/71 5430/71
f 5310/71 5327/71 5518/71
f 5327/71 5331/71 5403/71
f 5396/71 5395/71 5519/71
f 5520/71 5519/71 5447/71
f 5342/71 5341/71 5389/71
f 5347/71 5346/71 5522/71
f 5356/71 5524/71 5522/71
f 5357/71 5525/71 5524/71
f 5358/71 5526/71 5525/71
f 5359/71 5527/71 5526/71
f 5369/71 5390/71 5527/71
f 5335/71 5364/71 5391/71
f 5366/71 5365/71 5528/71
f 5295/71 5448/71 5528/71
f 5431/71 5432/71 5530/71
f 5283/71 5282/71 5531/71
f 5282/71 5288/71 5533/71
f 5288/71 5292/71 5418/71
f 5479/71 5478/71 5534/71
f 5472/71 5470/71 5501/71
f 5304/71 5303/71 5438/71
f 5309/71 5308/71 5474/71
f 5287/71 5439/71 5538/71
f 5321/71 5540/71 5539/71
f 5320/71 5433/71 5540/71
f 5324/71 5502/71 5476/71
f 5535/71 5534/71 5541/71
f 5542/71 5445/71 5446/71
f 5544/71 5542/71 5543/71
f 5546/71 5544/71 5545/71
f 5546/71 5547/71 5498/71
f 5298/71 5344/71 5480/71
f 5350/71 5550/71 5549/71
f 5350/71 5296/71 5441/71
f 5325/71 5382/71 5492/71
f 5551/71 5393/71 5394/71
f 5398/71 5465/71 5466/71
f 5353/71 5362/71 5497/71
f 5242/72 5104/72 5376/72
f 5245/72 5516/72 5412/72
f 5140/72 5412/72 5414/72
f 5242/72 5512/72 5514/72
f 5246/72 5517/72 5431/72
f 5245/72 5244/72 5514/72
f 5143/72 5414/72 5517/72
f 5159/72 5431/72 5385/72
f 5123/72 5112/72 5386/72
f 5113/72 5385/72 5386/72
f 5123/72 5396/72 5520/72
f 5250/72 5521/72 5337/72
f 5248/72 5520/72 5521/72
f 5110/72 5215/72 5488/72
f 5110/72 5383/72 5317/72
f 5229/72 5500/72 5468/72
f 5263/72 5535/72 5471/72
f 5199/72 5200/72 5471/72
f 5100/72 5137/72 5410/72
f 5125/72 5399/72 5434/72
f 5272/72 5176/72 5445/72
f 5272/72 5542/72 5544/72
f 4975/72 5098/72 5371/72
f 5137/72 5128/72 5402/72
f 5276/72 5274/72 5544/72
f 5100/72 5373/72 5371/72
f 5276/72 5546/72 5548/72
f 5213/72 5223/72 5495/72
f 5207/72 5479/72 5535/72
f 5216/72 5212/72 5485/72
f 5199/72 5472/72 5536/72
f 5197/72 5468/72 5479/72
f 5148/72 5232/72 5503/72
f 5277/72 5548/72 5495/72
f 5125/72 5126/72 5398/72
f 5129/72 5164/72 5434/72
f 5151/72 5148/72 5420/72
f 5229/72 5157/72 5428/72
f 5129/72 5401/72 5402/72
f 5166/72 5437/72 5443/72
f 5280/72 5121/72 5393/72
f 5153/72 5151/72 5422/72
f 5190/72 5280/72 5551/72
f 5265/72 5536/72 5360/72
f 5176/72 5174/72 5443/72
f 5126/72 5195/72 5465/72
f 5213/72 5484/72 5485/72
f 5155/72 5153/72 5424/72
f 5193/72 5190/72 5461/72
f 5216/72 5487/72 5488/72
f 5157/72 5155/72 5426/72
f 5193/72 5463/72 5465/72
f 5317/72 5437/72 5166/72
f 4975/72 5307/72 5393/72
f 5033/72 5337/72 5376/72
f 5075/72 5360/72 5503/72
f 4922/69 4906/69 5553/73
f 5554/74 4919/65 4912/65
f 4912/49 4909/46 4893/48
f 4893/48 4909/46 4910/47
f 4899/48 4905/46 4907/49
f 5556/51 4905/46 4906/47
f 5557/77 4886/78 4920/78
f 5558/80 4908/80 4889/79
f 5559/33 4890/30 4903/32
f 5556/84 4890/45 4889/83
f 4884/45 4886/43 5557/44
f 4883/83 4884/45 4911/84
f 5101/129 5099/128 5237/127
f 5237/127 5236/130 5101/129
f 5236/130 5136/132 5234/131
f 5136/132 5116/134 5138/133
f 5116/134 5115/135 5138/133
f 5115/135 5131/137 5130/136
f 5131/137 5247/138 5130/136
f 5240/141 5239/140 5102/139
f 5247/138 5240/141 5238/142
f 5130/136 5247/138 5238/142
f 5236/130 5234/131 5101/129
f 5138/133 5234/131 5136/132
f 5138/133 5115/135 5130/136
f 5240/141 5102/139 5135/143
f 5135/143 5134/145 5139/144
f 5134/145 5235/147 5141/146
f 5235/147 5108/148 5141/146
f 5108/148 5107/150 5243/149
f 5141/146 5108/148 5243/149
f 5107/150 5133/151 5243/149
f 5133/151 5132/153 5241/152
f 5243/149 5133/151 5241/152
f 5132/153 5106/155 5103/154
f 5106/155 5105/156 5103/154
f 5103/154 5241/152 5132/153
f 5240/141 5135/143 5139/144
f 5134/145 5141/146 5139/144
f 5238/142 5240/141 5139/144
f 5281/159 5127/158 5163/157
f 5163/157 5238/142 5139/144
f 5281/159 5163/157 5142/160
f 5163/157 5139/144 5142/160
f 5142/160 5160/162 5158/161
f 5194/164 5281/159 5227/163
f 5281/159 5142/160 5158/161
f 5281/159 5158/161 5227/163
f 5158/161 5259/166 5156/165
f 5194/164 5227/163 5224/167
f 5122/170 5120/169 5181/168
f 5120/169 5191/172 5182/171
f 5182/171 5181/168 5120/169
f 5184/175 5183/174 5189/173
f 5183/174 5182/171 5191/172
f 5186/178 5185/177 5192/176
f 5185/177 5184/175 5189/173
f 5192/176 5185/177 5189/173
f 5278/180 5187/179 5194/164
f 5187/179 5186/178 5192/176
f 5194/164 5187/179 5192/176
f 5171/182 5279/181 5278/180
f 5219/185 5226/184 5214/183
f 5226/184 5188/186 5224/167
f 5214/183 5226/184 5224/167
f 5188/186 5171/182 5278/180
f 5183/174 5191/172 5189/173
f 5188/186 5278/180 5194/164
f 5210/187 5219/185 5214/183
f 5220/190 5211/189 5225/188
f 5211/189 5210/187 5225/188
f 5222/193 5221/192 5218/191
f 5221/192 5220/190 5217/194
f 5218/191 5111/195 5222/193
f 5217/194 5218/191 5221/192
f 5210/187 5214/183 5225/188
f 5220/190 5225/188 5217/194
f 5188/186 5194/164 5224/167
f 5227/163 5158/161 5275/196
f 5259/166 5114/198 5262/197
f 5275/196 5228/199 5227/163
f 5275/196 5158/161 5156/165
f 5156/165 5259/166 5154/200
f 5273/202 5275/196 5196/201
f 5271/204 5273/202 5268/203
f 5154/200 5259/166 5261/205
f 5249/208 5178/207 5257/206
f 5178/207 5177/210 5258/209
f 5257/206 5178/207 5258/209
f 5257/206 5119/211 5249/208
f 5119/211 5145/213 5124/212
f 5249/208 5119/211 5124/212
f 5145/213 5144/214 5124/212
f 5144/214 5146/215 5114/198
f 5146/215 5262/197 5114/198
f 5262/197 5261/205 5259/166
f 5261/205 5260/217 5118/216
f 5260/217 5109/218 5118/216
f 5118/216 5256/219 5154/200
f 5256/219 5255/221 5152/220
f 5144/214 5114/198 5124/212
f 5261/205 5118/216 5154/200
f 5256/219 5152/220 5154/200
f 5255/221 5254/222 5152/220
f 5254/222 5253/224 5150/223
f 5253/224 5252/225 5150/223
f 5252/225 5251/227 5147/226
f 5251/227 5117/229 5149/228
f 5147/226 5251/227 5149/228
f 5117/229 5233/230 5149/228
f 5150/223 5252/225 5147/226
f 5275/196 5156/165 5196/201
f 5254/222 5150/223 5152/220
f 5156/165 5198/231 5196/201
f 5175/233 5271/204 5169/232
f 5273/202 5196/201 5208/234
f 5273/202 5208/234 5269/235
f 5167/238 5165/237 5168/236
f 5165/237 5173/240 5266/239
f 5168/236 5165/237 5266/239
f 5273/202 5269/235 5268/203
f 5208/234 5264/242 5209/241
f 5172/243 5208/234 5209/241
f 5173/240 5175/233 5203/244
f 5203/244 5266/239 5173/240
f 5169/232 5267/245 5175/233
f 5267/245 5203/244 5175/233
f 5268/203 5170/246 5271/204
f 5170/246 5169/232 5271/204
f 5162/248 5161/247 5269/235
f 5208/234 5172/243 5269/235
f 5264/242 5270/250 5179/249
f 5172/243 5162/248 5269/235
f 5202/251 5209/241 5264/242
f 5180/252 5179/249 5270/250
f 5179/249 5202/251 5264/242
f 5205/85 5204/253 5201/87
f 5204/253 5180/252 5270/250
f 5201/87 5204/253 5270/250
f 5230/255 5206/254 5231/86
f 5206/254 5205/85 5231/86
f 5507/258 5370/257 5372/256
f 5372/256 5508/259 5507/258
f 5505/261 5408/260 5508/259
f 5409/263 5387/262 5408/260
f 5409/263 5388/264 5387/262
f 5400/266 5403/265 5388/264
f 5400/266 5518/267 5403/265
f 5374/270 5511/269 5510/268
f 5509/271 5510/268 5518/267
f 5509/271 5518/267 5400/266
f 5372/256 5505/261 5508/259
f 5408/260 5505/261 5409/263
f 5400/266 5388/264 5409/263
f 5407/272 5374/270 5510/268
f 5413/274 5406/273 5407/272
f 5411/276 5506/275 5406/273
f 5411/276 5380/277 5506/275
f 5515/279 5379/278 5380/277
f 5515/279 5380/277 5411/276
f 5515/279 5404/280 5379/278
f 5513/282 5405/281 5404/280
f 5513/282 5404/280 5515/279
f 5377/284 5378/283 5405/281
f 5377/284 5375/285 5378/283
f 5405/281 5513/282 5377/284
f 5413/274 5407/272 5510/268
f 5413/274 5411/276 5406/273
f 5413/274 5510/268 5509/271
f 5435/288 5397/287 5552/286
f 5413/274 5509/271 5435/288
f 5415/289 5435/288 5552/286
f 5415/289 5413/274 5435/288
f 5432/291 5430/290 5415/289
f 5499/293 5552/286 5466/292
f 5432/291 5415/289 5552/286
f 5499/293 5432/291 5552/286
f 5429/295 5530/294 5432/291
f 5494/296 5499/293 5466/292
f 5452/299 5394/298 5392/297
f 5454/301 5460/300 5394/298
f 5394/298 5452/299 5454/301
f 5462/304 5453/303 5455/302
f 5460/300 5454/301 5453/303
f 5464/307 5456/306 5457/305
f 5462/304 5455/302 5456/306
f 5462/304 5456/306 5464/307
f 5466/292 5458/309 5549/308
f 5464/307 5457/305 5458/309
f 5464/307 5458/309 5466/292
f 5549/308 5550/311 5441/310
f 5483/314 5497/313 5490/312
f 5494/296 5459/315 5497/313
f 5494/296 5497/313 5483/314
f 5549/308 5441/310 5459/315
f 5462/304 5460/300 5453/303
f 5466/292 5549/308 5459/315
f 5483/314 5490/312 5482/316
f 5496/319 5481/318 5491/317
f 5496/319 5482/316 5481/318
f 5489/322 5493/321 5492/320
f 5486/323 5491/317 5493/321
f 5492/320 5382/324 5489/322
f 5493/321 5489/322 5486/323
f 5496/319 5483/314 5482/316
f 5486/323 5496/319 5491/317
f 5494/296 5466/292 5459/315
f 5547/325 5432/291 5499/293
f 5533/327 5384/326 5530/294
f 5499/293 5498/328 5547/325
f 5429/295 5432/291 5547/325
f 5427/329 5530/294 5429/295
f 5469/331 5547/325 5545/330
f 5539/333 5545/330 5543/332
f 5531/334 5530/294 5427/329
f 5529/337 5447/336 5519/335
f 5528/339 5448/338 5447/336
f 5528/339 5447/336 5529/337
f 5519/335 5391/340 5529/337
f 5395/342 5416/341 5391/340
f 5395/342 5391/340 5519/335
f 5395/342 5417/343 5416/341
f 5384/326 5418/344 5417/343
f 5384/326 5533/327 5418/344
f 5530/294 5531/334 5533/327
f 5390/345 5532/217 5531/334
f 5390/345 5381/346 5532/217
f 5427/329 5527/347 5390/345
f 5425/349 5526/348 5527/347
f 5395/342 5384/326 5417/343
f 5427/329 5390/345 5531/334
f 5427/329 5425/349 5527/347
f 5425/349 5525/350 5526/348
f 5423/352 5524/351 5525/350
f 5423/352 5522/353 5524/351
f 5421/355 5523/354 5522/353
f 5419/357 5389/356 5523/354
f 5419/357 5523/354 5421/355
f 5419/357 5504/358 5389/356
f 5421/355 5522/353 5423/352
f 5469/331 5429/295 5547/325
f 5425/349 5423/352 5525/350
f 5469/331 5467/359 5429/295
f 5439/361 5543/332 5446/360
f 5478/90 5469/331 5545/330
f 5540/89 5478/90 5545/330
f 5438/364 5436/363 5451/362
f 5537/366 5444/365 5436/363
f 5539/333 5540/89 5545/330
f 5438/364 5537/366 5436/363
f 5474/367 5446/360 5444/365
f 5474/367 5444/365 5537/366
f 5446/360 5474/367 5538/368
f 5543/332 5439/361 5440/369
f 5446/360 5538/368 5439/361
f 5543/332 5440/369 5539/333
f 5540/89 5433/370 5442/88
f 5534/373 5480/372 5473/371
f 5478/90 5442/88 5480/372
f 5478/90 5480/372 5534/373
f 5541/376 5450/375 5449/374
f 5534/373 5473/371 5450/375
f 5470/379 5475/378 5477/377
f 5541/376 5449/374 5475/378
f 5541/376 5475/378 5470/379
f 5501/382 5476/381 5502/380
f 5501/382 5477/377 5476/381
f 5477/377 5501/382 5470/379
f 5541/376 5534/373 5450/375
f 5560/93 4874/383 4872/92
f 4875/96 4900/384 5561/95
f 4877/94 5561/95 5560/93
f 5566/101 4921/115 5567/103
f 5562/97 5581/385 4917/104
f 5568/107 5581/386 5562/106
f 5568/107 5563/105 5565/109
f 5564/100 4917/104 5570/111
f 5559/99 5572/113 5571/112
f 5564/100 5569/110 5572/113
f 4921/103 5566/102 5571/112
f 5576/100 5579/99 5575/113
f 4921/103 5573/114 5578/112
f 5579/99 5577/102 5578/112
f 5576/100 5574/110 5570/111
f 5568/107 5583/105 5582/109
f 5567/104 4921/385 5577/97
f 5582/101 5576/102 4917/103
f 5568/107 5567/386 5580/106
f 5586/116 5593/116 5585/116
f 5589/116 5595/116 5588/117
f 5592/117 5614/117 5591/116
f 5594/118 5597/118 5593/116
f 5596/118 5599/118 5595/116
f 5594/118 5600/118 5598/118
f 5584/118 5585/118 5599/118
f 5590/116 5591/116 5598/118
f 4904/77 4923/77 4920/78
f 5555/73 4910/69 4922/69
f 4910/69 5557/70 4923/70
f 4903/67 4920/67 4921/68
f 5558/80 4918/79 4883/79
f 4907/65 4919/65 5554/74
f 4908/66 5558/66 4919/65
f 4918/64 4917/63 4885/63
f 4892/37 5555/120 4881/75
f 4897/37 5554/119 4915/75
f 5603/123 5615/126 5602/122
f 5606/123 5616/125 5605/124
f 5608/125 5603/123 5601/121
f 5610/126 5606/123 5604/121
f 5795/918 5792/918 5793/918
f 5791/918 5789/918 5788/918
f 5793/918 5794/918 5795/918
f 5789/918 5791/918 5790/918
f 5788/918 5789/918 5793/918
f 5788/918 5793/918 5792/918
f 5789/918 5790/918 5794/918
f 5789/918 5794/918 5793/918
f 5790/918 5791/918 5795/918
f 5790/918 5795/918 5794/918
f 5791/918 5788/918 5792/918
f 5791/918 5792/918 5795/918
f 5803/918 5800/918 5801/918
f 5799/918 5797/918 5796/918
f 5801/918 5802/918 5803/918
f 5797/918 5799/918 5798/918
f 5796/918 5797/918 5801/918
f 5796/918 5801/918 5800/918
f 5797/918 5798/918 5802/918
f 5797/918 5802/918 5801/918
f 5798/918 5799/918 5803/918
f 5798/918 5803/918 5802/918
f 5799/918 5796/918 5800/918
f 5799/918 5800/918 5803/918
f 5816/918 5804/918 5805/918
f 5816/918 5805/918 5817/918
f 5828/918 5840/918 5841/918
f 5828/918 5841/918 5829/918
f 5804/918 5828/918 5829/918
f 5804/918 5829/918 5805/918
f 5840/918 5816/918 5817/918
f 5840/918 5817/918 5841/918
f 5817/918 5805/918 5806/918
f 5817/918 5806/918 5818/918
f 5829/918 5841/918 5842/918
f 5829/918 5842/918 5830/918
f 5805/918 5829/918 5830/918
f 5805/918 5830/918 5806/918
f 5841/918 5817/918 5818/918
f 5841/918 5818/918 5842/918
f 5818/918 5806/918 5807/918
f 5818/918 5807/918 5819/918
f 5830/918 5842/918 5843/918
f 5830/918 5843/918 5831/918
f 5806/918 5830/918 5831/918
f 5806/918 5831/918 5807/918
f 5842/918 5818/918 5819/918
f 5842/918 5819/918 5843/918
f 5819/918 5807/918 5808/918
f 5819/918 5808/918 5820/918
f 5831/918 5843/918 5844/918
f 5831/918 5844/918 5832/918
f 5807/918 5831/918 5832/918
f 5807/918 5832/918 5808/918
f 5843/918 5819/918 5820/918
f 5843/918 5820/918 5844/918
f 5820/918 5808/918 5809/918
f 5820/918 5809/918 5821/918
f 5832/918 5844/918 5845/918
f 5832/918 5845/918 5833/918
f 5808/918 5832/918 5833/918
f 5808/918 5833/918 5809/918
f 5844/918 5820/918 5821/918
f 5844/918 5821/918 5845/918
f 5821/918 5809/918 5810/918
f 5821/918 5810/918 5822/918
f 5833/918 5845/918 5846/918
f 5833/918 5846/918 5834/918
f 5809/918 5833/918 5834/918
f 5809/918 5834/918 5810/918
f 5845/918 5821/918 5822/918
f 5845/918 5822/918 5846/918
f 5822/918 5810/918 5811/918
f 5822/918 5811/918 5823/918
f 5834/918 5846/918 5847/918
f 5834/918 5847/918 5835/918
f 5810/918 5834/918 5835/918
f 5810/918 5835/918 5811/918
f 5846/918 5822/918 5823/918
f 5846/918 5823/918 5847/918
f 5823/918 5811/918 5812/918
f 5823/918 5812/918 5824/918
f 5835/918 5847/918 5848/918
f 5835/918 5848/918 5836/918
f 5811/918 5835/918 5836/918
f 5811/918 5836/918 5812/918
f 5847/918 5823/918 5824/918
f 5847/918 5824/918 5848/918
f 5824/918 5812/918 5813/918
f 5824/918 5813/918 5825/918
f 5836/918 5848/918 5849/918
f 5836/918 5849/918 5837/918
f 5812/918 5836/918 5837/918
f 5812/918 5837/918 5813/918
f 5848/918 5824/918 5825/918
f 5848/918 5825/918 5849/918
f 5825/918 5813/918 5814/918
f 5825/918 5814/918 5826/918
f 5837/918 5849/918 5850/918
f 5837/918 5850/918 5838/918
f 5813/918 5837/918 5838/918
f 5813/918 5838/918 5814/918
f 5849/918 5825/918 5826/918
f 5849/918 5826/918 5850/918
f 5826/918 5814/918 5815/918
f 5826/918 5815/918 5827/918
f 5838/918 5850/918 5851/918
f 5838/918 5851/918 5839/918
f 5814/918 5838/918 5839/918
f 5814/918 5839/918 5815/918
f 5850/918 5826/918 5827/918
f 5850/918 5827/918 5851/918
f 5827/918 5815/918 5804/918
f 5827/918 5804/918 5816/918
f 5839/918 5851/918 5840/918
f 5839/918 5840/918 5828/918
f 5815/918 5839/918 5828/918
f 5815/918 5828/918 5804/918
f 5851/918 5827/918 5816/918
f 5851/918 5816/918 5840/918
f 5864/918 5852/918 5853/918
f 5864/918 5853/918 5865/918
f 5876/918 5888/918 5889/918
f 5876/918 5889/918 5877/918
f 5852/918 5876/918 5877/918
f 5852/918 5877/918 5853/918
f 5888/918 5864/918 5865/918
f 5888/918 5865/918 5889/918
f 5865/918 5853/918 5854/918
f 5865/918 5854/918 5866/918
f 5877/918 5889/918 5890/918
f 5877/918 5890/918 5878/918
f 5853/918 5877/918 5878/918
f 5853/918 5878/918 5854/918
f 5889/918 5865/918 5866/918
f 5889/918 5866/918 5890/918
f 5866/918 5854/918 5855/918
f 5866/918 5855/918 5867/918
f 5878/918 5890/918 5891/918
f 5878/918 5891/918 5879/918
f 5854/918 5878/918 5879/918
f 5854/918 5879/918 5855/918
f 5890/918 5866/918 5867/918
f 5890/918 5867/918 5891/918
f 5867/918 5855/918 5856/918
f 5867/918 5856/918 5868/918
f 5879/918 5891/918 5892/918
f 5879/918 5892/918 5880/918
f 5855/918 5879/918 5880/918
f 5855/918 5880/918 5856/918
f 5891/918 5867/918 5868/918
f 5891/918 5868/918 5892/918
f 5868/918 5856/918 5857/918
f 5868/918 5857/918 5869/918
f 5880/918 5892/918 5893/918
f 5880/918 5893/918 5881/918
f 5856/918 5880/918 5881/918
f 5856/918 5881/918 5857/918
f 5892/918 5868/918 5869/918
f 5892/918 5869/918 5893/918
f 5869/918 5857/918 5858/918
f 5869/918 5858/918 5870/918
f 5881/918 5893/918 5894/918
f 5881/918 5894/918 5882/918
f 5857/918 5881/918 5882/918
f 5857/918 5882/918 5858/918
f 5893/918 5869/918 5870/918
f 5893/918 5870/918 5894/918
f 5870/918 5858/918 5859/918
f 5870/918 5859/918 5871/918
f 5882/918 5894/918 5895/918
f 5882/918 5895/918 5883/918
f 5858/918 5882/918 5883/918
f 5858/918 5883/918 5859/918
f 5894/918 5870/918 5871/918
f 5894/918 5871/918 5895/918
f 5871/918 5859/918 5860/918
f 5871/918 5860/918 5872/918
f 5883/918 5895/918 5896/918
f 5883/918 5896/918 5884/918
f 5859/918 5883/918 5884/918
f 5859/918 5884/918 5860/918
f 5895/918 5871/918 5872/918
f 5895/918 5872/918 5896/918
f 5872/918 5860/918 5861/918
f 5872/918 5861/918 5873/918
f 5884/918 5896/918 5897/918
f 5884/918 5897/918 5885/918
f 5860/918 5884/918 5885/918
f 5860/918 5885/918 5861/918
f 5896/918 5872/918 5873/918
f 5896/918 5873/918 5897/918
f 5873/918 5861/918 5862/918
f 5873/918 5862/918 5874/918
f 5885/918 5897/918 5898/918
f 5885/918 5898/918 5886/918
f 5861/918 5885/918 5886/918
f 5861/918 5886/918 5862/918
f 5897/918 5873/918 5874/918
f 5897/918 5874/918 5898/918
f 5874/918 5862/918 5863/918
f 5874/918 5863/918 5875/918
f 5886/918 5898/918 5899/918
f 5886/918 5899/918 5887/918
f 5862/918 5886/918 5887/918
f 5862/918 5887/918 5863/918
f 5898/918 5874/918 5875/918
f 5898/918 5875/918 5899/918
f 5875/918 5863/918 5852/918
f 5875/918 5852/918 5864/918
f 5887/918 5899/918 5888/918
f 5887/918 5888/918 5876/918
f 5863/918 5887/918 5876/918
f 5863/918 5876/918 5852/918
f 5899/918 5875/918 5864/918
f 5899/918 5864/918 5888/918
f 5912/918 5900/918 5901/918
f 5912/918 5901/918 5913/918
f 5924/918 5936/918 5937/918
f 5924/918 5937/918 5925/918
f 5900/918 5924/918 5925/918
f 5900/918 5925/918 5901/918
f 5936/918 5912/918 5913/918
f 5936/918 5913/918 5937/918
f 5913/918 5901/918 5902/918
f 5913/918 5902/918 5914/918
f 5925/918 5937/918 5938/918
f 5925/918 5938/918 5926/918
f 5901/918 5925/918 5926/918
f 5901/918 5926/918 5902/918
f 5937/918 5913/918 5914/918
f 5937/918 5914/918 5938/918
f 5914/918 5902/918 5903/918
f 5914/918 5903/918 5915/918
f 5926/918 5938/918 5939/918
f 5926/918 5939/918 5927/918
f 5902/918 5926/918 5927/918
f 5902/918 5927/918 5903/918
f 5938/918 5914/918 5915/918
f 5938/918 5915/918 5939/918
f 5915/918 5903/918 5904/918
f 5915/918 5904/918 5916/918
f 5927/918 5939/918 5940/918
f 5927/918 5940/918 5928/918
f 5903/918 5927/918 5928/918
f 5903/918 5928/918 5904/918
f 5939/918 5915/918 5916/918
f 5939/918 5916/918 5940/918
f 5916/918 5904/918 5905/918
f 5916/918 5905/918 5917/918
f 5928/918 5940/918 5941/918
f 5928/918 5941/918 5929/918
f 5904/918 5928/918 5929/918
f 5904/918 5929/918 5905/918
f 5940/918 5916/918 5917/918
f 5940/918 5917/918 5941/918
f 5917/918 5905/918 5906/918
f 5917/918 5906/918 5918/918
f 5929/918 5941/918 5942/918
f 5929/918 5942/918 5930/918
f 5905/918 5929/918 5930/918
f 5905/918 5930/918 5906/918
f 5941/918 5917/918 5918/918
f 5941/918 5918/918 5942/918
f 5918/918 5906/918 5907/918
f 5918/918 5907/918 5919/918
f 5930/918 5942/918 5943/918
f 5930/918 5943/918 5931/918
f 5906/918 5930/918 5931/918
f 5906/918 5931/918 5907/918
f 5942/918 5918/918 5919/918
f 5942/918 5919/918 5943/918
f 5919/918 5907/918 5908/918
f 5919/918 5908/918 5920/918
f 5931/918 5943/918 5944/918
f 5931/918 5944/918 5932/918
f 5907/918 5931/918 5932/918
f 5907/918 5932/918 5908/918
f 5943/918 5919/918 5920/918
f 5943/918 5920/918 5944/918
f 5920/918 5908/918 5909/918
f 5920/918 5909/918 5921/918
f 5932/918 5944/918 5945/918
f 5932/918 5945/918 5933/918
f 5908/918 5932/918 5933/918
f 5908/918 5933/918 5909/918
f 5944/918 5920/918 5921/918
f 5944/918 5921/918 5945/918
f 5921/918 5909/918 5910/918
f 5921/918 5910/918 5922/918
f 5933/918 5945/918 5946/918
f 5933/918 5946/918 5934/918
f 5909/918 5933/918 5934/918
f 5909/918 5934/918 5910/918
f 5945/918 5921/918 5922/918
f 5945/918 5922/918 5946/918
f 5922/918 5910/918 5911/918
f 5922/918 5911/918 5923/918
f 5934/918 5946/918 5947/918
f 5934/918 5947/918 5935/918
f 5910/918 5934/918 5935/918
f 5910/918 5935/918 5911/918
f 5946/918 5922/918 5923/918
f 5946/918 5923/918 5947/918
f 5923/918 5911/918 5900/918
f 5923/918 5900/918 5912/918
f 5935/918 5947/918 5936/918
f 5935/918 5936/918 5924/918
f 5911/918 5935/918 5924/918
f 5911/918 5924/918 5900/918
f 5947/918 5923/918 5912/918
f 5947/918 5912/918 5936/918
f 5960/918 5948/918 5949/918
f 5960/918 5949/918 5961/918
f 5972/918 5984/918 5985/918
f 5972/918 5985/918 5973/918
f 5948/918 5972/918 5973/918
f 5948/918 5973/918 5949/918
f 5984/918 5960/918 5961/918
f 5984/918 5961/918 5985/918
f 5961/918 5949/918 5950/918
f 5961/918 5950/918 5962/918
f 5973/918 5985/918 5986/918
f 5973/918 5986/918 5974/918
f 5949/918 5973/918 5974/918
f 5949/918 5974/918 5950/918
f 5985/918 5961/918 5962/918
f 5985/918 5962/918 5986/918
f 5962/918 5950/918 5951/918
f 5962/918 5951/918 5963/918
f 5974/918 5986/918 5987/918
f 5974/918 5987/918 5975/918
f 5950/918 5974/918 5975/918
f 5950/918 5975/918 5951/918
f 5986/918 5962/918 5963/918
f 5986/918 5963/918 5987/918
f 5963/918 5951/918 5952/918
f 5963/918 5952/918 5964/918
f 5975/918 5987/918 5988/918
f 5975/918 5988/918 5976/918
f 5951/918 5975/918 5976/918
f 5951/918 5976/918 5952/918
f 5987/918 5963/918 5964/918
f 5987/918 5964/918 5988/918
f 5964/918 5952/918 5953/918
f 5964/918 5953/918 5965/918
f 5976/918 5988/918 5989/918
f 5976/918 5989/918 5977/918
f 5952/918 5976/918 5977/918
f 5952/918 5977/918 5953/918
f 5988/918 5964/918 5965/918
f 5988/918 5965/918 5989/918
f 5965/918 5953/918 5954/918
f 5965/918 5954/918 5966/918
f 5977/918 5989/918 5990/918
f 5977/918 5990/918 5978/918
f 5953/918 5977/918 5978/918
f 5953/918 5978/918 5954/918
f 5989/918 5965/918 5966/918
f 5989/918 5966/918 5990/918
f 5966/918 5954/918 5955/918
f 5966/918 5955/918 5967/918
f 5978/918 5990/918 5991/918
f 5978/918 5991/918 5979/918
f 5954/918 5978/918 5979/918
f 5954/918 5979/918 5955/918
f 5990/918 5966/918 5967/918
f 5990/918 5967/918 5991/918
f 5967/918 5955/918 5956/918
f 5967/918 5956/918 5968/918
f 5979/918 5991/918 5992/918
f 5979/918 5992/918 5980/918
f 5955/918 5979/918 5980/918
f 5955/918 5980/918 5956/918
f 5991/918 5967/918 5968/918
f 5991/918 5968/918 5992/918
f 5968/918 5956/918 5957/918
f 5968/918 5957/918 5969/918
f 5980/918 5992/918 5993/918
f 5980/918 5993/918 5981/918
f 5956/918 5980/918 5981/918
f 5956/918 5981/918 5957/918
f 5992/918 5968/918 5969/918
f 5992/918 5969/918 5993/918
f 5969/918 5957/918 5958/918
f 5969/918 5958/918 5970/918
f 5981/918 5993/918 5994/918
f 5981/918 5994/918 5982/918
f 5957/918 5981/918 5982/918
f 5957/918 5982/918 5958/918
f 5993/918 5969/918 5970/918
f 5993/918 5970/918 5994/918
f 5970/918 5958/918 5959/918
f 5970/918 5959/918 5971/918
f 5982/918 5994/918 5995/918
f 5982/918 5995/918 5983/918
f 5958/918 5982/918 5983/918
f 5958/918 5983/918 5959/918
f 5994/918 5970/918 5971/918
f 5994/918 5971/918 5995/918
f 5971/918 5959/918 5948/918
f 5971/918 5948/918 5960/918
f 5983/918 5995/918 5984/918
f 5983/918 5984/918 5972/918
f 5959/918 5983/918 5972/918
f 5959/918 5972/918 5948/918
f 5995/918 5971/918 5960/918
f 5995/918 5960/918 5984/918
f 6059/918 6056/918 6057/918
f 6055/918 6053/918 6052/918
f 6057/918 6058/918 6059/918
f 6053/918 6055/918 6054/918
f 6052/918 6053/918 6057/918
f 6052/918 6057/918 6056/918
f 6053/918 6054/918 6058/918
f 6053/918 6058/918 6057/918
f 6054/918 6055/918 6059/918
f 6054/918 6059/918 6058/918
f 6055/918 6052/918 6056/918
f 6055/918 6056/918 6059/918
f 6063/920 6064/920 6065/920
f 6060/920 6062/920 6061/920
f 6060/920 6061/920 6064/920
f 6060/920 6064/920 6063/920
f 6061/920 6062/920 6065/920
f 6061/920 6065/920 6064/920
f 6062/920 6060/920 6063/920
f 6062/920 6063/920 6065/920
f 6073/918 6070/918 6071/918
f 6069/918 6067/918 6066/918
f 6071/918 6072/918 6073/918
f 6067/918 6069/918 6068/918
f 6066/918 6067/918 6071/918
f 6066/918 6071/918 6070/918
f 6067/918 6068/918 6072/918
f 6067/918 6072/918 6071/918
f 6068/918 6069/918 6073/918
f 6068/918 6073/918 6072/918
f 6069/918 6066/918 6070/918
f 6069/918 6070/918 6073/918
f 6077/920 6078/920 6079/920
f 6074/920 6076/920 6075/920
f 6074/920 6075/920 6078/920
f 6074/920 6078/920 6077/920
f 6075/920 6076/920 6079/920
f 6075/920 6079/920 6078/920
f 6076/920 6074/920 6077/920
f 6076/920 6077/920 6079/920
f 6124/919 6112/919 6113/919
f 6124/919 6113/919 6125/919
f 6136/919 6148/919 6149/919
f 6136/919 6149/919 6137/919
f 6112/919 6136/919 6137/919
f 6112/919 6137/919 6113/919
f 6148/919 6124/919 6125/919
f 6148/919 6125/919 6149/919
f 6125/919 6113/919 6114/919
f 6125/919 6114/919 6126/919
f 6137/919 6149/919 6150/919
f 6137/919 6150/919 6138/919
f 6113/919 6137/919 6138/919
f 6113/919 6138/919 6114/919
f 6149/919 6125/919 6126/919
f 6149/919 6126/919 6150/919
f 6126/919 6114/919 6115/919
f 6126/919 6115/919 6127/919
f 6138/919 6150/919 6151/919
f 6138/919 6151/919 6139/919
f 6114/919 6138/919 6139/919
f 6114/919 6139/919 6115/919
f 6150/919 6126/919 6127/919
f 6150/919 6127/919 6151/919
f 6127/919 6115/919 6116/919
f 6127/919 6116/919 6128/919
f 6139/919 6151/919 6152/919
f 6139/919 6152/919 6140/919
f 6115/919 6139/919 6140/919
f 6115/919 6140/919 6116/919
f 6151/919 6127/919 6128/919
f 6151/919 6128/919 6152/919
f 6128/919 6116/919 6117/919
f 6128/919 6117/919 6129/919
f 6140/919 6152/919 6153/919
f 6140/919 6153/919 6141/919
f 6116/919 6140/919 6141/919
f 6116/919 6141/919 6117/919
f 6152/919 6128/919 6129/919
f 6152/919 6129/919 6153/919
f 6129/919 6117/919 6118/919
f 6129/919 6118/919 6130/919
f 6141/919 6153/919 6154/919
f 6141/919 6154/919 6142/919
f 6117/919 6141/919 6142/919
f 6117/919 6142/919 6118/919
f 6153/919 6129/919 6130/919
f 6153/919 6130/919 6154/919
f 6130/919 6118/919 6119/919
f 6130/919 6119/919 6131/919
f 6142/919 6154/919 6155/919
f 6142/919 6155/919 6143/919
f 6118/919 6142/919 6143/919
f 6118/919 6143/919 6119/919
f 6154/919 6130/919 6131/919
f 6154/919 6131/919 6155/919
f 6131/919 6119/919 6120/919
f 6131/919 6120/919 6132/919
f 6143/919 6155/919 6156/919
f 6143/919 6156/919 6144/919
f 6119/919 6143/919 6144/919
f 6119/919 6144/919 6120/919
f 6155/919 6131/919 6132/919
f 6155/919 6132/919 6156/919
f 6132/919 6120/919 6121/919
f 6132/919 6121/919 6133/919
f 6144/919 6156/919 6157/919
f 6144/919 6157/919 6145/919
f 6120/919 6144/919 6145/919
f 6120/919 6145/919 6121/919
f 6156/919 6132/919 6133/919
f 6156/919 6133/919 6157/919
f 6133/919 6121/919 6122/919
f 6133/919 6122/919 6134/919
f 6145/919 6157/919 6158/919
f 6145/919 6158/919 6146/919
f 6121/919 6145/919 6146/919
f 6121/919 6146/919 6122/919
f 6157/919 6133/919 6134/919
f 6157/919 6134/919 6158/919
f 6134/919 6122/919 6123/919
f 6134/919 6123/919 6135/919
f 6146/919 6158/919 6159/919
f 6146/919 6159/919 6147/919
f 6122/919 6146/919 6147/919
f 6122/919 6147/919 6123/919
f 6158/919 6134/919 6135/919
f 6158/919 6135/919 6159/919
f 6135/919 6123/919 6112/919
f 6135/919 6112/919 6124/919
f 6147/919 6159/919 6148/919
f 6147/919 6148/919 6136/919
f 6123/919 6147/919 6136/919
f 6123/919 6136/919 6112/919
f 6159/919 6135/919 6124/919
f 6159/919 6124/919 6148/919
f 6172/919 6160/919 6161/919
f 6172/919 6161/919 6173/919
f 6184/919 6196/919 6197/919
f 6184/919 6197/919 6185/919
f 6160/919 6184/919 6185/919
f 6160/919 6185/919 6161/919
f 6196/919 6172/919 6173/919
f 6196/919 6173/919 6197/919
f 6173/919 6161/919 6162/919
f 6173/919 6162/919 6174/919
f 6185/919 6197/919 6198/919
f 6185/919 6198/919 6186/919
f 6161/919 6185/919 6186/919
f 6161/919 6186/919 6162/919
f 6197/919 6173/919 6174/919
f 6197/919 6174/919 6198/919
f 6174/919 6162/919 6163/919
f 6174/919 6163/919 6175/919
f 6186/919 6198/919 6199/919
f 6186/919 6199/919 6187/919
f 6162/919 6186/919 6187/919
f 6162/919 6187/919 6163/919
f 6198/919 6174/919 6175/919
f 6198/919 6175/919 6199/919
f 6175/919 6163/919 6164/919
f 6175/919 6164/919 6176/919
f 6187/919 6199/919 6200/919
f 6187/919 6200/919 6188/919
f 6163/919 6187/919 6188/919
f 6163/919 6188/919 6164/919
f 6199/919 6175/919 6176/919
f 6199/919 6176/919 6200/919
f 6176/919 6164/919 6165/919
f 6176/919 6165/919 6177/919
f 6188/919 6200/919 6201/919
f 6188/919 6201/919 6189/919
f 6164/919 6188/919 6189/919
f 6164/919 6189/919 6165/919
f 6200/919 6176/919 6177/919
f 6200/919 6177/919 6201/919
f 6177/919 6165/919 6166/919
f 6177/919 6166/919 6178/919
f 6189/919 6201/919 6202/919
f 6189/919 6202/919 6190/919
f 6165/919 6189/919 6190/919
f 6165/919 6190/919 6166/919
f 6201/919 6177/919 6178/919
f 6201/919 6178/919 6202/919
f 6178/919 6166/919 6167/919
f 6178/919 6167/919 6179/919
f 6190/919 6202/919 6203/919
f 6190/919 6203/919 6191/919
f 6166/919 6190/919 6191/919
f 6166/919 6191/919 6167/919
f 6202/919 6178/919 6179/919
f 6202/919 6179/919 6203/919
f 6179/919 6167/919 6168/919
f 6179/919 6168/919 6180/919
f 6191/919 6203/919 6204/919
f 6191/919 6204/919 6192/919
f 6167/919 6191/919 6192/919
f 6167/919 6192/919 6168/919
f 6203/919 6179/919 6180/919
f 6203/919 6180/919 6204/919
f 6180/919 6168/919 6169/919
f 6180/919 6169/919 6181/919
f 6192/919 6204/919 6205/919
f 6192/919 6205/919 6193/919
f 6168/919 6192/919 6193/919
f 6168/919 6193/919 6169/919
f 6204/919 6180/919 6181/919
f 6204/919 6181/919 6205/919
f 6181/919 6169/919 6170/919
f 6181/919 6170/919 6182/919
f 6193/919 6205/919 6206/919
f 6193/919 6206/919 6194/919
f 6169/919 6193/919 6194/919
f 6169/919 6194/919 6170/919
f 6205/919 6181/919 6182/919
f 6205/919 6182/919 6206/919
f 6182/919 6170/919 6171/919
f 6182/919 6171/919 6183/919
f 6194/919 6206/919 6207/919
f 6194/919 6207/919 6195/919
f 6170/919 6194/919 6195/919
f 6170/919 6195/919 6171/919
f 6206/919 6182/919 6183/919
f 6206/919 6183/919 6207/919
f 6183/919 6171/919 6160/919
f 6183/919 6160/919 6172/919
f 6195/919 6207/919 6196/919
f 6195/919 6196/919 6184/919
f 6171/919 6195/919 6184/919
f 6171/919 6184/919 6160/919
f 6207/919 6183/919 6172/919
f 6207/919 6172/919 6196/919
f 6220/919 6208/919 6209/919
f 6220/919 6209/919 6221/919
f 6232/919 6244/919 6245/919
f 6232/919 6245/919 6233/919
f 6208/919 6232/919 6233/919
f 6208/919 6233/919 6209/919
f 6244/919 6220/919 6221/919
f 6244/919 6221/919 6245/919
f 6221/919 6209/919 6210/919
f 6221/919 6210/919 6222/919
f 6233/919 6245/919 6246/919
f 6233/919 6246/919 6234/919
f 6209/919 6233/919 6234/919
f 6209/919 6234/919 6210/919
f 6245/919 6221/919 6222/919
f 6245/919 6222/919 6246/919
f 6222/919 6210/919 6211/919
f 6222/919 6211/919 6223/919
f 6234/919 6246/919 6247/919
f 6234/919 6247/919 6235/919
f 6210/919 6234/919 6235/919
f 6210/919 6235/919 6211/919
f 6246/919 6222/919 6223/919
f 6246/919 6223/919 6247/919
f 6223/919 6211/919 6212/919
f 6223/919 6212/919 6224/919
f 6235/919 6247/919 6248/919
f 6235/919 6248/919 6236/919
f 6211/919 6235/919 6236/919
f 6211/919 6236/919 6212/919
f 6247/919 6223/919 6224/919
f 6247/919 6224/919 6248/919
f 6224/919 6212/919 6213/919
f 6224/919 6213/919 6225/919
f 6236/919 6248/919 6249/919
f 6236/919 6249/919 6237/919
f 6212/919 6236/919 6237/919
f 6212/919 6237/919 6213/919
f 6248/919 6224/919 6225/919
f 6248/919 6225/919 6249/919
f 6225/919 6213/919 6214/919
f 6225/919 6214/919 6226/919
f 6237/919 6249/919 6250/919
f 6237/919 6250/919 6238/919
f 6213/919 6237/919 6238/919
f 6213/919 6238/919 6214/919
f 6249/919 6225/919 6226/919
f 6249/919 6226/919 6250/919
f 6226/919 6214/919 6215/919
f 6226/919 6215/919 6227/919
f 6238/919 6250/919 6251/919
f 6238/919 6251/919 6239/919
f 6214/919 6238/919 6239/919
f 6214/919 6239/919 6215/919
f 6250/919 6226/919 6227/919
f 6250/919 6227/919 6251/919
f 6227/919 6215/919 6216/919
f 6227/919 6216/919 6228/919
f 6239/919 6251/919 6252/919
f 6239/919 6252/919 6240/919
f 6215/919 6239/919 6240/919
f 6215/919 6240/919 6216/919
f 6251/919 6227/919 6228/919
f 6251/919 6228/919 6252/919
f 6228/919 6216/919 6217/919
f 6228/919 6217/919 6229/919
f 6240/919 6252/919 6253/919
f 6240/919 6253/919 6241/919
f 6216/919 6240/919 6241/919
f 6216/919 6241/919 6217/919
f 6252/919 6228/919 6229/919
f 6252/919 6229/919 6253/919
f 6229/919 6217/919 6218/919
f 6229/919 6218/919 6230/919
f 6241/919 6253/919 6254/919
f 6241/919 6254/919 6242/919
f 6217/919 6241/919 6242/919
f 6217/919 6242/919 6218/919
f 6253/919 6229/919 6230/919
f 6253/919 6230/919 6254/919
f 6230/919 6218/919 6219/919
f 6230/919 6219/919 6231/919
f 6242/919 6254/919 6255/919
f 6242/919 6255/919 6243/919
f 6218/919 6242/919 6243/919
f 6218/919 6243/919 6219/919
f 6254/919 6230/919 6231/919
f 6254/919 6231/919 6255/919
f 6231/919 6219/919 6208/919
f 6231/919 6208/919 6220/919
f 6243/919 6255/919 6244/919
f 6243/919 6244/919 6232/919
f 6219/919 6243/919 6232/919
f 6219/919 6232/919 6208/919
f 6255/919 6231/919 6220/919
f 6255/919 6220/919 6244/919
f 6268/919 6256/919 6257/919
f 6268/919 6257/919 6269/919
f 6280/919 6292/919 6293/919
f 6280/919 6293/919 6281/919
f 6256/919 6280/919 6281/919
f 6256/919 6281/919 6257/919
f 6292/919 6268/919 6269/919
f 6292/919 6269/919 6293/919
f 6269/919 6257/919 6258/919
f 6269/919 6258/919 6270/919
f 6281/919 6293/919 6294/919
f 6281/919 6294/919 6282/919
f 6257/919 6281/919 6282/919
f 6257/919 6282/919 6258/919
f 6293/919 6269/919 6270/919
f 6293/919 6270/919 6294/919
f 6270/919 6258/919 6259/919
f 6270/919 6259/919 6271/919
f 6282/919 6294/919 6295/919
f 6282/919 6295/919 6283/919
f 6258/919 6282/919 6283/919
f 6258/919 6283/919 6259/919
f 6294/919 6270/919 6271/919
f 6294/919 6271/919 6295/919
f 6271/919 6259/919 6260/919
f 6271/919 6260/919 6272/919
f 6283/919 6295/919 6296/919
f 6283/919 6296/919 6284/919
f 6259/919 6283/919 6284/919
f 6259/919 6284/919 6260/919
f 6295/919 6271/919 6272/919
f 6295/919 6272/919 6296/919
f 6272/919 6260/919 6261/919
f 6272/919 6261/919 6273/919
f 6284/919 6296/919 6297/919
f 6284/919 6297/919 6285/919
f 6260/919 6284/919 6285/919
f 6260/919 6285/919 6261/919
f 6296/919 6272/919 6273/919
f 6296/919 6273/919 6297/919
f 6273/919 6261/919 6262/919
f 6273/919 6262/919 6274/919
f 6285/919 6297/919 6298/919
f 6285/919 6298/919 6286/919
f 6261/919 6285/919 6286/919
f 6261/919 6286/919 6262/919
f 6297/919 6273/919 6274/919
f 6297/919 6274/919 6298/919
f 6274/919 6262/919 6263/919
f 6274/919 6263/919 6275/919
f 6286/919 6298/919 6299/919
f 6286/919 6299/919 6287/919
f 6262/919 6286/919 6287/919
f 6262/919 6287/919 6263/919
f 6298/919 6274/919 6275/919
f 6298/919 6275/919 6299/919
f 6275/919 6263/919 6264/919
f 6275/919 6264/919 6276/919
f 6287/919 6299/919 6300/919
f 6287/919 6300/919 6288/919
f 6263/919 6287/919 6288/919
f 6263/919 6288/919 6264/919
f 6299/919 6275/919 6276/919
f 6299/919 6276/919 6300/919
f 6276/919 6264/919 6265/919
f 6276/919 6265/919 6277/919
f 6288/919 6300/919 6301/919
f 6288/919 6301/919 6289/919
f 6264/919 6288/919 6289/919
f 6264/919 6289/919 6265/919
f 6300/919 6276/919 6277/919
f 6300/919 6277/919 6301/919
f 6277/919 6265/919 6266/919
f 6277/919 6266/919 6278/919
f 6289/919 6301/919 6302/919
f 6289/919 6302/919 6290/919
f 6265/919 6289/919 6290/919
f 6265/919 6290/919 6266/919
f 6301/919 6277/919 6278/919
f 6301/919 6278/919 6302/919
f 6278/919 6266/919 6267/919
f 6278/919 6267/919 6279/919
f 6290/919 6302/919 6303/919
f 6290/919 6303/919 6291/919
f 6266/919 6290/919 6291/919
f 6266/919 6291/919 6267/919
f 6302/919 6278/919 6279/919
f 6302/919 6279/919 6303/919
f 6279/919 6267/919 6256/919
f 6279/919 6256/919 6268/919
f 6291/919 6303/919 6292/919
f 6291/919 6292/919 6280/919
f 6267/919 6291/919 6280/919
f 6267/919 6280/919 6256/919
f 6303/919 6279/919 6268/919
f 6303/919 6268/919 6292/919
f 6316/919 6304/919 6305/919
f 6316/919 6305/919 6317/919
f 6328/919 6340/919 6341/919
f 6328/919 6341/919 6329/919
f 6304/919 6328/919 6329/919
f 6304/919 6329/919 6305/919
f 6340/919 6316/919 6317/919
f 6340/919 6317/919 6341/919
f 6317/919 6305/919 6306/919
f 6317/919 6306/919 6318/919
f 6329/919 6341/919 6342/919
f 6329/919 6342/919 6330/919
f 6305/919 6329/919 6330/919
f 6305/919 6330/919 6306/919
f 6341/919 6317/919 6318/919
f 6341/919 6318/919 6342/919
f 6318/919 6306/919 6307/919
f 6318/919 6307/919 6319/919
f 6330/919 6342/919 6343/919
f 6330/919 6343/919 6331/919
f 6306/919 6330/919 6331/919
f 6306/919 6331/919 6307/919
f 6342/919 6318/919 6319/919
f 6342/919 6319/919 6343/919
f 6319/919 6307/919 6308/919
f 6319/919 6308/919 6320/919
f 6331/919 6343/919 6344/919
f 6331/919 6344/919 6332/919
f 6307/919 6331/919 6332/919
f 6307/919 6332/919 6308/919
f 6343/919 6319/919 6320/919
f 6343/919 6320/919 6344/919
f 6320/919 6308/919 6309/919
f 6320/919 6309/919 6321/919
f 6332/919 6344/919 6345/919
f 6332/919 6345/919 6333/919
f 6308/919 6332/919 6333/919
f 6308/919 6333/919 6309/919
f 6344/919 6320/919 6321/919
f 6344/919 6321/919 6345/919
f 6321/919 6309/919 6310/919
f 6321/919 6310/919 6322/919
f 6333/919 6345/919 6346/919
f 6333/919 6346/919 6334/919
f 6309/919 6333/919 6334/919
f 6309/919 6334/919 6310/919
f 6345/919 6321/919 6322/919
f 6345/919 6322/919 6346/919
f 6322/919 6310/919 6311/919
f 6322/919 6311/919 6323/919
f 6334/919 6346/919 6347/919
f 6334/919 6347/919 6335/919
f 6310/919 6334/919 6335/919
f 6310/919 6335/919 6311/919
f 6346/919 6322/919 6323/919
f 6346/919 6323/919 6347/919
f 6323/919 6311/919 6312/919
f 6323/919 6312/919 6324/919
f 6335/919 6347/919 6348/919
f 6335/919 6348/919 6336/919
f 6311/919 6335/919 6336/919
f 6311/919 6336/919 6312/919
f 6347/919 6323/919 6324/919
f 6347/919 6324/919 6348/919
f 6324/919 6312/919 6313/919
f 6324/919 6313/919 6325/919
f 6336/919 6348/919 6349/919
f 6336/919 6349/919 6337/919
f 6312/919 6336/919 6337/919
f 6312/919 6337/919 6313/919
f 6348/919 6324/919 6325/919
f 6348/919 6325/919 6349/919
f 6325/919 6313/919 6314/919
f 6325/919 6314/919 6326/919
f 6337/919 6349/919 6350/919
f 6337/919 6350/919 6338/919
f 6313/919 6337/919 6338/919
f 6313/919 6338/919 6314/919
f 6349/919 6325/919 6326/919
f 6349/919 6326/919 6350/919
f 6326/919 6314/919 6315/919
f 6326/919 6315/919 6327/919
f 6338/919 6350/919 6351/919
f 6338/919 6351/919 6339/919
f 6314/919 6338/919 6339/919
f 6314/919 6339/919 6315/919
f 6350/919 6326/919 6327/919
f 6350/919 6327/919 6351/919
f 6327/919 6315/919 6304/919
f 6327/919 6304/919 6316/919
f 6339/919 6351/919 6340/919
f 6339/919 6340/919 6328/919
f 6315/919 6339/919 6328/919
f 6315/919 6328/919 6304/919
f 6351/919 6327/919 6316/919
f 6351/919 6316/919 6340/919
g blade_fragment
f 5619/3 5618/2 5617/1
f 5621/4 5620/3 5619/1
f 5618/7 5622/6 5617/5
f 5621/2 5624/8 5623/4
f 5622/6 5625/6 5624/6
f 5620/3 5626/4 5619/1
f 5623/4 5628/10 5627/9
f 5631/6 5630/6 5629/6
f 5628/6 5633/6 5632/6
f 5636/12 5635/3 5634/11
f 5638/15 5629/14 5637/13
f 5627/9 5632/17 5639/16
f 5624/6 5640/6 5628/6
f 5643/12 5642/3 5641/11
f 5626/4 5645/11 5644/12
f 5645/3 5627/12 5646/11
f 5631/6 5648/6 5647/6
f 5649/19 5631/18 5638/15
f 5650/6 5633/6 5648/6
f 5641/3 5638/12 5635/11
f 5642/3 5649/12 5641/11
f 5639/16 5650/22 5649/19
f 5651/12 5641/3 5635/11
f 5652/12 5645/3 5646/11
f 5646/3 5639/12 5642/11
f 5622/2 5619/3 5617/1
f 5653/12 5646/3 5642/11
f 5635/3 5637/12 5634/11
f 5621/4 5645/11 5620/3
f 5630/14 5651/15 5636/13
f 5644/55 5640/54 5625/53
f 5633/58 5652/57 5653/56
f 5648/22 5653/56 5643/19
f 5647/18 5643/19 5651/15
f 5626/2 5625/53 5618/62
f 5619/3 5626/4 5618/2
f 5621/2 5622/62 5624/8
f 5622/6 5618/7 5625/6
f 5623/4 5624/8 5628/10
f 5631/6 5647/6 5630/6
f 5628/6 5640/6 5633/6
f 5636/12 5651/4 5635/3
f 5638/15 5631/18 5629/14
f 5627/9 5628/10 5632/17
f 5624/6 5625/6 5640/6
f 5643/12 5653/4 5642/3
f 5626/4 5620/3 5645/11
f 5645/3 5623/4 5627/12
f 5631/6 5650/6 5648/6
f 5649/19 5650/22 5631/18
f 5650/6 5632/6 5633/6
f 5641/3 5649/4 5638/12
f 5642/3 5639/4 5649/12
f 5639/16 5632/17 5650/22
f 5651/12 5643/4 5641/3
f 5652/12 5644/4 5645/3
f 5646/3 5627/4 5639/12
f 5622/2 5621/4 5619/3
f 5653/12 5652/4 5646/3
f 5635/3 5638/4 5637/12
f 5621/4 5623/12 5645/11
f 5630/14 5647/18 5651/15
f 5644/55 5652/57 5640/54
f 5633/58 5640/54 5652/57
f 5648/22 5633/58 5653/56
f 5647/18 5648/22 5643/19
f 5626/2 5644/55 5625/53
g effect
f 5656/758 5655/757 5654/756
f 5659/758 5658/757 5657/759
f 5662/762 5661/761 5660/760
f 5654/765 5663/764 5656/763
f 5666/768 5665/767 5664/766
f 5669/771 5668/770 5667/769
f 5657/759 5670/773 5666/772
f 5663/764 5671/775 5659/774
f 5674/759 5673/776 5672/772
f 5677/779 5676/778 5675/777
f 5679/761 5678/781 5667/780
f 5655/757 5680/782 5654/756
f 5682/783 5681/773 5678/781
f 5685/786 5684/785 5683/784
f 5688/789 5687/788 5686/787
f 5654/765 5690/791 5689/790
f 5660/760 5692/783 5691/782
f 5683/781 5661/761 5685/780
f 5691/782 5658/757 5671/756
f 5695/794 5694/793 5693/792
f 5697/796 5680/795 5696/769
f 5667/769 5684/785 5669/771
f 5683/784 5665/767 5670/797
f 5665/767 5678/798 5681/765
f 5700/801 5699/800 5698/799
f 5703/801 5702/800 5701/802
f 5701/802 5705/804 5704/803
f 5708/806 5707/799 5706/805
f 5704/809 5710/808 5709/807
f 5675/777 5705/810 5677/779
f 5712/813 5711/812 5698/811
f 5715/815 5714/806 5713/814
f 5718/804 5717/816 5716/803
f 5713/814 5699/800 5718/804
f 5698/799 5714/806 5712/805
f 5716/818 5710/808 5718/817
f 5698/811 5719/820 5700/819
f 5670/773 5692/783 5683/781
f 5706/822 5711/812 5720/821
f 5723/825 5722/824 5721/823
f 5724/826 5723/825 5721/823
f 5723/825 5726/828 5725/827
f 5722/824 5723/825 5725/827
f 5701/802 5727/829 5703/801
f 5728/830 5701/802 5704/803
f 5730/833 5727/832 5729/831
f 5726/828 5730/833 5725/827
f 5716/818 5731/834 5709/807
f 5733/836 5732/835 5729/831
f 5727/832 5733/836 5729/831
f 5733/836 5728/838 5734/837
f 5732/835 5733/836 5734/837
f 5717/816 5724/830 5716/803
f 5735/839 5724/826 5721/823
f 5700/819 5736/841 5726/840
f 5704/809 5731/834 5728/842
f 5737/843 5721/823 5722/824
f 5737/843 5725/827 5730/833
f 5737/843 5734/837 5735/839
f 5696/760 5682/783 5679/761
f 5679/761 5687/762 5696/760
f 5667/780 5738/844 5679/761
f 5740/793 5668/794 5739/792
f 5693/792 5741/845 5715/815
f 5739/792 5742/845 5740/793
f 5708/806 5743/815 5677/814
f 5706/805 5742/845 5708/806
f 5691/784 5697/796 5660/846
f 5696/769 5744/847 5697/796
f 5695/848 5669/771 5685/786
f 5693/850 5745/849 5695/848
f 5746/853 5743/852 5739/851
f 5749/856 5748/855 5747/854
f 5713/858 5676/778 5715/857
f 5720/821 5750/859 5706/822
f 5686/860 5738/844 5740/793
f 5715/857 5746/853 5693/850
f 5685/780 5751/844 5695/794
f 5749/860 5751/844 5662/762
f 5677/814 5702/800 5708/806
f 5747/861 5694/793 5749/860
f 5703/842 5736/841 5719/820
f 5741/845 5712/805 5714/806
f 5662/862 5688/789 5749/856
f 5660/846 5744/847 5662/862
f 5671/775 5690/791 5691/784
f 5739/851 5745/849 5746/853
f 5718/817 5675/777 5713/858
f 5686/787 5748/855 5688/789
f 5719/820 5707/863 5703/842
f 5747/854 5720/821 5712/813
f 5754/866 5753/865 5752/864
f 5757/869 5756/868 5755/867
f 5681/773 5674/759 5672/772
f 5758/776 5657/759 5666/772
f 5758/872 5760/871 5759/870
f 5761/873 5758/872 5759/870
f 5759/870 5760/871 5673/874
f 5762/875 5759/870 5673/874
f 5672/876 5665/767 5681/765
f 5672/876 5760/877 5664/766
f 5754/866 5762/875 5673/874
f 5659/758 5757/879 5755/878
f 5656/758 5754/879 5674/759
f 5765/882 5764/881 5763/880
f 5753/865 5765/882 5763/880
f 5763/880 5764/881 5755/867
f 5756/868 5763/880 5755/867
f 5666/768 5760/877 5758/883
f 5755/884 5663/764 5659/774
f 5766/885 5752/864 5753/865
f 5763/880 5766/885 5753/865
f 5766/885 5759/870 5762/875
f 5752/864 5766/885 5762/875
f 5766/885 5767/886 5761/873
f 5759/870 5766/885 5761/873
f 5766/885 5763/880 5756/868
f 5767/886 5766/885 5756/868
f 5757/869 5761/873 5767/886
f 5728/838 5735/839 5734/837
f 5740/793 5750/861 5686/860
f 5726/829 5717/816 5700/801
f 5737/843 5729/831 5732/835
f 5663/764 5765/887 5656/763
f 5679/890 5685/889 5667/888
f 5687/893 5744/892 5662/891
f 5708/896 5677/895 5713/894
f 5656/758 5674/759 5655/757
f 5659/758 5671/756 5658/757
f 5662/762 5751/844 5661/761
f 5654/765 5689/790 5663/764
f 5666/768 5670/797 5665/767
f 5669/771 5745/849 5668/770
f 5657/759 5658/757 5670/773
f 5663/764 5689/790 5671/775
f 5674/759 5754/879 5673/776
f 5677/779 5743/852 5676/778
f 5679/761 5682/783 5678/781
f 5655/757 5682/783 5680/782
f 5682/783 5655/757 5681/773
f 5685/786 5669/771 5684/785
f 5688/789 5744/847 5687/788
f 5654/765 5680/795 5690/791
f 5660/760 5661/761 5692/783
f 5683/781 5692/783 5661/761
f 5691/782 5692/783 5658/757
f 5695/794 5751/844 5694/793
f 5697/796 5690/791 5680/795
f 5667/769 5678/798 5684/785
f 5683/784 5684/785 5665/767
f 5665/767 5684/785 5678/798
f 5700/801 5717/816 5699/800
f 5703/801 5707/799 5702/800
f 5701/802 5702/800 5705/804
f 5708/806 5702/800 5707/799
f 5704/809 5705/810 5710/808
f 5675/777 5710/808 5705/810
f 5712/813 5720/821 5711/812
f 5715/815 5741/845 5714/806
f 5718/804 5699/800 5717/816
f 5713/814 5714/806 5699/800
f 5698/799 5699/800 5714/806
f 5716/818 5709/807 5710/808
f 5698/811 5711/812 5719/820
f 5670/773 5658/757 5692/783
f 5706/822 5707/863 5711/812
f 5701/802 5733/897 5727/829
f 5728/830 5733/897 5701/802
f 5730/833 5736/898 5727/832
f 5726/828 5736/898 5730/833
f 5716/818 5724/819 5731/834
f 5717/816 5723/897 5724/830
f 5735/839 5731/899 5724/826
f 5700/819 5719/820 5736/841
f 5704/809 5709/807 5731/834
f 5737/843 5735/839 5721/823
f 5737/843 5722/824 5725/827
f 5737/843 5732/835 5734/837
f 5696/760 5680/782 5682/783
f 5679/761 5738/844 5687/762
f 5667/780 5668/794 5738/844
f 5740/793 5738/844 5668/794
f 5693/792 5694/793 5741/845
f 5739/792 5743/815 5742/845
f 5708/806 5742/845 5743/815
f 5706/805 5750/861 5742/845
f 5691/784 5690/791 5697/796
f 5696/769 5687/788 5744/847
f 5695/848 5745/849 5669/771
f 5693/850 5746/853 5745/849
f 5746/853 5676/778 5743/852
f 5749/856 5688/789 5748/855
f 5713/858 5675/777 5676/778
f 5720/821 5748/855 5750/859
f 5686/860 5687/762 5738/844
f 5715/857 5676/778 5746/853
f 5685/780 5661/761 5751/844
f 5749/860 5694/793 5751/844
f 5677/814 5705/804 5702/800
f 5747/861 5741/845 5694/793
f 5703/842 5727/900 5736/841
f 5741/845 5747/861 5712/805
f 5662/862 5744/847 5688/789
f 5660/846 5697/796 5744/847
f 5671/775 5689/790 5690/791
f 5739/851 5668/770 5745/849
f 5718/817 5710/808 5675/777
f 5686/787 5750/859 5748/855
f 5719/820 5711/812 5707/863
f 5747/854 5748/855 5720/821
f 5754/866 5765/882 5753/865
f 5757/869 5767/886 5756/868
f 5681/773 5655/757 5674/759
f 5758/776 5757/879 5657/759
f 5672/876 5664/766 5665/767
f 5672/876 5673/901 5760/877
f 5754/866 5752/864 5762/875
f 5659/758 5657/759 5757/879
f 5656/758 5765/878 5754/879
f 5666/768 5664/766 5760/877
f 5755/884 5764/902 5663/764
f 5757/869 5758/872 5761/873
f 5728/838 5731/899 5735/839
f 5740/793 5742/845 5750/861
f 5726/829 5723/897 5717/816
f 5737/843 5730/833 5729/831
f 5663/764 5764/902 5765/887
f 5679/890 5696/904 5660/903
f 5696/904 5697/905 5660/903
f 5660/903 5661/906 5679/890
f 5661/906 5685/889 5679/890
f 5685/889 5669/907 5667/888
f 5662/891 5751/909 5738/908
f 5751/909 5695/911 5668/910
f 5695/911 5745/912 5668/910
f 5668/910 5738/908 5751/909
f 5738/908 5687/893 5662/891
f 5675/913 5713/894 5677/895
f 5713/894 5714/914 5708/896
f 5714/914 5712/915 5708/896
f 5712/915 5720/917 5706/916
f 5708/896 5712/915 5706/916
# 10137 elements

