# Created by Metasequoia

v -35.429054 -5.023335 -0.608524
v -175.128098 2.203485 -0.582051
v -35.429054 -5.023335 0.450577
v -34.585819 0.147860 0.545395
v -291.577759 -25.915665 -0.480300
v -291.577759 -25.915665 0.480300
v -287.347168 -20.411409 0.566299
v -298.525574 -27.830669 -0.000001
v -295.705505 -22.509102 -0.000001
v -234.819717 -12.471422 -0.480300
v -234.819717 -12.471422 0.480300
v -235.038162 -7.734052 0.566300
v -175.041916 -2.700172 -0.493223
v -175.214828 7.106133 0.002867
v -175.041916 -2.700172 0.498959
v -175.128098 2.203485 0.587786
v -103.795883 1.727193 -0.506670
v -103.795883 1.727193 0.511067
v -103.730881 6.759839 0.602182
v -33.443356 5.454660 -0.807447
v -33.443356 5.454660 0.638553
v -43.565823 -4.035375 -1.183746
v -41.812828 6.746446 -0.807447
v -43.565823 -4.035375 1.014854
v -41.812828 6.746446 0.638553
v -34.270668 0.366277 -1.380346
v -34.270668 0.366277 1.211454
v -42.640137 1.658064 -1.380346
v -42.640137 1.658064 1.211454
v 39.163311 -27.931412 -1.824939
v -33.109673 -5.839733 -2.350046
v -31.082792 5.026568 -2.350047
v -33.109673 -5.839733 2.181154
v -31.082792 5.026568 2.181153
v 41.125969 -24.696924 2.607237
v -32.013042 0.105099 -3.651346
v -32.013042 0.105099 3.482454
v 8.773864 -5.960491 -2.177617
v 7.010449 -10.050612 3.162482
v -26.421185 -0.898167 3.482454
v -66.734512 -0.631090 0.513338
v -66.280273 4.597884 0.611851
v -66.734512 -0.631090 -0.587031
v -27.517820 -6.842998 2.181154
v 7.010449 -10.050613 -3.428381
v -26.421185 -0.898167 -3.651346
v -140.352402 0.557253 -0.495792
v -140.363846 5.472039 0.587381
v -140.352402 0.557253 0.498376
v -206.821060 -7.377409 -0.496020
v -206.978012 -2.445271 0.592437
v -207.135422 2.486574 0.003488
v -206.821060 -7.377409 0.502998
v -259.392731 -17.327139 -0.480300
v -260.386658 -13.406331 0.566299
v -288.792450 -16.424751 -0.000001
v -259.392731 -17.327139 0.480300
v -33.743484 5.318981 -0.078974
v -65.853394 9.586900 -0.036847
v -103.666603 11.792840 0.002198
v -103.730881 6.759839 -0.597785
v -66.280273 4.597884 -0.685545
v -140.363846 5.472039 -0.584797
v -140.375885 10.386491 0.001291
v -34.585819 0.147860 -0.703343
v -206.978012 -2.445271 -0.585460
v -235.256882 -2.996269 -0.000001
v -235.038162 -7.734052 -0.566300
v -260.386658 -13.406331 -0.566300
v -261.518646 -8.894110 -0.000001
v -287.347168 -20.411409 -0.566301
v 5.252429 -14.542753 2.008725
v 5.252429 -14.542753 -2.177616
v -27.517822 -6.842998 -2.350046
v 39.163311 -27.931412 1.656048
v 43.088623 -21.462433 -1.824940
v 43.088623 -21.462433 1.824939
v -25.490938 4.023303 -2.518939
v 8.773864 -5.960490 2.177616
v -25.490938 4.023303 2.181153
v -30.487745 9.286248 9.342602
v -30.396074 10.742694 8.946502
v -30.173380 12.189866 6.551183
v -30.132252 12.457131 5.197233
v -30.099136 12.672326 3.786247
v -30.333744 11.147771 -8.692934
v -30.011627 13.240987 -0.258141
v -30.816263 7.151414 -6.314201
v -30.488670 9.280240 -7.631052
v -30.498041 9.219327 -8.410385
v -30.498041 9.219342 8.419606
v -30.498182 9.218419 6.886568
v -30.811218 7.184190 7.215811
v -30.333744 11.147756 8.702154
v -30.074299 12.833739 -2.512391
v -33.397396 -8.761041 10.796067
v -33.360237 -8.519545 11.205888
v -33.033081 -6.393583 12.260274
v -32.612556 -3.660848 12.748391
v -32.245144 -1.273279 13.046675
v -32.077354 -0.182876 13.323749
v -30.814505 8.023610 11.773802
v -30.714544 8.673186 11.205887
v -30.676790 8.918504 10.321416
v -31.997423 0.336534 13.323746
v -31.019249 5.832316 7.941314
v -30.971275 6.144067 8.842384
v -30.861296 6.858788 9.273975
v -30.628120 8.374032 9.274903
v -31.654568 2.564556 12.911683
v -30.247366 11.709073 8.044913
v -30.074299 12.833739 2.521615
v -30.053770 12.967137 1.370602
v -30.011627 13.240987 0.267365
v -30.173380 12.189866 -6.541960
v -30.247366 11.709073 -8.035692
v -30.396074 10.742709 -8.937281
v -30.811218 7.184205 -7.206587
v -30.700874 7.901248 -5.838798
v -30.563824 8.791863 -6.154199
v -30.498184 9.218419 -6.877347
v -30.053770 12.967137 -1.361379
v -30.488670 9.280240 7.640274
v -30.563824 8.791863 6.163423
v -30.700874 7.901248 5.848022
v -30.816263 7.151414 6.323425
v -30.132252 12.457131 -5.188010
v -30.099136 12.672326 -3.777025
v -33.397984 -8.764847 10.321417
v -33.260273 -7.869937 11.773802
v -32.827156 -5.055389 12.530665
v -32.420208 -2.410914 12.911688
v -31.041693 6.547240 12.260271
v -30.677380 8.914681 10.796063
v -30.946941 6.302218 7.182625
v -30.746660 7.603723 9.336534
v -31.829630 1.426922 13.046673
v -33.187870 -8.260203 9.274906
v -33.069336 -7.489909 9.336536
v -32.954700 -6.744989 9.273978
v -32.844715 -6.030239 8.842384
v -32.796741 -5.718503 7.941317
v -32.869053 -6.188375 7.182628
v -31.247622 5.209032 12.530663
v -31.462221 3.814461 12.748386
v -33.678707 -10.589084 -8.937278
v -33.741039 -10.994145 -8.692930
v -33.942524 -12.303491 -5.188010
v -33.975639 -12.518686 -3.777023
v -34.000477 -12.680083 -2.512391
v -34.063148 -13.087345 -0.258141
v -33.606514 -10.119953 8.950357
v -34.063148 -13.087345 0.267365
v -33.252167 -8.678051 6.163423
v -34.021008 -12.813496 1.370605
v -33.317955 -9.105515 8.419606
v -33.317955 -9.105516 -8.410382
v -33.327328 -9.166460 -7.631049
v -33.317814 -9.104622 -6.877343
v -33.115120 -7.787450 -5.838798
v -33.004776 -7.070378 -7.206584
v -30.677380 8.914681 -10.786844
v -30.714546 8.673186 -11.196669
v -30.814508 8.023595 -11.764579
v -31.041695 6.547225 -12.251052
v -31.247623 5.209015 -12.521441
v -31.462225 3.814444 -12.739169
v -31.654568 2.564539 -12.902466
v -31.829632 1.426905 -13.037453
v -32.077358 -0.182878 -13.314525
v -32.245152 -1.273312 -13.037451
v -30.746660 7.603723 -9.327312
v -30.861296 6.858804 -9.264754
v -30.971277 6.144067 -8.833160
v -31.019251 5.832316 -7.932093
v -33.827415 -11.555448 -8.035689
v -33.901402 -12.036241 -6.541960
v -34.021008 -12.813496 -1.361376
v -33.901402 -12.036240 6.551180
v -33.827415 -11.555431 8.044919
v -33.741039 -10.994114 8.702157
v -33.678707 -10.589083 8.946502
v -33.004776 -7.070377 7.215811
v -32.999729 -7.037570 6.323428
v -33.115120 -7.787449 5.848022
v -33.317814 -9.104621 6.886568
v -33.327324 -9.166443 7.640276
v -33.252167 -8.678053 -6.154196
v -32.999729 -7.037571 -6.314201
v -33.942524 -12.303490 5.197233
v -34.000477 -12.680083 2.521618
v -33.975639 -12.518686 3.786249
v -31.997427 0.336517 -13.314528
v -33.033089 -6.393600 -12.251050
v -33.260273 -7.869939 -11.764577
v -33.360237 -8.519546 -11.196665
v -33.397400 -8.761072 -10.786841
v -32.869053 -6.188375 -7.173401
v -32.796749 -5.718518 -7.932090
v -32.844719 -6.030270 -8.833158
v -32.954708 -6.745007 -9.264751
v -33.069340 -7.489925 -9.327308
v -33.187874 -8.260204 -9.265678
v -30.628126 8.374002 -9.265681
v -30.946941 6.302218 -7.173404
v -32.827160 -5.055421 -12.521439
v -32.420216 -2.410946 -12.902461
v -32.612556 -3.660850 -12.739164
v -33.328247 -9.172419 9.342605
v -30.487745 9.286248 -9.333381
v -33.328251 -9.172451 -9.333380
v -30.521423 9.928172 -8.412371
v -30.516775 9.958356 -8.828860
v -30.512007 9.989341 -7.629694
v -29.786360 13.844096 0.610678
v -29.700253 14.403686 0.004612
v -30.521421 9.928157 8.421590
v -30.516775 9.958341 8.838082
v -30.356516 10.139022 9.646319
v -30.237162 10.914624 9.639947
v -29.941545 12.835660 6.727454
v -29.898746 13.113784 5.318338
v -29.865076 13.332574 3.883758
v -31.907997 0.056915 14.520267
v -31.815819 0.655908 13.954106
v -30.356518 10.139022 -9.637097
v -33.317562 -8.242270 -9.962689
v -33.380913 -8.653884 -9.993237
v -31.187773 5.597956 9.309960
v -31.265202 5.094761 7.855484
v -29.941545 12.835660 -6.718233
v -29.898748 13.113784 -5.309115
v -33.373478 -9.466349 10.990131
v -33.312881 -9.072587 11.658305
v -32.134865 -1.417361 13.731701
v -32.000179 -0.542109 13.954109
v -30.503109 9.186416 11.658304
v -30.632122 8.348035 12.391258
v -30.757221 8.395850 -9.962692
v -30.693872 8.807509 -9.993239
v -31.023829 6.663302 9.953275
v -31.133469 5.950871 -6.463957
v -31.050476 6.490149 -6.484249
v -30.622103 9.273877 -5.581522
v -30.843319 7.836335 -5.072411
v -29.865076 13.332574 -3.874537
v -30.441551 9.586442 -10.196181
v -30.135538 11.575015 9.241567
v -30.024061 12.299428 8.393323
v -29.839996 13.495564 2.606597
v -29.820190 13.624259 1.496249
v -30.024061 12.299428 -8.384102
v -30.524261 9.909713 -6.659412
v -30.622103 9.273877 5.590745
v -30.843319 7.836335 5.081635
v -31.053564 6.470115 5.947805
v -30.885490 6.701518 12.933792
v -31.099810 5.308812 13.215199
v -31.318001 3.890928 13.436563
v -33.317562 -8.242238 9.971913
v -33.198521 -7.468668 10.033813
v -33.050949 -6.509690 9.953278
v -32.887005 -5.444314 9.309960
v -32.809574 -4.941133 7.855486
v -32.941315 -5.797229 6.473181
v -31.133465 5.950902 6.473178
v -31.050476 6.490149 6.493470
v -34.029629 -13.730284 -0.601455
v -34.115742 -14.289858 0.004612
v -31.053564 6.470115 -5.938581
v -34.029629 -13.730284 0.610678
v -33.553356 -9.774516 -8.412367
v -33.558002 -9.804684 -8.828859
v -33.578827 -10.800798 -9.630723
v -33.680450 -11.461188 -9.232341
v -33.917248 -12.999972 -5.309115
v -33.950920 -13.218778 -3.874534
v -33.976002 -13.381783 -2.597371
v -31.908003 0.056898 -14.511046
v -32.000179 -0.542110 -13.944883
v -33.995808 -13.510463 1.496249
v -33.562767 -9.835670 -7.629691
v -33.550526 -9.756103 -6.659409
v -30.757215 8.395881 9.971913
v -33.874447 -12.721815 6.727454
v -33.917248 -12.999971 5.318341
v -33.459476 -10.025195 -9.637094
v -30.442520 9.580132 -10.980911
v -30.503115 9.186385 -11.649085
v -30.632122 8.348035 -12.382037
v -30.885490 6.701530 -12.924570
v -31.099812 5.308795 -13.205976
v -31.318003 3.890926 -13.427344
v -31.512253 2.628600 -13.592259
v -31.681129 1.531174 -13.722477
v -32.134872 -1.417394 -13.722475
v -30.876257 7.622310 -10.024587
v -31.023832 6.663287 -9.944053
v -31.187775 5.597954 -9.300737
v -31.265203 5.094759 -7.846263
v -33.021217 -6.316472 5.947808
v -33.024307 -6.336539 6.493473
v -33.562767 -9.835670 7.638921
v -33.550526 -9.756117 6.668633
v -33.950920 -13.218777 3.883761
v -33.791931 -12.185632 -8.384100
v -33.874451 -12.721831 -6.718230
v -33.791931 -12.185631 8.393326
v -33.680450 -11.461172 9.241567
v -33.578827 -10.800797 9.639948
v -30.441549 9.586442 10.205400
v -33.231464 -7.682711 5.081635
v -33.976002 -13.381782 2.606597
v -32.930504 -6.587750 -12.924567
v -32.716183 -5.194984 -13.205974
v -32.887012 -5.444345 -9.300737
v -32.809578 -4.941149 -7.846261
v -33.198524 -7.468684 -10.024582
v -33.050949 -6.509692 -9.944050
v -32.497997 -3.777131 -13.427340
v -33.374447 -9.472614 -10.196177
v -33.183872 -8.234222 -12.382034
v -33.312885 -9.072588 -11.649081
v -33.373478 -9.466351 -10.980908
v -32.941315 -5.797230 -6.463954
v -32.303741 -2.514804 -13.592255
v -33.024307 -6.336540 -6.484246
v -33.553356 -9.774514 8.421593
v -33.374447 -9.472629 10.205401
v -33.459476 -10.025194 9.646320
v -29.786360 13.844096 -0.601455
v -30.135540 11.575015 -9.232345
v -30.237164 10.914624 -9.630726
v -29.820190 13.624259 -1.487025
v -30.512007 9.989341 7.638916
v -30.524261 9.909713 6.668636
v -29.839996 13.495564 -2.597373
v -30.876257 7.622310 10.033807
v -33.183872 -8.234221 12.391261
v -32.930500 -6.587733 12.933792
v -32.716183 -5.194982 13.215201
v -32.497990 -3.777099 13.436565
v -32.303745 -2.514818 13.601480
v -30.442518 9.580132 10.990130
v -31.681129 1.531191 13.731699
v -31.512247 2.628633 13.601478
v -33.452675 -9.120252 5.590745
v -33.995808 -13.510463 -1.487023
v -33.452679 -9.120268 -5.581519
v -33.231457 -7.682681 -5.072411
v -33.021221 -6.316488 -5.938581
v -31.815823 0.655890 -13.944886
v -32.658939 11.090936 8.946502
v -32.436241 12.538123 6.551183
v -32.395119 12.805358 5.197233
v -32.362003 13.020555 3.786247
v -32.596611 11.495982 -8.692934
v -33.009396 9.674287 -9.333381
v -32.274494 13.589211 -0.258141
v -33.337917 7.539470 -6.314201
v -33.010319 9.668311 -7.631052
v -33.019691 9.607383 -8.410385
v -32.596611 11.495982 8.702154
v -32.337166 13.181951 -2.512391
v -35.849899 -8.784394 9.342605
v -35.660263 -8.412813 10.796067
v -35.623100 -8.171317 11.205888
v -35.295948 -6.045356 12.260274
v -34.875423 -3.312606 12.748391
v -34.508011 -0.925037 13.046675
v -34.340221 0.165352 13.323749
v -33.077370 8.371804 11.773802
v -32.977409 9.021413 11.205887
v -32.939659 9.266730 10.321416
v -34.260288 0.684746 13.323746
v -35.580132 -7.892054 9.274906
v -33.917435 2.912767 12.911683
v -32.510231 12.057300 8.044913
v -32.337166 13.181951 2.521615
v -32.316635 13.315379 1.370602
v -32.274494 13.589211 0.267365
v -32.436241 12.538123 -6.541960
v -32.510231 12.057300 -8.035692
v -32.658939 11.090936 -8.937281
v -33.332867 7.572261 -7.206587
v -33.222519 8.289332 -5.838798
v -33.019833 9.606460 -6.877347
v -32.316639 13.315349 -1.361379
v -33.010319 9.668311 7.640274
v -32.956089 9.159984 -6.154199
v -32.395119 12.805358 -5.188010
v -32.362003 13.020555 -3.777025
v -35.660851 -8.416636 10.321417
v -35.523140 -7.521710 11.773802
v -35.090019 -4.707132 12.530665
v -34.683075 -2.062656 12.911688
v -33.304562 6.895452 12.260271
v -32.940247 9.262895 10.796063
v -36.363346 -12.981721 0.004609
v -34.092499 1.775149 13.046673
v -35.590988 -7.101869 9.336536
v -35.476353 -6.356904 9.273978
v -35.366364 -5.642199 8.842384
v -35.318398 -5.330462 7.941317
v -35.390701 -5.800334 7.182628
v -33.510490 5.557243 12.530663
v -33.725086 4.162688 12.748386
v -35.941566 -10.240842 -8.937278
v -36.003902 -10.645888 -8.692930
v -36.205395 -11.955264 -5.188010
v -36.238506 -12.170475 -3.777023
v -36.263344 -12.331872 -2.512391
v -35.869377 -9.771742 8.950357
v -35.773819 -8.289996 6.163424
v -36.283875 -12.465254 1.370605
v -35.839603 -8.717490 8.419606
v -35.839603 -8.717492 -8.410382
v -35.848976 -8.778404 -7.631049
v -35.839458 -8.716536 -6.877343
v -35.526428 -6.682323 -7.206584
v -32.940247 9.262895 -10.786844
v -32.977409 9.021413 -11.196669
v -33.077370 8.371804 -11.764579
v -33.304565 6.895421 -12.251052
v -33.510490 5.557226 -12.521441
v -33.725094 4.162671 -12.739169
v -33.917435 2.912750 -12.902466
v -34.092499 1.775132 -13.037453
v -34.340221 0.165350 -13.314525
v -34.508015 -0.925054 -13.037451
v -33.268311 7.991776 -9.327312
v -33.382946 7.246827 -9.264754
v -33.492928 6.532107 -8.833160
v -33.540905 6.220370 -7.932093
v -35.869377 -9.771743 -8.941133
v -36.090279 -11.207221 -8.035689
v -36.164268 -11.688028 -6.541960
v -36.283878 -12.465284 -1.361376
v -36.164268 -11.688027 6.551180
v -36.090279 -11.207220 8.044919
v -36.003899 -10.645887 8.702157
v -35.941566 -10.240840 8.946502
v -35.526428 -6.682322 7.215811
v -35.521381 -6.649530 6.323428
v -35.636776 -7.399409 5.848022
v -35.848976 -8.778403 7.640276
v -35.773819 -8.289997 -6.154196
v -35.521381 -6.649531 -6.314201
v -36.205395 -11.955263 5.197233
v -36.263344 -12.331871 2.521618
v -36.238506 -12.170474 3.786249
v -34.260288 0.684744 -13.314528
v -35.295952 -6.045373 -12.251050
v -35.523140 -7.521712 -11.764577
v -35.623100 -8.171319 -11.196665
v -35.660263 -8.412815 -10.786841
v -35.390701 -5.800335 -7.173401
v -35.318398 -5.330478 -7.932090
v -35.476357 -6.356936 -9.264751
v -35.590992 -7.101885 -9.327308
v -35.709522 -7.872149 -9.265678
v -33.468594 6.690274 -7.173404
v -35.090023 -4.707149 -12.521439
v -34.683079 -2.062674 -12.902461
v -34.875427 -3.312608 -12.739164
v -35.849899 -8.784395 -9.333380
v -31.677555 9.941760 9.809501
v -31.539766 10.837155 10.128403
v -31.414446 11.651525 10.121715
v -31.104050 13.668614 7.063593
v -31.059109 13.960664 5.584025
v -31.023754 14.190406 4.077715
v -31.307741 12.344953 -9.694192
v -31.539766 10.837155 -10.119182
v -30.850693 15.315026 0.004612
v -30.941109 14.727502 -0.631760
v -31.307741 12.344953 9.703413
v -30.997421 14.361556 -2.727474
v -34.707573 -9.748458 11.539410
v -34.643955 -9.335023 12.240993
v -34.242455 -6.725934 13.580252
v -33.788319 -3.774803 14.108161
v -33.407032 -1.297048 14.418055
v -33.265610 -0.378021 14.651582
v -31.829151 8.956620 13.010592
v -31.693689 9.836892 12.240989
v -31.629049 10.256955 10.715438
v -33.168823 0.250942 15.246050
v -33.072033 0.879891 14.651582
v -32.753284 2.951234 14.281321
v -31.190689 13.105569 8.812757
v -30.997421 14.361556 2.736694
v -30.976624 14.496697 1.570831
v -30.941109 14.727502 0.640981
v -31.104050 13.668614 -7.054372
v -31.190693 13.105569 -8.803536
v -31.414455 11.651496 -10.112492
v -30.976627 14.496667 -1.561608
v -31.059109 13.960664 -5.574802
v -31.023754 14.190406 -4.068494
v -34.708591 -9.755086 10.715442
v -34.508488 -8.454720 13.010592
v -34.017418 -5.263564 13.875731
v -33.584358 -2.449364 14.281322
v -32.095188 7.227805 13.580249
v -31.630070 10.250340 11.539409
v -35.486958 -14.813190 0.004612
v -32.930607 1.798948 14.418053
v -32.320229 5.765433 13.875725
v -32.549324 4.276657 14.108162
v -34.923203 -11.149674 -10.112490
v -35.029907 -11.843100 -9.694189
v -35.278538 -13.458797 -5.574800
v -35.313889 -13.688523 -4.068491
v -35.340229 -13.859688 -2.727471
v -35.396538 -14.225617 -0.631757
v -34.797874 -10.335272 10.128407
v -35.396538 -14.225617 0.640981
v -35.361019 -13.994829 1.570831
v -31.629053 10.256955 -10.706220
v -31.630074 10.250342 -11.530188
v -31.693689 9.836892 -12.231769
v -31.829157 8.956601 -13.001370
v -32.095196 7.227771 -13.571029
v -32.320229 5.765414 -13.866505
v -32.549324 4.276655 -14.098942
v -32.753284 2.951217 -14.272102
v -32.930611 1.798916 -14.408832
v -34.708591 -9.755088 -10.706216
v -33.168827 0.250926 -15.236829
v -33.265614 -0.378054 -14.642358
v -33.407036 -1.297080 -14.408828
v -34.797874 -10.335273 -10.119180
v -35.146954 -12.603717 -8.803536
v -35.233593 -13.166763 -7.054370
v -35.361019 -13.994829 -1.561605
v -35.233593 -13.166762 7.063593
v -35.146950 -12.603716 8.812760
v -35.029907 -11.843098 9.703413
v -34.923203 -11.149673 10.121713
v -35.278538 -13.458796 5.584025
v -35.340229 -13.859687 2.736697
v -35.313889 -13.688522 4.077718
v -33.072033 0.879905 -14.642360
v -34.242455 -6.725935 -13.571026
v -34.508492 -8.454737 -13.001367
v -34.643955 -9.335025 -12.231765
v -34.707573 -9.748475 -11.530184
v -34.017422 -5.263581 -13.866502
v -33.584358 -2.449366 -14.272098
v -33.788319 -3.774805 -14.098937
v -34.660088 -9.439892 9.809505
v -31.677559 9.941730 -9.800280
v -34.660088 -9.439908 -9.800279
v -32.784290 10.276383 -8.412371
v -32.779640 10.306581 -8.828860
v -32.774876 10.337539 -7.629694
v -32.308014 14.232152 0.610678
v -32.221905 14.791711 0.004612
v -32.784286 10.276383 8.421590
v -32.779640 10.306581 8.838082
v -32.878166 10.527047 9.646319
v -32.758816 11.302649 9.639947
v -32.463200 13.223714 6.727454
v -32.420399 13.501840 5.318338
v -32.386726 13.720630 3.883758
v -34.429649 0.444955 14.520267
v -34.337463 1.043994 13.954107
v -32.878170 10.527047 -9.637097
v -35.580433 -7.894012 -9.962689
v -35.643772 -8.305641 -9.993237
v -33.450634 5.946197 9.309960
v -33.528072 5.442987 7.855484
v -32.463200 13.223714 -6.718233
v -32.420399 13.501840 -5.309115
v -35.895123 -9.078263 10.990131
v -35.834534 -8.684546 11.658305
v -34.656513 -1.029337 13.731701
v -34.521824 -0.154054 13.954109
v -33.024761 9.574456 11.658304
v -33.153770 8.736089 12.391257
v -33.020081 8.744105 -9.962693
v -32.956738 9.155734 -9.993239
v -33.286697 7.011544 9.953275
v -33.396332 6.299113 -6.463957
v -33.313339 6.838407 -6.484249
v -32.884972 9.622106 -5.581522
v -33.106186 8.184579 -5.072411
v -32.386726 13.720630 -3.874537
v -32.963200 9.974496 -10.196181
v -32.657196 11.963056 9.241567
v -32.545712 12.687484 8.393323
v -32.361641 13.883634 2.606597
v -32.341839 14.012345 1.496249
v -32.545712 12.687484 -8.384102
v -32.787128 10.257939 -6.659412
v -32.884972 9.622106 5.590745
v -33.106186 8.184564 5.081635
v -33.316425 6.818357 5.947805
v -33.407143 7.089574 12.933792
v -33.621460 5.696868 13.215199
v -33.839657 4.278968 13.436563
v -35.580433 -7.894011 9.971913
v -35.461388 -7.120440 10.033813
v -35.313812 -6.161463 9.953278
v -35.149868 -5.096071 9.309960
v -35.072437 -4.592906 7.855486
v -35.204182 -5.449018 6.473181
v -33.396332 6.299098 6.473178
v -33.313339 6.838407 6.493470
v -36.551285 -13.342244 -0.601455
v -36.637390 -13.901802 0.004612
v -33.316425 6.818357 -5.938581
v -36.551285 -13.342244 0.610678
v -35.816223 -9.426304 -8.412367
v -36.100483 -10.412758 -9.630723
v -36.202106 -11.073133 -9.232341
v -36.438900 -12.611917 -5.309115
v -36.472572 -12.830737 -3.874534
v -36.497654 -12.993727 -2.597371
v -34.429649 0.444938 -14.511046
v -34.521832 -0.154086 -13.944883
v -36.517456 -13.122407 1.496249
v -35.825634 -9.487459 -7.629691
v -35.813385 -9.407860 -6.659409
v -33.020081 8.744105 9.971912
v -36.396099 -12.333805 6.727454
v -36.438900 -12.611916 5.318341
v -35.981133 -9.637155 -9.637094
v -32.964172 9.968188 -10.980911
v -33.024761 9.574456 -11.649085
v -33.153774 8.736073 -12.382038
v -33.407143 7.089570 -12.924570
v -33.621456 5.696879 -13.205976
v -33.839657 4.278981 -13.427344
v -34.033905 3.016655 -13.592259
v -34.202774 1.919244 -13.722477
v -34.656521 -1.029369 -13.722475
v -33.139122 7.970521 -10.024587
v -33.286697 7.011529 -9.944053
v -33.450642 5.946168 -9.300737
v -33.528072 5.442986 -7.846263
v -35.284084 -5.968276 5.947808
v -35.287170 -5.988312 6.493473
v -35.825634 -9.487458 7.638921
v -35.813385 -9.407859 6.668636
v -36.472572 -12.830737 3.883761
v -36.313583 -11.797577 -8.384100
v -36.396099 -12.333806 -6.718230
v -36.313583 -11.797575 8.393326
v -36.202106 -11.073132 9.241567
v -36.100483 -10.412756 9.639948
v -32.963200 9.974496 10.205400
v -35.494324 -7.334484 5.081635
v -36.497654 -12.993727 2.606597
v -35.452156 -6.199680 -12.924567
v -35.237835 -4.806944 -13.205974
v -35.149876 -5.096103 -9.300737
v -35.072437 -4.592907 -7.846261
v -35.461388 -7.120442 -10.024582
v -35.313812 -6.161465 -9.944050
v -35.019646 -3.389075 -13.427340
v -35.896095 -9.084590 -10.196177
v -35.705524 -7.846168 -12.382034
v -35.834538 -8.684533 -11.649081
v -35.895126 -9.078295 -10.980908
v -35.204182 -5.449019 -6.463954
v -34.825394 -2.126764 -13.592255
v -35.287174 -5.988313 -6.484246
v -35.816223 -9.426303 8.421593
v -35.896095 -9.084588 10.205401
v -35.981133 -9.637154 9.646320
v -32.308014 14.232152 -0.601455
v -32.657192 11.963071 -9.232345
v -32.758816 11.302649 -9.630726
v -32.341843 14.012315 -1.487025
v -32.774876 10.337539 7.638916
v -32.787128 10.257939 6.668636
v -32.361641 13.883634 -2.597373
v -33.139122 7.970521 10.033807
v -35.705521 -7.846166 12.391261
v -35.452156 -6.199678 12.933792
v -35.237835 -4.806942 13.215201
v -35.019646 -3.389073 13.436565
v -34.825394 -2.126762 13.601480
v -32.964165 9.968204 10.990130
v -34.202778 1.919230 13.731699
v -34.033897 3.016687 13.601478
v -35.715542 -8.772039 5.590745
v -36.517464 -13.122437 -1.487022
v -35.715542 -8.772040 -5.581519
v -35.494324 -7.334485 -5.072411
v -35.284084 -5.968261 -5.938581
v -34.337471 1.043962 -13.944885
v -33.019691 9.607383 8.419606
v -33.019836 9.606460 6.886568
v -33.332874 7.572232 7.215811
v -33.540905 6.220355 7.941314
v -33.492928 6.532107 8.842384
v -33.382950 7.246827 9.273975
v -33.149776 8.762073 9.274902
v -33.085480 9.179904 6.163423
v -33.222530 8.289302 5.848022
v -33.337921 7.539470 6.323425
v -33.468597 6.690274 7.182625
v -33.268314 7.991761 9.336534
v -33.009399 9.674287 9.342602
v -35.507385 -7.419316 -5.838798
v -35.710075 -8.736486 6.886568
v -35.236980 -5.662121 -8.833158
v -33.020390 8.742120 -9.265682
v -9.697384 -0.129713 2.155571
v -11.024931 -4.582034 3.284976
v -12.433033 -9.742647 2.071126
v -11.024931 -4.582035 -3.502372
v -12.433034 -9.742647 -2.240017
v -9.697384 -0.129714 -2.324464
v 26.407053 -13.035175 -2.079488
v 26.407057 -13.035174 2.079486
v 24.468178 -16.871469 3.007990
v 22.532076 -20.914520 1.910596
v 24.468178 -16.871469 -3.273889
v 22.532074 -20.914520 -2.079487
v -35.196354 -5.327160 -1.183746
v -35.196354 -5.327160 1.014854
v 42.118141 -25.173817 -1.996943
v 39.103569 -28.055519 -2.341505
v 43.164318 -21.353069 2.195119
v 43.229919 -22.257317 -1.600238
v 40.496120 -27.846817 -1.600239
v 39.103573 -28.055519 2.195118
v 43.164318 -21.353069 -2.341505
v 41.133923 -24.704292 -3.097566
v 38.909805 -29.251736 -0.073193
v 41.133926 -24.704294 2.951180
v 43.358028 -20.156933 -0.073193
v 30.465115 -19.738773 -3.227504
v 32.489460 -15.900794 -2.399562
v 28.440805 -23.576748 -2.399562
v 43.229923 -22.257317 1.453919
v 28.247627 -24.819424 0.084406
v 30.553902 -19.738773 2.914346
v 32.682594 -14.658212 0.084406
v 28.440809 -23.576752 2.568373
v 32.489460 -15.900794 2.568374
v 42.446236 -25.330334 -0.073193
v 40.396137 -28.694481 -0.073193
v 42.118145 -25.173817 1.850556
v 40.496120 -27.846821 1.453919
v 43.840065 -21.653133 -0.073193
v 35.903492 -23.039555 -3.538895
v 35.903492 -19.353714 -3.506320
v 35.903488 -16.830473 -3.036496
v 35.903492 -15.036538 -1.809243
v 35.903492 -14.353714 -0.083063
v 35.903492 -15.036539 1.643117
v 35.903488 -16.830475 2.870370
v 35.903492 -19.353714 3.340194
v 35.903492 -23.039557 3.372769
v 36.955242 -23.039555 -3.538895
v 36.955242 -19.353714 -3.506320
v 36.955238 -16.830473 -3.036496
v 36.955242 -15.036538 -1.809243
v 36.955242 -14.353714 -0.083063
v 36.955242 -15.036539 1.643117
v 36.955238 -16.830475 2.870370
v 36.955242 -19.353714 3.340194
v 36.955242 -23.039558 3.372769
v -25.490940 5.273303 -0.168893
v 8.773864 -4.710490 -0.000001
v -9.697385 1.120286 -0.084447
v 26.407053 -11.785174 -0.000001
v 5.252429 -15.792753 0.000000
v -27.517818 -8.092997 -0.000000
v -12.433034 -10.992647 0.000000
v 22.532074 -22.164518 0.000000
v -31.082796 6.276567 -0.084446
v -33.109676 -7.089732 -0.000000
v 37.234272 -24.842125 -2.957654
v 37.227627 -24.944731 2.723230
v 39.009960 -21.404915 -2.957655
v 39.006901 -21.510885 2.801093
v 29.890562 -21.275967 -2.957654
v 29.969807 -21.383148 2.764586
v 31.488678 -17.891600 -2.957654
v 31.571335 -18.002010 2.837632
v 38.117264 -23.227806 3.088048
v 30.770569 -19.692579 3.131381
v 38.122116 -23.123520 -3.285734
v 30.689621 -19.583782 -3.285733
v 0.000000 55.656200 3.999996
v 0.000000 70.710701 -0.000005
v 70.710701 0.000000 0.000000
v 55.656200 0.000000 4.000000
v 0.000000 -70.710602 0.000005
v 0.000000 -55.656101 4.000004
v -70.710701 0.000000 0.000000
v -55.656101 0.000000 4.000000
v 0.000000 55.656200 -4.000004
v 55.656200 0.000000 -4.000000
v 0.000000 -55.656101 -3.999996
v -55.656101 -0.000000 -4.000000
v 0.000000 55.656200 3.999996
v 0.000000 70.710701 -0.000005
v 70.710701 0.000000 0.000000
v 55.656200 0.000000 4.000000
v 0.000000 -70.710602 0.000005
v 0.000000 -55.656101 4.000004
v -70.710701 0.000000 0.000000
v -55.656101 0.000000 4.000000
v 0.000000 55.656200 -4.000004
v 55.656200 0.000000 -4.000000
v 0.000000 -55.656101 -3.999996
v -55.656101 -0.000000 -4.000000
v -1.428555 -17.575686 74.310677
v -0.919146 -12.007007 72.216591
v -16.161741 -6.891794 87.480667
v -7.169817 -6.891884 89.629898
v -3.397061 -1.011863 87.911705
v 6.877510 -17.575758 76.295959
v 34.205338 -27.203573 50.278194
v 36.777008 -22.495878 49.245468
v 45.950123 -26.199469 36.932423
v -12.418103 -8.842066 89.248116
v -6.423823 6.925799 83.727783
v 7.000757 -4.356962 71.070976
v -2.652844 4.935411 85.493896
v 30.172758 -17.739771 46.041496
v 42.349541 -17.402140 33.735367
v 34.074944 -16.147865 46.432877
v 10.700002 -6.369998 72.802605
v 2.088413 -19.422014 75.889153
v -11.685881 4.935480 83.334854
v -14.663388 7.688776 85.578064
v -15.417159 -1.011758 85.038704
v 64.638336 -8.703851 16.178368
v 60.088928 -11.371833 20.453365
v 61.949642 -9.785098 15.871282
v 17.415272 -14.300120 57.376316
v 27.636911 -22.495813 47.060848
v 14.266894 -24.655146 60.302238
v 14.589144 -19.508041 58.529510
v 2.347607 -6.369930 70.806244
v 37.043797 -17.739817 47.683777
v 24.999096 -14.300164 59.188988
v 39.802284 -25.986792 35.663734
v 42.446518 -27.512140 36.622822
v 49.065971 -22.944048 27.160669
v 21.805092 -24.655191 62.104004
v 24.672203 -19.508127 60.939522
v 10.188756 -12.007099 74.871559
v 56.781834 -15.305797 26.709267
v 56.623707 -19.266998 27.688604
v 48.522415 -17.615669 35.009247
v 17.504831 -26.361526 61.692284
v 27.368141 -27.203512 48.644001
v 21.732683 -12.555654 57.798695
v 67.152740 -15.584123 16.036268
v 68.733315 -12.216191 15.650443
v 69.316765 -14.266179 13.772730
v 64.919724 -10.889264 12.298793
v 62.470325 -11.999556 14.357956
v 64.966415 -14.077933 12.872518
v 66.319435 -7.745563 12.033741
v 64.034035 -8.613877 13.982242
v 60.289951 -16.737654 17.034298
v 62.462181 -15.421884 15.068288
v 60.322071 -13.243287 16.280811
v 68.728699 -6.779041 12.347636
v 66.646584 -7.555182 14.289258
v 64.542358 -16.631985 15.735450
v 65.102287 -16.904116 18.027418
v 66.776001 -9.952044 16.867292
v 66.748207 -13.465576 17.606960
v 62.344360 -12.687757 21.205828
v 70.686142 -7.934870 12.937570
v 70.731262 -11.140971 13.501515
v 68.737396 -8.776567 14.952857
v 66.913849 -15.221336 13.463528
v 62.416138 -17.973402 17.727051
v 70.420441 -8.772721 12.154998
v 70.425621 -10.761579 12.423034
v 71.498260 -10.813003 12.840283
v 71.148514 -7.878800 12.307643
v 69.420074 -13.012472 12.588262
v 69.957878 -13.797020 13.026170
v 65.883499 -13.635613 12.184000
v 65.577370 -10.582240 11.601622
v 67.718155 -14.869292 12.743466
v 67.105560 -12.920808 12.109760
v 68.197464 -13.193622 12.370883
v 69.240364 -6.493545 11.705053
v 67.672035 -8.663730 11.586837
v 67.057434 -7.716576 11.461900
v 66.940720 -10.518623 11.638403
v 69.195496 -8.181302 11.764020
v 68.760155 -10.670001 12.005773
v 40.057068 -21.677351 34.478130
v 51.226978 -15.113646 25.562927
v 49.229454 -19.011221 26.162676
v 62.257168 -16.388994 22.051344
v 55.420593 -16.152510 20.640505
v 57.209267 -12.510133 20.146107
v 30.313187 -28.765543 49.897213
v 45.859322 -16.067005 34.055313
v 54.363094 -13.896074 25.873745
v 60.447281 -20.007711 22.558554
v 57.570366 -21.131771 22.259125
v 54.601463 -23.135540 28.303017
v 55.328308 -19.830637 21.502174
v 48.271812 -21.961523 36.173386
v 51.469044 -24.335714 28.001253
v -14.766429 1.248571 88.508759
v -15.237920 -3.190556 90.339546
v -18.746281 1.176063 87.442848
v -12.642426 -3.190584 90.959923
v -9.762948 1.248535 89.704681
v -9.905636 -4.776850 92.221169
v -5.585361 1.175945 90.588531
v -10.482884 7.248743 86.675545
v -8.900864 9.869301 86.008865
v -4.770350 7.688686 87.942665
v -9.240870 5.680325 87.832603
v -11.845496 5.680350 87.210052
v -19.021458 -4.776758 90.042328
v -14.425166 -4.843614 91.094475
v -15.461455 -7.386555 92.050743
v -12.301078 1.277289 89.140228
v 65.315826 -14.083354 12.120452
v 68.017860 -8.216760 11.559555
v 66.669456 -7.087301 11.296586
v 69.353233 -7.621332 11.676009
v 62.698494 -15.419471 14.612685
v 65.159019 -16.472088 15.323002
v 64.186119 -7.939350 13.644168
v 62.612007 -11.669222 13.955562
v 67.048256 -7.340325 14.091615
v 68.008011 -15.600077 15.705221
v 69.366837 -11.891081 15.335399
v 70.249672 -14.279115 13.139610
v 71.477730 -7.281703 12.302972
v 69.527481 -8.121378 14.743489
v 70.188957 -8.306130 12.021978
v 68.200775 -13.544414 12.366434
v 21.614712 -15.307667 53.302788
v 10.562735 -10.500899 63.113014
v 18.683607 -20.781149 54.485550
v 1.908752 -14.518794 81.415062
v -3.453164 -16.549459 80.992355
v 6.354013 -2.188342 77.350037
v 2.443073 -0.114165 75.562309
v -7.334278 -14.518703 79.205826
v -6.669615 -8.392928 76.785820
v 6.727073 -22.055780 66.671898
v 7.230362 -16.312677 64.540703
v -2.938534 -2.188258 75.128967
v 29.554277 -15.307714 55.200470
v 19.135836 -10.500970 65.162117
v 26.125572 -13.473811 53.753326
v 15.254499 -22.055857 68.710091
v 18.633234 -16.312765 67.266182
v 26.260618 -26.187490 58.204586
v 29.238113 -20.781231 57.008240
v 5.690710 -8.393032 79.740143
v 10.343974 -23.960062 68.286667
v 18.371290 -26.187437 56.318909
v 15.488017 -8.554873 63.549324
v 21.767975 -27.979212 57.766399
v 7.603015 -16.553467 64.213936
v 7.263525 -22.496840 66.236008
v 15.083494 -19.455061 57.491844
v 22.906223 -11.784792 56.717972
v 18.165470 -13.710150 56.245743
v 26.170813 -19.455153 60.141884
v 19.253117 -16.550974 67.001198
v 26.507488 -13.710207 58.239616
v 11.011312 -24.463787 67.832481
v 15.965837 -22.494856 68.317955
v 18.319077 -27.004213 60.942463
v 23.038538 -25.125608 61.401611
v 14.752876 -25.125538 59.421211
v 19.359486 -8.822933 59.478779
v 19.613373 -8.129401 59.524006
v 19.944283 -8.281895 59.226799
v 19.933496 -8.747021 59.805275
v 20.263689 -8.898154 59.507408
v 20.518316 -8.205314 59.552826
v 20.312645 -9.234362 59.176029
v 20.026157 -8.791270 60.216270
v 21.214966 -9.115307 59.689087
v 18.463619 -8.997050 59.326771
v 18.675846 -8.792888 59.889221
v 19.402590 -9.660814 59.027054
v 18.555546 -9.554044 59.093033
v 21.106472 -9.659691 59.439857
v 17.879635 -9.252826 59.693779
v 20.816376 -9.250680 60.405983
v 19.029423 -9.103517 60.350182
v 21.200109 -11.242560 60.234360
v 17.294905 -11.075809 59.721230
v 18.884529 -11.356828 59.368374
v 17.177467 -10.915628 60.116478
v 17.587811 -10.799849 60.523811
v 17.938032 -11.240798 59.442848
v 20.785593 -11.357986 59.829193
v 19.921951 -11.401316 59.504524
v 20.458513 -10.917109 60.913651
v 21.094141 -11.082409 60.631264
v 21.384087 -9.403383 60.155109
v 18.458920 -10.756207 60.852505
v 19.507826 -10.800756 60.990311
v 21.266829 -4.920871 58.963654
v 21.719942 -5.146124 58.544022
v 20.130926 -5.766057 60.013493
v 21.897379 -8.840838 58.374237
v 19.270796 -7.601225 60.806580
v 19.830210 -6.839989 60.290123
v 20.751701 -8.840916 58.100288
v 18.103769 -7.601313 60.527527
v 18.665207 -6.840076 60.011551
v 20.564152 -5.146207 58.267643
v 20.557161 -7.172809 58.092236
v 20.107307 -4.920949 58.686386
v 18.232687 -5.711195 60.406891
v 19.403318 -5.711102 60.686813
v 18.633142 -5.339592 60.717201
v 18.747368 -4.879525 59.933739
v 19.916418 -4.879442 60.213272
v 21.584221 -6.266069 57.333443
v 21.731707 -7.414693 57.199619
v 22.730169 -6.265985 57.607475
v 20.484432 -4.495676 58.339958
v 17.556103 -6.371211 61.028366
v 18.729774 -6.371126 61.309006
v 17.065767 -7.890724 61.480103
v 18.239122 -7.890636 61.760658
v 22.873894 -7.414620 57.472733
v 22.868402 -8.351818 57.476372
v 21.642321 -4.495605 58.616814
v 21.728458 -8.351888 57.203804
v 22.493601 -9.876179 57.820854
v 20.739548 -9.587159 58.112419
v 21.883455 -9.587071 58.385948
v 18.894646 -8.192138 61.153706
v 17.726471 -8.192213 60.874390
v 21.354759 -9.876261 57.548538
v 22.103287 -7.328696 58.186005
v 18.844412 -6.251380 59.659805
v -11.673274 -4.722461 81.081032
v -12.362953 -11.273959 83.650810
v -2.457287 -11.202372 72.791565
v 6.781839 -2.773121 71.565376
v -1.957103 4.145028 79.796394
v 1.322378 -4.887498 71.118607
v 10.099194 -11.202499 75.792747
v 1.535976 -4.719403 84.241180
v 10.761727 -4.887595 73.374741
v -8.211020 -13.443280 85.554367
v -2.489609 -11.271481 86.012779
v 0.824861 -19.506706 77.051369
v -7.702035 1.919113 79.324165
v 2.232058 1.921234 81.700882
v 6.268680 -17.439219 77.483978
v -3.121405 -17.439108 75.239616
v 2.506699 2.091017 75.251808
v 3.754991 2.604079 75.062019
v 2.659607 2.604056 74.800186
v 3.209994 1.757125 74.928413
v 1.315448 1.992532 75.177650
v 2.297687 2.237888 75.774857
v 4.516939 1.506661 75.226418
v 3.537467 1.262425 74.632042
v 3.885979 1.998524 75.801277
v 1.955758 1.500708 74.605095
v 0.872897 1.310609 74.879829
v 1.115391 1.841412 75.727615
v 4.406890 0.779502 74.939125
v 4.661110 1.308438 75.786110
v 2.510156 0.776336 74.479073
v 3.027788 1.844772 76.191811
v 4.411958 -0.848054 75.915810
v 0.026811 -0.504552 75.376938
v -0.139881 -0.167697 75.850166
v 1.859405 -1.091638 74.926826
v 0.779721 -0.849929 75.033211
v 0.290967 0.077029 76.328011
v 1.251055 0.170615 76.703522
v 3.976187 -1.090849 75.440643
v 3.024319 -1.183093 75.069778
v 3.513517 -0.165099 76.739204
v 4.258204 -0.511824 76.390823
v 2.428917 0.078507 76.848259
v 4.718853 6.254370 74.285294
v 5.267640 5.803515 73.777275
v 3.318158 5.702920 75.579651
v 5.696640 3.046399 73.376938
v 6.431203 2.821423 72.697418
v 6.613765 1.514579 72.526825
v 0.936518 3.856995 76.267273
v 1.635012 4.542467 75.625343
v 4.110137 2.569550 73.355736
v 1.856594 5.248315 75.213287
v 3.428938 6.254278 73.976860
v 3.981879 5.803432 73.469841
v 2.455608 7.182106 75.621971
v 6.481290 4.060011 72.652756
v 5.206383 4.059924 72.347923
v 5.158634 2.821332 72.393135
v 6.170955 2.849125 72.198875
v 3.896770 6.609421 73.547089
v 0.293294 5.539167 76.855835
v 0.896694 6.221500 76.301193
v 1.599698 5.539261 77.168198
v -0.332992 3.920519 77.432556
v 0.973481 3.920635 77.744949
v 5.345115 1.514476 72.223465
v 5.184672 6.609503 73.855034
v 6.129123 -0.155176 72.972626
v 2.201108 6.221604 76.613106
v 4.490883 3.713391 73.004997
v 5.494871 0.943008 73.560623
v 4.220848 0.942915 73.255997
v 2.235729 3.857095 76.577934
v 2.931707 4.542565 75.935402
v 1.766347 3.301084 77.011131
v 0.465667 3.300987 76.700127
v 4.861279 -0.155263 72.669472
v 46.317860 -19.901978 28.676638
v 46.266308 -24.038439 29.627804
v 42.552414 -21.003672 32.115788
v 51.626770 -14.498403 28.512911
v 48.323292 -15.786636 28.145977
v 48.066433 -15.423245 31.937269
v 50.706608 -21.285740 33.798538
v 54.178944 -20.173912 30.298899
v 50.776653 -16.966167 32.825737
v 48.855183 -25.499441 30.482449
v 45.178230 -26.779295 33.996998
v 44.636917 -16.753780 31.558714
v 52.139725 -24.241615 30.839880
v 48.585663 -25.482643 34.365612
v 21.189445 -17.309582 65.636833
v 17.925331 -23.828224 66.773880
v 12.661990 -25.980484 66.152039
v 10.923318 -25.278107 67.753166
v 8.495546 -23.828138 64.520020
v 17.043451 -8.434931 62.116936
v 15.333645 -7.527810 63.691483
v 11.724713 -10.668198 61.479515
v 6.740442 -16.507204 64.183708
v 6.707117 -23.101156 66.105316
v 8.537085 -17.309486 62.612724
v 21.269331 -10.668285 63.760818
v 19.610521 -9.787746 65.351967
v 9.956326 -9.787673 63.044456
v 16.243198 -23.101250 68.384590
v 19.212559 -16.511618 67.554222
v 17.644831 -15.600475 69.077904
v 15.758433 -23.090441 68.845772
v 10.458115 -24.927912 68.181572
v 8.825445 -24.031502 69.685081
v 6.196911 -23.090359 66.560410
v 13.374360 -6.238773 65.251915
v 4.687506 -15.600350 65.980911
v 4.466606 -22.244640 68.093796
v 17.894857 -8.840347 66.996773
v 8.128820 -8.840274 64.662529
v 14.131639 -22.244722 70.403893
v 17.262562 -15.355659 69.449585
v 15.425415 -14.427412 71.230415
v 13.740089 -22.017448 70.779076
v 8.447218 -23.583738 70.033386
v 6.182814 -22.635942 72.118660
v 4.049891 -22.017368 68.462952
v 13.235827 -6.300495 65.623337
v 11.678749 -5.414211 67.057236
v 7.726273 -8.579291 65.018524
v 2.280735 -14.427305 68.088623
v 1.798930 -21.076197 70.461845
v 4.271358 -15.355553 66.344475
v 17.517654 -8.579355 67.358833
v 15.918924 -7.677855 68.890350
v 6.025341 -7.677780 66.525627
v 11.616723 -21.076279 72.808464
v 6.221332 -17.973673 77.966492
v 8.780843 -10.286677 77.669075
v 0.229948 -20.118462 77.600624
v -3.923122 -17.973579 75.541794
v -1.787336 -18.974108 79.458328
v 7.513674 -2.815469 70.892822
v 1.532247 -4.994401 70.508125
v 5.594943 -1.495716 72.659767
v -4.915140 -10.286556 74.395515
v 9.820589 -3.697522 74.729263
v -0.457488 -3.697440 72.272636
v 4.273226 -16.808331 79.826752
v 12.784568 -12.845009 73.791176
v 8.629587 -19.430859 75.664642
v 11.190140 -11.756757 75.337646
v 2.943575 -21.185766 75.101662
v -1.369833 -19.430777 73.274612
v 9.222927 -3.974662 69.101982
v 3.516891 -6.177126 68.748161
v 8.037602 -3.077925 70.410347
v -2.311465 -11.756650 72.110542
v -0.582246 -12.844893 70.596291
v -3.360057 -18.198275 75.040413
v 13.561313 -6.177204 71.148941
v 12.205636 -5.251307 72.447403
v 2.074954 -5.251233 70.026001
v 6.754856 -18.198360 77.458046
v 14.959496 -14.102250 71.683266
v 11.075670 -20.740002 73.326584
v 13.192099 -13.202903 73.394341
v 5.653967 -22.319685 72.605667
v 1.223612 -20.739920 70.971779
v 3.559104 -21.373087 74.534821
v 11.285463 -5.110789 67.419411
v 5.595474 -7.368118 66.905762
v 9.702544 -4.275033 68.877113
v -0.137564 -13.202778 70.208336
v 1.773786 -14.102143 68.531662
v -0.871125 -19.805544 72.833191
v 15.516181 -7.368198 69.276970
v 13.919257 -6.514542 70.804916
v 3.899668 -6.514464 68.410072
v 9.097540 -19.805635 75.215858
v 15.485368 -7.265842 61.541145
v 13.995410 -6.541507 62.893532
v 11.856625 -7.034353 60.547127
v 7.025959 -8.691507 62.845932
v 10.332099 -6.308300 61.888893
v 8.592444 -9.402139 61.485458
v 8.779696 -13.140792 64.208725
v 7.199224 -12.454332 65.610641
v 8.105737 -11.717525 63.027893
v 14.368959 -8.374563 64.298737
v 15.863098 -9.086861 62.925514
v 6.524727 -11.021917 64.412674
v 13.580029 -6.627518 63.271774
v 12.043468 -5.878418 64.666862
v 9.909357 -6.393901 62.264679
v 4.978693 -8.044544 64.630585
v 8.337878 -5.643064 63.649010
v 6.592712 -8.779995 63.227196
v 6.760712 -12.547222 66.003059
v 5.132343 -11.835832 67.448555
v 6.086966 -11.113156 64.800560
v 12.410602 -7.725796 66.098839
v 13.951503 -8.462878 64.682579
v 4.458144 -10.392672 66.228653
v 17.712046 -6.537698 63.781494
v 21.596439 -6.303392 64.582283
v 19.165934 -7.262061 62.420502
v 21.889946 -8.686011 66.400314
v 23.312803 -9.396708 65.005508
v 17.023129 -12.449512 67.959389
v 19.484247 -11.016647 67.511467
v 18.509228 -13.136035 66.534904
v 20.940466 -11.712313 66.096870
v 15.804397 -5.874548 65.565422
v 19.736420 -5.638077 66.374481
v 17.304499 -6.623691 64.161621
v 20.018782 -8.038946 68.227066
v 21.487680 -8.774472 66.788986
v 15.071695 -11.830937 69.824883
v 17.570444 -10.387316 69.363960
v 16.604746 -12.542387 68.356606
v 19.073223 -11.107875 67.905739
v 5.256814 -1.275696 70.827347
v 1.260789 -0.953390 69.879463
v 3.601934 -0.095176 72.330193
v -0.765080 -4.293552 69.616806
v -2.468808 -3.150387 71.098404
v 1.673770 -9.452223 70.511703
v 0.120192 -7.503899 70.023369
v 0.011339 -8.372929 71.986259
v 6.721523 -3.841954 71.327438
v 5.089530 -2.693288 72.827423
v -1.564037 -6.400507 71.499130
v 7.149323 -2.940866 69.110321
v 3.202483 -2.623600 68.172714
v 5.541781 -1.799961 70.569832
v 1.186897 -5.910886 67.926010
v -0.469134 -4.806783 69.364655
v 3.574905 -10.987908 68.829994
v 2.048118 -9.070443 68.340004
v 1.959430 -9.946735 70.261925
v 8.585806 -5.466490 69.614182
v 0.411192 -8.005492 69.773048
v 9.468486 -3.792510 67.391983
v 8.325239 -8.373531 68.450081
v 6.428850 -3.757500 66.477303
v 1.812513 -8.201790 68.933167
v 5.286870 -8.372511 67.545670
v 2.848677 -3.980378 67.957550
v 0.876081 -7.943295 72.236916
v 0.713377 -8.042218 70.846786
v 1.755818 -4.347291 71.413712
v 8.153195 -8.255528 70.087791
v 1.651832 -4.207039 69.964706
v 7.565143 -0.091185 73.276871
v 9.181373 -1.271755 71.764786
v 11.585582 0.236362 74.247688
v 14.805577 -4.287822 73.339943
v 13.163575 -0.948261 72.725288
v 13.254677 -3.144588 74.858070
v 10.265036 -8.367961 74.437523
v 11.828073 -9.447298 72.939217
v 12.031162 -6.395010 74.749672
v 13.583469 -7.498465 73.242393
v 9.457364 -1.796029 71.505119
v 11.026692 -2.936970 70.036499
v 13.430788 -1.473607 72.463165
v 16.570782 -5.905237 71.604492
v 14.962300 -2.618541 70.984352
v 15.065890 -4.801074 73.079254
v 12.090319 -9.941822 72.683838
v 13.607519 -10.983072 71.228401
v 13.843530 -8.000083 72.984650
v 15.349985 -9.065075 71.520439
v 11.471832 -8.373791 69.200287
v 14.816106 -8.371765 69.822571
v 12.624751 -3.792836 68.144524
v 14.467812 -8.200545 71.957733
v 15.541392 -3.979300 70.991142
v 9.326078 -7.942710 74.255470
v 11.816830 -8.041211 73.500084
v 10.228829 -4.346809 73.437813
v 12.786578 -4.206170 72.625557
v 11.235566 -4.531336 65.749802
v 9.601295 -8.759584 67.254539
v 7.942416 -4.316505 65.098160
v 6.150188 -10.361444 65.088860
v 6.293524 -8.583912 66.615692
v 7.639092 -6.538674 63.718765
v 10.293287 -13.074573 63.796745
v 8.238055 -12.054932 64.163353
v 11.537457 -9.924108 62.651543
v 11.862475 -10.127566 66.644218
v 9.574473 -8.652131 62.933434
v 12.721126 -8.757586 68.002716
v 15.766584 -8.581163 68.883255
v 14.354856 -4.529293 66.497833
v 18.481531 -10.358424 68.039917
v 19.968519 -6.535699 66.669395
v 18.271946 -13.072128 65.706787
v 18.848639 -12.052162 66.702835
v 19.515074 -9.921655 64.561333
v 20.183620 -8.649400 65.472572
v 1.699137 6.690211 80.996086
v 3.093071 7.954895 80.318855
v 5.935296 5.162188 82.543236
v 15.464600 2.687830 74.106216
v 11.416791 4.154312 72.623909
v 7.456668 7.248234 82.034744
v -17.541136 54.607643 100.536705
v -16.028578 43.341564 93.069557
v -13.968436 53.479660 98.619514
v 6.084419 3.867890 81.981140
v 1.865001 5.388762 80.440483
v 3.222502 8.779243 80.486801
v 7.229201 8.123169 82.515343
v 14.166441 0.483456 74.396599
v 10.121530 1.945764 72.916565
v 2.981950 9.659595 80.962402
v 4.698223 10.844233 80.250130
v 24.774973 -4.757808 63.956917
v 20.993231 -3.386458 62.571198
v 12.001020 5.300943 72.540710
v 8.931889 9.310648 81.801186
v 28.942451 -8.780869 59.124214
v 25.300995 -7.460335 57.789955
v 16.051601 3.831896 74.024620
v 17.350233 11.690837 59.932766
v 28.550238 -10.039538 59.001900
v 24.918310 -8.723547 57.671577
v 14.396102 9.300504 58.643723
v 22.136497 20.493195 60.502686
v 23.784140 -9.389054 58.351448
v 27.430201 -10.708959 59.686508
v 18.920563 17.624676 58.440437
v 12.351900 18.461950 63.347115
v 20.276093 -4.633705 62.725021
v 24.055725 -6.002839 64.109406
v 11.003233 23.840378 62.360580
v -1.974794 21.627605 69.635963
v 9.075231 0.512938 72.914101
v 13.552050 -0.612286 74.514999
v -2.501436 25.944704 68.462585
v -13.623254 35.027187 72.237968
v 2.507910 14.348723 84.250366
v 7.125109 17.065937 84.875336
v -10.411511 36.182785 69.227440
v -8.538298 52.617569 75.395996
v 21.594755 -2.515225 62.383652
v 25.910908 -6.520967 57.618507
v 25.375916 -3.887455 63.769554
v 8.584394 21.612362 88.201691
v 3.483321 19.529829 87.864258
v 26.783836 -5.885782 57.135399
v 29.552582 -7.842643 58.953236
v 8.670006 29.074333 93.296234
v 3.467657 29.425987 92.036186
v 10.834558 3.153079 72.752907
v 14.881029 1.688499 74.234184
v 30.415993 -7.204998 58.467003
v 30.774225 -5.986619 58.601418
v -3.908948 37.884792 90.080910
v -1.080860 34.321304 91.086418
v 7.320567 6.427269 81.863991
v 27.132807 -4.662961 57.266014
v -12.193393 39.285763 91.509377
v 16.820658 4.761982 71.004944
v 15.001184 5.705326 72.774185
v 14.080984 4.648322 70.350403
v 10.193097 -1.475864 73.824158
v 10.664132 -0.305405 71.419510
v 12.231914 5.590271 72.112663
v 16.694708 4.085720 73.711266
v 15.075984 -2.003543 73.066422
v 10.917665 -1.754253 74.094490
v 12.780307 -2.620197 72.312157
v 18.493977 3.693163 69.373268
v 15.782894 3.580803 68.725525
v 12.063437 -2.344585 72.044601
v 12.690637 -1.390711 69.512306
v 18.496159 3.159114 71.932320
v 17.049320 -3.069135 71.140244
v 14.493556 -3.611496 70.669319
v 19.948559 2.878205 67.955284
v 17.262236 2.766987 67.313423
v 13.599817 -3.120934 70.581367
v 14.197558 -2.159599 68.093773
v 19.974699 2.333154 70.469231
v 18.516390 -3.823302 69.707390
v 15.983743 -4.360671 69.240761
v 22.420099 1.481686 65.542839
v 20.802771 2.340142 67.121071
v 19.776825 1.372437 64.911209
v 15.083120 -2.669268 67.259575
v 16.160130 -4.589212 68.139404
v 16.760035 -3.475851 65.680428
v 18.131464 2.229599 66.482788
v 19.377663 -4.323828 68.864563
v 22.435797 0.777086 68.026527
v 21.009573 -5.113814 67.269058
v 16.859011 -4.858125 68.400581
v 18.294329 -5.574150 67.023285
v 24.016005 0.637823 63.983955
v 21.400883 0.529853 63.359009
v 17.825573 -5.376278 66.551399
v 18.415817 -4.267566 64.120590
v 24.035976 -0.065336 66.439072
v 22.620155 -5.888825 65.692741
v 19.913919 -6.336074 65.468643
v 25.339886 -0.097289 62.688950
v 22.748692 -0.204167 62.069702
v 19.469860 -6.148353 64.982628
v 25.383003 -0.809363 65.100372
v 21.512499 -7.083168 63.933052
v 26.923817 -1.614366 63.568054
v 21.590933 1.306361 68.865532
v 5.610806 3.570324 73.676102
v 4.721823 3.321240 73.540138
v 6.507971 6.687038 72.637779
v 13.726473 10.683469 65.966476
v 13.326401 10.832079 65.575150
v 13.815310 19.754393 65.894318
v 2.623035 4.996095 75.473831
v 5.227761 6.686945 72.331665
v 9.562267 9.293067 69.816475
v 5.969976 12.834206 73.142891
v 5.549989 9.227913 73.526871
v 10.198290 13.036369 69.232697
v 6.845374 13.531548 70.205467
v 7.372504 12.193014 69.725815
v 9.259417 13.531767 70.782814
v 5.894397 13.551884 71.075310
v 4.966031 12.071018 71.927330
v 9.414607 10.073791 70.631226
v 7.014577 10.073573 70.057259
v 8.626718 8.743729 71.359444
v 4.732986 10.044260 72.144424
v 7.158859 10.044488 72.724571
v 8.319438 13.552096 71.655258
v 9.775875 12.193232 70.300591
v 6.222449 8.743497 70.784447
v 7.693111 8.605906 72.225525
v 5.278650 8.605673 71.648094
v 7.396487 12.071245 72.508583
v 19.518391 -6.468318 59.907196
v 21.223162 -7.387291 58.336449
v 20.977558 -3.289601 59.239410
v 17.664402 6.961426 60.919609
v 21.461273 12.695894 57.431183
v 18.866138 6.961509 61.206978
v 19.812216 -3.289685 58.960747
v 21.789309 4.425181 58.498825
v 24.016153 3.153635 56.436268
v 23.736576 -0.092072 56.690613
v 22.731577 4.960489 56.928879
v 23.280319 3.094237 57.738373
v 21.080208 3.094040 57.212204
v 22.482462 2.828442 58.479126
v 19.571203 1.149591 58.595222
v 21.546669 2.122730 56.788071
v 21.392923 0.285994 56.932533
v 21.783604 1.149787 59.124321
v 21.619764 -0.484266 59.272408
v 20.682461 -1.177790 57.584930
v 22.870703 -1.177587 58.108261
v 23.736734 2.122922 57.311829
v 20.272667 2.828240 57.950630
v 19.411903 -0.484481 58.744385
v 19.823664 -1.517753 58.370430
v 22.021854 -1.517546 58.896137
v 23.577679 0.286200 57.455032
v 11.661064 17.411133 68.315643
v 11.871858 9.947134 68.107155
v 9.431916 15.219132 70.378479
v 8.601696 15.642483 69.945862
v 10.781256 17.788567 67.938263
v 10.793242 9.551043 67.951622
v 9.786822 17.556295 67.717468
v 9.896683 9.710703 67.628860
v 7.544845 15.365518 69.773392
v 8.295479 9.292976 69.513557
v 11.698504 6.206962 67.209488
v 13.387342 7.167416 65.536858
v 12.755567 -4.050941 66.117905
v 4.258979 9.227818 73.218170
v 6.897794 6.942651 70.798668
v 8.928430 13.036284 68.929047
v 22.858402 3.153562 56.159416
v 19.074814 1.322252 59.242538
v 20.612993 4.425094 58.217525
v 23.401522 8.613230 57.411057
v 20.049505 4.151087 60.512360
v 23.587111 4.782404 57.231453
v 19.116409 3.740741 60.282730
v 20.864218 1.434348 59.751015
v 21.562872 8.353100 56.954025
v 18.244005 4.035742 59.997925
v 21.760944 4.527236 56.779259
v 16.724932 2.174306 62.121208
v 16.035202 4.877915 62.640297
v 22.546932 8.705144 57.099255
v 10.841044 -2.961143 67.418068
v 10.941408 6.638399 66.841766
v 12.549260 1.056556 65.376793
v 10.977278 5.490162 67.787964
v 12.374746 8.397879 65.696304
v 13.437722 3.729679 64.726852
v 13.529131 9.105740 65.428757
v 14.368680 4.753785 64.654800
v 13.761236 8.397987 66.027870
v 12.629333 6.638537 67.245407
v 14.207677 1.056709 65.773384
v 14.806126 3.729801 65.054085
v 18.203781 5.846572 61.912064
v 18.250418 3.234693 62.031487
v 16.622026 3.234553 61.642075
v 17.395592 1.617965 61.874001
v 17.528843 6.821195 61.743576
v 16.855835 5.846458 61.589722
v 22.137323 -15.308771 56.903111
v 34.963726 -18.654942 45.155251
v 23.206871 -15.308643 57.158913
v 19.650002 -25.259481 59.813583
v 32.838554 -27.495106 47.657917
v 20.548307 -20.320553 58.257137
v 21.805920 -20.320396 58.557911
v 34.704975 -23.102781 46.581543
v 42.804737 -26.890587 38.473896
v 50.261723 -24.745846 31.600975
v 43.452530 -22.864712 37.295410
v 44.649681 -18.794092 36.280563
v 35.904911 -18.654837 45.380348
v 44.456013 -22.864601 37.535408
v 51.879383 -17.181934 29.654243
v 45.502304 -18.794010 36.484482
v 4.004260 -11.785031 73.301315
v 2.912867 -17.158815 75.185028
v -12.894502 1.154891 88.757111
v 51.744614 -20.981649 30.773727
v 5.519354 -11.784939 73.663559
v 7.310461 -6.067407 71.882561
v -9.123626 7.248733 87.000420
v 6.022323 -6.067480 71.574577
v 33.597710 -23.102901 46.316742
v -5.982362 -2.884184 85.191887
v -8.943170 -8.651774 87.084618
v -10.718320 0.981640 89.599319
v -9.224604 -2.884116 84.416969
v -10.747385 -8.651729 86.653397
v -6.518304 3.671211 82.206841
v -3.762647 3.671157 82.865448
v -16.501535 -5.251285 92.998451
v -18.982763 -3.743859 91.901871
v -19.998856 -2.431126 96.091057
v -13.749943 -4.922351 91.536400
v -42.750851 41.887981 122.451065
v -55.940331 63.287457 134.121201
v -41.217445 46.966717 119.092079
v -47.337189 37.163372 125.028435
v -60.313980 59.311352 136.683075
v -54.374889 67.275627 130.899460
v -60.646732 67.435448 129.284531
v -65.077705 63.305546 131.944092
v -47.301239 46.966835 117.638008
v -9.154542 1.972978 91.568893
v -13.152099 -3.743996 93.295433
v -12.425978 4.909732 94.668968
v -8.085945 8.979953 88.644760
v -13.942433 8.980068 87.245049
v -17.293343 12.030704 90.274414
v -18.356028 1.973194 89.369698
v -22.634974 -0.896184 94.954048
v -15.598125 -4.922306 91.094681
v -52.339867 41.889210 120.159889
v -53.681118 37.162193 123.511543
v -43.548256 29.451231 112.289253
v -31.341583 14.828137 101.224815
v -32.294086 9.495055 103.981628
v -21.778484 4.909950 92.433678
v -38.685673 35.000725 109.911964
v -26.756699 21.126900 99.007668
v -26.156609 9.494888 105.448524
v -38.372494 24.514633 116.934532
v -22.029406 14.827452 103.450111
v -34.006035 29.450035 114.569191
v -20.835815 21.126776 100.422798
v -11.294924 1.154873 89.139435
v -11.339784 12.030587 91.697342
v -10.480102 10.536019 87.579758
v 50.816643 -20.981737 30.551785
v -43.675571 48.856548 117.976891
v -56.410698 69.219780 129.575455
v -32.626007 35.000603 111.360260
v -23.240788 22.791601 99.338333
v -64.078156 57.410069 136.636642
v -50.967644 35.313961 124.692070
v -29.671587 7.876291 105.126060
v -41.977329 22.785576 116.599281
v 3.125570 0.557120 95.517326
v 4.634459 -0.106956 95.065086
v 3.801338 1.591094 95.234138
v -7.591166 -13.213460 97.920563
v -10.051167 -13.883785 97.604660
v -8.561106 -11.978592 98.247536
v 4.701490 15.992795 88.095367
v 3.895398 16.897184 87.511528
v 3.187596 15.945281 88.852577
v -14.920457 17.755919 83.697357
v -14.238809 17.886728 82.701576
v -12.958721 18.009617 84.043373
v 2.462090 -0.729969 95.922562
v 3.940150 -1.453032 95.488869
v -14.060349 -14.515581 96.891891
v -15.837150 -14.720089 96.549446
v -14.749444 -13.221772 97.264732
v 4.936422 15.162922 88.500885
v 3.411844 15.152486 89.240578
v -12.186290 18.151917 83.063065
v -11.228357 18.200317 84.367416
v 1.677320 -2.205127 96.385399
v 3.118734 -2.995616 95.972984
v -30.760120 -11.144393 92.569023
v -30.802528 -12.341510 91.983009
v -29.990711 -11.982434 93.122894
v -3.879347 -9.954467 97.339943
v -4.867780 -9.624069 96.919685
v -5.013243 -8.859672 97.692886
v -32.664204 1.727253 85.376671
v -31.620857 2.443091 85.285324
v -32.537704 2.309552 86.252678
v -30.979691 -10.387248 92.174110
v -31.032093 -11.550407 91.569733
v -4.769200 18.511501 84.671112
v -5.870342 18.790157 84.293571
v -5.868783 18.353367 85.580872
v -30.642799 -9.507932 91.844780
v -30.679665 -10.632319 91.224655
v -1.679501 18.153151 85.576019
v -3.327225 18.352177 85.087654
v -2.914834 18.010811 86.445602
v -26.401493 -12.958933 94.374222
v -26.244291 -14.240162 93.869789
v -24.658945 -13.223575 94.894997
v -21.833780 14.210546 83.586052
v -21.470160 14.176696 82.585320
v -21.496181 15.149382 83.283325
v -27.503061 9.929809 83.028191
v -28.512259 8.194453 83.528427
v -27.601418 10.150794 84.008026
v -29.871181 -8.546156 91.573509
v -29.872442 -9.628347 90.939980
v -31.119396 -8.864175 91.449806
v -20.695368 15.942363 83.140465
v -20.280416 15.989762 82.120407
v -19.279902 16.806957 83.105072
v -21.732801 -13.568937 95.738052
v -21.362122 -14.878939 95.295357
v -20.701019 -13.817536 96.100105
v -6.119692 -12.337134 97.885651
v -7.154055 -11.140221 98.214180
v -16.876743 17.433998 83.386368
v -16.285685 17.550230 82.376877
v 1.912199 17.552380 86.729317
v 0.149749 17.888420 86.142937
v 0.520002 17.436066 87.547203
v -17.378040 -14.878237 96.248123
v -16.448864 -13.417053 96.937363
v -10.375949 18.351351 83.401787
v -9.731853 18.352907 84.656937
v -21.799713 13.173795 84.010368
v -21.433577 13.090966 83.027985
v -18.664949 -15.138203 96.061104
v -17.922554 -13.568240 96.649223
v -8.810371 18.511026 83.704559
v -8.490822 18.619350 84.844330
v -28.566833 8.492409 84.486633
v -29.466280 6.808867 84.995743
v -31.178169 -9.959193 90.811630
v -32.130585 -8.833520 91.220787
v -29.997902 -13.217480 92.562241
v -28.087317 -12.621940 93.839111
v 3.088351 14.213700 89.546638
v 4.599083 14.179964 88.820297
v -22.800196 13.554226 83.642105
v -22.480995 13.490001 82.644051
v -32.235905 -9.925901 90.572884
v -32.957104 -9.434384 90.199158
v -23.095695 -13.418262 95.347847
v -22.787266 -14.721350 94.887413
v -26.025276 11.983865 82.503891
v -26.187944 12.113637 83.506386
v -33.561878 -8.408282 89.611343
v -32.820042 -8.364017 90.863068
v -19.153160 -13.817250 96.470245
v -20.183790 -14.443100 96.521507
v -24.421982 -14.517457 94.414040
v -24.648407 13.020969 82.374687
v -24.871532 13.105000 83.383148
v -33.539394 -6.415792 88.726929
v -33.398140 -7.382932 90.300842
v -23.558325 13.501123 82.411522
v -23.829569 13.564229 83.418854
v -33.282291 -4.727118 88.034225
v -33.376389 -5.476700 89.455673
v -0.249158 -5.471170 97.377922
v 1.102079 -6.410067 97.011322
v 0.747385 -3.855746 96.895569
v -5.959888 -8.542046 97.291733
v -5.974239 -9.503645 97.744057
v -32.934128 -3.001366 87.350937
v -33.130299 -3.861251 88.793777
v 2.145285 -4.721362 96.506660
v -4.884336 -10.627821 97.393394
v -6.344151 -10.382918 98.065468
v 3.559522 13.557625 89.946503
v 5.091739 13.493486 89.238579
v 4.549164 13.567860 90.206146
v -32.582077 -1.458736 86.754501
v -32.797119 -2.210644 88.140839
v -4.490249 18.201109 85.978981
v -12.051145 -14.237594 97.263908
v -10.914376 -12.618850 97.945831
v 5.222906 13.108866 90.580742
v 6.829501 13.024975 89.903183
v 5.783867 12.117810 91.152954
v -29.452518 6.432833 84.060738
v -30.226421 5.314826 85.460915
v -32.259373 -0.112588 86.241791
v -32.460213 -0.735415 87.570816
v -32.164398 0.969095 85.799492
v -32.151386 0.551687 87.080734
v -12.827579 -12.956476 97.620262
v 7.415683 11.988173 90.501862
v 7.380082 9.934470 91.371002
v -30.871037 4.020164 85.871094
v -30.921078 3.515381 84.976326
v -31.540276 2.994783 86.166214
v -32.060249 1.585646 86.657684
v 6.363688 1.733094 94.710403
v 5.341187 0.974799 94.769112
v 4.780025 2.315156 95.177391
v 7.110650 8.199323 92.048103
v 5.749538 10.155268 91.984383
v 6.745432 6.437939 92.717857
v 5.491705 8.497116 92.632126
v 6.373629 4.874997 93.305412
v 5.142454 6.813742 93.272797
v 6.029803 3.520761 93.813416
v 4.787143 5.319917 93.834694
v 2.336843 13.176865 89.783089
v 3.814487 13.094172 89.066544
v -7.512360 18.789961 83.900833
v -7.471063 19.302078 84.815697
v -30.247154 4.869727 84.547226
v -28.007313 -13.887036 93.310654
v -1.693512 -7.377543 97.882797
v -0.409477 -8.402678 97.539536
v 6.125547 13.504859 89.510979
v -4.024314 -8.828679 97.942192
v -2.846298 -9.920824 97.601189
v -3.002487 -8.358936 97.993729
v -1.165608 17.757566 86.987152
v -6.446476 19.504972 83.871696
v -6.921160 18.619534 85.219757
v 4.458714 4.025339 94.320473
v 4.343128 3.000145 94.747932
v -20.283411 -15.138509 95.674065
v -18.799978 16.894472 82.083420
v 5.908232 2.448639 94.260651
v -5.272265 -11.545917 97.729958
v 2.416950 16.809582 88.294342
v -21.117733 15.159722 82.269508
v -1.778223 -9.429038 97.655357
v -28.648880 -8.492987 91.814491
v -28.876259 -9.335821 92.032669
v -27.893747 -9.423160 92.287758
v -19.897467 -13.177316 95.868584
v -7.093529 -8.489286 96.969315
v -7.336208 -9.332053 97.183800
v -7.053290 -10.242809 97.690712
v -10.751334 -11.931408 97.537582
v -12.590255 -12.255872 97.224693
v -14.481105 -12.516849 96.874901
v 3.236931 1.905306 94.816444
v -22.100939 12.071867 84.391289
v -22.794765 12.519129 83.947815
v -4.213138 -4.347040 95.669701
v -5.138057 -4.952045 95.826805
v -5.822775 -3.799073 94.995956
v -25.858921 -12.258255 94.051643
v -27.479218 -11.934398 93.537285
v 3.480803 12.663322 90.184525
v 4.492423 12.388418 90.571098
v 3.615211 3.792759 94.072899
v -2.233938 -7.064176 97.466980
v -29.378046 -7.506577 91.209373
v -30.197388 -7.549337 90.936722
v -4.922089 -5.764591 96.261246
v -3.892116 -5.558486 96.317024
v -26.184921 -6.189408 91.313095
v -25.748737 -5.174446 90.953697
v -24.583862 -4.819195 90.937096
v -25.544176 -8.051378 92.299080
v -24.737659 -7.037310 92.018639
v -24.931587 -8.647121 92.591774
v -24.144482 -12.518598 94.564003
v -8.640435 -11.357350 97.808083
v -16.164391 -12.710307 96.550652
v -17.692570 -12.867012 96.251930
v -29.186308 -11.361004 92.894753
v -26.668776 -8.525004 92.264557
v -26.606737 -9.352335 92.539986
v -9.743570 -7.034769 95.604408
v -9.753222 -8.048660 96.075394
v -10.603711 -7.008810 95.254776
v -8.794546 -6.165587 95.442558
v -8.874999 -5.424590 94.959534
v 0.017585 -3.801785 96.550179
v 0.931626 -2.178220 96.048103
v 1.601382 11.148780 90.446594
v 1.857194 12.075022 90.121277
v 2.555691 11.096292 90.603241
v 1.197673 10.252104 90.722366
v 2.036049 9.942828 90.958054
v 0.337399 9.385520 90.867210
v 0.754481 8.652171 91.173866
v -1.314244 8.021176 90.904755
v -0.944916 8.994391 90.700249
v -2.439317 9.670022 89.908508
v -1.705976 9.544569 90.267899
v -7.313344 -5.171365 95.362480
v -7.676728 -6.186264 95.739265
v -7.969257 -4.816466 94.910469
v -8.232745 17.790876 85.122528
v -24.136198 -5.427138 91.309868
v -25.016287 -6.168327 91.563171
v -20.621790 13.075492 84.305824
v -20.782337 13.885217 83.831299
v -20.590750 14.836342 83.491455
v -14.970099 16.862991 83.927834
v -13.041400 17.112217 84.268112
v -11.328727 17.300837 84.588913
v -31.008278 1.900134 86.626541
v -6.241747 17.459391 85.734779
v -19.202589 13.901943 84.170044
v -19.577610 13.135769 84.510300
v -17.969954 13.791118 84.487610
v -18.619915 13.049384 84.757034
v -5.621805 -7.502564 96.890572
v -4.670432 -7.545016 97.041367
v -1.533835 16.864618 87.141418
v 0.085376 16.556070 87.679245
v -31.915760 -7.829678 90.697441
v -32.363480 -7.069244 90.261658
v -32.343102 -5.359399 89.503853
v -32.105778 -3.807007 88.867912
v -31.777214 -2.183429 88.225761
v -31.442909 -0.722682 87.661407
v -29.948372 3.787831 86.045906
v -28.704062 -5.768579 90.573868
v -29.115625 -6.622724 90.867958
v -29.405706 -5.562717 90.215515
v -27.827930 -4.955810 90.400581
v -28.100740 -4.350973 89.957024
v -25.992823 -3.802391 90.172295
v -26.522102 -4.616405 90.534058
v -2.432687 10.551475 89.653236
v -1.278986 10.604649 89.926888
v 0.535578 13.904458 88.890816
v 0.169429 13.138303 89.233170
v -0.736143 13.793335 88.609398
v -3.253762 17.113400 86.609047
v -19.003050 15.992129 83.376556
v -16.849054 16.554008 83.629005
v 1.786196 15.994670 88.348755
v 2.383332 15.325374 88.781181
v -2.715092 11.447696 89.202789
v -3.660024 11.270015 88.921303
v -4.813187 17.301622 86.147247
v -27.641363 8.264408 84.659691
v -23.267855 8.648897 85.428596
v -22.493845 9.382421 85.406784
v -21.587906 8.018350 86.056038
v -22.511501 11.145586 84.679611
v -22.749722 10.248879 84.994980
v -23.342621 11.092858 84.409241
v -28.526506 6.608775 85.160316
v -26.713367 9.857467 84.199966
v -25.445551 11.616845 83.750198
v -23.786661 12.666046 83.676804
v -21.452263 8.991572 85.795609
v -20.259449 9.542028 85.830559
v -23.648985 9.939342 84.815094
v -29.279636 5.129659 85.620773
v -19.922415 10.602142 85.468010
v -19.208878 9.667728 85.897827
v 1.135443 13.078304 89.509460
v 1.505514 13.843968 89.168190
v -27.669531 -8.580060 92.068604
v -29.916727 -10.246827 92.223137
v -23.629330 -7.011019 92.139755
v -21.182941 -12.867641 95.417252
v -8.353300 -9.419750 96.960709
v -8.107064 -8.576674 96.746834
v -9.544377 -9.349364 96.620323
v -9.032937 -8.521955 96.482048
v -10.617932 -8.644647 96.014793
v -22.596111 -12.711475 95.012566
v -5.187322 -6.618690 96.590302
v -4.233967 -6.657758 96.740211
v 4.927316 11.620845 91.014359
v 4.896836 9.861735 91.760002
v 4.649546 8.268851 92.382462
v 4.306564 6.613445 93.012672
v 3.955220 5.134448 93.569199
v -0.939386 -5.354203 97.013939
v -3.248306 -7.824796 97.553093
v -6.135436 -4.613027 95.409492
v 2.395480 0.616850 95.169319
v 1.708190 -0.717508 95.589561
v -1.926521 12.526130 88.950806
v -2.387398 13.010281 88.514496
v -9.778070 17.458967 84.888985
v -0.818620 13.051690 89.014526
v -16.835804 13.008430 85.058884
v -17.858883 12.524041 85.140305
v -17.829866 11.445682 85.587830
v -16.789286 11.268229 85.781227
v -18.772533 10.549273 85.745300
v -31.122185 0.611699 87.153450
v -29.934584 -6.662097 90.594025
v 4.494895 -0.642679 94.109032
v 5.165746 0.383970 93.827705
v -7.109370 -13.092815 96.822945
v -9.446214 -13.728626 96.523361
v 4.555145 14.635185 87.490654
v 3.790079 15.493114 86.936455
v -13.419688 16.432480 82.373253
v 3.836245 -1.920818 94.511612
v -13.254457 -14.327297 95.847000
v -14.942021 -14.521246 95.521919
v 4.777810 13.848197 87.875839
v -11.472366 16.684313 82.716698
v 3.057162 -3.385732 94.971489
v -29.152857 -12.264163 91.183914
v -3.586067 -9.994654 96.271179
v -30.912750 1.097365 84.910591
v -29.370497 -11.511999 90.791573
v -4.434772 17.025484 84.242836
v -5.479364 17.289705 83.884377
v -29.035412 -10.638446 90.464287
v -1.502623 16.685493 85.101196
v -3.066420 16.874363 84.638016
v -24.825092 -14.066298 92.976677
v -20.282736 12.913162 82.262772
v -19.947561 13.845121 81.962257
v -26.009510 8.882787 82.681763
v -28.268553 -9.682985 90.194633
v -29.508434 -9.999092 90.071999
v -19.152540 14.632267 81.820457
v -20.189045 -14.672065 94.331001
v -5.712064 -12.260032 96.789566
v -15.361659 16.112974 82.064537
v 1.906981 16.115040 86.194725
v 0.233721 16.434107 85.638771
v -16.405441 -14.671419 95.235817
v -9.754759 16.873568 83.038330
v -20.248947 11.883998 82.683990
v -17.627535 -14.918778 95.058182
v -8.269284 17.025068 83.325706
v -26.968292 7.236392 83.156914
v -27.861671 5.564895 83.662407
v -30.512753 -9.968831 89.844711
v -28.389181 -13.096585 91.734077
v 4.456717 12.916295 88.179688
v -21.242220 12.261651 82.318420
v -31.197311 -9.502598 89.489487
v -21.542400 -14.522443 93.943504
v -24.605885 10.831434 82.183731
v -31.770985 -8.528182 88.931076
v -18.651257 -15.540610 95.109352
v -23.094702 -14.329078 93.493805
v -23.298786 11.815619 82.061378
v -22.264235 12.271521 82.096825
v -31.748470 -6.634857 88.091553
v 1.144473 -6.629432 95.957809
v -4.525959 -9.678932 95.872536
v -4.540330 -10.634213 96.322113
v -31.503353 -5.030493 87.434128
v 2.133910 -5.025023 95.478432
v -4.907741 -11.507738 96.641655
v 4.924500 12.264997 88.576691
v 5.906965 12.275087 88.834496
v -31.171776 -3.391189 86.785606
v -11.346028 -14.063878 96.200050
v 6.575921 11.819478 89.206436
v -28.616741 4.081528 84.124283
v -30.836651 -1.926184 86.219490
v -30.529552 -0.648077 85.732796
v -30.438755 0.378609 85.312706
v 7.132930 10.835583 89.774597
v -29.257126 2.796063 84.531570
v -29.921963 1.777889 84.824646
v 6.137431 1.102905 93.771355
v 7.099050 8.887244 90.600151
v 6.843250 7.241051 91.243378
v 6.496710 5.569755 91.879578
v 6.144105 4.086535 92.437653
v 3.710726 11.887071 88.414391
v -7.037430 17.289526 83.511726
v -6.025211 17.967190 83.483315
v -26.499155 -13.731675 92.445328
v -0.289699 -8.522890 96.459679
v -2.604122 -9.964065 96.518883
v 5.818171 2.801180 92.920120
v -19.743143 -15.791168 96.115234
v -19.164579 -14.919058 94.690613
v -17.747324 15.490508 81.785316
v 5.703533 1.783163 93.344734
v -1.589472 -9.497563 96.570015
v -27.054600 -9.629992 90.433792
v -27.991636 -10.375516 90.683914
v -26.467627 -10.438138 91.045433
v -18.522938 -14.169790 94.604477
v -5.651541 -9.626343 95.552223
v -6.040302 -10.347767 95.910606
v -9.434233 -12.931618 96.262878
v -11.261544 -13.253984 95.951927
v -13.140502 -13.513312 95.604317
v 4.698458 1.426832 93.346779
v -20.548031 10.790126 83.062126
v -21.396231 11.365513 82.757530
v -2.936781 -5.392956 94.404778
v -3.709669 -6.112926 94.416718
v -4.536039 -4.848119 93.735016
v -24.446749 -13.256331 92.798820
v -26.056902 -12.934552 92.287735
v 4.706723 11.508786 88.953278
v 5.711790 11.235627 89.337402
v 4.840995 2.695349 92.817307
v -0.970274 -8.094028 96.191795
v -27.859747 -8.592151 89.902863
v -28.756250 -8.575949 89.702789
v -3.495288 -6.920039 94.848373
v -2.617862 -6.597133 95.048370
v -24.606686 -7.341631 89.935280
v -24.173140 -6.333538 89.578224
v -23.176666 -5.861801 89.702309
v -24.051275 -9.133000 90.985069
v -23.169889 -8.183676 90.635902
v -23.523575 -9.666479 91.347153
v -22.743097 -13.515033 93.307953
v -6.252940 -11.715049 96.505646
v -7.336572 -12.361113 96.531647
v -14.813207 -13.705527 95.282112
v -16.331810 -13.861312 94.985298
v -27.753199 -12.364698 91.649193
v -25.188568 -10.367637 91.295967
v -25.088184 -9.661517 90.880524
v -8.282475 -8.181124 94.196152
v -8.292217 -9.188269 94.664146
v -9.286532 -8.037953 93.992714
v -7.340104 -7.317883 94.035225
v -7.568736 -6.463453 93.699043
v 1.266906 -4.851604 95.280029
v 2.175053 -3.238081 94.780823
v 2.980711 9.873773 89.073120
v 3.164526 10.858458 88.819939
v 3.787727 9.952003 89.369286
v 2.579964 8.983582 89.346931
v 3.271517 8.806076 89.721809
v 1.726014 8.123382 89.490715
v 1.998360 7.523863 89.936241
v -0.056818 6.897078 89.668800
v 0.453063 7.735147 89.324921
v -1.434398 7.892321 88.886620
v -0.302474 8.281372 88.895653
v -5.869396 -6.330512 93.955544
v -6.230285 -7.338519 94.329933
v -6.668740 -5.859063 93.650162
v -6.490412 16.896194 83.911766
v -22.732018 -6.465963 90.072769
v -23.446211 -7.320576 90.183495
v -19.079502 11.786469 82.977249
v -19.409330 13.103565 82.486038
v -18.718466 14.150583 82.217186
v -13.622513 15.680833 82.737625
v -11.706532 15.928416 83.075645
v -10.005179 16.115782 83.394295
v -29.559052 0.814711 85.419250
v -4.951942 16.273249 84.532578
v -18.042898 11.846301 83.180229
v -17.827282 12.739339 82.978249
v -16.602711 12.629220 83.293724
v -17.092169 11.760525 83.425140
v -4.190169 -8.646338 95.473808
v -3.391313 -8.571665 95.768700
v -0.275196 15.682443 85.929932
v 1.333364 15.375952 86.464233
v -30.464249 -8.854835 89.465225
v -30.908882 -8.099066 89.032112
v -30.887913 -6.399599 88.278847
v -30.651463 -4.856761 87.646759
v -30.324360 -3.243234 87.008537
v -29.991669 -1.791569 86.447647
v -28.505369 2.690463 84.842255
v -27.108149 -6.923961 89.201408
v -27.517256 -7.772404 89.493607
v -27.968630 -6.601304 88.985779
v -26.237759 -6.116641 89.029144
v -26.671314 -5.396805 88.728676
v -24.576429 -4.851391 88.942352
v -24.940905 -5.779410 89.161545
v -1.023888 9.280976 88.285400
v 0.121338 9.333708 88.557091
v -1.875929 8.503599 88.513344
v 1.780677 12.741834 87.667877
v 1.559100 11.848822 87.868416
v 0.517288 12.631409 87.388298
v -1.983737 15.929595 85.401062
v -17.629042 14.815729 82.190010
v -15.489121 15.373904 82.440773
v 3.023019 14.818261 87.129387
v 3.616267 14.153350 87.558998
v -1.304255 10.170658 87.838196
v -2.387269 10.124784 87.698135
v -3.532842 16.116566 84.942299
v -26.212204 7.138334 83.464867
v -21.866474 7.520604 84.228622
v -21.017464 8.184508 84.138229
v -20.197405 6.894267 84.851921
v -20.955683 9.870615 83.348335
v -21.192251 8.980423 83.661423
v -21.940605 9.948586 83.215935
v -27.091936 5.493400 83.962257
v -25.289928 8.721146 83.008095
v -24.030077 10.469091 82.561256
v -22.381758 11.511426 82.488297
v -19.904202 7.732365 84.456184
v -18.719969 8.278857 84.490829
v -22.245062 8.802626 83.619141
v -27.840576 4.023717 84.419815
v -18.385303 9.331219 84.130913
v -17.833693 8.532965 84.694672
v 2.518066 11.789256 88.142715
v 3.558739 13.106460 87.979301
v -26.082047 -9.716372 90.686050
v -28.478561 -11.257208 90.981590
v -22.228895 -8.040153 90.897606
v -19.800200 -13.861912 94.155846
v -7.050910 -10.434784 95.688820
v -6.657907 -9.713043 95.331230
v -8.234390 -10.364696 95.350441
v -7.577161 -9.658515 95.068184
v -9.300952 -9.664040 94.748428
v -21.204475 -13.706684 93.753700
v -3.758695 -7.768404 95.175385
v -2.957572 -7.689723 95.469193
v 6.143938 10.473060 89.777855
v 6.113807 8.725367 90.518761
v 5.868235 7.142766 91.137321
v 5.527638 5.498038 91.763603
v 5.178698 4.028474 92.316689
v 0.316057 -6.394495 95.741226
v -1.978259 -8.850004 96.277504
v -4.699883 -5.776075 94.002159
v 3.629366 -0.460471 93.907150
v 2.946574 -1.786441 94.324928
v -0.521500 11.241161 87.588066
v -1.123058 11.853599 87.293983
v -8.464794 16.272860 83.692390
v 0.507197 11.828435 87.720718
v -15.476001 11.851741 83.861214
v -16.336683 11.239096 83.805580
v -16.385395 10.233634 84.317909
v -15.429835 10.123055 84.578789
v -17.243765 9.278802 84.406158
v -29.672558 -0.465565 85.942848
v -28.494673 -7.694013 89.362083
v -13.776501 13.615058 90.617325
v -16.488192 -0.897447 96.422340
v -44.673748 24.513556 115.427742
v -35.084293 36.771606 110.251656
v -67.071342 59.186886 135.198334
v -14.040483 0.981708 88.805298
v -8.443994 7.696286 87.215958
v -60.899986 67.946693 130.877060
v -64.119621 64.645851 133.090485
v -65.635422 60.653255 135.237976
v -64.010246 60.059605 136.574112
v -58.051716 69.236900 131.086716
v -61.294544 65.094994 134.073151
v -52.217266 54.217617 121.526703
v -58.803417 44.648994 127.587418
v -57.145718 49.298187 124.457039
v -55.581905 42.867298 129.095703
v -44.511719 54.219296 123.370789
v -51.088314 44.652237 129.432632
v -47.318588 49.459972 126.591682
v -47.732220 56.029808 121.866913
v -60.750957 60.653263 136.405472
v -56.015675 67.946693 132.044525
v -57.939453 64.645866 134.567688
v -62.451942 45.796825 131.992371
v -60.001877 44.757759 132.864822
v -61.444874 45.209240 131.069595
v -62.290787 58.201736 128.621750
v -63.570496 52.433811 129.894135
v -61.270020 57.594406 127.697113
v -51.785187 51.837132 131.542633
v -52.782032 52.433525 132.472763
v -50.346325 57.594223 130.308014
v -57.057304 45.796669 133.281799
v -58.999680 44.171394 131.941864
v -63.733154 48.540512 130.928955
v -62.552734 51.837395 128.969025
v -54.470570 48.540249 133.142899
v -56.058208 45.209091 132.357117
v -62.720436 47.949539 130.005157
v -53.473053 47.949291 132.215439
v -52.824383 59.172260 132.100464
v -54.776901 56.978649 133.367661
v -62.996727 59.010571 129.719452
v -63.967033 56.813881 131.219833
v -51.914719 61.370663 130.587662
v -46.402920 51.671780 125.479492
v -60.982857 61.212200 128.471832
v -55.269131 51.463295 123.321121
v -5.894257 64.449165 94.688057
v -9.907353 65.577141 94.109367
v 42.495239 -25.271967 33.108768
v 54.240479 -15.991322 29.367079
v -5.985474 -16.808235 77.374756
v 11.693395 -4.994482 72.936790
v 23.011703 -7.029506 63.214401
v 21.197447 -6.388970 64.963753
v -0.434351 0.231166 71.373863
v 1.555146 -1.478725 69.623833
v 15.280919 -4.090284 68.978180
v 17.413752 -4.313781 67.365318
v -5.418643 53.719635 72.473404
v 20.834553 -6.821973 63.679474
v 12.557065 19.754326 65.593437
v 7.614518 15.466800 71.625092
v 8.168498 6.942741 71.102524
v 22.487179 -2.677038 57.843262
v 22.647364 12.695962 57.714813
v 21.331123 -2.677122 57.566814
v 19.791714 1.340534 59.660255
v 20.256077 -1.467587 59.909637
v 12.819390 19.814297 66.060905
v 4.674573 12.834114 72.833130
v 6.324305 15.466712 71.316566
v 19.081593 -1.467664 59.628799
v 22.583754 -0.092156 56.414940
v 22.343563 12.351858 57.286861
v 12.925324 -0.629771 65.992348
v 52.667606 -17.181864 29.842762
v -11.268144 7.696344 86.540970
v -51.340542 58.201530 131.238968
v -49.027290 47.352089 128.027512
v -58.003101 47.138325 125.839638
v 0.000000 55.656200 3.999996
v 0.000000 70.710701 -0.000005
v 70.710701 0.000000 0.000000
v 55.656200 0.000000 4.000000
v 0.000000 -70.710602 0.000005
v 0.000000 -55.656101 4.000004
v -70.710701 0.000000 0.000000
v -55.656101 0.000000 4.000000
v 0.000000 55.656200 -4.000004
v 55.656200 0.000000 -4.000000
v 0.000000 -55.656101 -3.999996
v -55.656101 -0.000000 -4.000000
v -55.333839 23.066006 140.747543
v -54.932686 26.424288 138.696411
v -53.425434 26.458912 139.937744
v -54.832199 21.775982 141.755356
v -52.991325 29.728615 137.717377
v -52.061954 30.865246 137.306076
v -51.385975 29.728617 138.958420
v -51.844513 26.424290 141.083771
v -53.728489 23.066006 141.988586
v 103.962921 -40.291035 -63.525616
v 99.193054 -39.640835 -58.140835
v 101.203857 -44.281239 -59.956615
v 95.937286 -47.546398 -53.144039
v 96.415115 -43.306118 -52.836224
v 99.953033 -39.640835 -57.553310
v 79.472137 -40.384319 -30.919567
v 79.678207 -36.364391 -31.326719
v 78.918228 -36.364391 -31.914244
v 95.519058 -43.306118 -53.528942
v 63.738785 -36.781624 -10.567609
v 64.564438 -32.269951 -11.776258
v -13.483723 0.507320 89.233582
v -14.288910 0.507319 88.611122
v 7.688660 -11.251071 61.825211
v 47.455994 -27.194084 10.391558
v 46.665619 -27.194084 9.780535
v -16.124950 -8.870149 91.818130
v 5.195061 -20.460939 64.238068
v -15.480480 -4.181123 90.003502
v -14.531120 -4.181123 90.737419
v 6.708694 -15.856051 63.238365
v 46.555977 -31.866493 11.702014
v 63.804459 -32.269951 -12.363782
v 25.849144 -29.639746 37.523464
v 45.119553 -36.538757 12.597171
v 26.391037 -25.019651 35.866135
v 78.576080 -40.384319 -31.612286
v 78.701904 -45.006435 -30.849133
v 62.397125 -41.293785 -9.758008
v 6.902115 -11.251071 61.217163
v 27.466507 -20.398817 34.620209
v 27.316566 -25.019651 36.581619
v 28.251472 -20.398817 35.227036
v -36.527737 11.010785 117.085777
v -37.331814 6.490427 119.186523
v -53.731838 26.320740 139.311127
v -35.501293 11.010785 117.879288
v -34.194656 15.746156 116.028015
v -51.224037 30.865246 137.953827
v -35.065220 15.746156 115.355011
v 5.781319 -15.856051 62.521446
v 62.842728 -36.781624 -11.260327
v 45.624077 -31.866493 10.981586
v -47.930115 22.074989 134.937012
v -49.951309 17.602407 136.614838
v -52.444344 26.227077 140.776413
v -49.980633 22.074989 133.351822
v -51.095322 17.602407 135.730438
v -48.070709 27.079403 131.202682
v -46.331276 27.079403 132.547379
v -56.565865 21.815065 143.988998
v -58.089497 22.985249 142.255600
v -59.618599 24.720419 147.799805
v -54.465542 21.754496 142.454224
v -79.837807 66.121429 177.354462
v -80.947586 63.017288 180.584290
v -88.052605 78.537971 187.564560
v -83.617302 60.107681 182.519577
v -89.119377 76.200104 190.499695
v -93.635742 76.209801 187.014404
v -82.994583 66.121429 174.914063
v -91.154396 78.633148 185.040833
v -85.917534 63.017288 176.742188
v -51.884094 27.265381 143.764816
v -54.504608 22.985249 145.026947
v -54.870018 30.170736 147.627274
v -51.007305 32.445030 140.502991
v -53.993225 35.350384 144.365448
v -54.592194 32.445034 137.731659
v -57.578110 35.350384 141.594101
v -57.528046 27.265385 139.401688
v -60.513969 30.170740 143.264145
v -54.494865 26.227077 139.191223
v -91.557617 73.862236 192.374619
v -86.907692 60.107681 179.975891
v -78.410667 47.284737 168.824066
v -68.419182 39.032852 153.733536
v -69.204842 35.331604 156.675735
v -65.504448 43.368839 152.027145
v -74.548820 54.080822 163.828568
v -63.049332 39.032848 157.884781
v -65.660439 35.331600 159.415787
v -72.296577 50.493656 169.646317
v -62.093662 43.368839 154.663910
v -71.236771 54.080822 166.388992
v -52.743889 26.320740 140.074875
v -52.464123 33.615215 138.821243
v -88.991623 79.684853 185.951889
v -81.080574 67.291611 175.838181
v -63.463432 44.539021 153.049454
v -85.531311 58.937500 181.595459
v -93.494331 72.734818 191.776382
v -67.701454 34.161419 158.393494
v -76.956650 46.114552 170.503662
v -43.830757 26.819088 150.468719
v -43.071228 25.357061 150.244797
v -44.272060 26.047052 150.675934
v -50.933586 15.384178 151.250412
v -52.488136 14.887550 150.401398
v -51.760029 16.549044 151.633682
v -44.337189 38.145832 142.031860
v -42.665550 37.389889 142.011520
v -43.885719 37.506832 142.834747
v -54.263191 38.815002 132.033539
v -53.001823 39.017628 132.864731
v -54.931084 38.864117 133.331894
v -44.707787 25.079067 151.026657
v -43.528728 24.340700 150.613037
v -55.008614 14.427311 148.779816
v -56.121460 14.276348 148.026749
v -55.641003 15.637768 149.280716
v -42.544830 36.778259 142.539276
v -43.770737 36.924355 143.337372
v -51.888977 39.168606 133.617798
v -53.729774 39.057110 134.123505
v -45.220932 23.965672 151.420807
v -44.067539 23.171627 151.026901
v -65.033592 16.549047 141.372375
v -65.344879 16.055077 139.633026
v -65.485069 17.188007 140.569489
v -48.564686 17.896767 151.297043
v -49.185867 18.174782 150.619354
v -49.503929 18.942001 151.678070
v -66.063568 26.722485 131.500381
v -65.402573 27.277271 131.617325
v -66.169540 27.347443 132.824127
v -65.465591 16.666735 139.105255
v -65.600052 17.770500 140.066864
v -50.026199 39.508282 136.666138
v -48.447380 39.287804 136.193710
v -49.392220 39.314388 137.293961
v -65.224014 17.385012 138.781815
v -65.369957 18.454611 139.758820
v -47.591751 39.057110 138.868591
v -47.565964 39.168602 136.959763
v -46.556900 39.017628 137.847076
v -62.847672 15.830749 143.572418
v -61.453537 14.427310 143.797470
v -62.575615 14.629954 142.786102
v -59.257019 36.240246 131.851410
v -58.805424 36.059933 130.479034
v -59.016846 36.924358 131.551147
v -62.900009 33.208286 131.188736
v -63.307663 31.586496 130.175980
v -62.630573 32.876354 129.783234
v -64.871147 19.206795 139.610153
v -64.700256 18.174814 138.625717
v -65.644760 18.942009 139.200180
v -58.501461 37.506851 131.535828
v -58.012081 37.389896 130.147675
v -57.610752 38.145840 131.770538
v -59.344582 15.186588 146.738098
v -59.563046 14.157177 145.450821
v -59.978561 15.380489 146.110260
v -50.869324 17.188002 151.868408
v -49.998344 16.055069 151.496872
v -55.522293 38.557419 131.243134
v -56.130230 38.618786 132.579132
v -45.492599 38.618771 140.802719
v -45.434818 38.814999 138.858444
v -44.352783 38.557415 139.877884
v -57.084808 14.157150 147.366684
v -56.700848 15.494007 148.563507
v -50.925625 39.287804 134.277863
v -52.669922 39.200890 134.840714
v -59.275246 35.488094 132.371567
v -58.824562 35.270184 131.025192
v -57.618324 15.380489 147.934875
v -58.385593 15.186588 147.479446
v -51.752449 39.314388 135.469360
v -50.985188 39.508282 135.924774
v -63.544872 31.979809 131.562805
v -63.942894 30.273340 130.617645
v -65.512558 17.896772 138.195251
v -66.263695 18.947573 138.717743
v -63.657650 14.887557 141.766647
v -64.870819 15.384185 140.476044
v -42.786423 36.059925 142.862747
v -44.000824 36.240242 143.645416
v -59.445751 35.548183 130.347504
v -59.866856 35.752850 131.726151
v -66.162445 17.902605 137.688690
v -66.672958 19.294874 138.154678
v -60.818001 15.494007 145.380676
v -60.444466 14.276347 144.684784
v -61.971642 34.660542 130.874893
v -61.655785 34.401226 129.453705
v -66.592163 18.267284 137.097473
v -66.998688 20.034330 137.377640
v -57.890434 13.953571 146.888474
v -59.034729 14.693008 147.328217
v -61.779026 15.637767 144.535629
v -60.780041 35.177673 129.579193
v -61.137604 35.400013 130.994415
v -66.934174 19.043734 136.281570
v -66.860748 20.568632 135.255188
v -60.099640 35.542355 129.846161
v -60.489601 35.747326 131.248657
v -66.651199 21.858486 134.501007
v -66.928764 21.486612 136.400146
v -46.470757 21.486622 152.215485
v -44.702766 21.858467 151.468552
v -45.379860 20.568598 151.861313
v -50.095528 19.206787 151.032654
v -50.113766 18.454605 151.552826
v -66.383759 23.171633 133.775024
v -66.729179 22.715059 135.681870
v -45.825912 22.715042 151.841431
v -49.205013 17.385006 151.165527
v -50.353939 17.770493 151.853088
v -43.726017 35.752857 144.204041
v -42.497875 35.548176 143.449295
v -43.107079 35.747318 144.686462
v -66.118942 24.340725 133.149353
v -66.474480 23.965677 134.990448
v -48.552769 39.200886 138.023529
v -53.747242 14.629955 149.611008
v -53.240551 16.076065 150.825104
v -42.697823 35.400005 145.249542
v -41.418270 35.177666 144.547073
v -42.372097 34.660534 146.026596
v -64.149841 30.729206 131.983429
v -64.481705 29.104252 131.031509
v -65.877785 25.357100 132.613846
v -66.222267 25.079100 134.394562
v -65.992599 26.047071 133.884567
v -65.903206 26.819107 133.405304
v -54.439697 15.830750 150.072327
v -41.076271 34.401203 145.362991
v -41.149673 32.876347 146.389343
v -65.540024 27.875790 132.935501
v -64.939209 28.087889 131.399750
v -65.098709 28.647825 132.728287
v -65.783936 26.167702 132.110626
v -41.946861 26.722464 150.144150
v -42.607849 26.167707 150.027222
v -43.201241 27.347422 150.580093
v -41.359238 31.586479 147.143539
v -42.442017 33.208263 147.004089
v -41.626675 30.273335 147.869507
v -42.641598 31.979803 147.722366
v -41.891491 29.104242 148.495193
v -42.896309 30.729174 148.413788
v -42.132652 28.087852 149.030701
v -43.148506 29.615793 149.009644
v -44.499638 35.488060 143.794083
v -43.310165 35.270168 143.018829
v -50.120007 39.491367 134.756073
v -50.336056 40.001846 136.076019
v -64.663002 29.615784 132.377579
v -63.878189 16.076073 142.601517
v -47.399139 20.034325 152.529327
v -46.354652 19.043716 152.190857
v -41.847996 35.542332 143.955856
v -48.233181 19.294840 152.409821
v -47.910789 17.902599 151.798401
v -48.881172 18.947567 152.155548
v -46.523106 38.864113 139.831802
v -49.113071 39.491367 135.534500
v -43.378181 28.647791 149.519669
v -43.467564 27.875784 149.998917
v -58.897369 13.953571 146.110046
v -57.076847 38.060787 130.394119
v -42.226505 27.277235 149.533920
v -49.457191 16.666702 151.480789
v -43.139610 38.060783 141.168503
v -58.553242 36.778267 130.163757
v -47.230392 18.267279 152.065353
v -64.120628 19.265818 140.148438
v -64.261246 18.594015 140.327087
v -63.522518 19.212088 140.648972
v -58.814285 15.671982 146.613449
v -50.805481 19.265799 150.441895
v -50.942955 18.594027 150.622971
v -50.774601 17.875570 151.263443
v -53.108391 16.599108 150.365936
v -54.260601 16.363367 149.642654
v -44.156807 27.054214 149.859833
v -59.498238 34.683453 132.770706
v -59.878662 34.984123 132.073242
v -49.538704 21.978313 149.494507
v -50.157082 22.253292 148.821152
v -48.927380 22.413433 149.468216
v -62.476952 16.363371 143.290894
v -63.467113 16.599112 142.357986
v -43.772964 35.081993 144.454468
v -43.147575 34.865627 145.091614
v -43.887985 28.474133 149.059097
v -47.713455 20.273907 151.926361
v -64.541031 20.011429 139.293823
v -65.023262 19.945583 138.777985
v -49.413921 21.347900 150.038757
v -48.741386 21.473755 150.279465
v -62.551270 21.060873 140.086609
v -62.257637 21.838823 139.761047
v -61.514000 22.102150 139.959061
v -62.206039 19.642857 141.360718
v -61.686512 20.428415 141.204361
v -61.823250 19.171129 141.801895
v -61.425880 16.173561 144.238251
v -51.780861 17.023188 151.090973
v -56.491604 16.031185 148.153885
v -57.442677 15.913525 147.502228
v -64.503128 17.023191 141.255859
v -62.907478 19.266619 141.085709
v -62.868790 18.610296 141.391983
v -52.951229 20.439093 147.759903
v -52.440414 20.428411 148.352188
v -52.984245 19.171125 148.635010
v -51.851768 21.644154 147.753891
v -51.836979 21.089794 148.348907
v -46.261395 22.756477 151.285538
v -46.881004 21.576124 151.644928
v -45.666367 23.986546 150.871811
v -45.014503 34.004021 144.450165
v -44.829742 34.683453 144.110397
v -44.393452 33.938709 144.786850
v -44.747887 33.092857 145.113663
v -45.289825 33.346973 144.704025
v -45.579830 32.153149 145.137985
v -45.847969 32.716534 144.720337
v -46.883087 31.709328 144.445740
v -46.655357 32.441570 144.291489
v -47.537624 32.940128 143.065491
v -47.113152 32.856014 143.643204
v -50.899773 21.838820 148.541397
v -51.140900 21.060884 148.907562
v -51.278713 22.102119 147.871613
v -50.832645 38.894608 136.288788
v -61.255760 21.644157 140.484009
v -61.835312 21.089798 140.619553
v -58.565300 35.429054 132.962326
v -58.608582 35.999172 132.334106
v -58.456566 36.691044 131.960190
v -54.970573 38.203220 133.580994
v -53.789024 38.393032 134.359589
v -65.231834 27.054232 133.567490
v -49.627075 38.653065 137.392334
v -57.930252 35.482807 133.415085
v -57.650463 36.026508 133.055389
v -56.906940 35.956326 133.680023
v -57.352699 35.428265 133.900314
v -49.872543 20.011395 150.633530
v -49.251884 19.945553 150.970291
v -46.754227 38.203217 139.932755
v -45.764061 37.967491 140.865646
v -66.083603 19.700960 138.132019
v -66.335983 20.273928 137.529938
v -66.273285 21.576143 136.653458
v -66.081512 22.756496 135.963303
v -65.830994 23.986563 135.283249
v -65.581268 25.089029 134.693237
v -64.524590 28.474167 133.105652
v -64.483276 21.473772 138.109955
v -64.080956 21.347891 138.700195
v -64.837723 20.627878 138.436783
v -63.651344 22.413437 138.085648
v -63.522820 21.978319 138.683899
v -62.348083 22.857273 138.777908
v -62.715424 22.253296 139.112747
v -47.535473 33.605038 142.784683
v -46.819511 33.633976 143.317627
v -45.848259 35.482792 142.755249
v -46.463299 35.428261 142.318512
v -45.570610 36.026501 142.393890
v -47.805298 38.393028 138.985382
v -57.450310 37.543419 132.132660
v -44.728043 37.543400 141.967789
v -44.378227 37.048294 142.589890
v -47.684261 34.266464 142.199860
v -48.246506 34.127506 141.674088
v -48.756889 38.535389 138.148636
v -62.969772 31.810137 131.938095
v -62.350170 32.990463 131.578705
v -59.832069 32.716564 133.909714
v -59.213696 32.441586 134.583069
v -60.303787 32.153187 133.755402
v -59.780510 34.004040 133.035080
v -59.956848 33.346989 133.365463
v -60.262768 33.938732 132.518845
v -63.564804 30.580070 132.351822
v -61.517731 34.292652 131.297287
v -60.474037 35.078671 131.545837
v -58.471008 32.856022 134.862854
v -59.305618 31.709341 134.842316
v -60.489780 33.092861 132.944168
v -64.072914 29.477606 132.742096
v -58.229877 33.633984 134.496674
v -57.805027 32.940132 135.128143
v -45.250153 35.429050 143.255798
v -44.969933 35.972561 142.896561
v -63.660572 18.540060 140.829773
v -55.442150 16.173561 148.864059
v -64.923470 17.875565 140.325470
v -60.984665 20.439096 141.549545
v -59.604099 15.913525 145.831314
v -51.580719 18.540056 150.168274
v -51.440514 19.212084 149.989136
v -52.324223 18.610292 149.543610
v -52.018074 19.266615 149.503906
v -52.460880 19.642853 148.894348
v -60.474289 16.031185 145.075012
v -49.590260 20.690838 150.369141
v -48.968403 20.627872 150.704788
v -42.895199 34.292645 145.693695
v -42.957893 32.990444 146.570190
v -43.149654 31.810104 147.260330
v -43.400169 30.580065 147.940369
v -43.649902 29.477573 148.530411
v -48.359684 19.700956 151.833755
v -49.925552 22.857273 148.381317
v -44.706573 26.092449 150.117981
v -45.158257 25.089010 150.481537
v -47.164742 35.052013 142.043518
v -47.407921 35.395473 141.421738
v -56.122776 37.967495 132.857697
v -52.739574 38.535389 135.069763
v -51.788498 38.653065 135.721420
v -46.362373 35.956333 141.831635
v -56.246918 35.395493 134.588623
v -56.909901 35.052013 134.509888
v -56.279953 34.127483 135.463745
v -56.930359 34.266468 135.052032
v -57.533810 33.605045 135.055328
v -65.343185 26.092468 134.164551
v -64.356277 20.690845 138.954071
v -42.911713 24.797153 148.916260
v -42.470417 25.569147 148.709045
v -50.399681 15.299126 149.874008
v -42.525368 36.256931 141.075058
v -42.976841 36.895920 140.272171
v -53.570732 37.614204 131.572220
v -43.347439 23.829153 149.266968
v -54.280655 14.387856 147.521042
v -42.410385 35.674454 141.577682
v -52.369423 37.807213 132.363815
v -43.860580 22.715771 149.661118
v -64.124718 15.938094 138.809814
v -63.673241 15.299132 139.612686
v -48.143581 17.692089 149.918396
v -64.809189 26.097544 131.064438
v -64.239693 16.520613 138.307175
v -48.031872 38.064472 135.534286
v -48.665848 38.258381 134.906448
v -64.009605 17.204723 137.999115
v -46.231400 37.807209 137.108902
v -61.487324 14.580836 141.812744
v -57.656494 35.674461 129.791458
v -57.896667 34.990345 130.091721
v -61.539669 31.958357 129.429062
v -64.284416 17.692095 137.440491
v -63.510796 17.956892 137.850464
v -56.250404 36.895924 130.010864
v -57.141113 36.256935 129.776154
v -58.618210 14.130576 144.350571
v -57.984230 13.936671 144.978409
v -49.508968 15.938099 150.108719
v -54.769875 37.368900 130.819443
v -44.132240 37.368896 139.043015
v -55.340508 14.244080 146.803833
v -51.309574 37.950974 133.081024
v -57.914902 34.238182 130.611877
v -57.025246 13.936672 145.719772
v -56.257984 14.130550 146.175201
v -49.624836 38.258381 134.165085
v -50.392094 38.064503 133.709656
v -62.184525 30.729908 129.803101
v -64.903351 17.697660 136.958069
v -42.640472 34.990341 141.885727
v -58.506504 34.502964 129.966461
v -65.312614 18.044947 136.395004
v -59.457661 14.244079 143.621002
v -60.611294 33.410625 129.115204
v -65.638336 18.784433 135.617950
v -57.674374 13.443119 145.568512
v -60.418678 14.387855 142.775955
v -59.777256 34.150097 129.234726
v -59.129257 34.497410 129.488983
v -65.568413 20.236712 134.640442
v -45.110409 20.236706 150.455795
v -48.753410 17.204720 149.793137
v -48.735176 17.956882 149.272964
v -65.368843 21.465120 133.922195
v -44.465565 21.465130 150.081757
v -48.993584 16.520607 150.093399
v -41.746742 34.497379 142.926788
v -42.365669 34.502956 142.444366
v -65.114128 22.715761 133.230774
v -47.192421 37.950974 136.263855
v -51.880203 14.826149 149.065414
v -41.011753 33.410618 144.266907
v -41.337471 34.150105 143.489853
v -62.789497 29.479292 130.223740
v -64.861916 23.829185 132.634888
v -64.542862 25.569180 131.645615
v -64.632256 24.797144 132.124893
v -53.079350 14.580837 148.312653
v -63.738358 27.397940 130.968597
v -64.179665 26.625904 131.175812
v -41.840889 26.097521 148.820404
v -41.081669 31.958351 145.244400
v -41.281250 30.729902 145.962677
v -41.535954 29.479286 146.654083
v -41.788158 28.365879 147.249969
v -43.139282 34.238174 142.034393
v -48.975708 38.751934 134.316345
v -63.302647 28.365885 130.617889
v -62.517841 14.826156 140.841843
v -46.038795 18.784412 150.769653
v -47.520828 17.697641 150.395874
v -46.872829 18.044941 150.650131
v -45.162758 37.614201 138.072113
v -42.107216 26.625872 148.239243
v -42.017830 27.397907 147.759964
v -63.379166 17.445757 138.505096
v -62.760277 18.015900 138.388748
v -62.439823 17.418451 139.250671
v -57.593544 14.550342 145.034363
v -49.722214 17.472387 149.043884
v -49.445129 18.015898 148.682220
v -49.869972 16.396650 149.693741
v -51.887661 15.477440 148.786850
v -53.039860 15.241734 148.063553
v -42.778603 26.390717 148.077057
v -58.657928 33.862473 130.494156
v -58.137894 33.433544 131.011032
v -47.706642 21.291782 147.889130
v -48.796730 21.003393 147.061462
v -48.178352 20.728413 147.734818
v -62.246380 15.477447 140.778900
v -61.256210 15.241733 141.711792
v -41.926834 33.743988 143.512512
v -42.552219 33.960369 142.875366
v -42.667252 27.352482 147.479996
v -46.492702 19.152298 150.347260
v -63.802528 18.823921 137.198898
v -63.250481 18.825672 137.624420
v -47.520649 20.352102 148.700363
v -48.053566 20.098000 148.279053
v -60.293262 20.980499 138.379974
v -60.897289 20.588905 138.001358
v -61.190926 19.810959 138.326935
v -60.602509 18.049492 140.222794
v -60.326176 19.178476 139.444702
v -60.915489 18.457102 139.691315
v -60.205139 15.051921 142.659149
v -50.560120 15.901546 149.511887
v -55.270859 14.909565 146.574783
v -56.221939 14.791874 145.923141
v -63.282391 15.901553 139.676758
v -61.648048 17.488661 139.812897
v -61.547127 18.016718 139.326019
v -51.763504 18.049488 147.055923
v -51.080063 19.178497 146.592499
v -51.730488 19.317455 146.180801
v -50.476631 19.839880 146.589218
v -50.631035 20.522505 146.174805
v -45.660263 20.454502 150.065842
v -45.040653 21.634855 149.706436
v -44.445625 22.864910 149.292725
v -43.172707 32.817074 143.207764
v -43.539200 33.497669 142.441010
v -43.654152 32.754120 142.690475
v -43.929489 32.097031 142.944351
v -43.527145 31.971218 143.534561
v -44.487617 31.466633 142.960663
v -44.359093 31.031500 143.558899
v -45.295006 31.191669 142.531799
v -45.662346 30.587690 142.866638
v -45.752800 31.606115 141.883514
v -46.496429 31.342813 141.685486
v -50.057964 20.980511 146.292511
v -49.780540 19.810984 147.147858
v -49.539425 20.588903 146.781708
v -49.330482 37.986958 134.775253
v -60.474968 19.839882 138.859879
v -60.035019 20.522507 138.904922
v -57.381088 35.155636 130.562698
v -57.204948 34.179169 131.202637
v -56.919716 35.926662 130.371704
v -53.749832 37.081585 132.001892
v -52.568279 37.271408 132.780487
v -64.011093 25.932596 131.988388
v -48.406334 37.531414 135.813248
v -56.429718 34.904884 131.476288
v -56.569908 34.232899 131.655411
v -55.992363 34.178326 132.140640
v -55.686203 34.834671 132.100937
v -48.031143 18.823915 149.391190
v -48.512192 18.761494 148.873825
v -44.543316 36.845867 139.286545
v -45.533485 37.081577 138.353653
v -64.862862 18.579327 136.552933
v -65.115234 19.152304 135.950851
v -65.052536 20.454535 135.074341
v -64.860771 21.634874 134.384201
v -64.610260 22.864927 133.704163
v -64.360527 23.967407 133.114136
v -63.303860 27.352501 131.526566
v -63.616978 19.506254 136.857697
v -62.720600 20.098007 136.940506
v -63.262535 20.352121 136.530869
v -62.162468 20.728418 136.924194
v -62.430603 21.291815 136.506561
v -61.355076 21.003380 137.353058
v -61.127342 21.735638 137.198807
v -46.754669 31.800821 141.160522
v -45.459167 32.384060 141.557938
v -46.175121 32.355137 141.024994
v -44.349861 34.904877 140.814789
v -45.172752 34.242489 140.649124
v -44.487907 34.232891 140.995575
v -46.584549 37.271408 137.406281
v -56.229568 36.421783 130.553558
v -43.507298 36.421776 140.388687
v -43.157490 35.926659 141.010788
v -47.025764 33.005871 140.095001
v -46.323910 33.016563 140.440170
v -47.536140 37.413765 136.569534
v -61.129433 31.868826 129.999603
v -61.749043 30.688457 130.359009
v -59.083050 31.031530 132.176315
v -57.853344 31.191685 132.823395
v -58.541527 31.530781 132.240326
v -59.042030 32.817081 130.939758
v -58.596504 32.097065 131.605789
v -58.420166 32.754139 131.275391
v -62.344063 29.458418 130.772720
v -60.296989 33.171017 129.718201
v -59.253304 33.957005 129.966736
v -58.084881 30.587692 133.263229
v -57.110664 31.606117 133.103165
v -59.269039 31.971224 131.365082
v -62.852180 28.355925 131.163010
v -56.584282 31.818493 133.549042
v -56.869530 32.384068 132.736984
v -43.226128 35.155628 141.505402
v -43.889801 34.179165 141.496109
v -62.162178 17.962160 138.889297
v -54.221409 15.051922 147.284958
v -63.702724 16.753923 138.746368
v -59.763924 19.317446 139.970459
v -58.383350 14.791900 144.252197
v -50.080173 17.962158 148.229462
v -50.359970 17.418447 148.589172
v -50.657722 18.016714 147.744217
v -51.103481 17.488657 147.964508
v -51.100525 18.392952 147.134659
v -59.253544 14.909564 143.495911
v -47.747658 19.506248 149.125687
v -48.229908 19.440939 148.609451
v -41.674458 33.171009 144.114609
v -41.737152 31.868807 144.991089
v -41.928921 30.688440 145.681244
v -42.179428 29.458414 146.361282
v -42.429165 28.355907 146.951324
v -47.138947 18.579321 150.254654
v -48.704811 21.735636 146.802216
v -43.485832 24.970812 148.538879
v -43.937508 23.967388 148.902435
v -46.187172 34.273849 139.842636
v -45.804390 33.802097 140.283829
v -54.902035 36.845871 131.278595
v -51.518829 37.413765 133.490662
v -50.567749 37.531437 134.142319
v -45.141640 34.834667 140.252548
v -55.549553 33.802101 132.750198
v -55.026176 34.273853 133.009521
v -55.639809 33.080696 133.382629
v -55.059204 33.005875 133.884644
v -56.173458 32.355145 133.295639
v -64.122444 24.970831 132.585449
v -62.995930 19.440931 137.194382
v -61.209038 25.890602 146.014755
v -55.450047 36.520569 142.683701
v -57.490532 25.890602 148.889404
v -77.510979 50.493656 165.615250
v -74.964996 47.284733 171.487793
v -72.557175 55.251003 164.812698
v -94.920784 73.786469 189.912842
v -50.845505 31.231489 138.386780
v -52.584938 31.231489 137.042084
v -91.410141 78.927406 186.583633
v -93.227531 76.995399 188.285904
v -94.177429 74.656044 190.163269
v -93.448570 74.304970 191.717194
v -91.859741 77.257286 189.661957
v -83.715363 71.786636 179.384430
v -86.058411 70.691231 178.353958
v -90.027222 64.928955 183.487839
v -88.905777 67.743935 180.588287
v -88.439812 63.833626 185.495758
v -83.889511 67.841309 184.236710
v -82.127998 70.691231 181.392426
v -86.096809 64.928955 186.526291
v -91.761108 74.656044 192.031235
v -89.962471 79.685791 187.207733
v -88.993820 78.927406 188.451599
v -90.183563 76.995407 190.639084
v -92.302979 65.690094 187.396820
v -91.084137 65.050873 188.642532
v -91.700783 65.320290 186.617859
v -91.950356 73.182098 184.112686
v -92.717224 69.731613 185.157928
v -91.348160 72.812286 183.333710
v -87.300560 69.731606 189.345352
v -86.482147 73.182091 188.339951
v -86.698364 69.361801 188.566391
v -90.481949 64.681068 187.863556
v -88.969429 65.320290 188.729370
v -92.888138 67.369484 186.147186
v -92.115028 69.361801 184.378967
v -89.571617 65.690094 189.508331
v -87.612694 66.999680 188.980942
v -92.285950 66.999680 185.368225
v -88.214882 67.369484 189.759918
v -84.906235 66.573181 185.426468
v -87.332253 73.766907 188.974091
v -89.467628 66.440758 181.851471
v -92.400116 73.670982 185.108398
v -86.742287 75.061394 187.614456
v -83.319939 69.175308 183.255081
v -87.824806 69.047112 179.726395
v -91.262619 74.967682 184.173401
v -55.609554 21.754496 141.569839
v -58.572018 13.435349 146.729675
v -49.438408 40.009628 134.914871
v -85.879959 72.812286 187.560989
v -88.437874 72.472420 189.935089
v -93.018478 72.374290 186.444702
v 0.000000 55.656200 -4.000004
v 0.000000 70.710701 -0.000005
v -70.710701 0.000000 0.000000
v -55.656200 -0.000000 -4.000000
v 0.000000 -70.710602 0.000005
v 0.000000 -55.656101 -3.999996
v 70.710701 0.000000 0.000000
v 55.656101 0.000000 -4.000000
v 0.000000 55.656200 3.999996
v -55.656200 0.000000 4.000000
v 0.000000 -55.656101 4.000004
v 55.656101 0.000000 4.000000
v 5.119469 -30.325792 13.959341
v 2.222965 -27.798174 13.027938
v 2.175350 -27.855734 14.979429
v 6.278854 -31.076555 14.971101
v -0.602467 -25.195589 13.971063
v -1.528994 -24.086649 14.457511
v -0.603760 -25.201666 16.000174
v 2.220488 -27.809858 16.931290
v 5.118179 -30.331869 15.988452
v 23.188044 -3.267447 14.458504
v 27.162142 -6.315001 15.100607
v 45.171806 27.128412 14.651205
v 2.374941 -27.580935 14.354712
v 45.171043 27.124811 15.851167
v 23.187223 -3.271331 15.755894
v 40.965004 29.889223 15.765654
v 49.378204 24.362886 15.245585
v 19.025301 -0.073172 15.664309
v -1.529665 -24.089819 15.516606
v 19.025995 -0.069884 14.563945
v 40.965652 29.892282 14.747922
v 7.982521 -21.612226 16.290945
v 11.825548 -25.047079 15.710202
v 2.388126 -27.969828 16.268362
v 7.984169 -21.604475 13.699158
v 11.826468 -25.042746 14.264210
v 3.684448 -17.759867 13.904534
v 3.683052 -17.766447 16.103125
v 5.653419 -33.834259 14.956979
v 4.601465 -33.154533 12.692734
v 1.797579 -38.006203 14.857595
v 6.231157 -31.404673 15.687619
v -46.126266 -64.383492 16.827702
v -43.762150 -68.194962 17.915195
v -60.992935 -74.620445 16.533070
v -41.572468 -71.891396 16.977015
v -59.324402 -78.018555 17.475151
v -59.331268 -78.004211 11.770361
v -46.123734 -64.371544 12.837638
v -61.062820 -74.491318 12.535839
v -43.758156 -68.176163 11.633346
v 0.951170 -29.738543 18.533167
v 4.598587 -33.168098 17.223911
v -2.904724 -33.910744 18.518229
v -3.467421 -25.610056 17.241411
v -7.323315 -29.782251 17.226473
v -3.464540 -25.596491 12.710232
v -7.320435 -29.768686 12.695294
v 0.955704 -29.717186 11.399400
v -2.900194 -33.889389 11.384463
v 2.389772 -27.962069 13.676575
v -57.654762 -81.411469 16.683754
v -41.569824 -71.878944 12.818060
v -26.114822 -60.827694 12.762824
v -14.293463 -44.881180 11.493301
v -11.256871 -48.400391 12.662611
v -17.885124 -40.920074 12.765236
v -31.451424 -53.239807 12.782146
v -14.297774 -44.901497 18.280619
v -11.259715 -48.413799 17.142624
v -28.615669 -57.155678 18.112350
v -17.887861 -40.932980 17.076361
v -31.454082 -53.252338 16.968468
v 2.374147 -27.584669 15.603445
v -4.519423 -24.930571 15.061612
v 55.753799 12.504609 15.922840
v 48.691254 28.959314 15.922843
v 59.803802 15.825807 15.919499
v -61.968018 -73.690826 14.805983
v -47.178452 -63.704823 14.918460
v -18.939939 -40.253830 15.006588
v -40.517754 -72.558121 14.896193
v -56.698433 -82.335655 14.783457
v -10.204899 -49.080044 14.901273
v -25.062811 -61.507164 14.939086
v 1.302515 -30.232622 29.003613
v 2.865635 -29.909929 29.469519
v 1.967760 -30.816675 28.779879
v 11.460760 -37.446419 23.847101
v 11.889715 -37.817314 22.097090
v 10.153612 -37.994301 23.425198
v -8.451847 -21.637331 23.462336
v -7.497549 -20.782404 24.775595
v -7.901895 -22.123835 24.309475
v -8.715561 -19.657326 9.499904
v -8.891083 -19.508366 11.006555
v -9.061937 -21.052311 9.761195
v 2.801754 -31.549421 28.647993
v 3.741312 -30.679293 29.331041
v 12.288099 -38.156960 19.110437
v 12.419004 -38.267277 17.769163
v 10.941526 -38.670990 18.914085
v -6.970901 -21.246893 25.192841
v -7.400349 -22.566183 24.706854
v -9.021996 -19.398037 12.347828
v -9.229112 -20.910431 11.196100
v 3.761040 -32.392193 28.481165
v 4.748571 -31.564211 29.155872
v 10.164267 -37.944084 6.647850
v 10.894541 -36.882904 5.341393
v 9.614347 -37.457611 5.800710
v 9.294973 -35.549129 25.754093
v 9.056036 -35.335854 24.848639
v 8.090944 -36.187347 25.241381
v 1.708179 -28.787033 -0.182874
v 1.229858 -28.368629 0.412549
v 0.865435 -29.747253 0.539503
v 10.367876 -36.418388 4.924147
v 9.112791 -37.015251 5.403332
v -9.620641 -20.582151 15.682068
v -9.127417 -19.320620 16.646315
v -9.454165 -20.731646 16.567301
v 9.749083 -35.874359 4.918692
v 8.523436 -36.497101 5.398137
v -9.234041 -20.933653 18.954359
v -9.025469 -19.414392 17.811970
v -8.896256 -19.532751 19.152725
v 10.781118 -38.497307 9.721586
v 12.293276 -38.132576 10.964265
v 12.119661 -37.974586 9.458313
v -6.798746 -23.026623 5.428724
v -6.339205 -21.730358 4.950807
v -7.388105 -22.508511 5.436272
v -4.184649 -25.313133 2.136052
v -2.483000 -25.107231 1.195811
v -3.594385 -24.131207 1.493503
v 7.875244 -35.928322 5.703145
v 9.068476 -35.277134 5.238952
v 8.103901 -36.126278 4.839894
v -7.890171 -22.068531 5.835654
v -7.485226 -20.724346 5.378084
v -8.441189 -21.587112 6.684989
v 11.333071 -38.999283 14.428116
v 12.524405 -38.344673 13.470675
v 11.166582 -38.849770 13.542883
v 9.602610 -37.512905 24.274534
v 10.882219 -36.940960 24.738905
v -8.492718 -19.847988 8.019898
v -8.849691 -21.233898 8.351665
v -8.858220 -21.274153 21.797285
v -8.722652 -19.690725 20.658678
v -8.501682 -19.890242 22.137796
v 12.522436 -38.354065 16.603100
v 11.066195 -38.776047 17.636683
v -9.125430 -19.311247 13.513893
v -9.353785 -20.805363 12.473505
v -6.150963 -23.597195 5.731143
v -5.659054 -22.329460 5.268350
v 11.164694 -38.858696 16.526144
v 11.332300 -39.002907 15.640244
v -9.452271 -20.722719 13.584044
v -9.619873 -20.578520 14.469940
v -3.126148 -26.242702 1.852534
v -1.351574 -26.101093 0.961120
v 9.308584 -35.485004 4.332537
v 8.099606 -36.119713 4.055176
v 11.898680 -37.775059 7.979192
v 11.471945 -37.393692 6.230891
v -6.352064 -21.790960 25.198299
v -6.810995 -23.084337 24.712049
v -5.897966 -22.116188 4.362894
v -6.378496 -23.394085 4.868806
v 9.304079 -35.478127 3.508583
v 7.800835 -35.854675 3.387603
v 11.069502 -38.760468 12.432735
v 12.422476 -38.250923 12.305018
v -5.436094 -24.214840 2.681081
v -4.908413 -22.978004 2.065782
v 8.990355 -35.199829 2.807633
v 7.164263 -35.292431 2.655926
v 12.698404 -38.505466 15.672903
v 11.757906 -39.374912 15.033331
v 10.946459 -38.647766 11.155825
v -5.577806 -22.392246 2.836717
v -6.073610 -23.656979 3.415301
v 8.321945 -34.609451 2.039369
v 7.008619 -33.452820 1.472335
v -5.892416 -22.118141 3.538920
v -6.373240 -23.395924 4.084068
v 5.897602 -32.475029 1.179080
v 5.913479 -34.190880 2.115892
v 5.897039 -34.268269 27.974131
v 5.879995 -32.558067 28.921179
v 6.991394 -33.534107 28.623484
v 7.863386 -35.984219 24.379038
v 8.511187 -36.554817 24.681463
v 4.766487 -31.479782 0.948902
v 4.855358 -33.259636 1.836600
v 4.838589 -33.338726 28.257650
v 9.736223 -35.934967 25.166182
v 9.100554 -37.072929 24.673914
v -6.391470 -23.455145 25.270288
v -5.911575 -22.180311 25.784452
v -6.387197 -23.461683 26.055006
v 3.759434 -30.593822 0.777752
v 3.778103 -32.311787 1.617385
v -9.357090 -20.820936 17.677450
v 12.112566 -38.007992 20.617088
v 10.562132 -38.347538 21.758522
v -6.088415 -23.726736 26.722578
v -5.593349 -22.465487 27.309359
v -5.451832 -24.288992 27.454260
v -2.048618 -27.189220 1.629021
v -0.344305 -26.986023 0.785949
v 2.883917 -29.823631 0.642771
v 2.819004 -31.468010 1.454385
v 1.985188 -30.734493 1.325833
v 1.320229 -30.149105 1.104752
v 10.774370 -38.529118 20.348991
v -4.924919 -23.055872 28.077620
v -3.611631 -24.212469 28.644651
v 0.409903 -29.348789 1.106572
v 0.531372 -27.755379 0.647471
v -0.255341 -28.764736 1.330307
v 2.185743 -29.208996 0.410639
v 1.688829 -28.878279 30.299860
v 2.167120 -29.296667 29.704443
v 0.847004 -29.834162 29.570681
v -2.500610 -25.190275 28.937914
v -4.201056 -25.390532 27.994289
v -1.369492 -26.185522 29.168085
v -3.142925 -26.321783 28.273584
v -0.362440 -27.071482 29.339235
v -2.065660 -27.269648 28.492800
v 0.513083 -27.841684 29.474218
v -1.106600 -28.113398 28.655798
v -6.162802 -23.653116 24.407042
v -5.671494 -22.388159 24.878042
v -9.301389 -19.159857 14.444086
v -10.045458 -20.206514 15.076853
v -1.089314 -28.032013 1.462191
v 10.570673 -38.307293 8.312897
v 7.148529 -35.366577 27.429104
v 8.305429 -34.687321 28.051208
v -5.907057 -22.187197 26.608406
v 7.786053 -35.924454 26.694883
v 9.289427 -35.547169 26.578072
v 8.085649 -36.185474 26.026114
v -9.068686 -21.084112 20.388601
v -9.302197 -19.163664 15.716819
v -0.272757 -28.846930 28.784353
v 0.392183 -29.432295 29.005432
v 12.699217 -38.501656 14.400167
v -8.063760 -20.218887 6.269886
v 1.211275 -28.456327 29.706350
v 10.355043 -36.478981 25.158258
v -8.074952 -20.271620 23.886101
v -6.958044 -21.186329 4.958732
v 8.974813 -35.273075 27.280275
v 7.823807 -35.886383 6.626239
v 8.433752 -36.248283 6.623557
v 7.869602 -35.929398 7.405475
v 10.945875 -38.485783 14.772722
v 7.813129 -35.936764 23.456150
v 8.423044 -36.298660 23.457438
v 9.041655 -36.844376 23.981112
v 10.142843 -37.803970 21.583609
v 10.346788 -37.978466 20.229261
v 1.131544 -29.905752 28.374117
v -5.457811 -24.206810 5.797461
v -5.685194 -23.830025 5.070883
v 5.476051 -33.883629 23.883591
v 5.239735 -33.672665 22.982996
v 5.132092 -33.408577 24.352371
v 10.353384 -37.947380 9.844066
v 10.151152 -37.764786 8.490528
v -5.782410 -23.816690 25.385611
v -5.596573 -23.983210 26.269705
v -0.091528 -28.829512 28.099491
v 6.973709 -35.036377 26.812521
v 7.182011 -35.319111 5.772227
v 7.270370 -35.219990 5.075565
v 6.018873 -34.362377 24.314095
v 5.941206 -34.122196 24.994066
v 6.276617 -34.530441 7.833117
v 5.606400 -33.941338 7.867637
v 5.410284 -33.597122 8.577993
v 7.497559 -35.607567 8.883061
v 6.820604 -35.013546 9.199812
v 7.934769 -35.819672 9.455384
v 10.516001 -38.095367 11.254717
v 9.776548 -37.487251 23.078062
v 10.634661 -38.222038 17.553083
v 10.736753 -38.307713 16.401875
v 9.786760 -37.439125 6.997532
v 7.822142 -35.890358 8.159270
v 8.418604 -36.241203 8.376534
v 6.835655 -34.891251 20.120670
v 6.813183 -35.048523 20.886576
v 7.927673 -35.853111 20.627598
v 5.796959 -33.981148 20.988909
v 6.243107 -34.549030 21.363113
v 4.834515 -33.158398 27.573648
v 5.851549 -34.051563 27.301228
v 3.774683 -32.227425 27.793486
v -4.884310 -24.777075 24.398420
v -5.469595 -24.262308 24.337957
v -4.797304 -24.681734 25.096041
v -4.068558 -25.322126 25.014051
v -4.318228 -25.274527 24.334732
v -3.258598 -26.031916 24.369120
v -3.774839 -25.750715 23.902056
v -2.875322 -26.363707 22.913891
v -3.537384 -25.956266 23.000521
v -3.934786 -25.427439 21.553999
v -3.893944 -25.640100 22.242548
v 5.597281 -33.984306 22.223598
v 6.267443 -34.573601 22.255445
v 5.402092 -33.635864 21.515066
v -9.060225 -20.897432 14.812656
v 5.804508 -33.945564 9.102580
v 6.251135 -34.511200 8.725549
v -6.100687 -23.644669 6.654036
v -6.560385 -23.064720 6.237000
v -7.156359 -22.540390 6.129771
v -8.461471 -21.406322 9.881622
v -8.625890 -21.266788 11.292929
v 1.148453 -29.826012 1.735972
v -8.853172 -21.085249 16.440981
v -6.147491 -23.606289 7.433457
v -6.584696 -23.047615 7.436210
v -6.524851 -23.103672 8.406366
v -6.100985 -23.649860 8.187065
v 7.170261 -35.374619 24.312723
v 7.257727 -35.279686 25.010077
v -8.468066 -21.437407 20.266817
v -8.265849 -21.619989 21.620352
v 7.481890 -35.401569 3.841176
v 6.988647 -34.965919 3.274252
v 5.867105 -33.978195 2.790022
v 4.850416 -33.083405 2.521664
v 3.790863 -32.151123 2.306052
v 2.841200 -31.315655 2.144652
v -0.074980 -28.751419 2.015489
v 5.953833 -34.062630 5.096833
v 6.030664 -34.306892 5.775453
v 6.682619 -34.703049 5.014844
v 5.143913 -33.352867 5.741761
v 5.487276 -33.830723 6.208128
v 4.760622 -33.021080 7.196992
v 5.249815 -33.625153 7.109664
v -4.538675 -25.070234 21.384640
v -4.564171 -25.050985 22.277067
v -6.157183 -23.652010 22.704710
v -6.109728 -23.691057 21.950911
v -6.594391 -23.093309 22.704750
v -8.630689 -21.289419 18.856165
v -7.891244 -21.897522 7.032822
v -7.901445 -21.945658 23.113356
v -7.475334 -22.322607 23.769739
v -5.108185 -24.567865 20.910374
v -4.956804 -24.523924 20.144209
v -8.752529 -21.177820 17.591785
v -2.949223 -26.226364 2.537235
v -3.966232 -25.333214 2.809652
v -3.763636 -25.697792 6.226597
v -3.527309 -25.908745 7.127187
v -3.246799 -25.976189 5.758511
v -4.872465 -24.721199 5.734663
v -4.306463 -25.219025 5.796089
v -4.784573 -24.621685 5.037740
v -1.889393 -27.157345 2.317395
v -5.088369 -24.348419 3.298361
v -5.766138 -23.756039 4.277444
v -3.884825 -25.597134 7.886585
v -2.865358 -26.316696 7.212217
v -4.055920 -25.262577 5.116817
v -0.939520 -27.991837 2.152204
v -4.555014 -25.007824 7.854741
v -3.926542 -25.388603 8.576342
v -6.111380 -23.695047 23.483946
v -6.548422 -23.136507 23.487326
v 8.479731 -36.291492 7.406136
v 10.511202 -38.118000 18.817955
v 9.053022 -36.790855 6.097414
v 6.842102 -34.860855 9.966674
v 10.738485 -38.299538 13.669905
v 8.470030 -36.337196 22.674673
v 7.859901 -35.975113 22.676727
v 8.410143 -36.281090 21.704519
v 7.813400 -35.931561 21.923119
v 7.489737 -35.644440 21.200624
v 10.637861 -38.206970 12.519101
v 6.584887 -34.860210 24.375523
v 6.669880 -34.763084 25.073145
v -5.103321 -24.418879 26.836630
v -3.981792 -25.406595 27.320860
v -2.965111 -26.301371 27.589220
v -1.905582 -27.233633 27.804831
v -0.955898 -28.069124 27.966230
v 7.467661 -35.468620 26.243626
v 4.750652 -33.068069 22.898664
v 1.960278 -30.633345 28.095392
v 2.824818 -31.392920 27.958677
v -5.785128 -23.973856 21.227123
v -6.049471 -23.565115 20.655499
v -8.257536 -21.580807 8.527274
v -8.749334 -21.162758 12.557799
v -8.851438 -21.077070 13.709012
v -6.533329 -23.143557 21.734346
v -6.042385 -23.531662 9.483287
v -5.777308 -23.936989 8.909562
v -4.950325 -24.493542 9.990212
v -5.100760 -24.532883 9.223608
v -4.530649 -25.032413 8.747070
v 1.976830 -30.555267 2.011391
v 6.596743 -34.804344 5.711764
v 3.652325 -28.900557 28.786684
v 2.987112 -28.316534 29.010418
v 11.838186 -36.078194 23.432001
v -6.217329 -20.207716 24.316282
v -6.767275 -19.721224 23.469143
v -7.377363 -19.136200 9.768000
v 4.486330 -29.633314 28.654799
v 12.626108 -36.754875 18.920889
v -5.715780 -20.650061 24.713657
v -7.544547 -18.994308 11.202906
v 5.445610 -30.476065 28.487970
v 11.298925 -35.541496 5.807514
v 11.848841 -36.027973 6.654655
v 9.775518 -34.271233 25.248184
v 2.549994 -27.831142 0.546309
v 10.797338 -35.099125 5.410137
v -7.769593 -18.815542 16.574106
v -7.936070 -18.666025 15.688872
v 10.207987 -34.580971 5.404941
v -7.549473 -19.017530 18.961164
v 12.465693 -36.581200 9.728391
v -5.703543 -20.592388 5.443077
v -5.114176 -21.110497 5.435529
v -2.500063 -23.397030 2.142857
v 9.788477 -34.210167 4.846698
v 9.559805 -34.012207 5.709950
v -6.756617 -19.671009 6.691795
v -6.205593 -20.152420 5.842459
v 12.851164 -36.933655 13.549688
v 13.017645 -37.083168 14.434921
v 11.287176 -35.596783 24.281340
v -7.165140 -19.317772 8.358470
v -7.173679 -19.358015 21.804090
v 12.750780 -36.859947 17.643486
v -7.669212 -18.889248 12.480309
v -4.466387 -21.681084 5.737948
v 13.016874 -37.086796 15.647049
v 12.849287 -36.942604 16.532948
v -7.935301 -18.662397 14.476745
v -7.767717 -18.806589 13.590848
v -1.441580 -24.326588 1.859340
v 9.784182 -34.203606 4.061982
v -5.126425 -21.168211 24.718855
v -4.693949 -21.477959 4.875611
v 9.485422 -33.938576 3.394408
v 12.754080 -36.844372 12.439540
v -3.751520 -22.298733 2.687886
v 8.848822 -33.376316 2.662730
v 13.442453 -37.458786 15.040136
v 12.631033 -36.731651 11.162630
v -4.389029 -21.740864 3.422107
v -4.688669 -21.479824 4.090872
v 7.598043 -32.274757 2.122698
v 7.581621 -32.352154 27.980936
v 10.195734 -34.638695 24.688269
v 9.547949 -34.068100 24.385845
v 6.539963 -31.343544 1.843405
v 6.523163 -31.422621 28.264456
v 10.785097 -35.156799 24.680719
v -4.702599 -21.545595 26.061811
v -4.706905 -21.539022 25.277094
v 5.462685 -30.395672 1.624190
v -7.672516 -18.904825 17.684254
v 12.246710 -36.431427 21.765324
v -3.767258 -22.372881 27.461065
v -4.403856 -21.810621 26.729383
v -0.364046 -25.273113 1.635826
v 4.503584 -29.551891 1.461190
v 3.004814 -28.233006 1.111557
v 3.669775 -28.818398 1.332637
v 12.458944 -36.613007 20.355795
v 1.429209 -26.848610 1.337113
v 2.094456 -27.432667 1.113377
v 2.531567 -27.918039 29.577486
v -2.516485 -23.474424 28.001095
v -1.458366 -24.405672 28.280390
v -0.381111 -25.353521 28.499605
v 0.577976 -26.197287 28.662603
v -4.478251 -21.736986 24.413847
v -8.360881 -18.290403 15.083657
v 0.595255 -26.115891 1.468996
v 12.255247 -36.391182 8.319702
v 8.833105 -33.450470 27.435907
v 9.770239 -34.269375 26.032921
v 9.470621 -34.008335 26.701689
v -7.384109 -19.168005 20.395407
v 2.076759 -27.516188 29.012238
v 1.411795 -26.930803 28.791159
v 9.968637 -34.547737 6.213130
v 9.508387 -33.970268 6.633044
v 9.991396 -34.572006 7.412242
v 12.457567 -36.766312 14.778829
v 9.934732 -34.579193 23.463545
v 9.497698 -34.020645 23.462955
v 10.861292 -35.394775 23.742258
v 11.654551 -36.084526 21.589716
v 11.858480 -36.258991 20.235365
v 2.248552 -27.839300 28.381016
v -4.173483 -22.110554 5.076990
v -3.773243 -22.290703 5.804267
v 6.643793 -31.689116 24.358479
v 6.924301 -31.756544 22.989801
v 7.160616 -31.967505 23.890394
v 11.662870 -36.045330 8.496634
v 11.865072 -36.227905 9.850173
v -4.084883 -22.263742 26.275812
v -4.270735 -22.097219 25.391716
v 1.420176 -27.110048 28.105598
v 8.485374 -33.316895 26.818628
v 8.782080 -33.500546 5.081672
v 8.780130 -33.501305 5.778683
v 7.452911 -32.402737 25.000174
v 7.703438 -32.446255 24.320900
v 6.921984 -31.877663 8.584100
v 7.290976 -32.025227 7.874442
v 7.961193 -32.614330 7.839922
v 9.446459 -34.100197 9.461492
v 8.505201 -33.097458 9.206616
v 9.095675 -33.789764 8.889518
v 12.027697 -36.375893 11.260823
v 11.288237 -35.767784 23.084169
v 12.146341 -36.502563 17.559189
v 12.248453 -36.588249 16.407980
v 11.298452 -35.719650 7.003639
v 9.930296 -34.521732 8.382642
v 9.506708 -33.974239 8.166076
v 9.439363 -34.133636 20.633705
v 8.497759 -33.132416 20.893381
v 8.347349 -33.171776 20.126776
v 7.927681 -32.632919 21.369919
v 7.308659 -32.261688 20.995016
v 7.363228 -32.332088 27.307335
v 6.346191 -31.438921 27.579756
v 5.286373 -30.507956 27.799593
v -3.285612 -22.962263 25.102148
v -3.871456 -22.444521 24.344414
v -3.199745 -22.860956 24.405226
v -2.633631 -23.358435 24.341537
v -2.556862 -23.602655 25.020159
v -2.090271 -23.834593 23.908861
v -1.746891 -24.312452 24.375227
v -1.852821 -24.040148 23.007326
v -1.363632 -24.644239 22.919996
v -2.209383 -23.723989 22.249353
v -2.013287 -24.068182 21.538996
v 6.913752 -31.916380 21.521173
v 7.952009 -32.657478 22.262251
v 7.281860 -32.068192 22.230404
v -7.733048 -19.016680 15.081881
v 7.935711 -32.595093 8.732354
v 7.316206 -32.226109 9.108686
v -5.288208 -21.134304 6.131312
v -4.416138 -21.728546 6.660840
v -5.952595 -20.551075 6.380839
v -6.949776 -19.686852 9.887730
v -7.114208 -19.547310 11.299036
v 2.660143 -28.106548 1.742078
v -7.341475 -19.365793 16.447086
v -5.073017 -21.328136 7.442316
v -4.462919 -21.690189 7.440262
v -4.416388 -21.733772 8.193871
v -5.013145 -21.384212 8.412474
v 8.769419 -33.560211 25.016184
v 8.854830 -33.458496 24.319529
v -6.754173 -19.900515 21.626459
v -6.956371 -19.717932 20.272924
v 8.993582 -33.682106 3.847282
v 8.500326 -33.246445 3.280359
v 7.378778 -32.258698 2.796129
v 6.362093 -31.363926 2.527771
v 5.302551 -30.431660 2.312158
v 4.352879 -29.596172 2.150759
v 1.436735 -27.031967 2.021596
v 8.194294 -32.983578 5.020952
v 7.715210 -32.390774 5.782258
v 7.465538 -32.343166 5.102940
v 7.171844 -31.914597 6.214934
v 6.655594 -31.633392 5.747868
v 6.934391 -31.709045 7.116470
v 6.272314 -31.301601 7.203099
v -2.407522 -23.719721 21.014414
v -2.879599 -23.134886 22.283873
v -2.854116 -23.154123 21.391443
v -5.082716 -21.373838 22.710857
v -4.511597 -21.873259 21.957367
v -4.472618 -21.735895 22.711515
v -7.119009 -19.569944 18.862272
v -6.379555 -20.178055 7.038929
v -6.389769 -20.226183 23.119461
v -5.963648 -20.603144 23.775846
v -3.445112 -22.804449 20.150316
v -3.423626 -22.651751 20.917179
v -7.240847 -19.458342 17.597891
v -2.454544 -23.613747 2.815758
v -1.437492 -24.506920 2.543341
v -1.735098 -24.256733 5.764617
v -1.842751 -23.992626 7.133993
v -2.165489 -23.880005 6.233052
v -3.272873 -22.902229 5.043846
v -2.621878 -23.302925 5.802895
v -3.187906 -22.805088 5.741468
v -0.377686 -25.437874 2.323502
v -3.576677 -22.628948 3.304467
v -4.254421 -22.036591 4.283550
v -1.353659 -24.597240 7.218324
v -2.200264 -23.681019 7.893391
v -2.544222 -23.543098 5.122923
v 0.572203 -26.272396 2.158310
v -2.414848 -23.669128 8.582449
v -2.870438 -23.091713 7.861546
v -5.299568 -21.187849 24.022718
v -4.426830 -21.778917 23.490751
v 9.554182 -34.013306 7.412280
v 12.022894 -36.398529 18.824059
v 10.564711 -35.071388 6.103520
v 8.353813 -33.141392 9.972780
v 12.250166 -36.580055 13.676012
v 9.544489 -34.059013 22.683533
v 9.981703 -34.617702 22.680780
v 9.497965 -34.015438 21.929924
v 9.921839 -34.561623 21.710627
v 9.174299 -33.728317 21.207430
v 12.149534 -36.487499 12.525208
v 8.181553 -33.043617 25.079252
v 8.269451 -32.944092 24.382328
v -3.591629 -22.699404 26.842737
v -2.470098 -23.687120 27.326967
v -1.453396 -24.581919 27.595327
v -0.393875 -25.514170 27.810938
v 0.555822 -26.349665 27.972338
v 8.979357 -33.749149 26.249733
v 6.262344 -31.348597 22.904772
v 3.471968 -28.913877 28.101500
v 4.336493 -29.673452 27.964785
v -4.537786 -21.845625 20.661606
v -4.100554 -22.057749 21.233929
v -6.745852 -19.861320 8.533381
v -7.237652 -19.443275 12.563907
v -7.339756 -19.357588 13.715118
v -5.021612 -21.424105 21.740456
v -4.092731 -22.020885 8.916368
v -4.530689 -21.812191 9.489394
v -3.502630 -22.715088 9.230064
v -3.438663 -22.774063 9.996319
v -2.846088 -23.116295 8.753876
v 3.488520 -28.835796 2.017498
v 8.281317 -32.888237 5.718570
v 0.745676 -37.326225 12.508905
v -8.375322 -29.102774 15.046675
v 0.742693 -37.340294 17.208975
v -28.611485 -57.135948 11.521519
v -26.117588 -60.840733 17.118036
v -32.506203 -52.573376 14.961098
v -57.600708 -81.521675 12.516996
v -1.911345 -24.124044 16.080542
v -1.909945 -24.117464 13.881952
v -61.637108 -75.779404 13.272889
v -60.257507 -78.584152 12.868665
v -58.398514 -81.092361 13.259045
v -58.218803 -81.936371 14.783685
v -60.567268 -78.782135 14.791634
v -52.492859 -67.092339 14.989351
v -51.548050 -67.916702 12.503504
v -47.259045 -75.460968 12.483648
v -49.393227 -71.958794 11.606600
v -46.317451 -76.300110 14.965715
v -49.454720 -71.779541 17.807205
v -51.551208 -67.931572 17.471416
v -47.262199 -75.475830 17.451561
v -58.400459 -81.101509 16.313187
v -62.298592 -75.243370 14.801126
v -61.639046 -75.788544 16.327032
v -60.259956 -78.595665 16.716146
v -48.369072 -78.805046 13.063256
v -48.935291 -79.691368 13.060244
v -47.794746 -79.177826 14.788693
v -55.678459 -75.377701 11.339211
v -52.572365 -77.362099 11.367820
v -55.112236 -74.491379 11.342223
v -52.576714 -77.382591 18.214302
v -55.682854 -75.398392 18.250843
v -52.010498 -76.496277 18.217314
v -48.360962 -80.064140 14.785681
v -48.937485 -79.701698 16.512587
v -52.006142 -76.475777 11.370832
v -49.880074 -77.835594 11.837940
v -48.371265 -78.815384 16.515600
v -49.883827 -77.853279 17.744778
v -50.446289 -78.721916 11.834927
v -50.450043 -78.739594 17.741766
v -48.538818 -73.571716 17.725710
v -56.466896 -76.275436 17.962997
v -48.397587 -73.544151 11.930568
v -56.377571 -76.316582 11.589119
v -57.434601 -74.600319 17.602577
v -50.525906 -70.401604 17.660889
v -50.389282 -70.375397 11.938787
v -57.348106 -74.644157 11.921589
v -51.030514 84.416306 15.844133
v -45.646889 79.627304 15.341875
v -45.030983 84.942917 15.830330
v -36.165894 82.449158 15.803983
v -38.724548 79.067535 16.370432
v -45.644531 79.625549 16.302471
v -18.186716 60.249168 16.285673
v -20.937140 57.283371 16.201046
v -20.939493 57.285126 15.240449
v -38.727329 79.069595 15.237836
v 0.356071 42.059074 16.206964
v -3.501303 39.300140 16.125437
v 58.675407 31.210787 15.245587
v 53.790543 29.831850 14.582872
v 64.071190 18.639383 15.245585
v 15.997160 18.571375 16.062458
v 15.994692 18.573198 15.063445
v 32.264595 60.991219 14.582876
v 28.345694 64.372223 14.590737
v 25.292120 47.441399 14.582874
v 28.345381 64.368164 15.922847
v 20.152555 48.450249 14.590734
v 20.051420 21.384623 16.147039
v -3.503672 39.301880 15.164842
v 25.291807 47.437317 15.919503
v 32.264282 60.987144 15.919505
v 30.178286 45.937653 15.245588
v -18.189499 60.251236 15.153077
v -15.016612 63.653610 15.717763
v 4.212051 44.819672 15.636196
v -62.308151 4.738786 15.922839
v -46.260880 12.683717 15.922840
v -58.772095 0.874940 15.919497
v -46.258209 12.686799 14.590731
v -62.305481 4.741853 14.590730
v 53.793480 29.829004 15.919501
v 48.688316 28.962152 14.590733
v 55.750862 12.507447 14.590731
v -45.112972 7.639276 14.582869
v -58.769417 0.878022 14.582868
v 36.437851 58.102043 15.245590
v 0.353287 42.061142 15.074370
v 24.103544 24.199289 15.553239
v 20.048521 21.386759 14.969149
v 20.152239 48.446198 15.922845
v 59.800865 15.828652 14.582870
v -43.471008 2.836427 15.245584
v -55.731133 -3.233500 15.245582
v -45.115639 7.636186 15.919497
v -24.804663 23.020029 15.922841
v -36.483963 36.593185 15.922843
v -21.939383 27.404444 15.919500
v -36.487610 36.595016 14.590734
v -24.808296 23.021852 14.590732
v -31.882284 38.957222 14.582873
v -21.943031 27.406275 14.582871
v -27.637270 41.739891 15.245588
v -18.714275 31.369989 15.245587
v -31.878639 38.955406 15.919502
v -34.307110 -5.781172 15.922837
v -28.087620 0.291940 15.922838
v -29.681644 -8.238418 15.919496
v -28.086128 0.295747 14.590729
v -34.305626 -5.777392 14.590728
v -23.824562 -2.177336 14.582868
v -29.680153 -8.234618 14.582868
v -25.440828 -11.091880 15.245582
v -21.890930 -7.239097 15.245582
v -23.826044 -2.181132 15.919497
v 6.232071 -31.400347 14.241627
v 13.145250 -38.896061 15.035645
v -9.748271 -18.769236 15.081343
v -55.116631 -74.512062 18.253855
v -55.498779 -77.948601 17.671648
v -55.407463 -77.990990 11.912805
v -65.855675 9.984502 -3.646323
v -66.302498 4.816833 -4.835813
v -38.462467 5.991797 -3.646235
v -39.280678 0.869326 4.680451
v -66.302498 4.816833 4.680448
v -38.462467 5.991797 3.490875
v -134.417465 10.868012 3.490875
v -134.459503 5.681994 4.680451
v -175.213470 7.399590 3.490875
v -38.189716 7.699225 -0.077680
v -40.371738 -5.960644 -0.077679
v -66.898216 -2.073311 -0.077683
v -40.098969 -4.253131 3.490876
v -134.501648 0.495900 -3.646234
v -175.057404 -2.969304 -3.646234
v -134.515701 -1.232742 -0.077679
v -66.744492 -0.351708 3.490873
v -65.855675 9.984502 3.490872
v -40.098969 -4.253132 -3.646234
v -35.362053 -4.947178 -3.646234
v -39.280678 0.869326 -4.835809
v -272.878662 -23.780067 -0.077682
v -245.878128 -17.220293 -0.077679
v -273.055267 -22.060684 -3.646322
v -100.034508 1.299081 -3.646234
v -134.459503 5.681994 -4.835809
v -99.830414 11.669604 -3.646235
v -66.744492 -0.351708 -3.646237
v -99.932419 6.484342 -4.835809
v -100.034508 1.299081 3.490876
v -100.068527 -0.429311 -0.077679
v -134.501648 0.495900 3.490876
v -215.010941 1.328138 -3.646235
v -175.213470 7.399590 -3.646235
v -215.089905 3.053726 -0.077680
v -65.706795 11.707065 -0.077684
v -99.796379 13.398080 -0.077680
v -99.830414 11.669604 3.490876
v -99.932419 6.484342 4.680451
v -214.537231 -9.025815 3.490877
v -214.774033 -3.848797 4.680451
v -175.057404 -2.969303 3.490876
v -134.417465 10.868012 -3.646235
v -134.403412 12.596738 -0.077680
v -286.364746 -14.879194 3.490876
v -285.786987 -20.034361 4.680452
v -300.035431 -18.379345 3.280977
v -299.029572 -23.295195 -4.614855
v -285.786987 -20.034361 -4.835808
v -300.000641 -18.434494 -3.524831
v -298.070160 -28.137508 -3.436335
v -285.209381 -25.189522 -3.646234
v -274.114746 -11.744393 -3.646323
v -286.364746 -14.879194 -3.646235
v -273.584991 -16.902540 -4.835813
v -297.765869 -29.727047 -0.018682
v -285.016754 -26.907860 -0.077679
v -286.557343 -13.160861 -0.077680
v -274.114746 -11.744393 3.490872
v -273.055267 -22.060684 3.490873
v -273.584991 -16.902540 4.680448
v -246.006653 -15.497932 3.490877
v -298.104919 -28.082359 3.369473
v -299.075989 -23.221661 4.459498
v -285.209381 -25.189522 3.490877
v -300.339783 -16.789806 -0.136676
v -274.291321 -10.025008 -0.077683
v -303.260773 -27.406254 2.098324
v -304.269623 -24.413429 2.643065
v -303.211090 -24.151630 4.203030
v -302.121155 -28.696217 3.157037
v -304.724213 -21.293850 2.065531
v -304.294952 -19.617062 3.108327
v -304.276733 -19.647156 -3.314122
v -302.102966 -28.726311 -3.265413
v -304.711914 -21.314110 -2.258207
v -305.183655 -20.576149 -0.101022
v -301.749786 -30.224518 -0.046070
v -304.254181 -24.438950 -2.803799
v -303.186768 -24.191751 -4.360116
v -303.248505 -27.426510 -2.225414
v -303.340057 -28.276226 -0.059712
v -304.648071 -18.118946 -0.111016
v -304.616272 -24.511028 -0.080975
v -175.135437 2.215100 -4.835809
v -214.537231 -9.025815 -3.646234
v -214.774033 -3.848798 -4.835809
v -246.392410 -10.330593 4.680451
v -246.392410 -10.330593 -4.835809
v -246.006653 -15.497934 -3.646234
v -175.239471 9.127696 -0.077680
v -175.031387 -4.697496 -0.077679
v -214.458191 -10.751406 -0.077679
v -246.778183 -5.163337 3.490876
v -246.906799 -3.440974 -0.077680
v -215.010941 1.328138 3.490876
v -246.778183 -5.163338 -3.646235
v -175.135437 2.215100 4.680451
v -34.317123 0.138168 -2.029365
v -33.749104 3.938861 -1.092240
v -34.523033 0.171925 -4.835809
v -33.684093 5.291042 3.490875
v -33.749104 3.938861 0.936880
v -34.523033 0.171925 4.680451
v -35.362053 -4.947177 3.490876
v -35.156147 -4.980934 -0.077679
v -35.641647 -6.653589 -0.077679
v -34.991959 -3.645004 0.936881
v -34.991959 -3.645004 -1.092239
v -33.478191 5.257287 -0.077680
v -33.404430 6.997355 -0.077680
v -33.684093 5.291042 -3.646235
v -34.248577 0.126932 -0.077680
v -34.317123 0.138168 1.874005
v -305.088409 -20.934584 -1.892329
v -304.481232 -24.630953 -2.945318
v -303.295471 -24.309956 -4.749282
v -304.600616 -18.944958 -4.097945
v -303.226898 -28.141804 -1.853279
v -301.835693 -29.650345 -4.039942
v -303.316956 -29.156986 -0.021903
v -301.641876 -30.693035 -0.230402
v -304.770966 -17.860388 -0.078957
v -304.909424 -24.730221 -0.047163
v -289.301208 -15.164438 -3.956570
v -286.498291 -26.361244 -3.956437
v -287.875763 -20.755695 -5.223481
v -286.377502 -27.409145 0.154302
v -304.622650 -18.908506 3.683392
v -289.324585 -15.170183 4.166512
v -303.234650 -24.262012 4.584902
v -286.521637 -26.366983 4.166645
v -301.783600 -29.600750 3.521094
v -287.942596 -20.780563 5.065479
v -289.444641 -13.695759 0.155189
v -303.237274 -28.124683 1.800441
v -305.661865 -20.077682 -0.071096
v -305.098755 -20.917469 1.761390
v -304.497650 -24.603788 2.852318
v -110.939491 0.715283 -3.931719
v -84.374763 0.186999 -3.931718
v -110.893974 6.316266 -5.216460
v -33.617393 5.700643 3.776360
v -55.337292 9.144362 3.776357
v -33.345203 7.548287 -0.077680
v -35.407200 -5.360261 3.776361
v -56.692101 -1.977735 3.776358
v -34.523449 0.171993 5.061101
v -35.701790 -7.204376 -0.077679
v -56.923901 -3.830016 -0.077682
v -33.617393 5.700643 -3.931720
v -55.337292 9.144362 -3.931814
v -56.017292 3.583879 5.061099
v -56.017292 3.583879 -5.216463
v -83.504288 11.355462 -3.931719
v -56.692104 -1.977735 -3.931721
v -83.939484 5.771226 -5.216460
v -84.374763 0.186999 3.776361
v -84.519852 -1.674382 -0.077679
v -110.939491 0.715283 3.776361
v -55.110683 10.997867 -0.077683
v -83.359177 13.216931 -0.077680
v -83.504288 11.355462 3.776360
v -83.939484 5.771226 5.061101
v -110.848579 11.917169 3.776360
v -110.893974 6.316266 5.061101
v -110.848579 11.917169 -3.931719
v -110.833397 13.784192 -0.077680
v -110.954666 -1.151650 -0.077679
v -35.407200 -5.360262 -3.931719
v -34.523449 0.171993 -5.216460
v -84.788643 5.865264 -5.216460
v -84.726593 11.603051 -3.900320
v -102.149361 6.128434 -5.342053
v -84.871574 -1.785173 0.047914
v -84.850853 0.127389 -3.900319
v -102.232292 -1.522003 -0.077679
v -102.149361 6.128434 5.186695
v -84.788643 5.865264 5.312288
v -102.211563 0.390558 3.870555
v -102.066582 13.778878 -0.077680
v -84.705864 13.515708 0.047913
v -102.087326 11.866221 3.870554
v -102.211563 0.390558 -4.025913
v -84.726593 11.603051 3.996148
v -93.166588 -3.578380 -0.257218
v -93.321579 -2.984764 -0.418861
v -93.330666 -3.575861 -0.418861
v -93.946205 -3.566412 0.205453
v -93.773056 -2.977833 0.367095
v -93.782120 -3.568931 0.367096
v -93.103180 -3.579354 -0.025807
v -93.157509 -2.987282 -0.257218
v -93.154388 -2.987330 0.199881
v -93.094101 -2.988256 -0.025807
v -93.949318 -3.566363 -0.251646
v -93.778625 -2.977747 -0.415735
v -93.940254 -2.975266 -0.251646
v -93.163467 -3.578428 0.199881
v -93.316017 -2.984849 0.363970
v -94.009613 -3.565438 -0.025959
v -94.000534 -2.974340 -0.025959
v -93.556320 -3.572397 -0.479159
v -93.787704 -3.568845 -0.415735
v -93.556465 -3.572395 0.427394
v -93.325089 -3.575947 0.363970
v -93.547241 -2.981299 -0.479159
v -93.547394 -2.981297 0.427394
v -93.937134 -2.975313 0.205453
v -92.478310 -2.828618 -0.651501
v -94.153473 -2.802965 1.047525
v -93.539352 -2.812293 1.211641
v -94.772507 -2.793648 -0.022131
v -94.599953 -2.796214 0.607620
v -92.909653 -2.821891 1.039045
v -92.469788 -2.828627 0.592478
v -92.924820 -2.821866 -1.091379
v -94.608429 -2.796202 -0.636293
v -94.168594 -2.802939 -1.082833
v -93.538933 -2.812537 -1.255449
v -92.305710 -2.831183 -0.021731
v -94.323914 -2.412548 1.331007
v -92.761780 -2.436852 -1.388430
v -93.542519 -2.425678 -1.596765
v -94.342842 -2.413950 -1.377181
v -94.901855 -2.405500 -0.809576
v -92.193901 -2.444724 -0.829329
v -91.974258 -2.447393 -0.028549
v -94.891350 -2.404683 0.771591
v -92.742287 -2.435435 1.320520
v -93.543129 -2.423714 1.539879
v -92.182854 -2.443882 0.752599
v -95.110497 -2.402001 -0.028964
v -94.417038 -0.802985 1.473362
v -92.670601 -0.830840 -1.566826
v -93.543297 -0.820069 -1.798941
v -94.437294 -0.808150 -1.553108
v -95.061653 -0.798993 -0.918964
v -92.035240 -0.837848 -0.942275
v -91.789040 -0.839352 -0.046791
v -95.050751 -0.795999 0.847605
v -92.648209 -0.825616 1.462567
v -93.544151 -0.813725 1.707538
v -92.022194 -0.834764 0.827213
v -95.295013 -0.794453 -0.047019
v -91.132591 -5.463637 0.505336
v -94.164215 -6.587931 0.505336
v -93.059265 -6.604895 0.505336
v -97.074684 -3.270261 0.505336
v -98.702499 -2.822846 0.505336
v -98.599648 -4.281195 0.505336
v -98.599648 -4.281194 -0.560074
v -98.702499 -2.822846 -0.560074
v -97.074684 -3.270260 -0.560074
v -93.059265 -6.604895 -0.560076
v -94.164207 -6.587931 -0.560076
v -91.132584 -5.463637 -0.560075
v -89.138763 -5.227762 0.505336
v -89.438721 -5.489956 -0.027369
v -88.984673 -5.480156 -0.027369
v -90.176880 -6.126681 0.505336
v -89.796997 -6.230098 -0.027369
v -89.923653 -5.978125 0.505336
v -93.043495 -6.855166 -0.027370
v -90.059128 -6.378518 -0.027369
v -97.279106 -5.865201 0.505336
v -97.748817 -5.362377 -0.027369
v -97.413429 -6.113169 -0.027369
v -98.040581 -5.091097 0.505336
v -97.602600 -5.114592 0.505336
v -93.619591 -7.107245 0.505336
v -97.030556 -6.021461 0.505336
v -97.155983 -6.269565 -0.027369
v -88.380745 -4.688107 -0.027369
v -88.555107 -4.435401 0.505336
v -94.187660 -6.837601 -0.027370
v -88.224884 -2.983702 -0.027368
v -88.407532 -2.980898 0.505336
v -98.781677 -4.528430 -0.027369
v -98.202354 -5.338644 -0.027369
v -93.623421 -7.357216 -0.027370
v -98.885132 -2.820043 -0.027368
v -89.577263 -5.237800 0.505336
v -97.171654 -2.852005 -0.560074
v -97.171654 -2.852006 0.505336
v -89.138763 -5.227761 -0.560075
v -89.923653 -5.978125 -0.560075
v -90.176880 -6.126680 -0.560075
v -96.747437 -3.501189 -0.560074
v -96.287430 -4.876025 0.505336
v -96.039337 -4.371360 -0.560074
v -96.039337 -4.371360 0.505336
v -96.054955 -5.388067 -0.560075
v -96.287430 -4.876024 -0.560075
v -90.382507 -3.598907 0.505337
v -96.747437 -3.501190 0.505337
v -97.279106 -5.865201 -0.560075
v -97.602600 -5.114592 -0.560075
v -98.040573 -5.091097 -0.560075
v -93.619583 -7.107245 -0.560076
v -91.116989 -4.446929 -0.560074
v -91.116989 -4.446930 0.505336
v -97.030556 -6.021461 -0.560075
v -88.407532 -2.980897 -0.560074
v -89.938553 -2.963050 -0.560074
v -88.555107 -4.435401 -0.560074
v -96.054955 -5.388067 0.505336
v -89.938560 -2.963050 0.505336
v -90.048325 -3.378130 -0.560074
v -90.048325 -3.378131 0.505336
v -90.382507 -3.598906 -0.560074
v -90.884483 -4.958973 0.505336
v -90.884483 -4.958972 -0.560075
v -89.577263 -5.237800 -0.560075
v -46.998779 2.287163 -5.301427
v -46.315994 8.078910 -3.963789
v -64.514610 4.429282 -5.429072
v -47.909367 -5.435200 0.048939
v -47.681736 -3.504657 -3.963788
v -65.425194 -3.293079 -0.078705
v -64.514610 4.429282 5.271662
v -46.998779 2.287163 5.399307
v -65.197556 -1.362535 3.934023
v -63.604187 12.151673 -0.078706
v -46.088345 10.009553 0.048938
v -63.831837 10.221034 3.934022
v -65.197556 -1.362535 -4.091432
v -46.315994 8.078910 4.061666
v -56.474148 -6.194879 -0.257218
v -56.565144 -5.588147 -0.418861
v -56.637024 -6.174927 -0.418861
v -57.248066 -6.100080 0.205452
v -57.013329 -5.533248 0.367095
v -57.085190 -6.120031 0.367095
v -56.339325 -5.615808 -0.025807
v -56.402271 -5.608097 -0.257218
v -56.411198 -6.202590 -0.025807
v -56.399166 -5.608478 0.199880
v -57.251167 -6.099700 -0.251646
v -57.018856 -5.532570 -0.415735
v -57.179298 -5.512917 -0.251646
v -56.631489 -6.175606 0.363969
v -56.471058 -6.195258 0.199880
v -57.239147 -5.505587 -0.025959
v -57.311020 -6.092369 -0.025959
v -56.861042 -6.147488 -0.479160
v -57.090729 -6.119352 -0.415735
v -56.861187 -6.147470 0.427394
v -56.559616 -5.588823 0.363969
v -56.789150 -5.560708 -0.479160
v -56.789303 -5.560688 0.427394
v -57.176201 -5.513297 0.205452
v -55.710052 -5.522553 -0.651501
v -57.372993 -5.318921 1.047525
v -56.763344 -5.393498 1.211640
v -57.987526 -5.243834 -0.022131
v -57.816227 -5.264732 0.607620
v -56.138233 -5.469999 1.039044
v -55.701576 -5.523470 0.592477
v -56.153316 -5.468361 -1.091379
v -57.824642 -5.263821 -0.636294
v -57.388020 -5.317287 -1.082833
v -56.762955 -5.393785 -1.255449
v -55.538708 -5.543457 -0.021731
v -57.500950 -4.912595 1.331006
v -55.950256 -5.102867 -1.388430
v -56.725376 -5.008739 -1.596766
v -57.519917 -4.911975 -1.377181
v -58.074871 -4.844132 -0.809576
v -55.386433 -5.171078 -0.829329
v -55.168320 -5.197088 -0.028550
v -58.064342 -4.844437 0.771591
v -55.930725 -5.103530 1.320519
v -56.725777 -5.006721 1.539879
v -55.375359 -5.171416 0.752599
v -58.281956 -4.818468 -0.028965
v -57.422398 -3.302254 1.473362
v -55.688824 -3.515655 -1.566826
v -56.555428 -3.412149 -1.798941
v -57.443092 -3.305236 -1.553108
v -58.062946 -3.229740 -0.918964
v -55.057808 -3.590181 -0.942275
v -54.813168 -3.617857 -0.046792
v -58.051769 -3.227922 0.847604
v -55.665997 -3.512842 1.462566
v -56.555599 -3.405751 1.707538
v -55.044506 -3.588504 0.827213
v -58.294487 -3.200413 -0.047020
v -54.652145 -8.285728 0.505336
v -57.786137 -9.081287 0.505336
v -56.689251 -9.215648 0.505336
v -60.327332 -5.472947 0.505336
v -61.898342 -4.854980 0.505336
v -61.951141 -6.315996 0.505336
v -61.951141 -6.315995 -0.560075
v -61.898342 -4.854980 -0.560074
v -60.327332 -5.472946 -0.560075
v -56.689251 -9.215647 -0.560076
v -57.786129 -9.081287 -0.560076
v -54.652138 -8.285729 -0.560075
v -52.644554 -8.263198 0.505336
v -52.970692 -8.492011 -0.027370
v -52.518173 -8.530546 -0.027369
v -53.772362 -9.046637 0.505335
v -53.405624 -9.189861 -0.027370
v -53.504768 -8.925849 0.505336
v -56.700184 -9.466176 -0.027370
v -53.682053 -9.309566 -0.027370
v -60.806522 -8.031439 0.505336
v -61.220097 -7.481521 -0.027369
v -60.966454 -8.263718 -0.027370
v -61.481373 -7.180754 0.505336
v -61.048363 -7.250688 0.505336
v -57.299812 -9.655569 0.505336
v -60.576000 -8.213242 0.505336
v -60.727097 -8.446603 -0.027370
v -51.833450 -7.807206 -0.027369
v -51.979950 -7.537392 0.505336
v -57.836002 -9.327047 -0.027370
v -51.497238 -6.129036 -0.027368
v -51.678547 -6.106827 0.505336
v -62.158428 -6.542473 -0.027369
v -61.668541 -7.409695 -0.027369
v -57.330204 -9.903715 -0.027370
v -62.079639 -4.832771 -0.027368
v -53.081631 -8.226554 0.505336
v -60.379276 -5.046752 0.505336
v -60.379276 -5.046751 -0.560074
v -52.644554 -8.263197 -0.560075
v -53.504768 -8.925848 -0.560075
v -53.772362 -9.046636 -0.560075
v -60.026497 -5.737364 -0.560075
v -59.715286 -7.153318 0.505336
v -59.414944 -6.677894 -0.560075
v -59.414944 -6.677894 0.505336
v -59.538570 -7.687178 -0.560075
v -59.715286 -7.153318 -0.560075
v -53.708035 -6.511328 0.505336
v -60.026497 -5.737365 0.505336
v -60.806522 -8.031439 -0.560075
v -61.048363 -7.250687 -0.560075
v -61.481365 -7.180754 -0.560075
v -57.299805 -9.655569 -0.560076
v -54.528519 -7.276444 -0.560075
v -54.528519 -7.276444 0.505336
v -60.576000 -8.213242 -0.560075
v -51.678547 -6.106826 -0.560074
v -53.198978 -5.926284 -0.560074
v -51.979950 -7.537391 -0.560075
v -59.538570 -7.687179 0.505336
v -53.198986 -5.926283 0.505336
v -53.352276 -6.327337 -0.560075
v -53.352276 -6.327338 0.505336
v -53.708035 -6.511327 -0.560075
v -54.351788 -7.810307 0.505336
v -54.351788 -7.810307 -0.560075
v -53.081631 -8.226553 -0.560075
v -186.095276 5.898511 -3.717870
v -201.478149 -1.801404 -4.963983
v -185.218445 0.685342 -4.931324
v -184.341751 -4.527926 -3.717869
v -200.301712 -8.799173 -0.077679
v -184.049423 -6.265584 -0.077678
v -185.218445 0.685342 4.775968
v -200.595932 -7.049803 3.587007
v -201.478149 -1.801404 4.808626
v -202.654587 5.196279 -0.077680
v -202.360489 3.446900 -3.742364
v -186.387512 7.636178 -0.077679
v -200.595932 -7.049803 -3.742363
v -184.341751 -4.527925 3.562514
v -186.095276 5.898511 3.562513
v -202.360489 3.446900 3.587006
v -88.416008 6.028768 5.698805
v -85.101326 12.142531 4.254632
v -84.477287 5.877276 5.698805
v -89.040047 12.294021 -4.409992
v -85.309296 14.231019 -0.077680
v -89.248024 14.382506 -0.077680
v -83.645348 -2.476369 -0.077679
v -83.853333 -0.387982 -4.409991
v -87.584068 -2.324880 -0.077679
v -84.477287 5.877276 -5.854163
v -85.101326 12.142531 -4.409992
v -88.416008 6.028768 -5.854163
v -87.792053 -0.236493 4.254633
v -83.853333 -0.387982 4.254633
v -87.792053 -0.236493 -4.409991
v -89.040047 12.294021 4.254632
v -83.817490 5.987159 5.698805
v -80.356140 12.017394 4.254632
v -80.118858 5.725610 5.698805
v -84.113762 12.276437 -4.409992
v -80.470360 13.711755 -0.077681
v -84.175255 14.047446 -0.077681
v -79.802612 -2.663402 -0.077679
v -79.881668 -0.566174 -4.409991
v -83.422585 -2.398520 -0.077679
v -80.118858 5.725610 -5.854163
v -80.356140 12.017394 -4.409992
v -83.817490 5.987159 -5.854163
v -83.521317 -0.302125 4.254633
v -79.881668 -0.566174 4.254633
v -83.521317 -0.302125 -4.409991
v -84.113762 12.276437 4.254632
v -79.219566 5.644444 5.698805
v -74.834366 11.760800 4.254632
v -75.124168 5.471217 5.698805
v -79.453362 11.936358 -4.409992
v -74.717155 13.247064 -0.077681
v -79.484520 13.424848 -0.077681
v -75.510689 -2.914851 -0.077679
v -75.414070 -0.818358 -4.409991
v -78.907959 -2.744740 -0.077679
v -75.124168 5.471217 -5.854163
v -74.834366 11.760800 -4.409992
v -79.219566 5.644444 -5.854163
v -78.995201 -0.647470 4.254633
v -75.414063 -0.818359 4.254633
v -78.995201 -0.647470 -4.409991
v -79.453362 11.936358 4.254632
v -64.816734 4.660471 5.698806
v -63.393593 10.793780 4.254632
v -60.891151 4.305089 5.698806
v -58.993656 12.482907 -0.077681
v -62.919235 12.838286 -0.077681
v -59.468006 10.438399 -4.409991
v -66.714149 -3.517268 -0.077679
v -66.239799 -1.472857 -4.409990
v -62.788570 -3.872645 -0.077679
v -60.891151 4.305089 -5.854162
v -63.393593 10.793780 -4.409991
v -64.816734 4.660471 -5.854162
v -62.314217 -1.828237 4.254633
v -66.239799 -1.472857 4.254633
v -62.314217 -1.828237 -4.409990
v -59.468006 10.438399 4.254632
v -69.317551 5.038029 5.698806
v -68.419388 11.269893 4.254632
v -65.861084 4.682389 5.698806
v -64.058762 12.546729 -0.077681
v -68.127487 12.942821 -0.077681
v -64.437943 10.815696 -4.409991
v -70.514969 -3.271107 -0.077679
v -70.215614 -1.193851 -4.409990
v -67.758499 -3.495348 -0.077679
v -65.861084 4.682389 -5.854162
v -68.419388 11.269893 -4.409991
v -69.317551 5.038029 -5.854162
v -67.284157 -1.450938 4.254633
v -70.215614 -1.193851 4.254633
v -67.284157 -1.450938 -4.409990
v -64.437943 10.815696 4.254632
v -74.054863 5.354559 5.698806
v -73.626892 11.636258 4.254632
v -70.259468 5.196222 5.698806
v -69.307022 12.922652 -0.077681
v -73.574181 13.126199 -0.077681
v -69.469772 11.442763 -4.409991
v -74.625359 -3.021009 -0.077679
v -74.482727 -0.927140 -4.409990
v -71.312256 -3.132473 -0.077679
v -70.259468 5.196222 -5.854162
v -73.626892 11.636258 -4.409991
v -74.054863 5.354559 -5.854162
v -71.049057 -1.050323 4.254633
v -74.482735 -0.927140 4.254633
v -71.049057 -1.050324 -4.409990
v -69.469772 11.442763 4.254632
v -83.926132 -3.441807 -1.646140
v -84.070419 -3.666499 -5.031127
v -87.286713 -3.368751 -1.646140
v -82.450142 -1.143352 -6.624195
v -85.810722 -1.070295 -6.624195
v -79.925598 2.787898 -4.348976
v -80.883583 1.296093 -5.754546
v -83.286179 2.860953 -4.348976
v -82.688278 -1.514197 0.332066
v -86.048866 -1.441141 0.332066
v -84.244179 1.369149 -5.754546
v -79.798454 -3.295694 -1.646140
v -79.942749 -3.520385 -5.031127
v -83.159042 -3.222638 -1.646140
v -78.322464 -0.997238 -6.624195
v -81.683052 -0.924183 -6.624195
v -75.797920 2.934011 -4.348976
v -76.755913 1.442204 -5.754546
v -79.158508 3.007067 -4.348976
v -78.560608 -1.368085 0.332066
v -81.921196 -1.295028 0.332066
v -80.116501 1.515262 -5.754546
v -83.926125 -3.444852 1.683908
v -84.070412 -3.669542 5.068894
v -87.286713 -3.371796 1.683908
v -82.450134 -1.146395 6.661963
v -85.810722 -1.073339 6.661963
v -79.925591 2.784853 4.386743
v -80.883575 1.293048 5.792313
v -83.286179 2.857909 4.386743
v -82.688278 -1.517241 -0.294298
v -86.048859 -1.444185 -0.294298
v -84.244171 1.366104 5.792313
v -79.798447 -3.298739 1.683908
v -79.942741 -3.523429 5.068894
v -83.159042 -3.225683 1.683907
v -78.322456 -1.000282 6.661963
v -81.683052 -0.927226 6.661963
v -75.797913 2.930966 4.386743
v -76.755905 1.439159 5.792313
v -79.158508 3.004024 4.386743
v -78.560608 -1.371129 -0.294298
v -81.921188 -1.298073 -0.294298
v -80.116493 1.512217 5.792313
v -61.931019 -4.912255 -1.646140
v -65.159737 -4.819438 -5.031127
v -65.275833 -4.578968 -1.646141
v -66.463478 -2.119096 -6.624195
v -63.118660 -2.452384 -6.624195
v -68.494827 2.088236 -4.348976
v -67.723984 0.491665 -5.754546
v -65.150002 1.754949 -4.348976
v -62.927040 -2.849273 0.332066
v -66.271851 -2.515986 0.332066
v -64.379173 0.158381 -5.754546
v -66.010841 -4.268773 -1.646141
v -69.239548 -4.175957 -5.031127
v -69.355659 -3.935485 -1.646140
v -70.543289 -1.475616 -6.624195
v -67.198479 -1.808903 -6.624195
v -72.574646 2.731718 -4.348976
v -71.803818 1.135147 -5.754546
v -69.229828 2.398431 -4.348976
v -67.006859 -2.205791 0.332066
v -70.351677 -1.872504 0.332066
v -68.458984 0.801860 -5.754546
v -73.554314 0.147138 -1.351485
v -73.867859 0.101197 -4.137439
v -73.314064 -3.956407 -1.351485
v -70.115845 -3.136413 -5.448586
v -70.346954 0.617086 -5.448586
v -64.645653 -1.733853 -3.576007
v -66.942856 1.115890 -4.732836
v -64.861130 1.420917 -3.576007
v -70.864449 0.541273 0.276643
v -70.631859 -3.268701 0.276643
v -66.721451 -2.266081 -4.732836
v -65.276207 -4.581989 1.683907
v -65.160103 -4.822460 5.068894
v -61.931393 -4.915276 1.683907
v -63.119030 -2.455405 6.661963
v -66.463844 -2.122117 6.661963
v -65.150383 1.751927 4.386743
v -67.724358 0.488643 5.792313
v -68.495193 2.085214 4.386743
v -66.272217 -2.519008 -0.294298
v -62.927406 -2.852295 -0.294298
v -64.379539 0.155357 5.792313
v -69.356033 -3.938507 1.683907
v -69.239929 -4.178977 5.068894
v -66.011208 -4.271795 1.683907
v -67.198845 -1.811922 6.661963
v -70.543663 -1.478636 6.661963
v -69.230194 2.395411 4.386743
v -71.804176 1.132124 5.792313
v -72.575020 2.728696 4.386743
v -70.352043 -1.875525 -0.294298
v -67.007233 -2.208813 -0.294298
v -68.459373 0.798839 5.792313
v -73.558586 0.147037 1.389253
v -73.872139 0.101085 4.175207
v -73.318321 -3.956519 1.389253
v -70.120110 -3.136506 5.486354
v -70.351219 0.616973 5.486354
v -64.649910 -1.733968 3.613774
v -66.947113 1.115779 4.770604
v -64.865387 1.420802 3.613774
v -70.868706 0.541154 -0.238875
v -70.636124 -3.268810 -0.238875
v -66.725700 -2.266172 4.770605
v -76.146446 0.022113 -1.376342
v -75.843292 -0.070186 -4.162296
v -76.997459 -3.999402 -1.376343
v -79.247513 0.966266 -5.473444
v -80.037155 -2.710504 -5.473444
v -84.551521 2.581169 -3.600864
v -82.538780 1.968361 -4.757694
v -85.236198 -0.505938 -3.600864
v -78.747169 0.813942 0.251786
v -79.546715 -2.918447 0.251785
v -83.263290 -1.342507 -4.757693
v -76.142242 0.021376 1.364395
v -75.839081 -0.070936 4.150350
v -76.993279 -4.000149 1.364395
v -79.243317 0.965518 5.461498
v -80.032944 -2.711235 5.461497
v -84.547333 2.580418 3.588916
v -82.534599 1.967614 4.745747
v -85.232010 -0.506688 3.588917
v -78.742966 0.813187 -0.263732
v -79.542511 -2.919193 -0.263732
v -83.259109 -1.343233 4.745748
v -46.459660 -7.205902 3.209608
v -47.277699 -8.443470 3.635710
v -46.459660 -5.903921 6.991068
v -62.321075 -7.364525 7.559677
v -62.321072 -8.666506 3.778216
v -46.768703 -7.700115 7.609509
v -34.564011 39.733757 -11.336257
v -42.973179 32.807343 -4.105802
v -34.631863 42.338978 -8.357763
v -47.768528 -5.130439 6.724755
v -47.768528 -6.432420 2.943294
v -46.768703 -9.002095 3.828049
v -45.723427 -8.172796 7.772256
v -62.430141 -5.482390 6.911645
v -62.430145 -6.784370 3.130185
v -45.723427 -9.474776 3.990796
v -46.731277 -10.687361 4.601011
v -85.662582 -6.681240 3.094677
v -85.662582 -5.379259 6.876137
v -46.731277 -9.385380 8.382471
v -62.139286 -8.309891 7.885171
v -98.587685 -3.832297 6.343509
v -98.587685 -5.134276 2.562049
v -62.139286 -9.611871 4.103711
v -99.996552 -8.657324 7.618864
v -99.405731 -2.749424 5.970669
v -99.405724 -4.051404 2.189209
v -100.132896 -9.082332 3.837403
v -111.299179 -0.656845 6.885341
v -97.987785 -1.872813 5.668848
v -97.987785 -3.174792 1.887387
v -111.299187 0.645131 3.103880
v -100.238892 10.242009 7.575339
v -85.771660 -5.546802 2.704083
v -85.771660 -4.244822 6.485544
v -100.238892 8.940028 11.356799
v -99.657181 21.744686 7.115232
v -62.539219 -5.856194 2.810609
v -62.539215 -4.554213 6.592069
v -99.657173 23.046661 3.333773
v -97.896164 31.502838 3.909899
v -45.472324 -4.246786 8.770720
v -45.698025 -4.575526 4.720438
v -97.896149 32.804817 0.128440
v -104.687790 42.297009 5.496213
v -85.771660 -7.506285 3.378745
v -98.633133 -6.045266 2.875708
v -85.771652 -6.204305 7.160205
v -37.782711 -2.595657 9.133990
v -37.782715 -1.736303 5.228083
v -99.587517 -6.818747 3.142021
v -98.633125 -4.743285 6.657168
v -34.989265 10.283799 12.601387
v -34.989265 11.143153 8.695481
v -62.375607 -6.513697 7.266731
v -62.375603 -7.815678 3.485271
v -98.769478 -7.850054 3.497107
v -99.587517 -5.516766 6.923481
v -42.351852 25.060425 2.197218
v -42.288689 25.580776 6.048981
v -47.277699 -7.141490 7.417171
v -98.769470 -6.548073 7.278567
v -43.120583 34.001305 0.665434
v -62.715965 -10.070054 6.282555
v -62.715965 -9.989692 3.953883
v -65.872002 -10.017454 6.282555
v -62.715961 -5.604274 2.433425
v -62.715954 -3.861662 3.845589
v -65.871994 -5.551673 2.433425
v -65.872002 -9.937091 3.953883
v -65.871994 -4.024794 6.625034
v -62.715958 -4.077395 6.625034
v -65.871994 -8.600160 8.099832
v -65.872002 -3.560491 4.527967
v -62.715961 -3.613092 4.527967
v -66.424309 -10.070054 6.282555
v -66.424309 -9.989692 3.953883
v -69.580330 -10.017454 6.282555
v -66.424301 -5.604274 2.433425
v -66.424301 -3.861662 3.845589
v -69.580338 -5.551673 2.433425
v -69.580345 -9.937091 3.953883
v -69.580338 -4.024794 6.625034
v -66.424301 -4.077395 6.625034
v -69.580338 -8.600160 8.099832
v -69.580338 -3.560491 4.527967
v -66.424301 -3.613092 4.527967
v -70.027443 -9.912252 6.282555
v -70.027443 -9.831890 3.953883
v -73.183479 -9.859652 6.282555
v -70.027443 -5.446472 2.433425
v -70.027435 -3.703860 3.845589
v -73.183487 -5.393871 2.433425
v -73.183487 -9.779289 3.953883
v -73.183472 -3.866992 6.625034
v -70.027443 -3.919593 6.625034
v -73.183479 -8.442358 8.099832
v -73.183479 -3.402689 4.527967
v -70.027443 -3.455290 4.527967
v -75.103401 -9.780751 6.282555
v -75.103401 -9.700389 3.953883
v -78.259438 -9.728150 6.282555
v -75.103394 -5.314970 2.433425
v -75.103394 -3.572359 3.845589
v -78.259438 -5.262370 2.433425
v -78.259445 -9.647788 3.953883
v -78.259422 -3.735491 6.625034
v -75.103401 -3.788091 6.625034
v -78.259438 -8.310857 8.099832
v -78.259445 -3.271188 4.527967
v -75.103401 -3.323789 4.527967
v -78.732841 -9.754451 6.282555
v -78.732849 -9.674088 3.953883
v -81.888878 -9.701851 6.282555
v -78.732841 -5.288671 2.433425
v -78.732841 -3.546059 3.845589
v -81.888885 -5.236069 2.433425
v -81.888893 -9.621488 3.953883
v -81.888870 -3.709191 6.625034
v -78.732841 -3.761791 6.625034
v -81.888870 -8.284556 8.099832
v -81.888885 -3.244888 4.527967
v -78.732841 -3.297489 4.527967
v -82.414879 -9.728151 6.282555
v -82.414886 -9.647788 3.953883
v -85.570915 -9.675550 6.282555
v -82.414879 -5.262370 2.433425
v -82.414879 -3.519758 3.845589
v -85.570923 -5.209769 2.433425
v -85.570930 -9.595187 3.953883
v -85.570915 -3.682891 6.625034
v -82.414886 -3.735491 6.625034
v -85.570915 -8.258256 8.099832
v -85.570923 -3.218587 4.527967
v -82.414879 -3.271188 4.527967
v -82.414886 -8.310856 8.099832
v -78.732841 -8.337156 8.099832
v -75.103401 -8.363457 8.099832
v -70.027451 -8.494959 8.099832
v -66.424301 -8.652761 8.099832
v -62.715961 -8.652761 8.099832
v -54.870113 -7.737812 -0.022887
v -59.025562 -7.451188 0.662017
v -59.025558 -7.238106 -0.022887
v -54.870113 -7.950893 0.662017
v -59.450024 -10.209312 0.509816
v -66.449562 -22.975563 0.509815
v -70.635689 -16.312815 -0.051500
v -70.241196 -16.093645 0.509815
v -59.025558 -7.451188 -0.707791
v -59.450020 -10.209313 -0.555590
v -54.870110 -7.950894 -0.707791
v -70.241188 -16.093645 -0.555589
v -66.449562 -22.975565 -0.555588
v -56.769585 -11.746785 0.509816
v -55.947697 -14.577723 0.509816
v -57.573200 -17.171228 0.509815
v -62.961117 -16.422400 0.509815
v -60.152332 -16.171875 0.996859
v -60.152332 -16.171875 -1.012195
v -61.600956 -15.384712 0.996859
v -61.899750 -13.653777 -1.012194
v -58.561520 -15.807143 -1.012195
v -58.108177 -12.747095 -1.012194
v -61.137314 -12.345272 -1.012194
v -61.899750 -13.653777 0.996859
v -58.108177 -12.747095 0.996859
v -57.644531 -14.344090 0.996859
v -58.561520 -15.807143 0.996859
v -61.600956 -15.384712 -1.012195
v -61.137314 -12.345272 0.996859
v -59.620274 -11.879773 0.996859
v -59.620274 -11.879774 -1.012194
v -57.644531 -14.344090 -1.012195
v -95.643883 -4.710336 -0.022887
v -91.494080 -5.069511 0.662017
v -91.461151 -4.858992 -0.022887
v -95.676834 -4.920855 0.662017
v -91.501083 -7.860097 0.509817
v -86.559090 -21.554901 0.509815
v -81.393349 -15.619334 -0.051500
v -81.749222 -15.341818 0.509816
v -91.494080 -5.069510 -0.707791
v -91.501083 -7.860097 -0.555590
v -95.676834 -4.920855 -0.707791
v -81.749237 -15.341815 -0.555589
v -86.559097 -21.554903 -0.555588
v -94.386963 -8.964744 0.509816
v -95.636574 -11.634607 0.509816
v -94.431519 -14.448212 0.509816
v -88.992622 -14.541254 0.509816
v -91.745384 -15.522905 0.509815
v -90.176018 -13.305784 0.996859
v -91.728912 -13.859556 -1.012194
v -91.728912 -13.859556 0.996859
v -93.219093 -10.159954 -1.012194
v -93.244225 -13.253296 -1.012194
v -89.613243 -11.641843 -1.012194
v -90.164246 -10.231208 0.996859
v -89.613243 -11.641842 0.996859
v -93.924026 -11.666080 0.996859
v -93.219093 -10.159953 0.996859
v -93.244225 -13.253296 0.996859
v -90.176018 -13.305784 -1.012194
v -91.591095 -9.536797 0.996860
v -90.164246 -10.231208 -1.012194
v -91.591095 -9.536798 -1.012194
v -93.924026 -11.666080 -1.012194
v -66.594658 -14.624906 0.820306
v -63.215805 -13.328152 0.820307
v -62.998745 -20.135685 0.820306
v -60.094749 -17.578705 0.820306
v -60.258030 -17.974850 -0.038108
v -66.613930 -14.288541 -0.019843
v -63.728210 -13.101373 -0.019843
v -63.161514 -20.298454 -0.859992
v -63.329952 -13.150584 -0.859993
v -66.708809 -14.447337 -0.859993
v -60.257519 -17.741478 -0.859993
v -63.088963 -20.477036 -0.038108
v -69.601234 -12.053225 0.048257
v -65.806664 -22.865984 -0.038109
v -74.384262 -2.736225 0.048258
v -76.737846 -4.387596 -0.038106
v -56.769581 -11.746786 -0.555590
v -63.490772 -13.354029 -0.555590
v -57.573196 -17.171228 -0.555589
v -62.961113 -16.422400 -0.555589
v -94.386963 -8.964745 -0.555589
v -87.995018 -11.591639 -0.555589
v -94.431526 -14.448211 -0.555589
v -88.992622 -14.541254 -0.555589
v -89.473091 -18.480331 0.820306
v -87.947113 -11.579165 0.820307
v -84.846565 -13.445940 0.820307
v -91.969254 -15.637771 -0.038108
v -91.886040 -15.455600 0.820306
v -85.067352 -13.117807 -0.019843
v -85.049492 -13.382523 -0.859993
v -88.150040 -11.515748 -0.859993
v -89.637978 -18.277397 -0.859992
v -92.050926 -15.252666 -0.859993
v -87.701469 -11.445036 -0.019843
v -87.359825 -21.422554 -0.038109
v -81.735664 -11.018324 -0.298762
v -89.618675 -18.595798 -0.038108
v -73.370270 -4.716475 -0.385125
v -75.399376 -2.679538 -0.298761
v -68.774612 -11.246969 -0.015160
v -75.278442 -8.700438 -0.738115
v -69.691925 -12.449538 -0.738115
v -75.356987 -11.101687 -0.611281
v -71.200577 -14.319329 -0.611281
v -71.729065 -15.055673 -0.021502
v -75.335510 -12.007798 -0.021502
v -71.200584 -14.319329 0.580961
v -69.691933 -12.449538 0.707795
v -75.278450 -8.700441 0.707796
v -75.356987 -11.101692 0.580961
v -80.839760 -14.147097 0.580961
v -81.967262 -12.025558 0.707795
v -82.713219 -10.709819 -0.015160
v -81.967255 -12.025550 -0.738115
v -80.369972 -14.922203 -0.021502
v -80.839767 -14.147090 -0.611281
v -102.087326 11.866221 -4.025914
v -84.850853 0.127389 3.996149
v -63.831837 10.221034 -4.091433
v -47.681736 -3.504656 4.061667
v -87.431000 -3.593442 -5.031127
v -83.303329 -3.447329 -5.031127
v -87.431000 -3.596486 5.068894
v -83.303329 -3.450373 5.068894
v -61.814915 -5.152726 -5.031127
v -65.894737 -4.509243 -5.031127
v -73.626709 -4.036567 -4.137439
v -61.815289 -5.155746 5.068894
v -65.895103 -4.512265 5.068894
v -73.630959 -4.036667 4.175208
v -76.700317 -4.125400 -4.162296
v -76.696121 -4.126136 4.150351
v -104.687790 43.598999 1.714752
v -65.871994 -3.809062 3.845589
v -69.580338 -3.809062 3.845589
v -73.183479 -3.651259 3.845589
v -78.259438 -3.519758 3.845589
v -81.888885 -3.493458 3.845589
v -85.570923 -3.467158 3.845589
v -66.844063 -23.194735 -0.051499
v -60.393185 -17.817778 0.509815
v -63.490776 -13.354028 0.509816
v -62.139233 -11.034485 0.509816
v -86.203217 -21.832420 -0.051499
v -87.995010 -11.591640 0.509816
v -88.971741 -9.091055 0.509816
v -72.403664 -13.507444 -0.038107
v -62.139229 -11.034486 -0.555590
v -55.947693 -14.577724 -0.555589
v -60.393181 -17.817778 -0.555589
v -88.971741 -9.091055 -0.555590
v -95.636589 -11.634604 -0.555589
v -91.745392 -15.522904 -0.555589
v -79.230179 -12.939506 -0.385126
v -75.270241 -7.187973 -0.015160
v -109.911476 6.549436 -0.597785
v -66.280273 4.597884 -0.685545
v -109.847206 11.582435 0.002198
v -34.585819 0.147860 -0.703343
v -33.743484 5.318981 -0.078974
v -66.280273 4.597884 0.611851
v -66.734512 -0.631090 0.513338
v -109.911476 6.549436 0.602182
v -65.853394 9.586900 -0.036847
v -35.429054 -5.023335 0.450577
v -66.734512 -0.631090 -0.587031
v -109.976479 1.516789 0.511067
v -109.976479 1.516789 -0.506670
v -42.640137 1.658064 1.211454
v -41.812828 6.746446 0.638553
v -34.270668 0.366277 1.211454
v -42.640137 1.658064 -1.380346
v -41.812828 6.746446 -0.807447
v -43.565823 -4.035375 -1.183746
v -43.565823 -4.035375 1.014854
v -31.082796 6.276567 -0.084446
v -31.082792 5.026568 -2.350047
v -25.490942 5.273302 -0.168893
v -33.443356 5.454660 0.638553
v 22.532076 -20.914520 1.910596
v 24.468178 -16.871469 3.007990
v 39.163311 -27.931412 1.656048
v 26.407057 -13.035174 2.079486
v 41.125969 -24.696924 2.607237
v 39.163311 -27.931412 -1.824939
v 22.532074 -20.914520 -2.079487
v 24.468178 -16.871469 -3.273889
v -32.013042 0.105099 3.482454
v -31.082792 5.026568 2.181153
v -26.421185 -0.898167 3.482454
v -33.109673 -5.839733 2.181154
v -27.517820 -6.842998 2.181154
v -33.109673 -5.839733 -2.350046
v -27.517822 -6.842998 -2.350046
v -32.013042 0.105099 -3.651346
v -26.421185 -0.898167 -3.651346
v -34.270668 0.366277 -1.380346
v 43.088623 -21.462433 1.824939
v 43.088623 -21.462433 -1.824940
v 26.407053 -13.035175 -2.079488
v 8.773864 -5.960491 -2.177617
v -11.024931 -4.582035 -3.502372
v -9.697384 -0.129714 -2.324464
v -12.433034 -9.742647 -2.240017
v 5.252429 -14.542753 -2.177616
v -11.024931 -4.582034 3.284976
v -9.697384 -0.129713 2.155571
v 7.010449 -10.050612 3.162482
v -12.433033 -9.742647 2.071126
v 5.252429 -14.542753 2.008725
v -34.585819 0.147860 0.545395
v -33.109676 -7.089732 -0.000000
v -35.429054 -5.023335 -0.608524
v 38.909805 -29.251736 -0.073193
v 22.532074 -22.164518 0.000000
v -12.433034 -10.992647 0.000000
v 26.407053 -11.785174 -0.000001
v 43.358028 -20.156933 -0.073193
v -9.697385 1.120286 -0.084447
v 8.773864 -4.710490 -0.000001
v -31.815819 0.655908 13.954106
v -32.930607 1.798948 14.418053
v -31.681129 1.531191 13.731699
v -31.190689 13.105569 8.812757
v -31.104050 13.668614 7.063593
v -30.024061 12.299428 8.393323
v -33.791931 -12.185631 8.393326
v -35.029907 -11.843098 9.703413
v -33.680450 -11.461172 9.241567
v -35.278538 -13.458797 -5.574800
v -35.313889 -13.688523 -4.068491
v -33.917248 -12.999972 -5.309115
v -31.512247 2.628633 13.601478
v -32.753284 2.951234 14.281321
v -31.023754 14.190406 4.077715
v -30.997421 14.361556 2.736694
v -29.865076 13.332574 3.883758
v -34.923203 -11.149673 10.121713
v -33.578827 -10.800797 9.639948
v -35.340229 -13.859688 -2.727471
v -33.950920 -13.218778 -3.874534
v -31.318001 3.890928 13.436563
v -32.549324 4.276657 14.108162
v -30.024061 12.299428 -8.384102
v -31.307741 12.344953 -9.694192
v -30.135540 11.575015 -9.232345
v -31.629049 10.256955 10.715438
v -31.677555 9.941760 9.809501
v -30.441549 9.586442 10.205400
v -33.168827 0.250926 -15.236829
v -33.265614 -0.378054 -14.642358
v -31.908003 0.056898 -14.511046
v -31.414455 11.651496 -10.112492
v -30.237164 10.914624 -9.630726
v -34.029629 -13.730284 0.610678
v -35.361019 -13.994829 1.570831
v -33.995808 -13.510463 1.496249
v -31.539766 10.837155 -10.119182
v -30.356518 10.139022 -9.637097
v -33.950920 -13.218777 3.883761
v -35.340229 -13.859687 2.736697
v -35.313889 -13.688522 4.077718
v -29.898748 13.113784 -5.309115
v -31.023754 14.190406 -4.068494
v -31.059109 13.960664 -5.574802
v -33.459476 -10.025195 -9.637094
v -34.797874 -10.335273 -10.119180
v -33.578827 -10.800798 -9.630723
v -32.930504 -6.587750 -12.924567
v -34.017422 -5.263581 -13.866502
v -34.242455 -6.725935 -13.571026
v -30.487745 9.286248 -9.333381
v -31.677559 9.941730 -9.800280
v -30.441551 9.586442 -10.196181
v -33.680450 -11.461188 -9.232341
v -35.029907 -11.843100 -9.694189
v -33.791931 -12.185632 -8.384100
v -29.786360 13.844096 -0.601455
v -30.976627 14.496667 -1.561608
v -29.820190 13.624259 -1.487025
v -30.135538 11.575015 9.241567
v -31.307741 12.344953 9.703413
v -35.233593 -13.166763 -7.054370
v -33.874451 -12.721831 -6.718230
v -33.874447 -12.721815 6.727454
v -35.278538 -13.458796 5.584025
v -35.233593 -13.166762 7.063593
v -30.976624 14.496697 1.570831
v -29.839996 13.495564 2.606597
v -35.361019 -13.994829 -1.561605
v -33.976002 -13.381783 -2.597371
v -33.328251 -9.172451 -9.333380
v -34.660088 -9.439908 -9.800279
v -29.820190 13.624259 1.496249
v -29.786360 13.844096 0.610678
v -33.995808 -13.510463 -1.487023
v -34.029629 -13.730284 -0.601455
v -32.716183 -5.194984 -13.205974
v -33.788319 -3.774805 -14.098937
v -31.629053 10.256955 -10.706220
v -30.442520 9.580132 -10.980911
v -31.104050 13.668614 -7.054372
v -31.190693 13.105569 -8.803536
v -34.797874 -10.335272 10.128407
v -33.459476 -10.025194 9.646320
v -34.708591 -9.755088 -10.706216
v -33.374447 -9.472614 -10.196177
v -31.630074 10.250342 -11.530188
v -30.503115 9.186385 -11.649085
v -29.839996 13.495564 -2.597373
v -30.997421 14.361556 -2.727474
v -33.183872 -8.234222 -12.382034
v -34.508492 -8.454737 -13.001367
v -31.693689 9.836892 -12.231769
v -30.632122 8.348035 -12.382037
v -30.941109 14.727502 0.640981
v -29.700253 14.403686 0.004612
v -29.865076 13.332574 -3.874537
v -34.643955 -9.335025 -12.231765
v -33.312885 -9.072588 -11.649081
v -31.829157 8.956601 -13.001370
v -32.095196 7.227771 -13.571029
v -34.707573 -9.748475 -11.530184
v -33.373478 -9.466351 -10.980908
v -32.320229 5.765414 -13.866505
v -30.885490 6.701530 -12.924570
v -30.885490 6.701518 12.933792
v -32.320229 5.765433 13.875725
v -32.095188 7.227805 13.580249
v -30.487745 9.286248 9.342602
v -30.356516 10.139022 9.646319
v -32.549324 4.276655 -14.098942
v -31.099812 5.308795 -13.205976
v -31.099810 5.308812 13.215199
v -31.539766 10.837155 10.128403
v -30.237162 10.914624 9.639947
v -33.374447 -9.472629 10.205401
v -34.708591 -9.755086 10.715442
v -33.373478 -9.466349 10.990131
v -32.753284 2.951217 -14.272102
v -31.318003 3.890926 -13.427344
v -33.976002 -13.381782 2.606597
v -31.059109 13.960664 5.584025
v -29.941545 12.835660 6.727454
v -33.312881 -9.072587 11.658305
v -34.643955 -9.335023 12.240993
v -33.183872 -8.234221 12.391261
v -32.497997 -3.777131 -13.427340
v -33.584358 -2.449366 -14.272098
v -32.930611 1.798916 -14.408832
v -31.512253 2.628600 -13.592259
v -31.681129 1.531174 -13.722477
v -31.815823 0.655890 -13.944886
v -29.898746 13.113784 5.318338
v -34.508488 -8.454720 13.010592
v -34.242455 -6.725934 13.580252
v -32.000179 -0.542110 -13.944883
v -33.407036 -1.297080 -14.408828
v -32.134872 -1.417394 -13.722475
v -33.072033 0.879905 -14.642360
v -33.168823 0.250942 15.246050
v -33.072033 0.879891 14.651582
v -31.907997 0.056915 14.520267
v -34.017418 -5.263564 13.875731
v -32.930500 -6.587733 12.933792
v -33.788319 -3.774803 14.108161
v -32.716183 -5.194982 13.215201
v -33.584358 -2.449364 14.281322
v -32.497990 -3.777099 13.436565
v -33.407032 -1.297048 14.418055
v -32.303745 -2.514818 13.601480
v -33.328247 -9.172419 9.342605
v -34.660088 -9.439892 9.809505
v -35.396538 -14.225617 -0.631757
v -34.115742 -14.289858 0.004612
v -32.303741 -2.514804 -13.592255
v -29.941545 12.835660 -6.718233
v -30.632122 8.348035 12.391258
v -31.829151 8.956620 13.010592
v -34.707573 -9.748458 11.539410
v -30.503109 9.186416 11.658304
v -31.630070 10.250340 11.539409
v -30.442518 9.580132 10.990130
v -33.917248 -12.999971 5.318341
v -35.396538 -14.225617 0.640981
v -32.134865 -1.417361 13.731701
v -32.000179 -0.542109 13.954109
v -30.941109 14.727502 -0.631760
v -35.146954 -12.603717 -8.803536
v -33.265610 -0.378021 14.651582
v -31.414446 11.651525 10.121715
v -35.146950 -12.603716 8.812760
v -34.923203 -11.149674 -10.112490
v -31.693689 9.836892 12.240989
v -30.498041 9.219327 -8.410385
v -30.516775 9.958356 -8.828860
v -30.488670 9.280240 -7.631052
v -30.521423 9.928172 -8.412371
v -30.011627 13.240987 0.267365
v -30.521421 9.928157 8.421590
v -30.498041 9.219342 8.419606
v -30.516775 9.958341 8.838082
v -30.396074 10.742694 8.946502
v -30.173380 12.189866 6.551183
v -30.132252 12.457131 5.197233
v -32.077354 -0.182876 13.323749
v -33.187874 -8.260204 -9.265678
v -33.380913 -8.653884 -9.993237
v -30.971275 6.144067 8.842384
v -31.019249 5.832316 7.941314
v -31.187773 5.597956 9.309960
v -30.132252 12.457131 -5.188010
v -30.173380 12.189866 -6.541960
v -33.397396 -8.761041 10.796067
v -32.245144 -1.273279 13.046675
v -30.814505 8.023610 11.773802
v -30.757221 8.395850 -9.962692
v -30.628126 8.374002 -9.265681
v -30.693872 8.807509 -9.993239
v -30.861296 6.858788 9.273975
v -31.023829 6.663302 9.953275
v -30.811218 7.184205 -7.206587
v -30.946941 6.302218 -7.173404
v -31.050476 6.490149 -6.484249
v -30.563824 8.791863 -6.154199
v -30.700874 7.901248 -5.838798
v -30.622103 9.273877 -5.581522
v -30.099136 12.672326 -3.777025
v -30.333744 11.147756 8.702154
v -30.247366 11.709073 8.044913
v -30.074299 12.833739 2.521615
v -30.053770 12.967137 1.370602
v -30.247366 11.709073 -8.035692
v -30.498184 9.218419 -6.877347
v -30.524261 9.909713 -6.659412
v -30.843319 7.836335 5.081635
v -30.700874 7.901248 5.848022
v -30.622103 9.273877 5.590745
v -31.053564 6.470115 5.947805
v -30.816263 7.151414 6.323425
v -31.247622 5.209032 12.530663
v -31.041693 6.547240 12.260271
v -31.462221 3.814461 12.748386
v -33.198521 -7.468668 10.033813
v -33.069336 -7.489909 9.336536
v -33.317562 -8.242238 9.971913
v -33.050949 -6.509690 9.953278
v -32.954700 -6.744989 9.273978
v -32.887005 -5.444314 9.309960
v -32.844715 -6.030239 8.842384
v -32.809574 -4.941133 7.855486
v -32.796741 -5.718503 7.941317
v -32.941315 -5.797229 6.473181
v -32.869053 -6.188375 7.182628
v -31.133465 5.950902 6.473178
v -30.946941 6.302218 7.182625
v -31.050476 6.490149 6.493470
v -34.063148 -13.087345 -0.258141
v -34.063148 -13.087345 0.267365
v -31.053564 6.470115 -5.938581
v -30.816263 7.151414 -6.314201
v -33.553356 -9.774516 -8.412367
v -33.317955 -9.105516 -8.410382
v -33.558002 -9.804684 -8.828859
v -33.678707 -10.589084 -8.937278
v -33.942524 -12.303491 -5.188010
v -33.975639 -12.518686 -3.777023
v -32.077358 -0.182878 -13.314525
v -34.021008 -12.813496 1.370605
v -33.562767 -9.835670 -7.629691
v -33.327328 -9.166460 -7.631049
v -33.550526 -9.756103 -6.659409
v -33.317814 -9.104622 -6.877343
v -30.676790 8.918504 10.321416
v -30.757215 8.395881 9.971913
v -33.942524 -12.303490 5.197233
v -33.901402 -12.036240 6.551180
v -30.677380 8.914681 -10.786844
v -30.714546 8.673186 -11.196669
v -30.814508 8.023595 -11.764579
v -31.041695 6.547225 -12.251052
v -31.247623 5.209015 -12.521441
v -31.462225 3.814444 -12.739169
v -31.654568 2.564539 -12.902466
v -32.245152 -1.273312 -13.037451
v -31.023832 6.663287 -9.944053
v -30.861296 6.858804 -9.264754
v -30.876257 7.622310 -10.024587
v -31.187775 5.597954 -9.300737
v -30.971277 6.144067 -8.833160
v -31.265203 5.094759 -7.846263
v -31.019251 5.832316 -7.932093
v -33.021217 -6.316472 5.947808
v -32.999729 -7.037570 6.323428
v -33.024307 -6.336539 6.493473
v -33.327324 -9.166443 7.640276
v -33.317814 -9.104621 6.886568
v -33.562767 -9.835670 7.638921
v -33.975639 -12.518686 3.786249
v -33.827415 -11.555448 -8.035689
v -33.827415 -11.555431 8.044919
v -33.741039 -10.994114 8.702157
v -33.678707 -10.589083 8.946502
v -33.115120 -7.787449 5.848022
v -33.231464 -7.682711 5.081635
v -34.000477 -12.680083 2.521618
v -32.827160 -5.055421 -12.521439
v -33.033089 -6.393600 -12.251050
v -32.844719 -6.030270 -8.833158
v -32.796749 -5.718518 -7.932090
v -32.887012 -5.444345 -9.300737
v -33.069340 -7.489925 -9.327308
v -32.954708 -6.745007 -9.264751
v -33.198524 -7.468684 -10.024582
v -33.317562 -8.242270 -9.962689
v -32.612556 -3.660850 -12.739164
v -33.260273 -7.869939 -11.764577
v -33.360237 -8.519546 -11.196665
v -33.397400 -8.761072 -10.786841
v -32.869053 -6.188375 -7.173401
v -32.809578 -4.941149 -7.846261
v -33.050949 -6.509692 -9.944050
v -32.420216 -2.410946 -12.902461
v -32.941315 -5.797230 -6.463954
v -33.024307 -6.336540 -6.484246
v -33.004776 -7.070377 7.215811
v -33.606514 -10.119953 8.950357
v -33.553356 -9.774514 8.421593
v -33.187870 -8.260203 9.274906
v -33.397984 -8.764847 10.321417
v -30.512007 9.989341 -7.629694
v -30.099136 12.672326 3.786247
v -30.333744 11.147771 -8.692934
v -30.396074 10.742709 -8.937281
v -30.843319 7.836335 -5.072411
v -30.011627 13.240987 -0.258141
v -30.053770 12.967137 -1.361379
v -30.512007 9.989341 7.638916
v -30.488670 9.280240 7.640274
v -30.524261 9.909713 6.668636
v -30.498182 9.218419 6.886568
v -30.563824 8.791863 6.163423
v -30.811218 7.184190 7.215811
v -30.074299 12.833739 -2.512391
v -30.746660 7.603723 9.336534
v -30.876257 7.622310 10.033807
v -30.628120 8.374032 9.274903
v -33.360237 -8.519545 11.205888
v -33.260273 -7.869937 11.773802
v -33.033081 -6.393583 12.260274
v -32.827156 -5.055389 12.530665
v -32.612556 -3.660848 12.748391
v -32.420208 -2.410914 12.911688
v -30.714544 8.673186 11.205887
v -30.677380 8.914681 10.796063
v -31.265202 5.094761 7.855484
v -31.997423 0.336534 13.323746
v -31.829630 1.426922 13.046673
v -31.654568 2.564556 12.911683
v -33.252167 -8.678051 6.163423
v -33.452675 -9.120252 5.590745
v -33.317955 -9.105515 8.419606
v -33.741039 -10.994145 -8.692930
v -33.901402 -12.036241 -6.541960
v -34.000477 -12.680083 -2.512391
v -34.021008 -12.813496 -1.361376
v -33.550526 -9.756117 6.668633
v -33.452679 -9.120268 -5.581519
v -33.252167 -8.678053 -6.154196
v -33.231457 -7.682681 -5.072411
v -33.115120 -7.787450 -5.838798
v -33.021221 -6.316488 -5.938581
v -32.999729 -7.037571 -6.314201
v -33.004776 -7.070378 -7.206584
v -31.829632 1.426905 -13.037453
v -31.997427 0.336517 -13.314528
v -30.746660 7.603723 -9.327312
v -31.133469 5.950871 -6.463957
v -34.202778 1.919230 13.731699
v -34.337463 1.043994 13.954107
v -32.545712 12.687484 8.393323
v -36.202106 -11.073132 9.241567
v -36.313583 -11.797575 8.393326
v -36.438900 -12.611917 -5.309115
v -34.033897 3.016687 13.601478
v -32.386726 13.720630 3.883758
v -36.100483 -10.412756 9.639948
v -36.472572 -12.830737 -3.874534
v -33.839657 4.278968 13.436563
v -32.657192 11.963071 -9.232345
v -32.545712 12.687484 -8.384102
v -32.963200 9.974496 10.205400
v -34.429649 0.444938 -14.511046
v -32.758816 11.302649 -9.630726
v -36.517456 -13.122407 1.496249
v -36.551285 -13.342244 0.610678
v -32.878170 10.527047 -9.637097
v -36.472572 -12.830737 3.883761
v -32.420399 13.501840 -5.309115
v -36.100483 -10.412758 -9.630723
v -35.981133 -9.637155 -9.637094
v -35.452156 -6.199680 -12.924567
v -32.963200 9.974496 -10.196181
v -33.009396 9.674287 -9.333381
v -36.313583 -11.797577 -8.384100
v -36.202106 -11.073133 -9.232341
v -32.341843 14.012315 -1.487025
v -32.308014 14.232152 -0.601455
v -32.657196 11.963056 9.241567
v -36.396099 -12.333806 -6.718230
v -36.396099 -12.333805 6.727454
v -32.361641 13.883634 2.606597
v -36.497654 -12.993727 -2.597371
v -35.849899 -8.784395 -9.333380
v -32.308014 14.232152 0.610678
v -32.341839 14.012345 1.496249
v -36.551285 -13.342244 -0.601455
v -36.517464 -13.122437 -1.487022
v -35.237835 -4.806944 -13.205974
v -32.964172 9.968188 -10.980911
v -35.981133 -9.637154 9.646320
v -35.896095 -9.084590 -10.196177
v -33.024761 9.574456 -11.649085
v -32.361641 13.883634 -2.597373
v -35.705524 -7.846168 -12.382034
v -33.153774 8.736073 -12.382038
v -32.221905 14.791711 0.004612
v -32.386726 13.720630 -3.874537
v -35.834538 -8.684533 -11.649081
v -35.895126 -9.078295 -10.980908
v -33.407143 7.089570 -12.924570
v -33.407143 7.089574 12.933792
v -32.878166 10.527047 9.646319
v -33.009399 9.674287 9.342602
v -33.621456 5.696879 -13.205976
v -33.621460 5.696868 13.215199
v -32.758816 11.302649 9.639947
v -35.895123 -9.078263 10.990131
v -35.896095 -9.084588 10.205401
v -33.839657 4.278981 -13.427344
v -36.497654 -12.993727 2.606597
v -32.463200 13.223714 6.727454
v -35.705521 -7.846166 12.391261
v -35.834534 -8.684546 11.658305
v -35.019646 -3.389075 -13.427340
v -34.033905 3.016655 -13.592259
v -34.337471 1.043962 -13.944885
v -34.202774 1.919244 -13.722477
v -32.420399 13.501840 5.318338
v -34.656521 -1.029369 -13.722475
v -34.521832 -0.154086 -13.944883
v -34.429649 0.444955 14.520267
v -35.452156 -6.199678 12.933792
v -35.237835 -4.806942 13.215201
v -35.019646 -3.389073 13.436565
v -34.825394 -2.126762 13.601480
v -35.849899 -8.784394 9.342605
v -36.637390 -13.901802 0.004612
v -34.825394 -2.126764 -13.592255
v -32.463200 13.223714 -6.718233
v -33.153770 8.736089 12.391257
v -32.964165 9.968204 10.990130
v -33.024761 9.574456 11.658304
v -36.438900 -12.611916 5.318341
v -34.521824 -0.154054 13.954109
v -34.656513 -1.029337 13.731701
v -32.779640 10.306581 -8.828860
v -33.019691 9.607383 -8.410385
v -32.784290 10.276383 -8.412371
v -33.010319 9.668311 -7.631052
v -32.274494 13.589211 0.267365
v -32.779640 10.306581 8.838082
v -33.019691 9.607383 8.419606
v -32.784286 10.276383 8.421590
v -32.658939 11.090936 8.946502
v -32.436241 12.538123 6.551183
v -32.395119 12.805358 5.197233
v -34.340221 0.165352 13.323749
v -35.643772 -8.305641 -9.993237
v -35.709522 -7.872149 -9.265678
v -33.450634 5.946197 9.309960
v -33.540905 6.220355 7.941314
v -33.492928 6.532107 8.842384
v -32.436241 12.538123 -6.541960
v -32.395119 12.805358 -5.188010
v -35.660263 -8.412813 10.796067
v -34.508011 -0.925037 13.046675
v -33.077370 8.371804 11.773802
v -32.956738 9.155734 -9.993239
v -33.020390 8.742120 -9.265682
v -33.020081 8.744105 -9.962693
v -33.286697 7.011544 9.953275
v -33.382950 7.246827 9.273975
v -33.313339 6.838407 -6.484249
v -33.468594 6.690274 -7.173404
v -33.332867 7.572261 -7.206587
v -32.884972 9.622106 -5.581522
v -33.222519 8.289332 -5.838798
v -32.956089 9.159984 -6.154199
v -32.362003 13.020555 -3.777025
v -32.510231 12.057300 8.044913
v -32.596611 11.495982 8.702154
v -32.337166 13.181951 2.521615
v -32.316635 13.315379 1.370602
v -32.510231 12.057300 -8.035692
v -32.787128 10.257939 -6.659412
v -33.019833 9.606460 -6.877347
v -32.884972 9.622106 5.590745
v -33.222530 8.289302 5.848022
v -33.106186 8.184564 5.081635
v -33.337921 7.539470 6.323425
v -33.316425 6.818357 5.947805
v -33.304562 6.895452 12.260271
v -33.510490 5.557243 12.530663
v -33.725086 4.162688 12.748386
v -35.580433 -7.894011 9.971913
v -35.590988 -7.101869 9.336536
v -35.461388 -7.120440 10.033813
v -35.476353 -6.356904 9.273978
v -35.313812 -6.161463 9.953278
v -35.366364 -5.642199 8.842384
v -35.149868 -5.096071 9.309960
v -35.318398 -5.330462 7.941317
v -35.072437 -4.592906 7.855486
v -35.390701 -5.800334 7.182628
v -35.204182 -5.449018 6.473181
v -33.313339 6.838407 6.493470
v -33.468597 6.690274 7.182625
v -33.396332 6.299098 6.473178
v -36.363346 -12.981721 0.004609
v -33.337917 7.539470 -6.314201
v -33.316425 6.818357 -5.938581
v -35.816223 -9.426304 -8.412367
v -35.839603 -8.717492 -8.410382
v -35.941566 -10.240842 -8.937278
v -36.205395 -11.955264 -5.188010
v -36.238506 -12.170475 -3.777023
v -34.340221 0.165350 -13.314525
v -36.283875 -12.465254 1.370605
v -35.848976 -8.778404 -7.631049
v -35.825634 -9.487459 -7.629691
v -35.839458 -8.716536 -6.877343
v -35.813385 -9.407860 -6.659409
v -33.020081 8.744105 9.971912
v -32.939659 9.266730 10.321416
v -36.164268 -11.688027 6.551180
v -36.205395 -11.955263 5.197233
v -35.869377 -9.771743 -8.941133
v -32.940247 9.262895 -10.786844
v -33.077370 8.371804 -11.764579
v -32.977409 9.021413 -11.196669
v -33.304565 6.895421 -12.251052
v -33.510490 5.557226 -12.521441
v -33.725094 4.162671 -12.739169
v -33.917435 2.912750 -12.902466
v -34.508015 -0.925054 -13.037451
v -33.139122 7.970521 -10.024587
v -33.382946 7.246827 -9.264754
v -33.286697 7.011529 -9.944053
v -33.492928 6.532107 -8.833160
v -33.450642 5.946168 -9.300737
v -33.540905 6.220370 -7.932093
v -33.528072 5.442986 -7.846263
v -35.287170 -5.988312 6.493473
v -35.521381 -6.649530 6.323428
v -35.284084 -5.968276 5.947808
v -35.825634 -9.487458 7.638921
v -35.710075 -8.736486 6.886568
v -35.848976 -8.778403 7.640276
v -36.238506 -12.170474 3.786249
v -36.090279 -11.207221 -8.035689
v -36.090279 -11.207220 8.044919
v -35.941566 -10.240840 8.946502
v -36.003899 -10.645887 8.702157
v -35.494324 -7.334484 5.081635
v -35.636776 -7.399409 5.848022
v -36.263344 -12.331871 2.521618
v -35.295952 -6.045373 -12.251050
v -35.090023 -4.707149 -12.521439
v -35.149876 -5.096103 -9.300737
v -35.318398 -5.330478 -7.932090
v -35.236980 -5.662121 -8.833158
v -35.461388 -7.120442 -10.024582
v -35.476357 -6.356936 -9.264751
v -35.590992 -7.101885 -9.327308
v -35.580433 -7.894012 -9.962689
v -34.875427 -3.312608 -12.739164
v -35.523140 -7.521712 -11.764577
v -35.660263 -8.412815 -10.786841
v -35.623100 -8.171319 -11.196665
v -35.072437 -4.592907 -7.846261
v -35.390701 -5.800335 -7.173401
v -35.313812 -6.161465 -9.944050
v -34.683079 -2.062674 -12.902461
v -35.287174 -5.988313 -6.484246
v -35.204182 -5.449019 -6.463954
v -35.526428 -6.682322 7.215811
v -35.816223 -9.426303 8.421593
v -35.869377 -9.771742 8.950357
v -35.580132 -7.892054 9.274906
v -35.660851 -8.416636 10.321417
v -32.774876 10.337539 -7.629694
v -32.362003 13.020555 3.786247
v -32.658939 11.090936 -8.937281
v -32.596611 11.495982 -8.692934
v -33.106186 8.184579 -5.072411
v -32.316639 13.315349 -1.361379
v -32.274494 13.589211 -0.258141
v -33.010319 9.668311 7.640274
v -32.774876 10.337539 7.638916
v -33.019836 9.606460 6.886568
v -32.787128 10.257939 6.668636
v -33.085480 9.179904 6.163423
v -33.332874 7.572232 7.215811
v -32.337166 13.181951 -2.512391
v -33.139122 7.970521 10.033807
v -33.268314 7.991761 9.336534
v -33.149776 8.762073 9.274902
v -35.523140 -7.521710 11.773802
v -35.623100 -8.171317 11.205888
v -35.295948 -6.045356 12.260274
v -35.090019 -4.707132 12.530665
v -34.875423 -3.312606 12.748391
v -34.683075 -2.062656 12.911688
v -32.940247 9.262895 10.796063
v -32.977409 9.021413 11.205887
v -33.528072 5.442987 7.855484
v -34.092499 1.775149 13.046673
v -34.260288 0.684746 13.323746
v -33.917435 2.912767 12.911683
v -35.715542 -8.772039 5.590745
v -35.773819 -8.289996 6.163424
v -35.839603 -8.717490 8.419606
v -36.003902 -10.645888 -8.692930
v -36.164268 -11.688028 -6.541960
v -36.263344 -12.331872 -2.512391
v -36.283878 -12.465284 -1.361376
v -35.813385 -9.407859 6.668636
v -35.773819 -8.289997 -6.154196
v -35.715542 -8.772040 -5.581519
v -35.507385 -7.419316 -5.838798
v -35.494324 -7.334485 -5.072411
v -35.521381 -6.649531 -6.314201
v -35.284084 -5.968261 -5.938581
v -35.526428 -6.682323 -7.206584
v -34.092499 1.775132 -13.037453
v -34.260288 0.684744 -13.314528
v -33.268311 7.991776 -9.327312
v -33.396332 6.299113 -6.463957
v -25.490938 4.023303 -2.518939
v -27.517818 -8.092997 -0.000000
v -25.490938 4.023303 2.181153
v 7.010449 -10.050613 -3.428381
v 8.773864 -5.960490 2.177616
v 5.252429 -15.792753 0.000000
v 41.133923 -24.704292 -3.097566
v -35.196354 -5.327160 1.014854
v -35.196354 -5.327160 -1.183746
v 40.496120 -27.846817 -1.600239
v 42.118141 -25.173817 -1.996943
v 39.103569 -28.055519 -2.341505
v 43.229919 -22.257317 -1.600238
v 43.164318 -21.353069 -2.341505
v 43.840065 -21.653133 -0.073193
v 42.446236 -25.330334 -0.073193
v 28.440805 -23.576748 -2.399562
v 28.247627 -24.819424 0.084406
v 32.489460 -15.900794 -2.399562
v 30.465115 -19.738773 -3.227504
v 32.682594 -14.658212 0.084406
v 28.440809 -23.576752 2.568373
v 30.553902 -19.738773 2.914346
v 39.103573 -28.055519 2.195118
v 43.164318 -21.353069 2.195119
v 32.489460 -15.900794 2.568374
v 41.133926 -24.704294 2.951180
v 43.229923 -22.257317 1.453919
v 40.396137 -28.694481 -0.073193
v 40.496120 -27.846821 1.453919
v 42.118145 -25.173817 1.850556
v 35.903492 -15.036538 -1.809243
v 36.955242 -15.036538 -1.809243
v 35.903492 -14.353714 -0.083063
v 35.903492 -23.039555 -3.538895
v 36.955242 -23.039555 -3.538895
v 35.903492 -19.353714 -3.506320
v 35.903492 -19.353714 3.340194
v 36.955242 -19.353714 3.340194
v 35.903492 -23.039557 3.372769
v 36.955242 -14.353714 -0.083063
v 35.903492 -15.036539 1.643117
v 36.955242 -19.353714 -3.506320
v 35.903488 -16.830473 -3.036496
v 36.955242 -15.036539 1.643117
v 36.955238 -16.830475 2.870370
v 36.955238 -16.830473 -3.036496
v 35.903488 -16.830475 2.870370
v 30.770569 -19.692579 3.131381
v 31.571335 -18.002010 2.837632
v 38.117264 -23.227806 3.088048
v 30.689621 -19.583782 -3.285733
v 31.488678 -17.891600 -2.957654
v 38.122116 -23.123520 -3.285734
v 29.969807 -21.383148 2.764586
v 37.227627 -24.944731 2.723230
v 29.890562 -21.275967 -2.957654
v 37.234272 -24.842125 -2.957654
v -33.443356 5.454660 -0.807447
v -30.850693 15.315026 0.004612
v -35.486958 -14.813190 0.004612
v 36.955242 -23.039558 3.372769
v 39.006901 -21.510885 2.801093
v 39.009960 -21.404915 -2.957655
v -298.525574 -27.830669 -0.000001
v -291.577759 -25.915665 -0.480300
v -295.705505 -22.509102 -0.000001
v -288.792450 -16.424751 -0.000001
v -287.347168 -20.411409 0.566299
v -291.577759 -25.915665 0.480300
v -260.386658 -13.406331 0.566299
v -259.392731 -17.327139 0.480300
v -259.392731 -17.327139 -0.480300
v -287.347168 -20.411409 -0.566301
v -235.038162 -7.734052 0.566300
v -234.819717 -12.471422 0.480300
v -109.976486 1.516788 0.511067
v -109.976486 1.516788 -0.506670
v -140.352402 0.557253 0.498376
v -206.821060 -7.377409 0.502998
v -206.821060 -7.377409 -0.496020
v -109.847214 11.582433 0.002198
v -140.375885 10.386491 0.001291
v -109.911484 6.549434 -0.597785
v -109.911484 6.549434 0.602182
v -140.363846 5.472039 0.587381
v -206.978012 -2.445271 0.592437
v -234.819717 -12.471422 -0.480300
v -175.214828 7.106133 0.002867
v -207.135422 2.486574 0.003488
v -175.128098 2.203485 -0.582051
v -260.386658 -13.406331 -0.566300
v -261.518646 -8.894110 -0.000001
v -235.256882 -2.996269 -0.000001
v -140.352402 0.557253 -0.495792
v -175.041916 -2.700172 -0.493223
v -175.128098 2.203485 0.587786
v -175.041916 -2.700172 0.498959
v -140.363846 5.472039 -0.584797
v -235.038162 -7.734052 -0.566300
v -206.978012 -2.445271 -0.585460
v -65.632874 12.568440 -5.430638
v -66.303108 4.816936 -7.214872
v -38.053337 8.553037 -5.430513
v -39.280659 0.869328 7.059516
v -66.303108 4.816938 7.059518
v -38.053337 8.553037 5.275153
v -134.396408 13.461030 5.275153
v -134.459473 5.682002 7.059516
v -175.252487 9.991824 5.275153
v -37.644211 11.114181 -0.077681
v -40.917252 -9.375628 -0.077679
v -67.196678 -5.518281 -0.077678
v -40.508095 -6.814358 5.275154
v -134.522705 -2.097140 -5.430511
v -175.018387 -5.561518 -5.430511
v -134.543762 -4.690103 -0.077679
v -66.966087 -2.935877 5.275156
v -65.632874 12.568440 5.275155
v -40.508095 -6.814359 -5.430512
v -35.831787 -7.498494 -5.430511
v -39.280659 0.869327 -7.214874
v -272.525513 -27.218834 -0.077672
v -245.620941 -20.665127 -0.077679
v -272.790375 -24.639755 -5.430632
v -100.085533 -1.293556 -5.430511
v -134.459473 5.682002 -7.214874
v -99.779396 14.262231 -5.430513
v -66.966087 -2.935878 -5.430509
v -99.932396 6.484334 -7.214874
v -100.085533 -1.293556 5.275154
v -100.136566 -3.886144 -0.077679
v -134.522705 -2.097140 5.275154
v -215.129379 3.916623 -5.430512
v -175.252487 9.991824 -5.430512
v -215.247818 6.505002 -0.077680
v -65.409531 15.152284 -0.077679
v -99.728333 16.854942 -0.077681
v -99.779396 14.262231 5.275153
v -99.932396 6.484334 7.059516
v -214.418793 -11.614307 5.275155
v -214.774002 -3.848782 7.059516
v -175.018387 -5.561517 5.275154
v -134.396408 13.461030 -5.430513
v -134.375336 16.054119 -0.077681
v -286.653564 -12.301611 5.275153
v -285.786926 -20.034361 7.059517
v -300.526733 -15.939802 4.960306
v -299.017944 -23.313580 -6.883444
v -285.786926 -20.034363 -7.214873
v -300.474579 -16.022528 -5.248407
v -297.578827 -30.577049 -5.115663
v -284.920502 -27.767101 -5.430511
v -274.379639 -9.165318 -5.430633
v -286.653564 -12.301611 -5.430512
v -273.584961 -16.902542 -7.214867
v -297.122375 -32.961357 0.010816
v -284.631592 -30.344608 -0.077678
v -286.942474 -9.724110 -0.077680
v -274.379639 -9.165318 5.275160
v -272.790375 -24.639755 5.275161
v -273.584961 -16.902542 7.059523
v -245.813766 -18.081587 5.275154
v -297.630951 -30.494324 5.093050
v -299.087555 -23.203274 6.728086
v -284.920502 -27.767101 5.275155
v -300.983215 -13.555494 -0.166175
v -274.644501 -6.586242 -0.077673
v -303.047699 -28.855446 3.141109
v -304.561005 -24.366205 3.958220
v -302.973175 -23.973509 6.298167
v -301.338287 -30.790394 4.729177
v -305.242859 -19.686836 3.091920
v -304.598969 -17.171656 4.656113
v -304.571625 -17.216797 -4.977561
v -301.310944 -30.835529 -4.904497
v -305.224426 -19.717228 -3.393687
v -305.932037 -18.610291 -0.157911
v -300.781219 -33.082844 -0.075483
v -304.537842 -24.404486 -4.212076
v -302.936707 -24.033691 -6.546551
v -303.029297 -28.885834 -3.344498
v -303.166656 -30.160404 -0.095945
v -305.128662 -14.924483 -0.172901
v -305.080933 -24.512604 -0.127840
v -175.135422 2.215088 -7.214874
v -214.418793 -11.614307 -5.430511
v -214.774002 -3.848783 -7.214874
v -246.392380 -10.330576 7.059516
v -246.392380 -10.330578 -7.214874
v -245.813766 -18.081589 -5.430511
v -175.291504 12.583983 -0.077680
v -174.979355 -8.153806 -0.077679
v -214.300232 -14.202695 -0.077679
v -246.971039 -2.579692 5.275153
v -247.163971 0.003852 -0.077680
v -215.129379 3.916623 5.275154
v -246.971039 -2.579693 -5.430512
v -175.135422 2.215090 7.059516
v -34.264400 0.129526 -3.005207
v -33.412369 5.830565 -1.599520
v -34.573261 0.180160 -7.214874
v -33.314850 7.858836 5.275153
v -33.412369 5.830565 1.444160
v -34.573261 0.180161 7.059516
v -35.831787 -7.498493 5.275154
v -35.522934 -7.549128 -0.077679
v -36.251179 -10.058111 -0.077679
v -35.276649 -5.545232 1.444161
v -35.276649 -5.545232 -1.599519
v -33.005997 7.808204 -0.077680
v -32.895355 10.418307 -0.077680
v -33.314850 7.858836 -5.430513
v -34.161572 0.112671 -0.077680
v -34.264400 0.129526 2.849848
# 5767 vertices

vt 0.82031 0.01563
vt 0.90234 0.01563
vt 0.82031 0.07813
vt 0.90234 0.07813
vt 0.96875 0.02148
vt 0.96875 0.01758
vt 0.96484 0.10156
vt 0.98047 0.07813
vt 0.90234 0.13281
vt 0.98047 0.13281
vt 0.82031 0.39648
vt 0.90234 0.39648
vt 0.90234 0.29688
vt 0.98047 0.29688
vt 0.90234 0.25781
vt 0.90234 0.17578
vt 0.98047 0.17578
vt 0.98047 0.25781
vt 0.90234 0.21680
vt 0.90234 0.39646
vt 0.82031 0.39646
vt 0.98047 0.21680
vt 0.90234 0.34766
vt 0.53906 0.57813
vt 0.53906 0.57617
vt 0.42969 0.60547
vt 0.45313 0.60547
vt 0.42969 0.54297
vt 0.64063 0.14453
vt 0.53516 0.14453
vt 0.64063 0.00000
vt 0.42969 0.14453
vt 0.53516 0.00000
vt 0.64063 0.00195
vt 0.53516 0.00195
vt 0.53516 0.60547
vt 0.61719 0.60547
vt 0.53516 0.54297
vt 0.45313 0.54297
vt 0.62109 0.60547
vt 0.62109 0.54297
vt 0.42969 0.00195
vt 0.42969 0.09766
vt 0.42969 0.28516
vt 0.53516 0.09766
vt 0.53516 0.37891
vt 0.42969 0.37891
vt 0.53906 0.54297
vt 0.64063 0.37891
vt 0.64063 0.19141
vt 0.53516 0.19141
vt 0.98047 0.34766
vt 0.98047 0.08594
vt 0.98047 0.14648
vt 0.90234 0.08594
vt 0.90234 0.18164
vt 0.90234 0.14648
vt 0.98047 0.18164
vt 0.98047 0.34570
vt 0.90234 0.34570
vt 0.98047 0.39648
vt 0.98047 0.01563
vt 0.63672 0.00000
vt 0.63672 0.14453
vt 0.63672 0.37891
vt 0.63672 0.19141
vt 0.43359 0.14453
vt 0.43359 0.00000
vt 0.43359 0.37891
vt 0.43359 0.19141
vt 0.94922 0.88672
vt 0.93750 0.79688
vt 0.43359 0.54297
vt 0.63672 0.54297
vt 0.64063 0.54297
vt 0.42969 0.19141
vt 0.43359 0.28516
vt 0.43359 0.09766
vt 0.63672 0.09766
vt 0.63672 0.28516
vt 0.42969 0.00000
vt 0.64063 0.28516
vt 0.64063 0.09766
vt 0.53516 0.28516
vt 0.49018 0.95729
vt 0.50400 0.95571
vt 0.50330 0.95130
vt 0.47008 0.91624
vt 0.47008 0.90091
vt 0.52801 0.93706
vt 0.60938 0.57227
vt 0.60938 0.57617
vt 0.59375 0.57227
vt 0.60938 0.57422
vt 0.59375 0.57422
vt 0.60938 0.58008
vt 0.85156 0.40039
vt 0.75391 0.40039
vt 0.75391 0.41016
vt 0.85156 0.41016
vt 0.65625 0.40039
vt 0.65625 0.41016
vt 0.64063 0.41016
vt 0.86719 0.41016
vt 0.75391 0.40430
vt 0.85938 0.40430
vt 0.75391 0.39648
vt 0.64844 0.39648
vt 0.64844 0.40430
vt 0.85156 0.54492
vt 0.86719 0.54492
vt 0.65625 0.54492
vt 0.75391 0.54492
vt 0.64063 0.54492
vt 0.64063 0.40039
vt 0.86521 0.48200
vt 0.86521 0.47614
vt 0.86521 0.48786
vt 0.64063 0.60547
vt 0.61719 0.54297
vt 0.68359 0.39648
vt 0.72656 0.39648
vt 0.68359 0.30078
vt 0.64063 0.39648
vt 0.64063 0.30078
vt 0.72656 0.30078
vt 0.73645 0.85796
vt 0.72757 0.85857
vt 0.72722 0.86092
vt 0.74104 0.85934
vt 0.72792 0.86533
vt 0.74740 0.86304
vt 0.72702 0.87079
vt 0.75285 0.87145
vt 0.75588 0.87907
vt 0.71981 0.87686
vt 0.75832 0.88702
vt 0.76014 0.89414
vt 0.76476 0.90979
vt 0.76476 0.90684
vt 0.76165 0.90062
vt 0.70352 0.87973
vt 0.76165 0.91601
vt 0.70352 0.93690
vt 0.76014 0.92249
vt 0.71981 0.93977
vt 0.75832 0.92961
vt 0.75588 0.93755
vt 0.72702 0.94584
vt 0.75285 0.94518
vt 0.74740 0.95359
vt 0.72792 0.95130
vt 0.74104 0.95729
vt 0.72722 0.95571
vt 0.73645 0.95867
vt 0.72757 0.95806
vt 0.68805 0.87485
vt 0.68827 0.87178
vt 0.68216 0.87189
vt 0.68805 0.94178
vt 0.68216 0.94474
vt 0.68827 0.94485
vt 0.54906 0.87189
vt 0.67246 0.86411
vt 0.54906 0.94474
vt 0.67246 0.95252
vt 0.55876 0.86411
vt 0.71574 0.84755
vt 0.70986 0.85219
vt 0.71453 0.85202
vt 0.71301 0.84524
vt 0.70110 0.85184
vt 0.69023 0.85229
vt 0.70565 0.84204
vt 0.68892 0.83930
vt 0.67816 0.85592
vt 0.67376 0.83778
vt 0.65796 0.83655
vt 0.64380 0.83564
vt 0.63091 0.83487
vt 0.61855 0.83331
vt 0.61267 0.83331
vt 0.55306 0.85592
vt 0.58742 0.83564
vt 0.57326 0.83655
vt 0.60031 0.83487
vt 0.55746 0.83778
vt 0.54099 0.85229
vt 0.54230 0.83930
vt 0.52557 0.84204
vt 0.52136 0.85219
vt 0.51822 0.84524
vt 0.51548 0.84755
vt 0.53012 0.85184
vt 0.51669 0.85202
vt 0.54317 0.87485
vt 0.64380 0.98099
vt 0.67816 0.96071
vt 0.54295 0.87178
vt 0.55876 0.95252
vt 0.54317 0.94178
vt 0.52770 0.87973
vt 0.47108 0.89414
vt 0.51141 0.87686
vt 0.63091 0.98175
vt 0.71301 0.97139
vt 0.70986 0.96444
vt 0.70110 0.96479
vt 0.71574 0.96908
vt 0.71579 0.96641
vt 0.70565 0.97459
vt 0.69023 0.96434
vt 0.68892 0.97733
vt 0.67376 0.97885
vt 0.65796 0.98008
vt 0.60031 0.98175
vt 0.61855 0.98331
vt 0.61267 0.98331
vt 0.58742 0.98099
vt 0.55306 0.96071
vt 0.57326 0.98008
vt 0.55746 0.97885
vt 0.54099 0.96434
vt 0.54230 0.97733
vt 0.52557 0.97459
vt 0.53012 0.96479
vt 0.51822 0.97139
vt 0.52136 0.96444
vt 0.51548 0.96908
vt 0.51544 0.96641
vt 0.54295 0.94485
vt 0.47534 0.87907
vt 0.50420 0.87079
vt 0.52770 0.93690
vt 0.46957 0.90062
vt 0.49477 0.85796
vt 0.50400 0.86092
vt 0.50366 0.85857
vt 0.49018 0.85934
vt 0.50330 0.86533
vt 0.47108 0.92249
vt 0.51141 0.93977
vt 0.46957 0.91601
vt 0.48382 0.86304
vt 0.47837 0.87145
vt 0.47291 0.88702
vt 0.46646 0.90684
vt 0.46646 0.90979
vt 0.47534 0.93755
vt 0.50420 0.94584
vt 0.47291 0.92961
vt 0.47837 0.94518
vt 0.48382 0.95359
vt 0.49477 0.95867
vt 0.50008 0.95869
vt 0.72685 0.86134
vt 0.72719 0.85900
vt 0.73604 0.85840
vt 0.74062 0.85977
vt 0.74695 0.86346
vt 0.72754 0.86573
vt 0.75238 0.87184
vt 0.72664 0.87118
vt 0.75540 0.87944
vt 0.75783 0.88735
vt 0.71946 0.87723
vt 0.75965 0.89445
vt 0.76116 0.90091
vt 0.76425 0.90710
vt 0.76425 0.91005
vt 0.70323 0.88008
vt 0.76116 0.91624
vt 0.75965 0.92270
vt 0.70323 0.93706
vt 0.75783 0.92980
vt 0.71946 0.93992
vt 0.75540 0.93771
vt 0.75238 0.94531
vt 0.72664 0.94597
vt 0.74695 0.95369
vt 0.74062 0.95738
vt 0.72754 0.95141
vt 0.73604 0.95875
vt 0.72685 0.95581
vt 0.72719 0.95814
vt 0.68194 0.87228
vt 0.68803 0.87216
vt 0.68780 0.87522
vt 0.68780 0.94192
vt 0.68803 0.94499
vt 0.68194 0.94487
vt 0.67228 0.86452
vt 0.54930 0.87228
vt 0.67228 0.95263
vt 0.54930 0.94487
vt 0.55897 0.86452
vt 0.71420 0.85247
vt 0.70955 0.85264
vt 0.71540 0.84802
vt 0.70081 0.85230
vt 0.71268 0.84572
vt 0.68867 0.83980
vt 0.70534 0.84253
vt 0.68998 0.85275
vt 0.65782 0.83706
vt 0.67357 0.83829
vt 0.67796 0.85636
vt 0.63086 0.83539
vt 0.64371 0.83615
vt 0.61269 0.83383
vt 0.61855 0.83383
vt 0.57342 0.83706
vt 0.58753 0.83615
vt 0.55328 0.85636
vt 0.60038 0.83539
vt 0.55768 0.83829
vt 0.52590 0.84253
vt 0.54257 0.83980
vt 0.54125 0.85275
vt 0.51584 0.84802
vt 0.51856 0.84572
vt 0.52169 0.85264
vt 0.53043 0.85230
vt 0.51705 0.85247
vt 0.54344 0.87522
vt 0.67796 0.96079
vt 0.64371 0.98100
vt 0.54321 0.87216
vt 0.55897 0.95263
vt 0.52801 0.88008
vt 0.54344 0.94192
vt 0.51178 0.87723
vt 0.47159 0.89445
vt 0.63086 0.98176
vt 0.70081 0.96485
vt 0.70955 0.96451
vt 0.71268 0.97143
vt 0.71545 0.96647
vt 0.71540 0.96913
vt 0.70534 0.97462
vt 0.68867 0.97735
vt 0.68999 0.96440
vt 0.67357 0.97886
vt 0.65782 0.98009
vt 0.60038 0.98176
vt 0.61269 0.98331
vt 0.58753 0.98100
vt 0.57342 0.98009
vt 0.55328 0.96079
vt 0.55768 0.97886
vt 0.54257 0.97735
vt 0.54125 0.96440
vt 0.52590 0.97462
vt 0.51856 0.97143
vt 0.53043 0.96485
vt 0.51584 0.96913
vt 0.52169 0.96451
vt 0.51579 0.96647
vt 0.54321 0.94499
vt 0.50460 0.87118
vt 0.47584 0.87944
vt 0.50049 0.85838
vt 0.50439 0.86134
vt 0.49520 0.85840
vt 0.50370 0.86573
vt 0.49062 0.85977
vt 0.48429 0.86346
vt 0.47886 0.87184
vt 0.47341 0.88735
vt 0.46425 0.90857
vt 0.47341 0.92980
vt 0.47159 0.92270
vt 0.51178 0.93992
vt 0.47886 0.94531
vt 0.47584 0.93771
vt 0.50460 0.94597
vt 0.49062 0.95738
vt 0.48429 0.95369
vt 0.50370 0.95141
vt 0.50049 0.95877
vt 0.49520 0.95875
vt 0.50439 0.95581
vt 0.59375 0.57617
vt 0.59375 0.58008
vt 0.86719 0.40039
vt 0.85938 0.39648
vt 0.97965 0.99064
vt 0.97794 0.99149
vt 0.98305 0.99149
vt 0.98135 0.99064
vt 0.98305 0.98894
vt 0.98135 0.98979
vt 0.97794 0.98894
vt 0.97965 0.98979
vt 0.76465 0.69243
vt 0.71950 0.66985
vt 0.67435 0.69243
vt 0.71950 0.71500
vt 0.98302 0.98756
vt 0.97799 0.98756
vt 0.97967 0.98672
vt 0.98135 0.98672
vt 0.98302 0.98504
vt 0.98135 0.98589
vt 0.97799 0.98504
vt 0.97967 0.98589
vt 0.76469 0.69239
vt 0.71954 0.66981
vt 0.67439 0.69239
vt 0.71954 0.71496
vt 0.43332 0.75109
vt 0.33346 0.70115
vt 0.23361 0.75109
vt 0.33346 0.80100
vt 0.43340 0.75100
vt 0.33355 0.70106
vt 0.23370 0.75100
vt 0.33355 0.80091
vt 0.04297 0.42188
vt 0.10547 0.42188
vt 0.04297 0.44336
vt 0.10547 0.44336
vt 0.04297 0.38672
vt 0.10547 0.38672
vt 0.04297 0.25195
vt 0.01563 0.44336
vt 0.19531 0.44336
vt 0.19531 0.42188
vt 0.17188 0.44336
vt 0.17188 0.38672
vt 0.17188 0.25195
vt 0.19531 0.38672
vt 0.17188 0.42188
vt 0.01563 0.42188
vt 0.17188 0.45117
vt 0.19531 0.05664
vt 0.19531 0.10938
vt 0.17188 0.05664
vt 0.17188 0.40039
vt 0.04297 0.40039
vt 0.10547 0.40039
vt 0.04297 0.41406
vt 0.17188 0.41406
vt 0.01563 0.25195
vt 0.04297 0.17383
vt 0.01563 0.41406
vt 0.10547 0.41406
vt 0.17188 0.17383
vt 0.10547 0.17383
vt 0.01563 0.40039
vt 0.19531 0.40039
vt 0.19531 0.41406
vt 0.04297 0.03125
vt 0.10547 0.03125
vt 0.04297 0.01367
vt 0.10547 0.01367
vt 0.17188 0.01367
vt 0.17188 0.03125
vt 0.04297 0.05664
vt 0.10547 0.05664
vt 0.19531 0.01367
vt 0.19531 0.03125
vt 0.01563 0.03125
vt 0.17188 0.10938
vt 0.01563 0.01367
vt 0.01563 0.05664
vt 0.17188 0.00391
vt 0.10547 0.00391
vt 0.10547 0.00586
vt 0.17188 0.00586
vt 0.04297 0.00586
vt 0.01563 0.00586
vt 0.04297 0.00391
vt 0.19531 0.00586
vt 0.10547 0.25195
vt 0.10547 0.10938
vt 0.01563 0.38672
vt 0.19531 0.25195
vt 0.19531 0.17383
vt 0.04297 0.10938
vt 0.01563 0.10938
vt 0.01563 0.17383
vt 0.10547 0.45117
vt 0.04297 0.45117
vt 0.19531 0.45117
vt 0.17969 0.45117
vt 0.01563 0.45117
vt 0.60807 0.72492
vt 0.60667 0.72488
vt 0.60725 0.72490
vt 0.60663 0.74573
vt 0.60739 0.70014
vt 0.60690 0.70254
vt 0.00000 0.00000
vt 0.18359 0.47070
vt 0.18359 0.66016
vt 0.10547 0.47070
vt 0.03125 0.73047
vt 0.00000 0.73047
vt 0.03125 0.91797
vt 0.18359 0.91797
vt 0.18359 0.73047
vt 0.10547 0.91797
vt 0.21094 0.91797
vt 0.21094 0.73047
vt -0.00000 0.91797
vt 0.10547 0.73047
vt 0.03516 0.47070
vt 0.03516 0.68359
vt 0.18359 0.68359
vt 0.21094 0.47070
vt 0.00000 0.68359
vt 0.03125 0.66016
vt 0.10547 0.66016
vt 0.03125 0.47070
vt 0.10547 0.68359
vt 0.00000 0.66016
vt 0.21094 0.66016
vt 0.21094 0.68359
vt -0.00000 0.47070
vt 0.89063 0.57617
vt 0.89063 0.55469
vt 0.64063 0.57617
vt 0.64063 0.66992
vt 0.89063 0.66992
vt 0.64063 0.64063
vt 0.89063 0.54492
vt 0.89063 0.55859
vt 0.89063 0.64063
vt 0.64063 0.55469
vt 0.86719 0.42188
vt 0.88672 0.43164
vt 0.86719 0.43164
vt 0.88672 0.42188
vt 0.86719 0.42578
vt 0.88672 0.42578
vt 0.88672 0.42773
vt 0.86719 0.42773
vt 0.86719 0.39648
vt 0.88672 0.39648
vt 0.49624 0.56402
vt 0.50660 0.56402
vt 0.47835 0.56951
vt 0.53434 0.57936
vt 0.47159 0.57830
vt 0.47835 0.57427
vt 0.46850 0.57936
vt 0.53125 0.57830
vt 0.52449 0.57428
vt 0.49625 0.56403
vt 0.47611 0.57189
vt 0.50661 0.56403
vt 0.56781 0.57800
vt 0.56663 0.58376
vt 0.56998 0.58376
vt 0.56348 0.57800
vt 0.54084 0.57800
vt 0.56246 0.58376
vt 0.52603 0.57800
vt 0.53163 0.57800
vt 0.52800 0.58376
vt 0.53664 0.57800
vt 0.54060 0.58376
vt 0.54120 0.57800
vt 0.53485 0.57800
vt 0.54305 0.58376
vt 0.53207 0.57800
vt 0.50907 0.57800
vt 0.53213 0.58376
vt 0.55433 0.57800
vt 0.55427 0.58376
vt 0.53357 0.58376
vt 0.53159 0.57800
vt 0.53951 0.58376
vt 0.53655 0.58376
vt 0.53753 0.57800
vt 0.55063 0.58376
vt 0.53456 0.57800
vt 0.52872 0.57800
vt 0.53643 0.58376
vt 0.55113 0.57224
vt 0.54797 0.57224
vt 0.55113 0.58376
vt 0.51089 0.58376
vt 0.51089 0.57224
vt 0.55969 0.58376
vt 0.55446 0.57224
vt 0.51673 0.57224
vt 0.55446 0.58376
vt 0.56279 0.58376
vt 0.56279 0.57224
vt 0.57453 0.58376
vt 0.53671 0.57224
vt 0.54305 0.57224
vt 0.56603 0.58442
vt 0.57777 0.58442
vt 0.56603 0.57290
vt 0.51709 0.58376
vt 0.51709 0.57224
vt 0.55482 0.58376
vt 0.55045 0.58376
vt 0.55045 0.57224
vt 0.55368 0.58376
vt 0.53795 0.58376
vt 0.53795 0.57224
vt 0.54176 0.58376
vt 0.52448 0.57427
vt 0.53902 0.57068
vt 0.54848 0.57451
vt 0.47836 0.57428
vt 0.52449 0.56951
vt 0.53359 0.58376
vt 0.50410 0.57800
vt 0.50061 0.57800
vt 0.50510 0.58376
vt 0.54002 0.57224
vt 0.53604 0.57224
vt 0.53604 0.58376
vt 0.53357 0.57224
vt 0.52541 0.60547
vt 0.47266 0.60547
vt 0.52541 0.68945
vt 0.57813 0.60547
vt 0.62109 0.68945
vt 0.52525 0.68945
vt 0.52525 0.60547
vt 0.57813 0.68945
vt 0.42969 0.68945
vt 0.52553 0.60547
vt 0.52553 0.68945
vt 0.47266 0.68945
vt 0.88672 0.73438
vt 0.80078 0.75391
vt 0.80469 0.73438
vt 0.94922 0.88867
vt 0.94922 0.79883
vt 0.93359 0.79883
vt 0.94922 0.79492
vt 0.94922 0.80273
vt 0.94922 0.79688
vt 0.93359 0.80273
vt 0.93359 0.79492
vt 0.64063 0.55859
vt 0.52674 0.57189
vt 0.53353 0.56647
vt 0.50142 0.56163
vt 0.46695 0.56719
vt 0.46381 0.57068
vt 0.47610 0.57189
vt 0.45435 0.57451
vt 0.45970 0.57076
vt 0.45317 0.58134
vt 0.46752 0.58131
vt 0.54966 0.58134
vt 0.53531 0.58131
vt 0.54314 0.57076
vt 0.52675 0.57189
vt 0.54850 0.57451
vt 0.54967 0.58134
vt 0.53532 0.58131
vt 0.45319 0.58134
vt 0.46753 0.58131
vt 0.45436 0.57451
vt 0.46382 0.57068
vt 0.53590 0.56719
vt 0.53904 0.57068
vt 0.46931 0.56647
vt 0.50143 0.56163
vt 0.50991 0.58376
vt 0.55057 0.57800
vt 0.53059 0.58376
vt 0.54797 0.58376
vt 0.55969 0.57224
vt 0.51673 0.58376
vt 0.57453 0.57224
vt 0.57777 0.57290
vt 0.55482 0.57224
vt 0.55368 0.57224
vt 0.54176 0.57224
vt 0.54313 0.57076
vt 0.53671 0.58376
vt 0.93359 0.79688
vt 0.43446 0.75102
vt 0.33677 0.70216
vt 0.23908 0.75102
vt 0.33677 0.79985
vt 0.43454 0.75093
vt 0.33685 0.70207
vt 0.23916 0.75093
vt 0.33685 0.79976
vt 0.54297 0.57813
vt 0.54297 0.57617
vt 0.59766 0.58203
vt 0.60938 0.58398
vt 0.60938 0.58203
vt 0.59375 0.58203
vt 0.60938 0.58789
vt 0.59375 0.58398
vt 0.59375 0.58789
vt 0.42933 0.75019
vt 0.33408 0.70255
vt 0.23883 0.75019
vt 0.33408 0.79780
vt 0.42941 0.75010
vt 0.33416 0.70246
vt 0.23891 0.75010
vt 0.33416 0.79771
vt 0.53125 0.58203
vt 0.53125 0.58008
vt 0.57128 0.57800
vt 0.56542 0.57800
vt 0.56433 0.58376
vt 0.50174 0.58376
vt 0.50702 0.57800
vt 0.56998 0.57224
vt 0.56433 0.57224
vt 0.56246 0.57224
vt 0.50828 0.58376
vt 0.50828 0.57224
vt 0.54002 0.58376
vt 0.53223 0.57224
vt 0.52800 0.57224
vt 0.50510 0.57224
vt 0.50174 0.57224
vt 0.54060 0.57224
vt 0.53655 0.57224
vt 0.50991 0.57224
vt 0.53213 0.57224
vt 0.55427 0.57224
vt 0.53951 0.57224
vt 0.56215 0.58376
vt 0.53643 0.57224
vt 0.53059 0.57224
vt 0.53397 0.57224
vt 0.53397 0.58376
vt 0.46930 0.56647
vt 0.52448 0.56951
vt 0.53588 0.56719
vt 0.46849 0.57936
vt 0.53124 0.57830
vt 0.53435 0.57936
vt 0.47160 0.57830
vt 0.45971 0.57076
vt 0.53355 0.56647
vt 0.47836 0.56951
vt 0.46696 0.56719
vt 0.50793 0.58376
vt 0.56663 0.57224
vt 0.53223 0.58376
vt 0.53359 0.57224
vt 0.50793 0.57224
vt 0.57593 0.57800
vt 0.56463 0.57866
vt 0.55063 0.57224
vt 0.56215 0.57224
vt 0.21094 0.87109
vt 0.33984 0.86719
vt 0.27734 0.96875
vt 0.38672 0.96484
vt 0.21094 0.62109
vt 0.32422 0.62109
vt 0.26172 0.47266
vt 0.68750 0.96484
vt 0.60938 0.96484
vt 0.67188 0.86328
vt 0.60938 0.95703
vt 0.59375 0.86328
vt 0.53125 0.95703
vt 0.62500 0.61719
vt 0.60938 0.47266
vt 0.54688 0.62109
vt 0.50000 0.95703
vt 0.44922 0.86328
vt 0.53125 0.96484
vt 0.51563 0.86719
vt 0.51563 0.97656
vt 0.46484 0.12891
vt 0.48047 0.22656
vt 0.54688 0.12500
vt 0.44922 0.62109
vt 0.43359 0.74609
vt 0.19531 0.74609
vt 0.30859 0.74609
vt 0.48047 0.74609
vt 0.56250 0.74609
vt 0.46484 0.62109
vt 0.57813 0.32813
vt 0.60938 0.46875
vt 0.50000 0.32813
vt 0.59375 0.86719
vt 0.56250 0.74219
vt 0.59375 0.33203
vt 0.48047 0.33203
vt 0.50000 0.47656
vt 0.64063 0.74219
vt 0.54688 0.61719
vt 0.51563 0.86328
vt 0.64063 0.74609
vt 0.60938 0.07031
vt 0.71875 0.07422
vt 0.67188 0.02344
vt 0.78516 0.03125
vt 0.87891 0.03516
vt 0.84766 0.07813
vt 0.56250 0.11719
vt 0.67188 0.12109
vt 0.44922 0.04297
vt 0.46484 0.08203
vt 0.53125 0.03906
vt 0.54688 0.08203
vt 0.37109 0.07422
vt 0.44922 0.07031
vt 0.38672 0.11719
vt 0.80078 0.12109
vt 0.68750 0.22266
vt 0.76953 0.03125
vt 0.38672 0.08203
vt 0.37109 0.03906
vt 0.37109 0.02734
vt 0.44922 0.02344
vt 0.46484 0.11719
vt 0.54688 0.11719
vt 0.46484 0.37891
vt 0.44922 0.39453
vt 0.41797 0.39844
vt 0.43359 0.37500
vt 0.46484 0.41016
vt 0.44922 0.41797
vt 0.68750 0.00781
vt 0.89453 0.02344
vt 0.56250 0.41016
vt 0.59375 0.41797
vt 0.51563 0.41406
vt 0.44922 0.02734
vt 0.57813 0.39453
vt 0.60938 0.39453
vt 0.56250 0.37891
vt 0.57813 0.37109
vt 0.51563 0.37500
vt 0.37109 0.01172
vt 0.44922 0.00781
vt 0.53125 0.02734
vt 0.51563 0.39453
vt 0.38672 0.47266
vt 0.57813 0.21875
vt 0.46484 0.61719
vt 0.53125 0.46875
vt 0.44922 0.47656
vt 0.53125 0.47656
vt 0.41797 0.33594
vt 0.57813 0.33203
vt 0.56250 0.22266
vt 0.50000 0.33594
vt 0.40234 0.21875
vt 0.48047 0.21484
vt 0.41797 0.33203
vt 0.40234 0.22656
vt 0.38672 0.12500
vt 0.56250 0.21484
vt 0.35547 0.33203
vt 0.46484 0.21875
vt 0.44922 0.47266
vt 0.54688 0.07031
vt 0.57813 0.52734
vt 0.56250 0.54688
vt 0.64063 0.52734
vt 0.44922 0.55859
vt 0.51563 0.55078
vt 0.41797 0.52734
vt 0.53125 0.50000
vt 0.53125 0.48828
vt 0.44922 0.50000
vt 0.51563 0.50781
vt 0.60938 0.50000
vt 0.54688 0.50781
vt 0.68750 0.95703
vt 0.60938 0.97266
vt 0.27734 0.98438
vt 0.40234 0.98047
vt 0.53125 0.55469
vt 0.54688 0.56641
vt 0.60938 0.55469
vt 0.53125 0.97656
vt 0.53125 0.98438
vt 0.53125 0.52734
vt 0.48047 0.52734
vt 0.68750 0.98047
vt 0.58594 0.48047
vt 0.58594 0.51953
vt 0.70313 0.47266
vt 0.74219 0.51953
vt 0.77734 0.50000
vt 0.74219 0.48047
vt 0.15625 0.51953
vt 0.15625 0.48047
vt 0.26953 0.47266
vt 0.78516 0.01563
vt 0.51563 0.42578
vt 0.50000 0.36328
vt 0.51563 0.01172
vt 0.68750 0.97266
vt 0.60938 0.98438
vt 0.82031 0.51953
vt 0.82031 0.48047
vt 0.85938 0.50000
vt 0.70313 0.52734
vt 0.54688 0.50000
vt 0.62500 0.47266
vt 0.62500 0.52734
vt 0.50781 0.48047
vt 0.50781 0.51953
vt 0.46875 0.50000
vt 0.11719 0.50000
vt 0.26953 0.52734
vt 0.38672 0.51953
vt 0.38672 0.48047
vt 0.42188 0.50000
# 917 texture vertices

# Nameless King stage 5; generated from Last Smith odachi
v -260.000000 -12.900000 -1.050000
v -210.000000 -2.189286 -1.050000
v -155.000000 5.100000 -1.050000
v -95.000000 7.278947 -1.050000
v -49.000000 3.482609 -1.050000
v -49.000000 4.582609 -1.050000
v -95.000000 8.378947 -1.050000
v -155.000000 6.200000 -1.050000
v -210.000000 -1.089286 -1.050000
v -260.000000 -11.800000 -1.050000
v -260.000000 -12.900000 1.050000
v -210.000000 -2.189286 1.050000
v -155.000000 5.100000 1.050000
v -95.000000 7.278947 1.050000
v -49.000000 3.482609 1.050000
v -49.000000 4.582609 1.050000
v -95.000000 8.378947 1.050000
v -155.000000 6.200000 1.050000
v -210.000000 -1.089286 1.050000
v -260.000000 -11.800000 1.050000
v -34.000000 -9.000000 15.100000
v -28.500000 0.000000 15.100000
v -34.000000 9.000000 15.100000
v -39.500000 0.000000 15.100000
v -34.000000 -9.000000 16.500000
v -28.500000 0.000000 16.500000
v -34.000000 9.000000 16.500000
v -39.500000 0.000000 16.500000
v -34.000000 -9.000000 -16.500000
v -28.500000 0.000000 -16.500000
v -34.000000 9.000000 -16.500000
v -39.500000 0.000000 -16.500000
v -34.000000 -9.000000 -15.100000
v -28.500000 0.000000 -15.100000
v -34.000000 9.000000 -15.100000
v -39.500000 0.000000 -15.100000
v -21.383800 1.399200 0.000000
v -21.618122 0.728898 2.650000
v -22.258300 -1.102400 4.589935
v -23.132800 -3.604000 5.300000
v -24.007300 -6.105600 4.589935
v -24.647478 -7.936898 2.650000
v -24.881800 -8.607200 0.000000
v -24.647478 -7.936898 -2.650000
v -24.007300 -6.105600 -4.589935
v -23.132800 -3.604000 -5.300000
v -22.258300 -1.102400 -4.589935
v -21.618122 0.728898 -2.650000
v -19.118200 0.607200 0.000000
v -19.352522 -0.063102 2.650000
v -19.992700 -1.894400 4.589935
v -20.867200 -4.396000 5.300000
v -21.741700 -6.897600 4.589935
v -22.381878 -8.728898 2.650000
v -22.616200 -9.399200 0.000000
v -22.381878 -8.728898 -2.650000
v -21.741700 -6.897600 -4.589935
v -20.867200 -4.396000 -5.300000
v -19.992700 -1.894400 -4.589935
v -19.352522 -0.063102 -2.650000
v -21.614800 0.738400 0.000000
v -21.818173 0.156629 2.300000
v -22.373800 -1.432800 3.983717
v -23.132800 -3.604000 4.600000
v -23.891800 -5.775200 3.983717
v -24.447427 -7.364629 2.300000
v -24.650800 -7.946400 0.000000
v -24.447427 -7.364629 -2.300000
v -23.891800 -5.775200 -3.983717
v -23.132800 -3.604000 -4.600000
v -22.373800 -1.432800 -3.983717
v -21.818173 0.156629 -2.300000
v -19.349200 -0.053600 0.000000
v -19.552573 -0.635371 2.300000
v -20.108200 -2.224800 3.983717
v -20.867200 -4.396000 4.600000
v -21.626200 -6.567200 3.983717
v -22.181827 -8.156629 2.300000
v -22.385200 -8.738400 0.000000
v -22.181827 -8.156629 -2.300000
v -21.626200 -6.567200 -3.983717
v -20.867200 -4.396000 -4.600000
v -20.108200 -2.224800 -3.983717
v -19.552573 -0.635371 -2.300000
v 4.616200 -7.600800 0.000000
v 4.381878 -8.271102 2.650000
v 3.741700 -10.102400 4.589935
v 2.867200 -12.604000 5.300000
v 1.992700 -15.105600 4.589935
v 1.352522 -16.936898 2.650000
v 1.118200 -17.607200 0.000000
v 1.352522 -16.936898 -2.650000
v 1.992700 -15.105600 -4.589935
v 2.867200 -12.604000 -5.300000
v 3.741700 -10.102400 -4.589935
v 4.381878 -8.271102 -2.650000
v 6.881800 -8.392800 0.000000
v 6.647478 -9.063102 2.650000
v 6.007300 -10.894400 4.589935
v 5.132800 -13.396000 5.300000
v 4.258300 -15.897600 4.589935
v 3.618122 -17.728898 2.650000
v 3.383800 -18.399200 0.000000
v 3.618122 -17.728898 -2.650000
v 4.258300 -15.897600 -4.589935
v 5.132800 -13.396000 -5.300000
v 6.007300 -10.894400 -4.589935
v 6.647478 -9.063102 -2.650000
v 4.385200 -8.261600 0.000000
v 4.181827 -8.843371 2.300000
v 3.626200 -10.432800 3.983717
v 2.867200 -12.604000 4.600000
v 2.108200 -14.775200 3.983717
v 1.552573 -16.364629 2.300000
v 1.349200 -16.946400 0.000000
v 1.552573 -16.364629 -2.300000
v 2.108200 -14.775200 -3.983717
v 2.867200 -12.604000 -4.600000
v 3.626200 -10.432800 -3.983717
v 4.181827 -8.843371 -2.300000
v 6.650800 -9.053600 0.000000
v 6.447427 -9.635371 2.300000
v 5.891800 -11.224800 3.983717
v 5.132800 -13.396000 4.600000
v 4.373800 -15.567200 3.983717
v 3.818173 -17.156629 2.300000
v 3.614800 -17.738400 0.000000
v 3.818173 -17.156629 -2.300000
v 4.373800 -15.567200 -3.983717
v 5.132800 -13.396000 -4.600000
v 5.891800 -11.224800 -3.983717
v 6.447427 -9.635371 -2.300000
v 28.616200 -15.600800 0.000000
v 28.381878 -16.271102 2.650000
v 27.741700 -18.102400 4.589935
v 26.867200 -20.604000 5.300000
v 25.992700 -23.105600 4.589935
v 25.352522 -24.936898 2.650000
v 25.118200 -25.607200 0.000000
v 25.352522 -24.936898 -2.650000
v 25.992700 -23.105600 -4.589935
v 26.867200 -20.604000 -5.300000
v 27.741700 -18.102400 -4.589935
v 28.381878 -16.271102 -2.650000
v 30.881800 -16.392800 0.000000
v 30.647478 -17.063102 2.650000
v 30.007300 -18.894400 4.589935
v 29.132800 -21.396000 5.300000
v 28.258300 -23.897600 4.589935
v 27.618122 -25.728898 2.650000
v 27.383800 -26.399200 0.000000
v 27.618122 -25.728898 -2.650000
v 28.258300 -23.897600 -4.589935
v 29.132800 -21.396000 -5.300000
v 30.007300 -18.894400 -4.589935
v 30.647478 -17.063102 -2.650000
v 28.385200 -16.261600 0.000000
v 28.181827 -16.843371 2.300000
v 27.626200 -18.432800 3.983717
v 26.867200 -20.604000 4.600000
v 26.108200 -22.775200 3.983717
v 25.552573 -24.364629 2.300000
v 25.349200 -24.946400 0.000000
v 25.552573 -24.364629 -2.300000
v 26.108200 -22.775200 -3.983717
v 26.867200 -20.604000 -4.600000
v 27.626200 -18.432800 -3.983717
v 28.181827 -16.843371 -2.300000
v 30.650800 -17.053600 0.000000
v 30.447427 -17.635371 2.300000
v 29.891800 -19.224800 3.983717
v 29.132800 -21.396000 4.600000
v 28.373800 -23.567200 3.983717
v 27.818173 -25.156629 2.300000
v 27.614800 -25.738400 0.000000
v 27.818173 -25.156629 -2.300000
v 28.373800 -23.567200 -3.983717
v 29.132800 -21.396000 -4.600000
v 29.891800 -19.224800 -3.983717
v 30.447427 -17.635371 -2.300000
v 42.913200 -19.751200 0.000000
v 42.639088 -20.535327 3.100000
v 41.890200 -22.677600 5.369358
v 40.867200 -25.604000 6.200000
v 39.844200 -28.530400 5.369358
v 39.095312 -30.672673 3.100000
v 38.821200 -31.456800 0.000000
v 39.095312 -30.672673 -3.100000
v 39.844200 -28.530400 -5.369358
v 40.867200 -25.604000 -6.200000
v 41.890200 -22.677600 -5.369358
v 42.639088 -20.535327 -3.100000
v 45.178800 -20.543200 0.000000
v 44.904688 -21.327327 3.100000
v 44.155800 -23.469600 5.369358
v 43.132800 -26.396000 6.200000
v 42.109800 -29.322400 5.369358
v 41.360912 -31.464673 3.100000
v 41.086800 -32.248800 0.000000
v 41.360912 -31.464673 -3.100000
v 42.109800 -29.322400 -5.369358
v 43.132800 -26.396000 -6.200000
v 44.155800 -23.469600 -5.369358
v 44.904688 -21.327327 -3.100000
v 42.682200 -20.412000 0.000000
v 42.439036 -21.107596 2.750000
v 41.774700 -23.008000 4.763140
v 40.867200 -25.604000 5.500000
v 39.959700 -28.200000 4.763140
v 39.295364 -30.100404 2.750000
v 39.052200 -30.796000 0.000000
v 39.295364 -30.100404 -2.750000
v 39.959700 -28.200000 -4.763140
v 40.867200 -25.604000 -5.500000
v 41.774700 -23.008000 -4.763140
v 42.439036 -21.107596 -2.750000
v 44.947800 -21.204000 0.000000
v 44.704636 -21.899596 2.750000
v 44.040300 -23.800000 4.763140
v 43.132800 -26.396000 5.500000
v 42.225300 -28.992000 4.763140
v 41.560964 -30.892404 2.750000
v 41.317800 -31.588000 0.000000
v 41.560964 -30.892404 -2.750000
v 42.225300 -28.992000 -4.763140
v 43.132800 -26.396000 -5.500000
v 44.040300 -23.800000 -4.763140
v 44.704636 -21.899596 -2.750000
v -276.200000 -25.500000 -5.400000
v -273.800000 -25.500000 -5.400000
v -273.800000 -10.500000 -5.400000
v -276.200000 -10.500000 -5.400000
v -276.200000 -25.500000 5.400000
v -273.800000 -25.500000 5.400000
v -273.800000 -10.500000 5.400000
v -276.200000 -10.500000 5.400000
v -176.200000 -5.500000 -5.400000
v -173.800000 -5.500000 -5.400000
v -173.800000 9.500000 -5.400000
v -176.200000 9.500000 -5.400000
v -176.200000 -5.500000 5.400000
v -173.800000 -5.500000 5.400000
v -173.800000 9.500000 5.400000
v -176.200000 9.500000 5.400000
v -111.200000 -1.000000 -5.400000
v -108.800000 -1.000000 -5.400000
v -108.800000 14.000000 -5.400000
v -111.200000 14.000000 -5.400000
v -111.200000 -1.000000 5.400000
v -108.800000 -1.000000 5.400000
v -108.800000 14.000000 5.400000
v -111.200000 14.000000 5.400000
v -133.000000 2.233333 4.700000
v -127.200000 5.733333 4.700000
v -133.000000 9.233333 4.700000
v -138.800000 5.733333 4.700000
v -133.000000 2.233333 5.600000
v -127.200000 5.733333 5.600000
v -133.000000 9.233333 5.600000
v -138.800000 5.733333 5.600000
v -133.000000 2.233333 -5.600000
v -127.200000 5.733333 -5.600000
v -133.000000 9.233333 -5.600000
v -138.800000 5.733333 -5.600000
v -133.000000 2.233333 -4.700000
v -127.200000 5.733333 -4.700000
v -133.000000 9.233333 -4.700000
v -138.800000 5.733333 -4.700000
v -155.000000 0.500000 4.700000
v -149.200000 4.000000 4.700000
v -155.000000 7.500000 4.700000
v -160.800000 4.000000 4.700000
v -155.000000 0.500000 5.600000
v -149.200000 4.000000 5.600000
v -155.000000 7.500000 5.600000
v -160.800000 4.000000 5.600000
v -155.000000 0.500000 -5.600000
v -149.200000 4.000000 -5.600000
v -155.000000 7.500000 -5.600000
v -160.800000 4.000000 -5.600000
v -155.000000 0.500000 -4.700000
v -149.200000 4.000000 -4.700000
v -155.000000 7.500000 -4.700000
v -160.800000 4.000000 -4.700000
v -177.000000 -1.781250 4.700000
v -171.200000 1.718750 4.700000
v -177.000000 5.218750 4.700000
v -182.800000 1.718750 4.700000
v -177.000000 -1.781250 5.600000
v -171.200000 1.718750 5.600000
v -177.000000 5.218750 5.600000
v -182.800000 1.718750 5.600000
v -177.000000 -1.781250 -5.600000
v -171.200000 1.718750 -5.600000
v -177.000000 5.218750 -5.600000
v -182.800000 1.718750 -5.600000
v -177.000000 -1.781250 -4.700000
v -171.200000 1.718750 -4.700000
v -177.000000 5.218750 -4.700000
v -182.800000 1.718750 -4.700000
v -199.000000 -4.875000 4.700000
v -193.200000 -1.375000 4.700000
v -199.000000 2.125000 4.700000
v -204.800000 -1.375000 4.700000
v -199.000000 -4.875000 5.600000
v -193.200000 -1.375000 5.600000
v -199.000000 2.125000 5.600000
v -204.800000 -1.375000 5.600000
v -199.000000 -4.875000 -5.600000
v -193.200000 -1.375000 -5.600000
v -199.000000 2.125000 -5.600000
v -204.800000 -1.375000 -5.600000
v -199.000000 -4.875000 -4.700000
v -193.200000 -1.375000 -4.700000
v -199.000000 2.125000 -4.700000
v -204.800000 -1.375000 -4.700000
v -221.000000 -8.750000 4.700000
v -215.200000 -5.250000 4.700000
v -221.000000 -1.750000 4.700000
v -226.800000 -5.250000 4.700000
v -221.000000 -8.750000 5.600000
v -215.200000 -5.250000 5.600000
v -221.000000 -1.750000 5.600000
v -226.800000 -5.250000 5.600000
v -221.000000 -8.750000 -5.600000
v -215.200000 -5.250000 -5.600000
v -221.000000 -1.750000 -5.600000
v -226.800000 -5.250000 -5.600000
v -221.000000 -8.750000 -4.700000
v -215.200000 -5.250000 -4.700000
v -221.000000 -1.750000 -4.700000
v -226.800000 -5.250000 -4.700000
v -254.000000 -11.000000 -6.000000
v -232.000000 -7.000000 -6.000000
v -240.000000 -9.000000 -6.000000
v -207.000000 -1.000000 -6.000000
v -222.000000 -2.000000 -6.000000
v -249.000000 -8.000000 -6.000000
v -254.000000 -11.000000 -5.100000
v -232.000000 -7.000000 -5.100000
v -240.000000 -9.000000 -5.100000
v -207.000000 -1.000000 -5.100000
v -222.000000 -2.000000 -5.100000
v -249.000000 -8.000000 -5.100000
v -254.000000 -11.000000 5.100000
v -232.000000 -7.000000 5.100000
v -240.000000 -9.000000 5.100000
v -207.000000 -1.000000 5.100000
v -222.000000 -2.000000 5.100000
v -249.000000 -8.000000 5.100000
v -254.000000 -11.000000 6.000000
v -232.000000 -7.000000 6.000000
v -240.000000 -9.000000 6.000000
v -207.000000 -1.000000 6.000000
v -222.000000 -2.000000 6.000000
v -249.000000 -8.000000 6.000000
v -40.000000 -17.000000 -3.000000
v -34.000000 -25.000000 -3.000000
v -30.000000 -13.000000 -3.000000
v -37.000000 -5.000000 -3.000000
v -40.000000 -17.000000 3.000000
v -34.000000 -25.000000 3.000000
v -30.000000 -13.000000 3.000000
v -37.000000 -5.000000 3.000000
v -37.000000 -13.000000 -3.700000
v -32.000000 -17.000000 -3.700000
v -35.000000 -9.000000 -3.700000
v -37.000000 -13.000000 3.700000
v -32.000000 -17.000000 3.700000
v -35.000000 -9.000000 3.700000
v -37.000000 5.000000 -3.000000
v -30.000000 13.000000 -3.000000
v -34.000000 25.000000 -3.000000
v -40.000000 17.000000 -3.000000
v -37.000000 5.000000 3.000000
v -30.000000 13.000000 3.000000
v -34.000000 25.000000 3.000000
v -40.000000 17.000000 3.000000
v -35.000000 9.000000 -3.700000
v -32.000000 17.000000 -3.700000
v -37.000000 13.000000 -3.700000
v -35.000000 9.000000 3.700000
v -32.000000 17.000000 3.700000
v -37.000000 13.000000 3.700000
v -77.000000 4.436842 -1.450000
v -73.500000 6.036842 -1.450000
v -77.000000 7.636842 -1.450000
v -80.500000 6.036842 -1.450000
v -77.000000 4.436842 1.450000
v -73.500000 6.036842 1.450000
v -77.000000 7.636842 1.450000
v -80.500000 6.036842 1.450000
v -122.000000 5.400000 -1.450000
v -118.500000 7.000000 -1.450000
v -122.000000 8.600000 -1.450000
v -125.500000 7.000000 -1.450000
v -122.000000 5.400000 1.450000
v -118.500000 7.000000 1.450000
v -122.000000 8.600000 1.450000
v -125.500000 7.000000 1.450000
v -172.000000 1.600000 -1.450000
v -168.500000 3.200000 -1.450000
v -172.000000 4.800000 -1.450000
v -175.500000 3.200000 -1.450000
v -172.000000 1.600000 1.450000
v -168.500000 3.200000 1.450000
v -172.000000 4.800000 1.450000
v -175.500000 3.200000 1.450000
v -221.000000 -5.950000 -1.450000
v -217.500000 -4.350000 -1.450000
v -221.000000 -2.750000 -1.450000
v -224.500000 -4.350000 -1.450000
v -221.000000 -5.950000 1.450000
v -217.500000 -4.350000 1.450000
v -221.000000 -2.750000 1.450000
v -224.500000 -4.350000 1.450000
v -10.843100 -2.778400 0.000000
v -11.048684 -3.366495 2.325000
v -11.610350 -4.973200 4.027018
v -12.377600 -7.168000 4.650000
v -13.144850 -9.362800 4.027018
v -13.706516 -10.969505 2.325000
v -13.912100 -11.557600 0.000000
v -13.706516 -10.969505 -2.325000
v -13.144850 -9.362800 -4.027018
v -12.377600 -7.168000 -4.650000
v -11.610350 -4.973200 -4.027018
v -11.048684 -3.366495 -2.325000
v -10.087900 -3.042400 0.000000
v -10.293484 -3.630495 2.325000
v -10.855150 -5.237200 4.027018
v -11.622400 -7.432000 4.650000
v -12.389650 -9.626800 4.027018
v -12.951316 -11.233505 2.325000
v -13.156900 -11.821600 0.000000
v -12.951316 -11.233505 -2.325000
v -12.389650 -9.626800 -4.027018
v -11.622400 -7.432000 -4.650000
v -10.855150 -5.237200 -4.027018
v -10.293484 -3.630495 -2.325000
v -11.074100 -3.439200 0.000000
v -11.248736 -3.938764 1.975000
v -11.725850 -5.303600 3.420800
v -12.377600 -7.168000 3.950000
v -13.029350 -9.032400 3.420800
v -13.506464 -10.397236 1.975000
v -13.681100 -10.896800 0.000000
v -13.506464 -10.397236 -1.975000
v -13.029350 -9.032400 -3.420800
v -12.377600 -7.168000 -3.950000
v -11.725850 -5.303600 -3.420800
v -11.248736 -3.938764 -1.975000
v -10.318900 -3.703200 0.000000
v -10.493536 -4.202764 1.975000
v -10.970650 -5.567600 3.420800
v -11.622400 -7.432000 3.950000
v -12.274150 -9.296400 3.420800
v -12.751264 -10.661236 1.975000
v -12.925900 -11.160800 0.000000
v -12.751264 -10.661236 -1.975000
v -12.274150 -9.296400 -3.420800
v -11.622400 -7.432000 -3.950000
v -10.970650 -5.567600 -3.420800
v -10.493536 -4.202764 -1.975000
v -2.843100 -5.418400 0.000000
v -3.048684 -6.006495 2.325000
v -3.610350 -7.613200 4.027018
v -4.377600 -9.808000 4.650000
v -5.144850 -12.002800 4.027018
v -5.706516 -13.609505 2.325000
v -5.912100 -14.197600 0.000000
v -5.706516 -13.609505 -2.325000
v -5.144850 -12.002800 -4.027018
v -4.377600 -9.808000 -4.650000
v -3.610350 -7.613200 -4.027018
v -3.048684 -6.006495 -2.325000
v -2.087900 -5.682400 0.000000
v -2.293484 -6.270495 2.325000
v -2.855150 -7.877200 4.027018
v -3.622400 -10.072000 4.650000
v -4.389650 -12.266800 4.027018
v -4.951316 -13.873505 2.325000
v -5.156900 -14.461600 0.000000
v -4.951316 -13.873505 -2.325000
v -4.389650 -12.266800 -4.027018
v -3.622400 -10.072000 -4.650000
v -2.855150 -7.877200 -4.027018
v -2.293484 -6.270495 -2.325000
v -3.074100 -6.079200 0.000000
v -3.248736 -6.578764 1.975000
v -3.725850 -7.943600 3.420800
v -4.377600 -9.808000 3.950000
v -5.029350 -11.672400 3.420800
v -5.506464 -13.037236 1.975000
v -5.681100 -13.536800 0.000000
v -5.506464 -13.037236 -1.975000
v -5.029350 -11.672400 -3.420800
v -4.377600 -9.808000 -3.950000
v -3.725850 -7.943600 -3.420800
v -3.248736 -6.578764 -1.975000
v -2.318900 -6.343200 0.000000
v -2.493536 -6.842764 1.975000
v -2.970650 -8.207600 3.420800
v -3.622400 -10.072000 3.950000
v -4.274150 -11.936400 3.420800
v -4.751264 -13.301236 1.975000
v -4.925900 -13.800800 0.000000
v -4.751264 -13.301236 -1.975000
v -4.274150 -11.936400 -3.420800
v -3.622400 -10.072000 -3.950000
v -2.970650 -8.207600 -3.420800
v -2.493536 -6.842764 -1.975000
v 13.156900 -10.698400 0.000000
v 12.951316 -11.286495 2.325000
v 12.389650 -12.893200 4.027018
v 11.622400 -15.088000 4.650000
v 10.855150 -17.282800 4.027018
v 10.293484 -18.889505 2.325000
v 10.087900 -19.477600 0.000000
v 10.293484 -18.889505 -2.325000
v 10.855150 -17.282800 -4.027018
v 11.622400 -15.088000 -4.650000
v 12.389650 -12.893200 -4.027018
v 12.951316 -11.286495 -2.325000
v 13.912100 -10.962400 0.000000
v 13.706516 -11.550495 2.325000
v 13.144850 -13.157200 4.027018
v 12.377600 -15.352000 4.650000
v 11.610350 -17.546800 4.027018
v 11.048684 -19.153505 2.325000
v 10.843100 -19.741600 0.000000
v 11.048684 -19.153505 -2.325000
v 11.610350 -17.546800 -4.027018
v 12.377600 -15.352000 -4.650000
v 13.144850 -13.157200 -4.027018
v 13.706516 -11.550495 -2.325000
v 12.925900 -11.359200 0.000000
v 12.751264 -11.858764 1.975000
v 12.274150 -13.223600 3.420800
v 11.622400 -15.088000 3.950000
v 10.970650 -16.952400 3.420800
v 10.493536 -18.317236 1.975000
v 10.318900 -18.816800 0.000000
v 10.493536 -18.317236 -1.975000
v 10.970650 -16.952400 -3.420800
v 11.622400 -15.088000 -3.950000
v 12.274150 -13.223600 -3.420800
v 12.751264 -11.858764 -1.975000
v 13.681100 -11.623200 0.000000
v 13.506464 -12.122764 1.975000
v 13.029350 -13.487600 3.420800
v 12.377600 -15.352000 3.950000
v 11.725850 -17.216400 3.420800
v 11.248736 -18.581236 1.975000
v 11.074100 -19.080800 0.000000
v 11.248736 -18.581236 -1.975000
v 11.725850 -17.216400 -3.420800
v 12.377600 -15.352000 -3.950000
v 13.029350 -13.487600 -3.420800
v 13.506464 -12.122764 -1.975000
v 21.156900 -13.338400 0.000000
v 20.951316 -13.926495 2.325000
v 20.389650 -15.533200 4.027018
v 19.622400 -17.728000 4.650000
v 18.855150 -19.922800 4.027018
v 18.293484 -21.529505 2.325000
v 18.087900 -22.117600 0.000000
v 18.293484 -21.529505 -2.325000
v 18.855150 -19.922800 -4.027018
v 19.622400 -17.728000 -4.650000
v 20.389650 -15.533200 -4.027018
v 20.951316 -13.926495 -2.325000
v 21.912100 -13.602400 0.000000
v 21.706516 -14.190495 2.325000
v 21.144850 -15.797200 4.027018
v 20.377600 -17.992000 4.650000
v 19.610350 -20.186800 4.027018
v 19.048684 -21.793505 2.325000
v 18.843100 -22.381600 0.000000
v 19.048684 -21.793505 -2.325000
v 19.610350 -20.186800 -4.027018
v 20.377600 -17.992000 -4.650000
v 21.144850 -15.797200 -4.027018
v 21.706516 -14.190495 -2.325000
v 20.925900 -13.999200 0.000000
v 20.751264 -14.498764 1.975000
v 20.274150 -15.863600 3.420800
v 19.622400 -17.728000 3.950000
v 18.970650 -19.592400 3.420800
v 18.493536 -20.957236 1.975000
v 18.318900 -21.456800 0.000000
v 18.493536 -20.957236 -1.975000
v 18.970650 -19.592400 -3.420800
v 19.622400 -17.728000 -3.950000
v 20.274150 -15.863600 -3.420800
v 20.751264 -14.498764 -1.975000
v 21.681100 -14.263200 0.000000
v 21.506464 -14.762764 1.975000
v 21.029350 -16.127600 3.420800
v 20.377600 -17.992000 3.950000
v 19.725850 -19.856400 3.420800
v 19.248736 -21.221236 1.975000
v 19.074100 -21.720800 0.000000
v 19.248736 -21.221236 -1.975000
v 19.725850 -19.856400 -3.420800
v 20.377600 -17.992000 -3.950000
v 21.029350 -16.127600 -3.420800
v 21.506464 -14.762764 -1.975000
v 37.156900 -18.618400 0.000000
v 36.951316 -19.206495 2.325000
v 36.389650 -20.813200 4.027018
v 35.622400 -23.008000 4.650000
v 34.855150 -25.202800 4.027018
v 34.293484 -26.809505 2.325000
v 34.087900 -27.397600 0.000000
v 34.293484 -26.809505 -2.325000
v 34.855150 -25.202800 -4.027018
v 35.622400 -23.008000 -4.650000
v 36.389650 -20.813200 -4.027018
v 36.951316 -19.206495 -2.325000
v 37.912100 -18.882400 0.000000
v 37.706516 -19.470495 2.325000
v 37.144850 -21.077200 4.027018
v 36.377600 -23.272000 4.650000
v 35.610350 -25.466800 4.027018
v 35.048684 -27.073505 2.325000
v 34.843100 -27.661600 0.000000
v 35.048684 -27.073505 -2.325000
v 35.610350 -25.466800 -4.027018
v 36.377600 -23.272000 -4.650000
v 37.144850 -21.077200 -4.027018
v 37.706516 -19.470495 -2.325000
v 36.925900 -19.279200 0.000000
v 36.751264 -19.778764 1.975000
v 36.274150 -21.143600 3.420800
v 35.622400 -23.008000 3.950000
v 34.970650 -24.872400 3.420800
v 34.493536 -26.237236 1.975000
v 34.318900 -26.736800 0.000000
v 34.493536 -26.237236 -1.975000
v 34.970650 -24.872400 -3.420800
v 35.622400 -23.008000 -3.950000
v 36.274150 -21.143600 -3.420800
v 36.751264 -19.778764 -1.975000
v 37.681100 -19.543200 0.000000
v 37.506464 -20.042764 1.975000
v 37.029350 -21.407600 3.420800
v 36.377600 -23.272000 3.950000
v 35.725850 -25.136400 3.420800
v 35.248736 -26.501236 1.975000
v 35.074100 -27.000800 0.000000
v 35.248736 -26.501236 -1.975000
v 35.725850 -25.136400 -3.420800
v 36.377600 -23.272000 -3.950000
v 37.029350 -21.407600 -3.420800
v 37.506464 -20.042764 -1.975000
v -48.000000 5.226087 -1.550000
v -55.000000 7.526087 -1.550000
v -57.000000 11.926087 -1.550000
v -64.000000 5.026087 -1.550000
v -48.000000 5.226087 1.550000
v -55.000000 7.526087 1.550000
v -57.000000 11.926087 1.550000
v -64.000000 5.026087 1.550000
v -73.000000 7.326316 -1.550000
v -80.000000 9.626316 -1.550000
v -82.000000 14.026316 -1.550000
v -89.000000 7.126316 -1.550000
v -73.000000 7.326316 1.550000
v -80.000000 9.626316 1.550000
v -82.000000 14.026316 1.550000
v -89.000000 7.126316 1.550000
v -102.000000 8.366667 -1.550000
v -109.000000 10.666667 -1.550000
v -111.000000 15.066667 -1.550000
v -118.000000 8.166667 -1.550000
v -102.000000 8.366667 1.550000
v -109.000000 10.666667 1.550000
v -111.000000 15.066667 1.550000
v -118.000000 8.166667 1.550000
v -135.000000 7.000000 -1.550000
v -142.000000 9.300000 -1.550000
v -144.000000 13.700000 -1.550000
v -151.000000 6.800000 -1.550000
v -135.000000 7.000000 1.550000
v -142.000000 9.300000 1.550000
v -144.000000 13.700000 1.550000
v -151.000000 6.800000 1.550000
v -170.000000 3.337500 -1.550000
v -177.000000 5.637500 -1.550000
v -179.000000 8.637500 -1.550000
v -186.000000 3.137500 -1.550000
v -170.000000 3.337500 1.550000
v -177.000000 5.637500 1.550000
v -179.000000 8.637500 1.550000
v -186.000000 3.137500 1.550000
v -207.000000 -2.367857 -1.550000
v -214.000000 -0.067857 -1.550000
v -216.000000 2.932143 -1.550000
v -223.000000 -2.567857 -1.550000
v -207.000000 -2.367857 1.550000
v -214.000000 -0.067857 1.550000
v -216.000000 2.932143 1.550000
v -223.000000 -2.567857 1.550000
v -35.000000 2.000000 -6.200000
v -43.000000 1.000000 -6.200000
v -47.000000 -2.000000 -6.200000
v -37.000000 -7.000000 -6.200000
v -35.000000 2.000000 6.200000
v -43.000000 1.000000 6.200000
v -47.000000 -2.000000 6.200000
v -37.000000 -7.000000 6.200000
v -39.000000 -21.000000 -2.100000
v -31.000000 -31.000000 -2.100000
v -27.000000 -22.000000 -2.100000
v -35.000000 -12.000000 -2.100000
v -39.000000 -21.000000 2.100000
v -31.000000 -31.000000 2.100000
v -27.000000 -22.000000 2.100000
v -35.000000 -12.000000 2.100000
v -35.000000 12.000000 -2.100000
v -27.000000 22.000000 -2.100000
v -31.000000 31.000000 -2.100000
v -39.000000 21.000000 -2.100000
v -35.000000 12.000000 2.100000
v -27.000000 22.000000 2.100000
v -31.000000 31.000000 2.100000
v -39.000000 21.000000 2.100000
v -96.000000 3.686842 -1.800000
v -90.900000 4.936842 -1.800000
v -96.000000 6.186842 -1.800000
v -101.100000 4.936842 -1.800000
v -96.000000 3.686842 1.800000
v -90.900000 4.936842 1.800000
v -96.000000 6.186842 1.800000
v -101.100000 4.936842 1.800000
v -144.000000 2.550000 -1.800000
v -138.900000 3.800000 -1.800000
v -144.000000 5.050000 -1.800000
v -149.100000 3.800000 -1.800000
v -144.000000 2.550000 1.800000
v -138.900000 3.800000 1.800000
v -144.000000 5.050000 1.800000
v -149.100000 3.800000 1.800000
v -196.000000 -3.503125 -1.800000
v -190.900000 -2.253125 -1.800000
v -196.000000 -1.003125 -1.800000
v -201.100000 -2.253125 -1.800000
v -196.000000 -3.503125 1.800000
v -190.900000 -2.253125 1.800000
v -196.000000 -1.003125 1.800000
v -201.100000 -2.253125 1.800000
v -241.000000 -11.870000 -1.800000
v -235.900000 -10.620000 -1.800000
v -241.000000 -9.370000 -1.800000
v -246.100000 -10.620000 -1.800000
v -241.000000 -11.870000 1.800000
v -235.900000 -10.620000 1.800000
v -241.000000 -9.370000 1.800000
v -246.100000 -10.620000 1.800000
v -31.000000 -4.700000 16.400000
v -28.000000 0.000000 16.400000
v -31.000000 4.700000 16.400000
v -34.000000 0.000000 16.400000
v -31.000000 -4.700000 18.000000
v -28.000000 0.000000 18.000000
v -31.000000 4.700000 18.000000
v -34.000000 0.000000 18.000000
v -31.000000 -4.700000 -18.000000
v -28.000000 0.000000 -18.000000
v -31.000000 4.700000 -18.000000
v -34.000000 0.000000 -18.000000
v -31.000000 -4.700000 -16.400000
v -28.000000 0.000000 -16.400000
v -31.000000 4.700000 -16.400000
v -34.000000 0.000000 -16.400000
v 47.000000 -34.000000 -4.400000
v 55.000000 -38.000000 -4.400000
v 60.000000 -32.000000 -4.400000
v 56.000000 -33.000000 -4.400000
v 49.000000 -30.000000 -4.400000
v 43.000000 -27.000000 -4.400000
v 47.000000 -34.000000 4.400000
v 55.000000 -38.000000 4.400000
v 60.000000 -32.000000 4.400000
v 56.000000 -33.000000 4.400000
v 49.000000 -30.000000 4.400000
v 43.000000 -27.000000 4.400000
v 49.000000 -34.200000 -6.000000
v 53.000000 -31.000000 -6.000000
v 49.000000 -27.800000 -6.000000
v 45.000000 -31.000000 -6.000000
v 49.000000 -34.200000 6.000000
v 53.000000 -31.000000 6.000000
v 49.000000 -27.800000 6.000000
v 45.000000 -31.000000 6.000000
v -43.000000 -11.000000 -5.400000
v -48.000000 -18.000000 -5.400000
v -44.000000 -14.000000 -5.400000
v -40.000000 -5.000000 -5.400000
v -43.000000 -11.000000 5.400000
v -48.000000 -18.000000 5.400000
v -44.000000 -14.000000 5.400000
v -40.000000 -5.000000 5.400000
v -40.000000 5.000000 -5.400000
v -44.000000 14.000000 -5.400000
v -48.000000 18.000000 -5.400000
v -43.000000 11.000000 -5.400000
v -40.000000 5.000000 5.400000
v -44.000000 14.000000 5.400000
v -48.000000 18.000000 5.400000
v -43.000000 11.000000 5.400000
v -68.000000 4.215789 -2.200000
v -66.200000 5.215789 -2.200000
v -68.000000 6.215789 -2.200000
v -69.800000 5.215789 -2.200000
v -68.000000 4.215789 2.200000
v -66.200000 5.215789 2.200000
v -68.000000 6.215789 2.200000
v -69.800000 5.215789 2.200000
v -102.000000 6.184211 -2.200000
v -100.200000 7.184211 -2.200000
v -102.000000 8.184211 -2.200000
v -103.800000 7.184211 -2.200000
v -102.000000 6.184211 2.200000
v -100.200000 7.184211 2.200000
v -102.000000 8.184211 2.200000
v -103.800000 7.184211 2.200000
v -139.000000 5.133333 -2.200000
v -137.200000 6.133333 -2.200000
v -139.000000 7.133333 -2.200000
v -140.800000 6.133333 -2.200000
v -139.000000 5.133333 2.200000
v -137.200000 6.133333 2.200000
v -139.000000 7.133333 2.200000
v -140.800000 6.133333 2.200000
v -181.000000 0.756250 -2.200000
v -179.200000 1.756250 -2.200000
v -181.000000 2.756250 -2.200000
v -182.800000 1.756250 -2.200000
v -181.000000 0.756250 2.200000
v -179.200000 1.756250 2.200000
v -181.000000 2.756250 2.200000
v -182.800000 1.756250 2.200000
v -225.000000 -6.435714 -2.200000
v -223.200000 -5.435714 -2.200000
v -225.000000 -4.435714 -2.200000
v -226.800000 -5.435714 -2.200000
v -225.000000 -6.435714 2.200000
v -223.200000 -5.435714 2.200000
v -225.000000 -4.435714 2.200000
v -226.800000 -5.435714 2.200000
vt 0.77000 0.64000
vt 0.48000 0.56000
vt 0.50000 0.32000
vt 0.86000 0.22000
v 54.788481 51.751261 9.444183
v 52.525810 51.452970 8.853851
v 54.068734 54.220654 8.839941
v 52.778706 48.575304 9.922342
v 54.467093 47.783608 10.135036
v 52.448684 51.530096 9.260914
v 45.037955 38.972385 10.236106
v 46.514222 38.112776 10.717740
v 45.115081 38.895259 9.829043
v 52.869641 48.484369 9.442393
v 38.870064 29.894531 10.787453
v 40.350443 28.549680 11.361805
v 13.467556 -3.312975 12.274465
v 2.558501 -15.084547 11.981410
v 2.476787 -15.002834 12.412685
v 31.789284 19.604205 10.952132
v 31.709074 19.684415 11.375475
v 4.053648 -16.620024 12.514235
v 16.460013 -6.290862 13.179891
v 5.493640 -18.099895 13.339960
v 14.936641 -4.774960 12.870236
v 3.957304 -16.523680 13.022732
v 33.228462 18.262405 11.973400
v 38.947189 29.817405 10.380390
v 24.835464 6.894876 12.003547
v 34.802371 16.786157 12.283818
v 26.284450 5.499700 12.808087
v 48.262903 37.066411 10.990110
v 46.605158 38.021841 10.237791
v 41.883404 27.152419 11.659785
v 23.332251 8.344619 11.484399
v 13.547377 -3.392796 11.853177
v 24.741539 6.988801 12.499276
v 23.252590 8.424281 11.904845
v -6.894376 -29.172192 13.072939
v -8.204792 -27.596928 12.231565
v -18.130763 -37.857640 12.570483
v -19.368819 -36.096976 11.718741
v -8.308959 -27.492762 12.781348
v -9.638616 -25.881283 11.679583
v -20.749395 -34.193235 11.620557
v -9.726964 -25.792935 12.145874
v 15.030754 -4.869073 12.373515
v 40.441378 28.458745 10.881855
v 33.323034 18.167832 11.474255
v -19.554873 -36.106450 12.554954
v -15.257425 -35.724543 13.036624
v -16.571479 -33.897205 12.701631
v -15.141327 -35.840641 12.423868
v -16.363385 -34.105299 11.603332
v -17.798009 -32.096355 11.040177
v -17.974533 -31.919832 11.971853
v -20.697278 -40.411220 12.527192
v -18.861421 -38.777744 11.574892
v -18.668770 -38.970393 12.676894
v -18.240821 -37.933789 12.889947
v -50.849960 -50.371740 9.530268
v -43.085848 -49.018604 11.358977
v -43.608607 -47.294637 10.434874
v -50.565981 -51.873404 10.300606
v -42.463247 -50.844137 11.401110
v -50.570475 -50.651226 8.055168
v -42.581482 -49.522970 8.696974
v -43.288246 -47.614996 8.744040
v -22.551104 -37.980245 13.373738
v -19.225227 -38.413938 13.495030
v -20.515815 -36.546199 13.487655
v -23.887760 -35.963208 12.147289
v -21.852472 -34.529163 12.261206
v -19.943049 -37.118965 10.464643
v -23.523954 -36.327013 10.227152
v -21.488666 -34.892969 10.341069
v -21.978338 -38.553011 10.350726
v -19.346780 -36.314544 11.456655
v -49.849774 -53.807293 8.789694
v -50.142820 -53.514247 10.336363
v -34.531520 -47.835766 10.400426
v -42.129326 -51.178056 9.638707
v -27.042554 -43.864682 11.000259
v -27.870265 -42.213326 9.995567
v -36.010739 -44.171756 9.425945
v -29.081147 -40.128820 9.944535
v -35.638813 -45.634404 12.198925
v -27.402252 -43.504985 12.898714
v -28.415215 -41.668377 12.871767
v -36.346856 -43.835638 11.199945
v -29.427285 -39.782683 11.771421
v -19.469079 -35.996716 12.247905
v -22.051902 -34.329731 11.194990
v -20.664361 -34.278269 11.171753
v -43.829759 -47.073483 9.483310
v -51.028105 -50.036313 8.647569
v -29.635550 -39.574418 10.751830
v -49.682809 -54.141404 9.680247
v -41.921732 -51.385650 10.661841
v -34.331805 -48.035481 11.465143
v -26.847849 -44.059387 12.091419
v -21.014363 -36.253579 17.992793
v -20.601634 -35.891099 18.314044
v -21.252710 -35.931667 17.987655
v -17.873168 -40.422862 16.953297
v -17.021111 -40.604865 16.545277
v -17.303386 -40.268837 17.222570
v -23.926708 -32.100802 14.614829
v -23.659612 -31.530660 14.767174
v -24.041100 -31.917244 14.173120
v -23.146080 -32.734514 8.274121
v -23.018752 -31.995330 8.721664
v -22.839942 -32.196072 8.109437
v -20.300389 -36.302359 18.386940
v -20.727456 -36.645264 18.062220
v -17.250843 -41.143825 15.159637
v -16.499151 -41.192981 14.790395
v -16.649936 -41.025859 15.339231
v -23.792342 -32.298218 14.858629
v -23.518518 -31.737956 15.023168
v -23.316379 -32.543324 8.857193
v -23.169538 -31.828201 9.270499
v -19.952604 -36.776687 18.464059
v -20.396235 -37.097000 18.135665
v -16.640502 -41.586364 9.402005
v -16.009082 -41.490519 9.293717
v -16.526124 -41.769906 9.843710
v -18.702075 -39.334935 17.413132
v -18.180394 -39.089765 17.285711
v -18.173733 -39.126521 17.705399
v -19.118161 -38.009022 5.857273
v -18.816800 -37.468086 5.752241
v -18.610625 -37.734309 5.571747
v -16.774873 -41.388943 9.158203
v -16.150183 -41.283210 9.037719
v -23.821071 -32.010783 11.099991
v -23.548690 -31.436151 11.076598
v -23.805346 -32.005525 10.699763
v -16.969740 -41.120025 9.067437
v -16.354784 -41.000863 8.942419
v -23.672803 -31.341279 12.173694
v -23.608251 -31.389489 11.585990
v -23.939286 -31.920418 12.144841
v -15.932817 -41.721042 11.222803
v -15.995884 -41.679910 11.887201
v -16.567870 -41.805908 11.239231
v -22.245118 -33.845442 6.692507
v -21.688244 -33.645986 6.538378
v -22.049227 -34.115382 6.777874
v -20.501885 -35.176943 5.485452
v -20.109785 -35.708659 5.526286
v -20.919366 -35.573430 5.775085
v -17.064050 -40.972959 8.767777
v -16.605951 -40.664206 8.975885
v -17.208944 -40.799404 9.099310
v -22.694056 -33.264288 7.063533
v -22.102197 -33.088075 6.547264
v -22.443460 -33.584050 6.786341
v -16.746151 -41.676366 12.916838
v -16.120010 -41.585023 12.984292
v -16.761875 -41.681632 13.317068
v -17.566498 -39.933103 17.513628
v -18.123756 -40.103111 17.230494
v -22.962877 -32.944270 7.708577
v -22.647585 -32.416314 7.515615
v -23.781103 -31.282796 13.498230
v -23.735874 -31.300141 12.838090
v -24.042415 -31.864735 13.406310
v -17.107243 -41.302986 14.636935
v -16.371503 -41.333532 14.311694
v -23.459984 -32.384158 9.379894
v -23.297189 -31.687652 9.749200
v -21.488302 -33.931415 6.775180
v -21.858801 -34.387223 7.003401
v -16.859196 -41.584311 13.830721
v -16.985675 -41.436842 14.181028
v -23.708025 -32.102846 10.186110
v -23.581547 -32.250307 9.835803
v -19.716093 -36.244493 5.596834
v -20.545925 -36.079842 5.813979
v -17.002635 -41.033772 8.434524
v -16.453806 -40.846445 8.627777
v -15.888989 -41.683232 9.757505
v -15.887593 -41.738384 10.562661
v -23.597474 -32.567134 14.949396
v -23.313904 -32.020327 15.118477
v -21.865139 -34.352224 6.603701
v -21.494960 -33.894664 6.355493
v -17.048174 -40.950639 8.106671
v -16.389315 -40.910302 8.277862
v -16.060438 -41.631694 12.474904
v -16.689421 -41.720808 12.431706
v -20.983117 -34.530654 5.530552
v -21.377682 -34.957919 5.818038
v -17.200512 -40.718261 7.700884
v -16.437139 -40.823010 7.933616
v -16.669570 -41.827360 13.637434
v -16.238704 -41.488366 13.943869
v -16.627937 -41.766732 11.871989
v -21.647719 -34.607839 6.033441
v -21.266657 -34.163069 5.756725
v -16.986863 -40.024180 7.069837
v -16.597098 -40.579004 7.507537
v -21.800557 -34.417407 6.271875
v -21.427139 -33.963117 6.007080
v -17.571718 -40.189859 7.284027
v -17.331516 -39.539911 6.778582
v -19.166806 -37.844242 18.575442
v -19.558909 -37.312518 18.534606
v -19.647866 -38.113712 18.241742
v -18.517988 -39.571778 17.238960
v -18.708422 -39.299927 17.013428
v -17.899962 -39.728644 7.006640
v -17.687882 -39.041409 6.511042
v -20.021289 -37.607318 18.202855
v -18.322098 -39.841719 17.324326
v -17.980444 -39.375203 17.522517
v -23.564591 -32.653373 15.582303
v -23.214885 -32.174740 15.433116
v -23.503167 -32.714196 15.249053
v -18.239357 -39.253878 6.751840
v -18.007866 -38.594882 6.287166
v -23.877806 -31.966336 11.585123
v -17.604336 -40.742889 16.308256
v -16.828749 -40.825110 15.951458
v -23.366706 -32.968894 16.315947
v -23.231552 -32.198174 16.127278
v -23.519048 -32.736512 15.910158
v -19.368303 -36.718825 5.673953
v -20.170987 -36.590149 5.881165
v -18.544104 -38.828613 6.538623
v -18.287158 -38.205572 6.098386
v -19.012729 -38.171645 6.165201
v -18.810097 -38.457844 6.358834
v -17.421139 -40.952640 15.742711
v -22.681835 -32.996992 16.991053
v -23.071589 -32.442184 16.553358
v -19.552858 -37.433569 6.024037
v -19.067058 -37.130085 5.746850
v -19.314512 -37.755483 6.029175
v -18.499912 -37.905076 5.895076
v -21.449055 -35.678131 18.159558
v -20.851900 -35.553088 18.308649
v -21.058064 -35.286873 18.489146
v -22.995506 -33.497292 16.732802
v -22.337180 -33.481267 17.282311
v -22.667257 -33.958510 17.010193
v -21.980814 -33.979771 17.549848
v -22.327857 -34.433282 17.264992
v -21.660830 -34.426298 17.773725
v -22.023122 -34.858532 17.478203
v -21.381534 -34.815612 17.962507
v -23.062749 -32.356968 15.085006
v -23.358270 -32.887756 14.917523
v -23.897644 -31.859799 10.379400
v -23.429981 -31.532822 10.117027
v -19.839759 -37.041898 5.954613
v -16.524794 -41.822431 10.610524
v -18.685570 -38.490535 18.530344
v -19.189537 -38.729236 18.198793
v -23.279370 -32.110886 15.783032
v -18.766670 -39.269738 17.744952
v -18.241554 -39.058066 18.053814
v -18.919495 -39.079321 17.983392
v -23.999348 -31.881246 12.777602
v -23.532168 -31.430636 10.656361
v -21.554496 -35.515498 17.851626
v -21.757121 -35.229311 17.657998
v -16.136517 -41.590553 13.404534
v -22.365310 -32.752342 6.838321
v -21.168774 -35.116113 18.165818
v -17.774763 -39.658636 17.612152
v -23.779707 -31.337948 14.303387
v -21.893932 -33.362541 6.448741
v -18.402034 -38.858115 18.304169
v -17.039054 -40.951284 9.389421
v -17.299909 -40.702051 9.482840
v -17.080096 -40.907358 9.562485
v -17.347136 -40.660639 9.820006
v -16.942468 -41.361277 13.616758
v -18.457521 -39.532817 16.875946
v -18.651169 -39.350791 16.614703
v -18.431684 -39.555771 16.696027
v -18.268643 -39.796580 17.010950
v -17.711773 -40.491616 16.160233
v -17.535740 -40.693166 15.616831
v -21.372303 -35.649810 17.625295
v -21.634100 -34.579251 6.782662
v -21.634435 -34.698683 7.135672
v -19.593814 -37.980219 16.580805
v -19.465980 -38.212609 16.027440
v -19.459795 -38.248559 16.444674
v -16.660537 -41.542852 10.611894
v -16.701918 -41.526987 11.215990
v -23.330250 -32.872875 15.580151
v -21.624738 -35.293274 17.384071
v -19.180596 -38.625022 17.900304
v -17.235472 -40.644989 8.765331
v -17.444180 -40.477072 9.024417
v -17.341624 -40.499534 8.731533
v -19.377099 -38.298649 16.974381
v -19.314403 -38.462185 16.708718
v -18.100963 -39.558252 9.989170
v -18.134062 -39.589389 9.675796
v -17.909219 -39.898438 9.761880
v -17.472205 -40.452784 10.687790
v -17.838411 -40.037706 10.422911
v -17.588736 -40.372411 10.390382
v -16.760996 -41.488455 11.838342
v -17.952818 -40.204668 16.738622
v -18.146986 -39.956908 16.953399
v -17.226047 -41.038814 14.525776
v -17.100030 -41.177568 14.053170
v -16.661721 -41.495765 9.924320
v -17.225490 -40.760203 10.303221
v -17.423223 -40.578649 10.132375
v -18.369216 -39.555773 15.422140
v -18.776735 -39.099382 15.375307
v -18.690465 -39.097276 15.043173
v -19.003792 -38.800735 15.491623
v -19.104167 -38.553133 15.255091
v -19.591561 -38.073103 17.938814
v -19.950373 -37.586527 17.901447
v -20.319156 -37.084602 17.835361
v -23.133389 -33.119267 15.289816
v -22.933948 -33.472713 15.105993
v -22.943492 -33.383019 15.403883
v -22.741277 -33.736508 15.164067
v -22.695454 -33.722615 15.478643
v -22.526574 -34.019449 15.062332
v -22.375428 -34.144357 15.327001
v -22.375700 -34.200086 14.715893
v -22.131895 -34.435930 14.767788
v -22.433148 -34.097775 14.341039
v -22.236566 -34.249523 14.084818
v -19.142932 -38.516283 15.488597
v -19.286694 -38.436757 15.759294
v -19.277140 -38.330586 15.418769
v -23.574731 -32.215343 10.627284
v -23.532539 -32.257536 10.404596
v -17.989129 -39.815398 10.136314
v -18.149820 -39.507480 10.218127
v -22.017480 -34.086000 7.145409
v -21.916045 -34.336367 7.402130
v -22.043322 -34.063041 7.325327
v -22.206371 -33.822220 7.010400
v -22.939267 -32.925646 8.404523
v -23.106763 -32.737604 8.978007
v -19.233540 -37.788571 6.337084
v -23.594325 -32.221894 11.125886
v -21.993970 -34.252626 7.725460
v -22.121567 -33.978957 7.650049
v -22.038907 -34.213592 8.051871
v -22.179426 -33.928693 8.070249
v -18.942148 -38.899015 17.179007
v -18.838558 -39.052502 17.386453
v -23.814472 -32.075953 13.409456
v -23.773088 -32.091824 12.805364
v -17.144757 -40.745937 8.441202
v -17.290725 -40.514892 7.925699
v -17.172686 -40.694949 8.240115
v -17.623574 -40.041090 7.551916
v -17.938968 -39.597932 7.285388
v -18.272788 -39.130968 7.034776
v -18.574534 -38.709886 6.823656
v -19.530475 -37.387532 6.330682
v -17.531514 -40.235792 8.617472
v -17.825940 -39.950647 8.852765
v -17.779565 -39.896181 8.542706
v -18.040641 -39.667712 8.954502
v -18.099578 -39.474453 8.694353
v -18.191519 -39.487070 9.300939
v -18.343116 -39.182877 9.253564
v -22.374051 -34.060548 14.032180
v -22.578081 -33.871766 13.880523
v -22.325185 -34.111330 13.803228
v -23.347470 -32.753054 14.120262
v -23.143998 -33.108501 13.884453
v -23.220087 -33.026512 14.196824
v -23.714011 -32.130356 12.183012
v -22.522192 -33.414137 7.282730
v -23.813284 -32.123045 14.097036
v -23.642243 -32.386348 14.588815
v -23.724653 -32.265266 14.439281
v -22.599803 -33.706269 13.281049
v -22.728811 -33.649444 13.593920
v -23.653131 -32.175826 11.628787
v -20.883444 -35.545706 6.082539
v -20.524640 -36.032273 6.119904
v -20.881199 -35.638581 7.440545
v -21.101241 -35.474540 7.989390
v -21.107429 -35.438591 7.572157
v -21.333026 -34.993484 6.903954
v -21.252822 -35.224957 7.308110
v -21.435449 -34.971210 7.197018
v -21.532868 -34.719788 6.842344
v -20.155859 -36.534201 6.185989
v -21.294401 -34.993798 6.121054
v -21.597386 -34.605736 6.434194
v -21.503638 -34.722540 6.287952
v -20.871220 -35.696603 8.114028
v -21.280515 -35.250407 8.257541
v -21.097916 -35.320153 7.046970
v -19.827890 -36.981503 6.258712
v -21.332082 -35.102517 8.532754
v -21.197856 -35.288233 8.602589
v -22.657995 -33.788722 14.254953
v -23.394904 -32.711458 14.458871
v -23.524376 -32.549006 14.643716
v -23.123042 -33.210078 14.992413
v -23.293098 -32.909661 15.378582
v -17.127529 -40.865767 9.901097
v -17.368245 -40.881207 15.043347
v -16.832766 -41.232457 9.432537
v -16.750346 -41.353549 9.582074
v -17.875206 -39.912535 10.740303
v -16.880681 -41.396917 12.895469
v -16.900276 -41.403469 13.394070
v -18.573257 -39.434518 16.291369
v -18.353431 -39.639865 16.371309
v -18.528316 -39.473557 15.964960
v -18.295587 -39.690106 15.951102
v -18.577707 -39.383440 15.610087
v -19.067185 -38.740472 15.873501
v -16.821871 -41.442990 12.392570
v -19.141984 -38.625322 17.117399
v -19.131773 -38.715938 16.819813
v -18.932779 -38.988477 16.881161
v -23.184275 -33.103924 16.095656
v -23.302318 -32.923860 15.781237
v -22.851433 -33.577722 16.469437
v -22.536042 -34.020874 16.735964
v -22.202231 -34.487829 16.986572
v -21.900477 -34.908921 17.197696
v -18.877629 -39.013065 17.587155
v -18.971367 -38.896270 17.733401
v -19.603795 -37.922199 15.907322
v -20.944539 -36.231268 17.690667
v -21.241461 -35.830244 17.684271
v -20.647124 -36.637297 17.762638
v -23.002806 -33.166022 13.333562
v -22.978483 -33.314745 13.626449
v -23.267309 -32.985103 14.533991
v -22.328027 -33.661892 7.067952
v -22.763237 -33.127189 7.861119
v -23.248955 -32.580002 9.495580
v -23.374976 -32.441243 9.968185
v -23.249526 -32.858592 13.718127
v -21.989514 -34.303714 8.406746
v -22.105799 -34.063027 8.599212
v -21.790488 -34.587768 8.641523
v -21.784538 -34.521540 8.978183
v -21.563418 -34.886430 8.525213
v -21.370842 -35.065672 8.766261
v -21.500034 -34.946682 8.143332
v -18.850273 -38.325533 6.637280
v -19.102702 -37.969000 6.396058
v -17.633270 -40.214441 8.910838
v -18.238438 -39.369287 9.936537
v -20.354175 -35.265707 18.031721
v -20.115841 -35.587603 18.036853
v -16.974640 -39.756891 16.997359
v -23.142572 -31.251273 14.217182
v -23.028184 -31.434824 14.658889
v -22.247552 -32.068543 8.318183
v -19.828930 -35.979293 18.106282
v -16.352316 -40.477854 15.203699
v -22.893817 -31.632241 14.902690
v -22.417856 -31.877348 8.901253
v -19.497711 -36.431023 18.179725
v -15.627596 -41.103935 9.887772
v -15.741974 -40.920392 9.446068
v -17.803548 -38.668963 17.457194
v -18.219640 -37.343048 5.901333
v -15.876354 -40.722962 9.202262
v -22.906821 -31.339547 10.743823
v -22.922544 -31.344812 11.144054
v -16.071221 -40.454045 9.111496
v -23.040762 -31.254442 12.188901
v -15.669342 -41.139937 11.283293
v -21.150702 -33.449404 6.821934
v -21.346594 -33.179464 6.736568
v -20.020834 -34.907463 5.819149
v -16.310422 -40.133428 9.143371
v -16.165524 -40.306987 8.811839
v -21.544931 -32.918077 6.830403
v -21.795529 -32.598317 7.107595
v -15.863346 -41.015660 13.361131
v -15.847623 -41.010394 12.960901
v -17.225231 -39.437133 17.274554
v -22.064359 -32.278291 7.752636
v -23.143901 -31.198749 13.450367
v -16.208713 -40.637021 14.680999
v -22.561456 -31.718186 9.423956
v -20.960274 -33.721253 7.047463
v -16.087139 -40.770880 14.225094
v -15.960667 -40.918339 13.874783
v -22.683027 -31.584325 9.879862
v -22.809500 -31.436868 10.230171
v -19.647402 -35.413865 5.858040
v -16.104107 -40.367801 8.478586
v -22.698949 -31.901157 14.993456
v -20.966621 -33.686244 6.647759
v -16.149643 -40.284674 8.150735
v -15.790891 -41.054843 12.475769
v -20.479154 -34.291947 5.862100
v -16.301989 -40.052285 7.744944
v -15.771051 -41.161379 13.681493
v -15.729410 -41.100761 11.916051
v -20.749191 -33.941867 6.077503
v -20.902030 -33.751436 6.315937
v -16.673194 -39.523883 7.328088
v -18.749337 -37.447740 18.285804
v -17.809898 -38.633949 17.057488
v -17.619470 -38.905798 17.283018
v -17.001428 -39.062684 7.050705
v -19.122762 -36.941347 18.246917
v -17.423579 -39.175737 17.368385
v -22.604645 -32.048221 15.293114
v -22.666056 -31.987412 15.626368
v -17.340829 -38.587905 6.795902
v -22.979278 -31.300364 11.629185
v -16.705808 -40.076916 16.352318
v -22.620524 -32.070535 15.954218
v -22.468180 -32.302923 16.360009
v -19.272460 -35.924178 5.925227
v -17.645577 -38.162641 6.582686
v -17.911568 -37.791879 6.402898
v -18.114198 -37.505679 6.209266
v -16.522610 -40.286669 15.786773
v -18.415993 -37.089501 6.073233
v -18.654340 -36.767590 6.068096
v -20.550532 -35.012155 18.203618
v -22.096978 -32.831319 16.776864
v -21.768733 -33.292534 17.054253
v -21.429337 -33.767300 17.309051
v -21.124595 -34.192562 17.522266
v -22.459751 -32.221776 14.961582
v -22.999117 -31.193829 10.423462
v -18.941236 -36.375921 5.998673
v -15.626266 -41.156458 10.654586
v -18.291011 -38.063266 18.242855
v -18.020972 -38.413345 18.027453
v -17.868139 -38.603773 17.789016
v -23.100821 -31.215274 12.821664
v -20.858604 -34.563331 17.702056
v -20.655971 -34.849529 17.895688
v -16.401382 -40.036080 9.526902
v -16.232740 -40.353656 9.428960
v -16.448605 -39.994672 9.864069
v -16.273786 -40.309726 9.602023
v -16.136154 -40.763648 13.656298
v -17.625370 -38.958144 16.735567
v -17.752646 -38.684816 16.658764
v -17.651203 -38.935194 16.915488
v -17.462324 -39.198958 17.050492
v -16.905451 -39.893999 16.199776
v -16.729425 -40.095538 15.656371
v -20.565988 -35.052183 17.664835
v -20.735908 -34.032712 7.179734
v -20.827783 -33.981631 6.822203
v -18.561271 -37.582582 16.488735
v -18.567456 -37.546631 16.071500
v -18.787496 -37.382598 16.620346
v -15.895603 -40.929360 11.255530
v -15.854215 -40.945236 10.651438
v -22.523934 -32.275248 15.619691
v -20.818418 -34.695651 17.423613
v -18.374292 -38.027385 17.939840
v -16.535303 -39.901918 8.771076
v -16.591764 -39.845265 9.066215
v -16.429158 -40.047362 8.804870
v -18.415879 -37.796208 16.752779
v -18.570779 -37.701026 17.013923
v -17.010692 -39.232467 9.805942
v -17.235534 -38.923418 9.719858
v -17.294640 -38.960635 10.028714
v -16.736319 -39.740604 10.432181
v -16.939877 -39.371746 10.466976
v -16.665889 -39.855157 10.727330
v -15.954681 -40.890829 11.877882
v -17.340672 -39.359281 16.992939
v -17.146504 -39.607041 16.778162
v -16.419736 -40.441183 14.565314
v -16.293711 -40.579946 14.092712
v -15.855407 -40.898138 9.963860
v -16.524701 -39.912674 10.176436
v -16.419176 -40.162575 10.342761
v -17.884150 -38.499649 15.082713
v -17.878207 -38.433409 15.419369
v -17.562900 -38.958146 15.461680
v -18.297849 -37.955512 15.294633
v -18.105262 -38.134762 15.535685
v -19.144063 -36.988895 17.940985
v -18.785250 -37.475471 17.978352
v -19.512842 -36.486975 17.874901
v -22.137177 -32.785392 15.443423
v -22.035425 -32.806737 15.150054
v -22.327073 -32.521638 15.329356
v -21.889140 -33.124989 15.518183
v -21.842740 -33.070545 15.208132
v -21.569109 -33.546735 15.366542
v -21.628051 -33.353473 15.106392
v -21.325581 -33.838304 14.807328
v -21.477175 -33.534109 14.759953
v -21.430256 -33.651891 14.124356
v -21.534625 -33.431800 14.385100
v -18.470835 -37.732950 15.458305
v -18.388165 -37.770784 15.803356
v -18.336609 -37.918666 15.528140
v -22.808433 -31.554537 10.527932
v -17.343502 -38.909859 10.257669
v -17.090600 -39.149426 10.180376
v -21.017528 -33.670387 7.446189
v -21.237011 -33.465409 7.364865
v -21.400054 -33.224600 7.049942
v -22.132951 -32.328017 8.444062
v -22.300453 -32.139972 9.017545
v -18.427226 -37.190945 6.376624
v -22.788005 -31.624271 11.165428
v -21.315257 -33.381324 7.689587
v -21.095444 -33.586656 7.769522
v -21.373109 -33.331072 8.109791
v -21.140372 -33.547632 8.095936
v -18.032242 -38.454874 17.425993
v -18.135834 -38.301387 17.218546
v -22.966772 -31.494196 12.844904
v -23.008162 -31.478322 13.448994
v -21.281577 -33.387866 7.101572
v -16.338446 -40.148305 8.480741
v -16.366372 -40.097323 8.279654
v -16.484417 -39.917260 7.965237
v -16.817267 -39.443452 7.591452
v -17.132658 -39.000300 7.324926
v -17.466472 -38.533340 7.074316
v -17.768224 -38.112254 6.863194
v -18.724152 -36.789915 6.370226
v -16.973246 -39.298559 8.582248
v -16.927423 -39.284667 8.896824
v -16.725204 -39.638160 8.657010
v -17.293267 -38.876822 8.733891
v -17.142118 -39.001736 8.998562
v -17.536800 -38.585249 9.293104
v -17.292991 -38.821097 9.345001
v -21.518880 -33.513694 13.842764
v -21.679558 -33.205790 13.924583
v -21.567737 -33.462922 14.071720
v -22.321564 -32.360535 14.240885
v -22.291578 -32.476699 13.926254
v -22.541160 -32.155422 14.159800
v -22.907700 -31.532724 12.222550
v -21.715878 -32.816511 7.322270
v -23.006975 -31.525414 14.136574
v -22.918341 -31.667640 14.478821
v -22.835926 -31.788728 14.628356
v -21.830287 -32.983467 13.637980
v -21.793491 -33.108644 13.320588
v -22.846821 -31.578194 11.668325
v -19.718313 -35.434661 6.159449
v -20.077130 -34.948080 6.122079
v -20.255005 -34.806793 7.613958
v -20.202719 -34.808565 8.033451
v -20.074881 -35.040959 7.480087
v -20.536926 -34.305234 7.241079
v -20.354291 -34.558991 7.352174
v -20.526707 -34.395862 6.943495
v -20.726542 -34.122168 6.881887
v -19.349538 -35.936576 6.225530
v -20.488086 -34.396170 6.160594
v -20.697325 -34.124914 6.327492
v -20.791063 -34.008119 6.473737
v -20.381993 -34.584432 8.301602
v -20.064903 -35.098982 8.153570
v -20.291603 -34.722527 7.086509
v -19.021562 -36.383890 6.298257
v -20.391546 -34.690601 8.642127
v -20.525767 -34.504889 8.572293
v -21.759467 -33.122750 14.299015
v -22.718068 -31.951375 14.683254
v -22.588594 -32.113826 14.498408
v -22.270618 -32.578280 15.034215
v -22.486788 -32.312029 15.418120
v -16.321222 -40.268130 9.940633
v -16.561929 -40.283580 15.082887
v -15.944036 -40.755916 9.621612
v -16.026452 -40.634831 9.472076
v -17.068886 -39.314913 10.779845
v -16.093962 -40.805841 13.433610
v -16.074370 -40.799284 12.935007
v -17.547124 -39.042228 16.410845
v -17.674725 -38.768552 16.335433
v -17.489272 -39.092478 15.990642
v -17.629792 -38.807581 16.009020
v -17.679182 -38.717463 15.654147
v -18.168660 -38.074495 15.917561
v -16.015561 -40.845358 12.432108
v -18.233249 -38.049961 16.863873
v -18.335674 -38.027690 17.156937
v -18.034254 -38.322500 16.925222
v -22.496004 -32.326234 15.820777
v -22.377960 -32.506296 16.135196
v -22.045118 -32.980095 16.508977
v -21.729720 -33.423257 16.775508
v -21.395911 -33.890206 17.026114
v -21.094153 -34.311303 17.237239
v -18.165053 -38.298643 17.772941
v -18.071318 -38.415434 17.626694
v -18.797479 -37.324571 15.946862
v -20.435151 -35.232612 17.723809
v -20.138224 -35.633640 17.730207
v -19.840814 -36.039665 17.802176
v -22.079956 -32.648773 13.670512
v -22.196495 -32.568390 13.373100
v -22.368791 -32.319124 14.578049
v -21.521704 -33.064275 7.107495
v -21.956926 -32.529558 7.900657
v -22.442645 -31.982369 9.535118
v -22.568665 -31.843610 10.007723
v -22.443205 -32.260976 13.757671
v -21.299485 -33.465401 8.638751
v -21.090986 -33.637743 8.450808
v -20.978232 -33.923903 9.017719
v -20.938067 -33.955965 8.683323
v -20.564528 -34.468046 8.805801
v -20.664895 -34.220453 8.569273
v -20.601506 -34.280710 8.187394
v -18.043958 -37.727906 6.676820
v -18.296389 -37.371374 6.435598
v -16.734743 -39.548469 8.954900
v -17.432120 -38.771665 9.976078
v -20.883149 -40.225350 11.389406
v -24.087191 -35.763778 11.081073
v -21.260515 -39.847984 13.381113
v -35.109639 -46.163578 9.405986
v -34.881198 -47.486088 12.245995
v -36.560131 -43.622364 10.206798
v -50.112623 -52.331697 7.882307
v -20.957926 -34.129077 11.825176
v -20.781403 -34.305601 10.893500
v -50.646998 -52.407957 8.295393
v -50.976622 -51.071988 8.159992
v -50.547655 -50.636980 7.822177
v -49.799011 -53.905019 8.583212
v -50.149829 -53.594902 8.794657
v -50.280669 -53.842612 9.510359
v -50.950133 -52.308381 9.092828
v -46.405100 -48.044222 9.217624
v -45.893232 -48.675943 8.306121
v -44.849132 -52.231934 9.177694
v -45.304702 -50.520407 8.391059
v -44.736150 -52.464743 10.371388
v -50.911897 -50.272740 9.744612
v -45.825369 -50.054827 10.993724
v -46.292105 -48.277072 10.411328
v -45.248003 -51.833063 11.282902
v -50.163252 -53.540778 10.505648
v -50.598272 -51.846049 10.445518
v -50.395045 -53.349688 10.088884
v -51.221839 -50.826771 9.454219
v -51.322208 -50.664370 8.710843
v -50.955911 -52.099046 9.925806
v -45.630628 -53.568594 10.334996
v -46.022905 -53.828851 9.525980
v -45.696638 -53.502584 9.525980
v -46.853993 -52.345230 8.316630
v -48.282080 -51.569676 7.884314
v -47.955813 -51.243409 7.884314
v -48.510745 -50.688477 10.813194
v -47.729960 -52.121796 11.217903
v -47.403693 -51.795529 11.217903
v -45.973825 -53.225397 10.988948
v -45.956895 -53.894861 10.334996
v -46.135642 -53.063578 8.802226
v -47.180259 -52.671496 8.316630
v -46.936166 -52.915587 11.305314
v -46.300092 -53.551664 10.988948
v -46.461909 -53.389845 8.802226
v -46.609899 -52.589321 11.305314
v -49.231034 -51.341671 10.671166
v -45.614422 -50.897016 11.158418
v -45.896166 -50.118456 11.090939
v -48.689545 -51.886170 7.982059
v -45.090399 -51.369756 8.715149
v -45.323230 -50.641169 8.383983
v -49.440230 -50.580520 10.321621
v -46.124876 -49.392932 10.743550
v -48.955434 -51.069440 7.925946
v -45.608744 -49.859898 8.330868
v -18.124722 -38.049887 12.277191
v -16.039611 -41.743555 13.740913
v -23.629088 -31.277617 10.319977
v -48.837012 -51.014744 10.813194
v -48.969508 -52.155151 10.744516
v -48.476340 -52.650217 8.316226
v 46.836766 37.550340 11.105105
v 46.507158 37.879947 10.980205
v 34.205889 19.159898 12.196363
v 47.005373 37.381733 10.215211
v 34.374496 18.991291 11.306468
v 46.675765 37.711340 10.090311
v 1.368462 -19.351707 13.271442
v -14.038890 -32.483967 12.840383
v -13.709283 -32.813574 12.965284
v 1.537069 -19.520314 12.381548
v -13.540676 -32.982181 12.075389
v -13.870283 -32.652574 11.950489
v 1.698069 -19.681314 13.396342
v 1.866676 -19.849921 12.506448
v 19.328347 -0.086010 13.024031
v 19.496954 -0.254617 12.134137
v 19.657954 -0.415617 13.148932
v 19.826561 -0.584224 12.259038
v 34.535496 18.830291 12.321263
v 34.704103 18.661684 11.431369
v -19.269921 -33.146987 18.992025
v -23.672880 -32.156373 17.970112
v -22.682266 -36.559332 18.992025
v -19.157516 -33.259392 18.398762
v -22.569861 -36.671737 18.398762
v -23.560475 -32.268778 17.376849
v -18.279307 -37.549946 20.013938
v -18.166902 -37.662350 19.420675
v -16.732786 -35.684122 5.601238
v -21.135745 -34.693508 4.579325
v -20.145131 -39.096467 5.601238
v -16.620381 -35.796527 5.007975
v -20.032726 -39.208872 5.007975
v -21.023340 -34.805913 3.986062
v -15.742172 -40.087081 6.623151
v -15.629768 -40.199485 6.029888
v -24.085911 -40.976403 12.068945
v -23.145775 -40.510901 12.158873
v -23.486702 -40.024594 13.205725
v -24.426839 -40.490096 13.115797
v -23.272120 -40.241238 12.083842
v -24.212256 -40.706740 11.993914
v -24.508155 -40.284662 12.902502
v -23.568019 -39.819160 12.992430
v -23.992602 -39.121511 13.819854
v -24.932738 -39.587013 13.729925
v -24.947238 -39.500854 13.435519
v -24.007102 -39.035352 13.525448
v -24.527918 -38.043633 13.836704
v -25.468054 -38.509135 13.746775
v -25.411851 -38.565337 13.450144
v -24.471715 -38.099835 13.540072
v -24.949212 -37.079775 13.251761
v -25.889349 -37.545277 13.161832
v -25.777504 -37.728781 12.942458
v -24.837367 -37.263279 13.032386
v -25.143601 -36.488203 12.221759
v -26.083737 -36.953705 12.131831
v -25.946218 -37.215341 12.048494
v -25.006082 -36.749839 12.138422
v -25.058996 -36.427429 11.022688
v -25.999132 -36.892930 10.932759
v -25.872787 -37.162594 11.007790
v -24.932651 -36.697092 11.097719
v -24.718069 -36.913736 9.975836
v -25.658205 -37.379237 9.885908
v -25.576888 -37.584671 10.099202
v -24.636752 -37.119169 10.189131
v -24.212169 -37.816818 9.361707
v -25.152305 -38.282320 9.271779
v -25.137806 -38.368479 9.566185
v -24.197669 -37.902977 9.656113
v -23.676853 -38.894697 9.344857
v -24.616990 -39.360199 9.254929
v -24.673192 -39.303996 9.551560
v -23.733056 -38.838495 9.641489
v -23.255558 -39.858555 9.929800
v -24.195695 -40.324056 9.839872
v -24.307540 -40.140552 10.059247
v -23.367404 -39.675050 10.149175
v -23.061170 -40.450126 10.959802
v -24.001306 -40.915628 10.869873
v -24.138825 -40.653992 10.953210
v -23.198689 -40.188490 11.043139
v -34.848240 -46.345159 11.047032
v -33.908104 -45.879658 11.136960
v -34.249031 -45.393351 12.183812
v -35.189168 -45.858852 12.093883
v -34.034449 -45.609994 11.061929
v -34.974585 -46.075496 10.972001
v -35.270484 -45.653419 11.880589
v -34.330348 -45.187917 11.970517
v -34.754931 -44.490268 12.797941
v -35.695067 -44.955770 12.708012
v -35.709567 -44.869611 12.413606
v -34.769431 -44.404109 12.503535
v -35.290247 -43.412389 12.814791
v -36.230383 -43.877891 12.724862
v -36.174180 -43.934093 12.428231
v -35.234044 -43.468592 12.518159
v -35.711541 -42.448531 12.229848
v -36.651678 -42.914033 12.139919
v -36.539833 -43.097538 11.920544
v -35.599696 -42.632036 12.010473
v -35.905930 -41.856960 11.199846
v -36.846066 -42.322462 11.109918
v -36.708547 -42.584098 11.026581
v -35.768411 -42.118596 11.116509
v -35.821325 -41.796185 10.000775
v -36.761461 -42.261687 9.910846
v -36.635117 -42.531350 9.985877
v -35.694980 -42.065848 10.075806
v -35.480398 -42.282492 8.953923
v -36.420534 -42.747994 8.863995
v -36.339217 -42.953427 9.077289
v -35.399081 -42.487926 9.167217
v -34.974498 -43.185575 8.339794
v -35.914634 -43.651077 8.249866
v -35.900135 -43.737236 8.544272
v -34.959998 -43.271734 8.634200
v -34.439182 -44.263453 8.322944
v -35.379319 -44.728955 8.233016
v -35.435521 -44.672753 8.529647
v -34.495385 -44.207251 8.619576
v -34.017888 -45.227311 8.907887
v -34.958024 -45.692813 8.817959
v -35.069869 -45.509309 9.037334
v -34.129733 -45.043807 9.127262
v -33.823499 -45.818883 9.937889
v -34.763635 -46.284384 9.847960
v -34.901155 -46.022748 9.931297
v -33.961018 -45.557247 10.021226
v -44.690500 -51.393132 10.138665
v -43.750364 -50.927631 10.228593
v -44.091291 -50.441324 11.275445
v -45.031427 -50.906825 11.185516
v -43.876708 -50.657967 10.153562
v -44.816845 -51.123469 10.063634
v -45.112744 -50.701392 10.972222
v -44.172608 -50.235890 11.062150
v -44.597191 -49.538241 11.889573
v -45.537327 -50.003743 11.799645
v -45.551827 -49.917584 11.505239
v -44.611690 -49.452082 11.595167
v -45.132506 -48.460362 11.906423
v -46.072643 -48.925864 11.816495
v -46.016440 -48.982066 11.519864
v -45.076304 -48.516565 11.609792
v -45.553801 -47.496504 11.321480
v -46.493937 -47.962006 11.231552
v -46.382092 -48.145511 11.012177
v -45.441956 -47.680009 11.102106
v -45.748190 -46.904933 10.291479
v -46.688326 -47.370435 10.201551
v -46.550807 -47.632071 10.118214
v -45.610670 -47.166569 10.208142
v -45.663585 -46.844158 9.092407
v -46.603721 -47.309660 9.002479
v -46.477376 -47.579323 9.077510
v -45.537240 -47.113821 9.167438
v -45.322657 -47.330465 8.045556
v -46.262794 -47.795967 7.955627
v -46.181477 -48.001400 8.168922
v -45.241341 -47.535899 8.258850
v -44.816758 -48.233548 7.431427
v -45.756894 -48.699050 7.341499
v -45.742394 -48.785209 7.635905
v -44.802258 -48.319707 7.725833
v -44.281442 -49.311426 7.414577
v -45.221578 -49.776928 7.324649
v -45.277781 -49.720726 7.621280
v -44.337645 -49.255224 7.711208
v -43.860147 -50.275284 7.999520
v -44.800284 -50.740786 7.909592
v -44.912129 -50.557282 8.128966
v -43.971992 -50.091780 8.218895
v -43.665759 -50.866856 9.029521
v -44.605895 -51.332357 8.939593
v -44.743414 -51.070721 9.022930
v -43.803278 -50.605220 9.112858
v -50.369256 -54.584612 9.667404
v -49.429120 -54.119111 9.757332
v -49.827941 -53.550223 10.981951
v -50.768077 -54.015725 10.892023
v -49.555464 -53.849447 9.682301
v -50.495601 -54.314949 9.592373
v -50.849393 -53.810291 10.678728
v -49.909257 -53.344789 10.768656
v -50.419747 -52.493787 11.700366
v -51.359884 -52.959288 11.610437
v -51.374383 -52.873129 11.316031
v -50.434247 -52.407628 11.405960
v -51.045966 -51.232872 11.720077
v -51.986102 -51.698374 11.630149
v -51.929900 -51.754576 11.333517
v -50.989763 -51.289074 11.423446
v -51.538801 -50.105340 11.035804
v -52.478937 -50.570842 10.945876
v -52.367092 -50.754346 10.726501
v -51.426956 -50.288845 10.816429
v -51.766199 -49.413313 9.830897
v -52.706335 -49.878815 9.740968
v -52.568816 -50.140451 9.657632
v -51.628680 -49.674949 9.747560
v -51.667227 -49.342218 8.428209
v -52.607364 -49.807720 8.338281
v -52.481019 -50.077383 8.413312
v -51.540883 -49.611881 8.503240
v -51.268406 -49.911105 7.203590
v -52.208543 -50.376607 7.113662
v -52.127226 -50.582041 7.326957
v -51.187090 -50.116539 7.416885
v -50.676600 -50.967542 6.485176
v -51.616736 -51.433044 6.395247
v -51.602236 -51.519203 6.689653
v -50.662100 -51.053701 6.779582
v -50.050381 -52.228457 6.465464
v -50.990517 -52.693958 6.375536
v -51.046720 -52.637756 6.672167
v -50.106584 -52.172254 6.762096
v -49.557546 -53.355988 7.149737
v -50.497682 -53.821490 7.059809
v -50.609527 -53.637986 7.279184
v -49.669391 -53.172484 7.369112
v -49.330148 -54.048015 8.354645
v -50.270285 -54.513517 8.264716
v -50.407803 -54.251881 8.348053
v -49.467667 -53.786379 8.437981
v -20.459766 -33.508208 12.703548
v -23.124842 -28.981853 11.340997
v -27.383264 -28.445989 10.432630
v -19.978031 -33.989942 10.160993
v -26.901530 -28.927723 7.890075
v -22.643107 -29.463588 8.798442
v -25.028402 -33.282557 11.795180
v -24.546667 -33.764291 9.252626
v -22.913112 -31.054862 12.091812
v -25.662749 -31.407356 11.637628
v -22.334966 -32.873860 12.545995
v -22.318973 -31.649001 8.955995
v -21.740827 -33.467999 9.410178
v -25.068610 -32.001496 8.501811
v -12.936982 -39.169713 15.201558
v -17.463337 -36.504637 13.839007
v -17.237686 -41.073273 14.747374
v -12.455248 -39.651447 12.659003
v -16.755951 -41.555007 12.204820
v -16.981602 -36.986372 11.296452
v -12.401118 -43.428135 16.109925
v -11.919383 -43.909870 13.567370
v -16.941394 -38.267433 14.589822
v -15.474890 -41.595216 15.498189
v -15.122396 -38.845578 15.044005
v -16.347255 -38.861572 11.454005
v -14.528256 -39.439717 11.908188
v -14.880751 -42.189355 12.362372
v -3.533933 -23.445494 13.299909
v -5.099108 -24.051812 13.118236
v -5.705425 -25.616986 13.299909
v -3.301094 -23.678332 12.071008
v -5.472587 -25.849825 12.071008
v -4.866269 -24.284650 11.889335
v -4.140250 -25.010669 13.481583
v -3.907412 -25.243507 12.252681
v 10.714264 -9.774504 13.409272
v 9.149089 -10.380822 13.227599
v 8.542772 -11.945997 13.409272
v 10.947102 -10.007343 12.180371
v 8.775610 -12.178835 12.180371
v 9.381927 -10.613660 11.998697
v 10.107946 -11.339679 13.590945
v 10.340785 -11.572518 12.362044
v 25.086280 6.874798 12.977798
v 23.521105 6.268480 12.796124
v 22.914788 4.703306 12.977798
v 25.319118 6.641960 11.748896
v 23.147626 4.470467 11.748896
v 23.753943 6.035642 11.567223
v 24.479962 5.309623 13.159471
v 24.712801 5.076785 11.930570
v 38.024422 24.337548 12.120526
v 36.459247 23.731230 11.938853
v 35.852930 22.166056 12.120526
v 38.257260 24.104710 10.891625
v 36.085768 21.933217 10.891625
v 36.692085 23.498392 10.709951
v 37.418104 22.772373 12.302199
v 37.650943 22.539535 11.073298
v -27.980806 -42.684144 11.654548
v -27.667427 -42.528977 11.684524
v -27.966543 -42.102312 12.602988
v -28.279922 -42.257479 12.573012
v -27.793772 -42.259314 11.609493
v -28.107151 -42.414481 11.579517
v -28.361238 -42.052045 12.359718
v -28.047859 -41.896878 12.389694
v -28.410398 -41.309984 13.141799
v -28.723777 -41.465151 13.111823
v -28.738276 -41.378992 12.817417
v -28.424898 -41.223825 12.847393
v -28.880062 -40.364298 13.156583
v -29.193441 -40.519465 13.126607
v -29.137238 -40.575668 12.829975
v -28.823860 -40.420500 12.859951
v -29.249688 -39.518649 12.643378
v -29.563067 -39.673817 12.613402
v -29.451222 -39.857321 12.394027
v -29.137843 -39.702154 12.424003
v -29.420237 -38.999629 11.739698
v -29.733615 -39.154796 11.709721
v -29.596097 -39.416432 11.626385
v -29.282718 -39.261265 11.656361
v -29.346008 -38.946308 10.687682
v -29.659387 -39.101475 10.657706
v -29.533042 -39.371138 10.732737
v -29.219663 -39.215971 10.762713
v -29.046892 -39.372973 9.769218
v -29.360271 -39.528140 9.739242
v -29.278955 -39.733574 9.952536
v -28.965576 -39.578407 9.982512
v -28.603037 -40.165301 9.230407
v -28.916416 -40.320468 9.200431
v -28.901916 -40.406627 9.494837
v -28.588538 -40.251459 9.524813
v -28.133373 -41.110987 9.215623
v -28.446752 -41.266154 9.185647
v -28.502955 -41.209951 9.482278
v -28.189576 -41.054784 9.512255
v -27.763747 -41.956635 9.728828
v -28.077126 -42.111802 9.698852
v -28.188971 -41.928298 9.918227
v -27.875592 -41.773131 9.948203
v -27.593199 -42.475656 10.632508
v -27.906577 -42.630823 10.602532
v -28.044096 -42.369187 10.685869
v -27.730717 -42.214019 10.715845
v -31.253569 -44.374792 11.354787
v -30.940190 -44.219625 11.384763
v -31.239306 -43.792960 12.303227
v -31.552684 -43.948127 12.273251
v -31.066535 -43.949962 11.309732
v -31.379914 -44.105129 11.279756
v -31.634001 -43.742693 12.059956
v -31.320622 -43.587526 12.089932
v -31.683161 -43.000632 12.842038
v -31.996540 -43.155800 12.812062
v -32.011039 -43.069641 12.517656
v -31.697660 -42.914473 12.547632
v -32.152825 -42.054946 12.856822
v -32.466203 -42.210113 12.826845
v -32.410001 -42.266316 12.530214
v -32.096622 -42.111149 12.560190
v -32.522451 -41.209298 12.343617
v -32.835830 -41.364465 12.313641
v -32.723985 -41.547969 12.094266
v -32.410606 -41.392802 12.124242
v -32.692999 -40.690277 11.439936
v -33.006378 -40.845444 11.409960
v -32.868859 -41.107081 11.326623
v -32.555481 -40.951913 11.356599
v -32.618771 -40.636956 10.387921
v -32.932150 -40.792123 10.357945
v -32.805805 -41.061786 10.432976
v -32.492426 -40.906619 10.462952
v -32.319655 -41.063621 9.469457
v -32.633034 -41.218788 9.439480
v -32.551717 -41.424222 9.652775
v -32.238339 -41.269055 9.682751
v -31.875800 -41.855949 8.930646
v -32.189179 -42.011116 8.900670
v -32.174679 -42.097275 9.195076
v -31.861300 -41.942108 9.225052
v -31.406136 -42.801635 8.915862
v -31.719515 -42.956802 8.885886
v -31.775717 -42.900600 9.182517
v -31.462339 -42.745432 9.212493
v -31.036510 -43.647283 9.429067
v -31.349888 -43.802451 9.399091
v -31.461733 -43.618946 9.618466
v -31.148355 -43.463779 9.648442
v -30.865962 -44.166304 10.332747
v -31.179340 -44.321471 10.302771
v -31.316859 -44.059835 10.386108
v -31.003480 -43.904668 10.416084
v -37.799094 -47.756089 10.755264
v -37.485716 -47.600921 10.785240
v -37.784831 -47.174256 11.703705
v -38.098210 -47.329423 11.673728
v -37.612060 -47.331258 10.710209
v -37.925439 -47.486425 10.680233
v -38.179526 -47.123989 11.460434
v -37.866148 -46.968822 11.490410
v -38.228686 -46.381929 12.242515
v -38.542065 -46.537096 12.212539
v -38.556565 -46.450937 11.918133
v -38.243186 -46.295770 11.948109
v -38.698350 -45.436243 12.257299
v -39.011729 -45.591410 12.227323
v -38.955527 -45.647612 11.930692
v -38.642148 -45.492445 11.960668
v -39.067977 -44.590594 11.744094
v -39.381356 -44.745761 11.714118
v -39.269510 -44.929265 11.494743
v -38.956132 -44.774098 11.524719
v -39.238525 -44.071573 10.840414
v -39.551904 -44.226741 10.810438
v -39.414385 -44.488377 10.727101
v -39.101006 -44.333210 10.757077
v -39.164296 -44.018252 9.788398
v -39.477675 -44.173419 9.758422
v -39.351330 -44.443083 9.833453
v -39.037952 -44.287915 9.863429
v -38.865181 -44.444918 8.869934
v -39.178559 -44.600085 8.839958
v -39.097243 -44.805519 9.053253
v -38.783864 -44.650351 9.083229
v -38.421326 -45.237245 8.331123
v -38.734704 -45.392412 8.301147
v -38.720205 -45.478571 8.595553
v -38.406826 -45.323404 8.625529
v -37.951662 -46.182931 8.316340
v -38.265041 -46.338098 8.286363
v -38.321243 -46.281896 8.582995
v -38.007864 -46.126729 8.612971
v -37.582035 -47.028580 8.829544
v -37.895414 -47.183747 8.799568
v -38.007259 -47.000243 9.018943
v -37.693880 -46.845075 9.048919
v -37.411487 -47.547600 9.733225
v -37.724866 -47.702767 9.703249
v -37.862385 -47.441131 9.786586
v -37.549006 -47.285964 9.816562
v -41.071857 -49.446737 10.455503
v -40.758478 -49.291570 10.485479
v -41.057594 -48.864904 11.403943
v -41.370973 -49.020071 11.373967
v -40.884823 -49.021906 10.410448
v -41.198202 -49.177074 10.380472
v -41.452289 -48.814637 11.160673
v -41.138910 -48.659470 11.190649
v -41.501449 -48.072577 11.942754
v -41.814828 -48.227744 11.912778
v -41.829328 -48.141585 11.618372
v -41.515949 -47.986418 11.648348
v -41.971113 -47.126891 11.957538
v -42.284492 -47.282058 11.927562
v -42.228289 -47.338260 11.630930
v -41.914911 -47.183093 11.660907
v -42.340740 -46.281242 11.444333
v -42.654118 -46.436409 11.414357
v -42.542273 -46.619914 11.194982
v -42.228894 -46.464746 11.224958
v -42.511288 -45.762221 10.540653
v -42.824666 -45.917389 10.510677
v -42.687148 -46.179025 10.427340
v -42.373769 -46.023858 10.457316
v -42.437059 -45.708900 9.488637
v -42.750438 -45.864067 9.458661
v -42.624093 -46.133731 9.533692
v -42.310714 -45.978563 9.563668
v -42.137943 -46.135566 8.570173
v -42.451322 -46.290733 8.540197
v -42.370006 -46.496167 8.753491
v -42.056627 -46.341000 8.783467
v -41.694088 -46.927893 8.031362
v -42.007467 -47.083060 8.001386
v -41.992967 -47.169219 8.295792
v -41.679589 -47.014052 8.325768
v -41.224425 -47.873579 8.016578
v -41.537803 -48.028746 7.986602
v -41.594006 -47.972544 8.283234
v -41.280627 -47.817377 8.313210
v -40.854798 -48.719228 8.529783
v -41.168177 -48.874395 8.499807
v -41.280022 -48.690891 8.719182
v -40.966643 -48.535723 8.749158
v -40.684250 -49.238248 9.433464
v -40.997629 -49.393416 9.403488
v -41.135147 -49.131779 9.486824
v -40.821769 -48.976612 9.516801
v -47.617383 -52.828033 9.855981
v -47.304004 -52.672866 9.885957
v -47.603120 -52.246200 10.804421
v -47.916498 -52.401368 10.774445
v -47.430349 -52.403203 9.810926
v -47.743727 -52.558370 9.780950
v -47.997815 -52.195934 10.561150
v -47.684436 -52.040766 10.591127
v -48.046975 -51.453873 11.343232
v -48.360353 -51.609040 11.313256
v -48.374853 -51.522881 11.018850
v -48.061474 -51.367714 11.048826
v -48.516639 -50.508187 11.358016
v -48.830017 -50.663354 11.328039
v -48.773815 -50.719557 11.031408
v -48.460436 -50.564389 11.061384
v -48.886265 -49.662538 10.844811
v -49.199644 -49.817705 10.814835
v -49.087799 -50.001210 10.595460
v -48.774420 -49.846043 10.625436
v -49.056813 -49.143518 9.941130
v -49.370192 -49.298685 9.911154
v -49.232673 -49.560321 9.827817
v -48.919295 -49.405154 9.857793
v -48.982585 -49.090196 8.889115
v -49.295964 -49.245364 8.859139
v -49.169619 -49.515027 8.934170
v -48.856240 -49.359860 8.964146
v -48.683469 -49.516862 7.970651
v -48.996848 -49.672029 7.940674
v -48.915531 -49.877463 8.153969
v -48.602153 -49.722296 8.183945
v -48.239614 -50.309189 7.431840
v -48.552993 -50.464357 7.401864
v -48.538493 -50.550516 7.696270
v -48.225114 -50.395348 7.726246
v -47.769950 -51.254875 7.417056
v -48.083329 -51.410043 7.387080
v -48.139531 -51.353840 7.683711
v -47.826152 -51.198673 7.713687
v -47.400324 -52.100524 7.930261
v -47.713702 -52.255691 7.900285
v -47.825547 -52.072187 8.119660
v -47.512169 -51.917020 8.149636
v -47.229775 -52.619545 8.833941
v -47.543154 -52.774712 8.803965
v -47.680673 -52.513076 8.887302
v -47.367294 -52.357908 8.917278
v -8.963345 -28.253117 13.227518
v -13.866827 -33.276457 13.250227
v -11.006156 -31.794143 13.511383
v -8.714449 -28.502013 11.913865
v -10.757260 -32.043039 12.197730
v -13.617931 -33.525353 11.936574
v -9.067301 -32.492146 14.010985
v -8.818405 -32.741042 12.697332
v -0.578696 -21.127106 13.465991
v -5.482179 -26.150446 13.488700
v -2.621508 -24.668132 13.749855
v -0.329800 -21.376002 12.152337
v -2.372612 -24.917028 12.436202
v -5.233283 -26.399342 12.175047
v -0.682653 -25.366135 14.249457
v -0.433756 -25.615031 12.935804
v 8.729220 -12.442658 13.584118
v 3.825737 -17.465997 13.606827
v 6.686408 -15.983684 13.867983
v 8.978116 -12.691554 12.270465
v 6.935304 -16.232580 12.554330
v 4.074633 -17.714893 12.293174
v 8.625264 -16.681686 14.367585
v 8.874160 -16.930582 13.053932
v 18.556743 -1.796111 13.428939
v 13.653260 -6.819450 13.451648
v 16.513931 -5.337137 13.712804
v 18.805639 -2.045007 12.115286
v 16.762827 -5.586033 12.399150
v 13.902156 -7.068346 12.137995
v 18.452786 -6.035139 14.212405
v 18.701683 -6.284035 12.898752
v 28.316762 10.158793 13.013077
v 23.413279 5.135453 13.035786
v 26.273950 6.617767 13.296942
v 28.565658 9.909897 11.699424
v 26.522847 6.368871 11.983288
v 23.662176 4.886557 11.722133
v 27.793306 6.339265 13.637579
v 28.042202 6.090368 12.323926
v 38.085080 23.346251 12.365257
v 33.181597 18.322911 12.387966
v 36.042268 19.805225 12.649122
v 38.333976 23.097354 11.051604
v 36.291164 19.556328 11.335469
v 33.430493 18.074015 11.074313
v 37.561623 19.526722 12.989759
v 37.810520 19.277826 11.676106
v -21.315977 -32.651997 13.832485
v -19.239617 -35.969210 14.854398
v -17.057554 -33.187861 14.740852
v -20.320392 -33.647582 8.577872
v -16.061970 -34.183446 9.486240
v -18.244032 -36.964794 9.599785
v -16.715630 -31.048080 14.400215
v -15.720046 -32.043664 9.145602
v -23.105433 -32.103394 11.527343
v -24.561366 -28.165755 10.505430
v -30.039501 -27.651031 9.369971
v -22.768218 -32.440608 9.747555
v -29.702287 -27.988245 7.590183
v -24.224152 -28.502969 8.725642
v -28.583567 -31.588670 10.391884
v -28.246353 -31.925884 8.612096
v -11.976363 -40.750758 15.274358
v -15.914002 -39.294824 14.252445
v -15.399279 -44.772959 15.387904
v -11.639149 -41.087972 13.494570
v -15.062065 -45.110173 13.608116
v -15.576788 -39.632038 12.472657
v -11.461640 -46.228892 16.409817
v -11.124425 -46.566107 14.630029
v 2.498750 -16.697394 13.323325
v 0.542109 -17.904928 13.181392
v -0.665424 -19.861569 13.323325
v 2.787791 -16.986435 11.797792
v -0.376383 -20.150609 11.797792
v 0.831150 -18.193968 11.655859
v 1.291217 -18.654035 13.465257
v 1.580257 -18.943076 11.939724
v 17.048336 -1.466515 13.194241
v 15.091696 -2.674048 13.052308
v 13.884162 -4.630689 13.194241
v 17.337377 -1.755555 11.668708
v 14.173203 -4.919730 11.668708
v 15.380736 -2.963089 11.526776
v 15.840803 -3.423156 13.336173
v 16.129844 -3.712196 11.810640
v 31.365646 16.478347 12.506933
v 29.409005 15.270813 12.365001
v 28.201471 13.314172 12.506933
v 31.654687 16.189306 10.981401
v 28.490512 13.025132 10.981401
v 29.698046 14.981773 10.839468
v 30.158112 14.521706 12.648866
v 30.447153 14.232665 11.123333
v 42.818164 32.945015 11.556909
v 40.861523 31.737481 11.414976
v 39.653990 29.780841 11.556909
v 43.107205 32.655974 10.031376
v 39.943030 29.491800 10.031376
v 41.150564 31.448441 9.889444
v 41.610631 30.988374 11.698841
v 41.899671 30.699333 10.173309
v -21.096527 -34.732726 19.627664
v -23.435488 -34.255044 19.093998
v -22.957806 -36.594005 19.627664
v -20.968065 -34.861188 18.949649
v -22.829344 -36.722467 18.949649
v -23.307026 -34.383506 18.415983
v -20.618845 -37.071687 20.161329
v -20.490382 -37.200150 19.483315
v -18.334583 -37.494670 5.050351
v -20.673544 -37.016988 4.516685
v -20.195862 -39.355949 5.050351
v -18.206120 -37.623133 4.372336
v -20.067399 -39.484412 4.372336
v -20.545082 -37.145451 3.838671
v -17.856901 -39.833631 5.584017
v -17.728438 -39.962094 4.906002
v -51.981370 -51.620713 10.798801
v -55.319723 -50.764066 10.003979
v -59.000000 -52.047199 9.549796
v -51.274826 -52.327257 7.069721
v -58.293456 -52.753743 5.820716
v -54.613179 -51.470610 6.274899
v -58.753208 -55.396123 10.231071
v -57.811999 -53.855627 10.117525
v -57.105455 -54.562171 6.388445
v -58.046664 -56.102667 6.501991
v -54.741578 -52.583064 10.458163
v -54.035034 -53.289608 6.729083
v -53.928830 -50.914106 11.022631
v -56.128540 -51.196101 10.659285
v -56.410536 -53.395811 11.022631
v -52.965361 -51.877575 5.937522
v -55.447067 -54.359280 5.937522
v -55.165071 -52.159570 5.574176
v -54.210826 -53.113816 11.385978
v -53.247357 -54.077285 6.300869
v -20.589038 -29.656377 13.039294
v -21.135473 -26.007811 12.244473
v -21.177754 -28.447235 12.698656
v -19.721916 -30.523499 8.462696
v -20.310632 -29.314358 8.122058
v -20.268351 -26.874933 7.667875
v -19.721820 -32.384875 13.720570
v -18.854698 -33.251997 9.143971
v -13.996894 -36.248522 15.537304
v -16.725391 -35.381304 14.856029
v -12.787752 -36.837237 15.877942
v -13.129772 -37.115644 10.960706
v -11.920630 -37.704359 11.301344
v -15.858269 -36.248426 10.279430
v -10.348327 -36.794956 16.332125
v -9.481205 -37.662078 11.755527
v -7.159453 -26.458536 13.524501
v -8.017480 -26.717276 13.410956
v -8.276221 -27.575303 13.524501
v -6.806181 -26.811808 11.659961
v -7.922949 -27.928575 11.659961
v -7.664208 -27.070548 11.546416
v -7.418194 -27.316562 13.638047
v -7.064922 -27.669834 11.773507
v 3.977619 -16.501111 13.748008
v 3.119592 -16.759852 13.634462
v 2.860851 -17.617879 13.748008
v 4.330890 -16.854383 11.883468
v 3.214123 -17.971151 11.883468
v 3.472864 -17.113124 11.769922
v 3.718878 -17.359138 13.861554
v 4.072150 -17.712410 11.997014
v 15.140618 -4.708335 13.628685
v 14.282591 -4.967076 13.515139
v 14.023851 -5.825103 13.628685
v 15.493890 -5.061607 11.764145
v 14.377123 -6.178375 11.764145
v 14.635863 -5.320348 11.650599
v 14.881877 -5.566362 13.742231
v 15.235149 -5.919634 11.877691
v 26.858010 9.632180 13.131685
v 25.999983 9.373440 13.018139
v 25.741242 8.515413 13.131685
v 27.211282 9.278908 11.267145
v 26.094514 8.162141 11.267145
v 26.353255 9.020168 11.153599
v 26.599269 8.774154 13.245231
v 26.952541 8.420882 11.380691
v 38.352369 25.436582 12.315067
v 37.494342 25.177841 12.201521
v 37.235601 24.319814 12.315067
v 38.705641 25.083310 10.450527
v 37.588873 23.966542 10.450527
v 37.847614 24.824569 10.336981
v 38.093628 24.578555 12.428613
v 38.446900 24.225283 10.564073
v -16.178855 -36.881766 11.135219
v -7.799070 -27.988861 10.497712
v -6.484728 -29.580424 11.588537
v -16.751887 -36.308734 14.159634
v -8.563122 -27.224810 14.530314
v -18.128489 -34.424492 14.082092
v 26.091912 5.691395 14.319483
v 12.839319 -6.340847 14.628551
v 14.475742 -8.003352 14.713308
v -16.038363 -37.191479 12.841298
v -19.314043 -32.731249 12.996365
v -10.060879 -25.357453 11.731665
v -19.454555 -32.421504 11.290276
v 11.166826 -4.633488 11.827110
v 23.509564 8.176915 10.117723
v 11.966958 -5.442339 10.511183
v -9.879216 -25.634490 13.439354
v -7.057767 -29.007385 14.612988
v -17.364438 -35.188543 10.049490
v -20.418431 -34.565768 9.893143
v -18.741011 -33.304281 9.971949
v 48.189204 44.297734 7.949938
v 40.922363 34.703161 10.011789
v 47.332695 45.044673 9.266952
v 13.603370 -7.104899 10.595949
v 1.515464 -16.375168 10.602381
v 4.559606 -19.545934 11.779911
v 3.133032 -18.056074 10.687052
v -9.306184 -26.207522 10.414939
v 11.393926 -4.869307 13.535598
v 0.721601 -15.560198 11.918336
v 0.942432 -15.802136 13.626796
v 37.446416 19.077282 12.313820
v 26.664944 5.118363 11.295068
v 37.191376 19.283331 10.605679
v 4.780457 -19.787902 13.488380
v -6.301281 -29.856240 13.296370
v 2.368980 -17.292022 14.719654
v 3.986574 -18.972902 14.804326
v 22.936533 8.749947 13.142138
v 34.898111 21.429613 13.546369
v 33.368904 22.811901 12.454447
v 15.275899 -8.812228 13.397390
v 15.048774 -8.576384 11.688893
v 57.105707 52.120436 11.303444
v 52.077375 48.308657 11.708564
v 53.896823 46.847666 11.789819
v 57.624822 51.579736 8.413160
v 52.841427 47.544605 7.675963
v 55.954626 52.647456 7.399339
v 51.022029 49.005642 7.594708
v 54.111416 53.895421 7.348923
v 49.994635 42.820957 8.031566
v 54.469855 46.274634 8.765403
v 51.609072 41.535195 9.121310
v 50.160869 49.747290 8.911805
v 53.266327 54.551720 8.616699
v 51.036033 42.108233 12.145761
v 54.757972 46.106010 10.472721
v 41.191810 34.513454 11.719564
v 49.230584 43.585009 12.064168
v 47.616165 44.870773 10.974389
v 50.448997 49.578674 10.619124
v 55.262487 53.368392 11.253028
v 53.592292 54.436110 10.239208
v 57.950815 51.464155 10.035669
v 51.892526 41.361292 10.828783
v 56.287183 54.909222 11.038753
v 56.662356 55.190791 10.347978
v 55.496355 55.730875 9.777316
v 54.671299 55.848882 10.079485
v 58.070055 53.798807 11.089745
v 57.784505 54.350682 10.457458
v 58.571038 53.286520 8.364757
v 55.172292 55.336604 7.354497
v 58.316035 54.104202 9.620854
v 58.121768 54.005788 8.622934
v 54.355326 55.934448 8.548607
v 56.955143 54.226172 7.405487
v 57.087242 54.756324 8.036922
v 55.833629 55.385990 7.942793
v 55.433536 55.842884 8.764047
v 58.886975 53.200971 9.895624
v 56.959357 55.108860 9.182559
v 25.182751 6.552142 10.202298
v 35.662162 20.665561 9.513767
v 33.941937 22.238869 9.430031
v 42.764324 33.180274 12.810387
v 43.528375 32.416223 8.777785
v 41.764841 33.940423 8.695148
v 26.904309 4.895130 13.003495
v 22.697137 8.973201 11.433701
v 33.113840 23.017926 10.746305
v 36.618344 19.856363 13.630095
v 45.370345 30.893393 11.576374
v 44.527837 31.656105 12.893015
v 45.100869 31.083073 9.868599
v 24.418699 7.316194 14.234899
v -19.049293 -36.455456 9.970303
v -18.461208 -37.523707 11.984395
v -19.348611 -36.283890 11.155727
v -19.813345 -35.691405 14.002905
v -18.624124 -37.360791 12.844253
v -18.444178 -37.581072 14.080066
v -20.991463 -33.992737 12.917559
v -21.129527 -33.681205 11.211595
v -20.778936 -34.333012 11.401518
v -20.511026 -34.702790 11.983137
v -20.348110 -34.865706 11.123279
v -17.871146 -38.154104 11.055651
v -17.733133 -38.465628 12.761603
v -18.231650 -37.921347 12.564026
v -19.529941 -36.145089 11.981495
v -19.662009 -35.970492 12.809815
v 56.984691 54.264067 7.227153
v 57.111506 54.872929 7.955151
v 58.322908 54.038236 8.821072
v 58.944852 53.113651 8.112336
v 54.874686 55.468386 6.921363
v 55.582715 55.623498 8.019270
v 54.196263 56.026561 8.417297
v 55.159420 56.102667 8.680062
v 59.000000 53.164193 9.938567
v 56.981902 55.268194 9.171999
v 55.320229 47.246118 8.601508
v 53.304376 48.377588 7.429778
v 51.095673 49.731671 7.330213
v 50.414159 50.338244 8.953191
v 56.230756 54.980266 11.188042
v 54.673565 47.907286 12.043085
v 58.337854 53.734321 11.413887
v 54.266318 56.044434 10.131052
v 50.449001 50.392827 10.771791
v 52.491566 49.231863 11.786995
v 55.474674 47.180663 10.510665
v 55.297710 55.914940 9.569511
v 58.037892 54.329670 10.371312
v 58.611341 54.105590 9.690134
v 56.659252 55.335369 10.415036
v 6.513650 -14.635854 10.506664
v -3.652701 -20.922721 10.355132
v 4.746324 -12.840288 10.415116
v -17.586423 -38.649084 12.824159
v -10.595371 -31.995663 14.638570
v -18.365057 -37.701576 14.247552
v -19.843758 -35.660734 14.164217
v -13.507749 -28.242726 13.375702
v -21.124156 -33.832032 12.991632
v -13.681428 -27.925233 11.532199
v -21.275909 -33.497508 11.149055
v -9.976489 -32.614545 11.372163
v -17.746182 -38.320451 10.981183
v -12.153736 -30.015408 14.551621
v -11.328560 -30.840584 10.196411
v -0.576183 -24.539304 11.623265
v -2.011306 -22.834175 10.444777
v -12.888874 -28.861599 10.109334
v 4.127450 -12.221414 13.681485
v -4.474880 -20.010525 11.776964
v -4.271576 -20.303846 13.621500
v -0.372860 -24.832659 13.467811
v -9.800841 -32.930787 13.215844
v 7.455814 -15.606182 14.953413
v -2.836481 -22.008999 14.799987
v -1.195058 -23.920430 14.889633
v 5.688474 -13.810678 14.861874
v 8.319981 -16.479769 13.532221
v 8.074688 -16.225056 11.687044
v 3.882181 -11.966730 11.836318
v -19.018582 -36.485910 9.809007
v -20.505282 -34.450907 9.725263
v 3.754757 -17.302350 10.432115
v -0.125341 -24.231797 11.664683
v -1.719707 -22.598932 10.455454
v 1.065412 -14.561552 11.794266
v -3.525394 -20.754649 10.361669
v -4.409052 -19.858135 11.817605
v 1.315067 -14.824068 13.684529
v -2.565051 -21.753589 14.917107
v 2.909413 -16.457006 14.893768
v 4.715128 -18.301209 14.987543
v 0.124343 -24.494341 13.554957
v 5.598808 -19.197758 13.531618
v 1.949067 -15.458068 10.338329
v -0.759341 -23.597797 15.010883
v -2.284020 -16.734923 11.416479
v -2.109721 -16.914860 11.483596
v -2.348653 -16.772089 11.484691
v -2.205001 -16.533849 11.750323
v -2.030694 -16.713779 11.817439
v -2.140366 -16.496680 11.682111
v -2.174351 -16.952024 11.551808
v -2.387194 -16.772888 11.582643
v -2.212892 -16.952822 11.649760
v -2.212033 -16.916278 11.745502
v -1.928380 -16.712359 11.555533
v -1.966088 -16.774930 11.485718
v -2.102686 -16.532430 11.488417
v -2.174325 -16.853707 11.815318
v -2.386335 -16.736343 11.678386
v -1.927523 -16.675817 11.651276
v -2.101825 -16.495882 11.584159
v -2.140390 -16.594995 11.418601
v -2.208140 -16.670801 11.391321
v -2.348629 -16.673775 11.748201
v -2.280881 -16.597971 11.775481
v -2.033838 -16.850736 11.458438
v -2.106577 -16.777903 11.842598
v -1.966062 -16.676613 11.749228
v -2.305848 -17.241920 11.402743
v -2.121397 -16.768072 12.194120
v -1.914917 -16.593536 12.125633
v -1.739070 -16.492374 11.939986
v -1.634211 -16.490176 11.673414
v -2.408372 -17.144683 11.929889
v -2.305756 -16.974395 12.119891
v -2.129994 -17.140747 11.217107
v -1.636565 -16.589621 11.412868
v -1.739174 -16.759897 11.222877
v -1.923520 -16.966209 11.148640
v -2.410723 -17.244130 11.669322
v -1.767819 -16.634888 12.290091
v -1.779084 -17.108420 11.047931
v -2.041355 -17.330541 11.134946
v -1.414556 -16.629580 11.383800
v -1.544929 -16.846034 11.142313
v -2.264767 -17.459456 11.370976
v -2.397996 -17.462498 11.710011
v -1.544521 -16.506133 12.053927
v -2.264476 -17.119513 12.283049
v -2.030144 -16.856981 12.377335
v -2.394953 -17.336124 12.041428
v -1.411459 -16.503230 11.714989
v -1.268066 -17.076864 12.533175
v -1.281501 -17.605521 11.144567
v -1.574086 -17.854379 11.241705
v -0.874824 -17.070170 11.519858
v -1.020337 -17.312025 11.250094
v -1.823428 -17.999232 11.505568
v -1.972151 -18.003258 11.884867
v -1.019145 -16.932613 12.268798
v -1.822694 -17.619664 12.526031
v -1.560867 -17.325625 12.631190
v -1.968621 -17.862133 12.255755
v -0.871080 -16.929131 11.889868
v -3.350044 -15.837284 11.464182
v -3.002191 -15.499597 11.466108
v -3.605754 -16.776933 11.593767
v -0.935064 -14.814864 11.728029
v -0.466174 -15.219942 11.893618
v -1.105209 -15.590847 11.842816
v -1.019668 -15.676388 11.391339
v -0.380634 -15.305483 11.442141
v -0.849523 -14.900405 11.276552
v -3.520215 -16.862476 11.142290
v -2.916652 -15.585140 11.014630
v -3.264503 -15.922825 11.012704
v -4.234246 -17.481066 11.366153
v -4.096331 -17.337278 11.365040
v -4.153587 -17.466123 11.620550
v -4.134945 -16.997799 11.535349
v -4.206967 -17.004358 11.281000
v -4.100904 -16.874731 11.518481
v -4.170123 -16.878568 11.264148
v -3.387158 -15.809954 11.210026
v -1.809212 -14.676677 11.294277
v -1.480201 -14.797605 11.379526
v -1.819350 -14.749877 11.548171
v -1.494083 -14.874440 11.633400
v -1.351175 -14.745613 11.636068
v -3.326749 -15.512938 11.407142
v -1.935939 -14.709677 11.276519
v -1.943275 -14.780159 11.530428
v -4.097220 -17.884606 11.710519
v -4.184260 -17.905745 11.456087
v -3.026959 -15.460282 11.212020
v -3.707168 -18.366218 11.875672
v -3.721898 -18.464808 11.649615
v -1.332397 -14.664023 11.382221
v -0.909908 -14.727084 11.474217
v -3.357693 -15.479618 11.153020
v -0.365909 -15.206897 11.668198
v -4.020567 -17.327087 11.619410
v -0.949800 -15.686093 11.890307
v -0.864259 -15.771634 11.438830
v -4.068046 -17.551664 11.169072
v -4.015363 -16.960272 11.067004
v -4.049404 -17.083340 11.083872
v -1.190380 -15.708708 11.365118
v -1.756324 -15.582089 11.717791
v -1.670783 -15.667630 11.266314
v -1.830581 -15.353908 11.660488
v -1.745040 -15.439449 11.209011
v -1.970587 -15.358136 11.150870
v -1.275921 -15.623167 11.816595
v -3.279687 -17.568372 11.805500
v -1.733809 -14.835418 11.096694
v -1.265637 -14.831156 11.184590
v -1.408542 -14.959981 11.181922
v -3.241211 -15.598481 10.955664
v -3.305945 -17.086422 11.709210
v -3.220404 -17.171963 11.257733
v -1.857735 -14.865700 11.078951
v -3.141336 -17.982164 11.426221
v -3.621627 -18.451759 11.424195
v -4.011679 -17.970147 11.259042
v -2.056128 -15.272595 11.602348
v -3.317200 -17.738194 11.830568
v -3.231659 -17.823735 11.379091
v -3.226875 -17.896621 11.877699
v -3.194146 -17.653913 11.354023
v -3.445960 -17.090660 11.199592
v -3.531501 -17.005119 11.651070
v -3.935026 -17.412628 11.167932
v -8.422191 -28.474993 10.202308
v -13.091703 -35.096383 11.237636
v -14.507952 -33.256516 10.013170
v -10.883243 -25.448991 11.592732
v -16.138966 -31.201778 9.922369
v -16.969003 -30.230512 11.403594
v -10.697564 -25.775903 13.512368
v -15.367104 -32.397363 14.547703
v -9.281343 -27.615841 14.736842
v -7.650293 -29.670502 14.827634
v -12.905997 -35.423328 13.157282
v -6.820232 -30.641802 13.346420
v -10.053207 -26.420259 10.111508
v -13.736059 -34.452026 14.638495
v -14.445664 -27.338983 11.121366
v -14.292137 -27.537105 11.187993
v -14.515147 -27.370552 11.187598
v -14.353291 -27.153301 11.460655
v -14.199758 -27.351419 11.527282
v -14.283808 -27.121731 11.394423
v -14.361619 -27.568675 11.254225
v -14.402036 -27.567311 11.351412
v -14.399396 -27.532824 11.447881
v -14.555565 -27.369190 11.284785
v -14.092502 -27.355703 11.267394
v -14.134988 -27.412760 11.195628
v -14.246033 -27.157583 11.200767
v -14.552919 -27.334697 11.381255
v -14.510437 -27.277644 11.453020
v -14.243389 -27.123093 11.297236
v -14.089860 -27.321214 11.363863
v -14.288517 -27.214639 11.129001
v -14.363107 -27.282553 11.098930
v -14.356907 -27.475765 11.519647
v -14.435843 -27.209727 11.483092
v -14.209584 -27.480679 11.165556
v -14.282317 -27.407851 11.549719
v -14.130277 -27.319850 11.461050
v -14.519065 -27.840699 11.096857
v -14.303239 -27.403035 11.901034
v -14.078595 -27.249437 11.839957
v -13.889541 -27.163497 11.659696
v -13.779578 -27.167182 11.395206
v -14.621847 -27.743176 11.623900
v -14.506222 -27.587887 11.819208
v -14.330003 -27.754749 10.916608
v -13.786785 -27.261032 11.132679
v -13.902399 -27.416309 10.937384
v -14.105366 -27.601150 10.855550
v -14.629045 -27.837025 11.361354
v -13.939909 -27.308735 12.006221
v -13.974243 -27.755588 10.754634
v -14.259627 -27.951108 10.832231
v -13.569491 -27.323077 11.106903
v -13.716401 -27.520475 10.858672
v -14.499861 -28.060685 11.061410
v -14.639610 -28.056259 11.397794
v -13.699799 -27.199302 11.776903
v -14.483384 -27.739469 11.980097
v -14.225352 -27.504230 12.084045
v -14.630409 -27.937007 11.731728
v -13.560235 -27.203852 11.440609
v -13.493179 -27.804201 12.249393
v -13.532324 -28.302947 10.850247
v -13.850807 -28.522128 10.936855
v -13.080667 -27.819300 11.243857
v -13.244660 -28.039880 10.966560
v -14.119032 -28.645402 11.193052
v -14.275113 -28.641102 11.569379
v -13.225425 -27.681476 11.992663
v -14.100272 -28.286825 12.220907
v -13.811885 -28.023279 12.336876
v -14.264726 -28.507960 11.943079
v -13.070059 -27.686253 11.616681
v -15.414796 -26.337448 11.167742
v -15.034267 -26.037440 11.182998
v -15.768089 -27.248029 11.273330
v -12.913628 -25.574000 11.496985
v -12.492224 -26.028162 11.662878
v -13.164741 -26.330341 11.592710
v -13.079200 -26.415882 11.141233
v -12.406683 -26.113703 11.211400
v -12.828087 -25.659542 11.045508
v -15.682550 -27.333572 10.821853
v -14.948728 -26.122983 10.731520
v -15.329254 -26.422989 10.716264
v -16.460663 -27.879428 11.019794
v -16.308738 -27.750597 11.024169
v -16.384119 -27.877561 11.275888
v -16.315828 -27.412153 11.200647
v -16.382923 -27.406570 10.944931
v -16.269010 -27.292948 11.186932
v -16.333039 -27.284949 10.931339
v -15.443702 -26.301758 10.913556
v -13.759941 -25.338613 11.050090
v -13.446878 -25.494309 11.138906
v -13.782724 -25.415056 11.302204
v -13.473755 -25.573980 11.390855
v -13.318475 -25.460610 11.398796
v -15.357211 -26.016225 11.117790
v -13.888993 -25.358064 11.029325
v -13.908711 -25.432091 11.281561
v -16.372805 -28.301213 11.358301
v -16.456329 -28.308581 11.101926
v -15.049668 -25.991101 10.929354
v -16.037646 -28.823370 11.520736
v -16.057775 -28.915730 11.292476
v -13.286243 -25.376718 11.147062
v -12.874416 -25.484605 11.245531
v -15.379367 -25.975212 10.863875
v -12.386558 -26.021347 11.439661
v -16.237552 -27.752954 11.280049
v -12.935380 -26.527475 11.189626
v -13.020921 -26.441934 11.641103
v -16.298578 -27.963102 10.824411
v -16.183469 -27.378489 10.735455
v -16.230287 -27.497694 10.749170
v -13.251754 -26.429974 11.111209
v -13.808830 -26.252322 11.455893
v -13.723289 -26.337863 11.004416
v -13.858117 -26.016694 11.401911
v -13.772576 -26.102235 10.950433
v -13.987363 -25.997088 10.889816
v -13.337295 -26.344433 11.562686
v -15.529278 -28.072591 11.474806
v -13.697183 -25.500597 10.850726
v -13.232936 -25.546153 10.947318
v -13.388214 -25.659521 10.939377
v -15.271672 -26.101768 10.666312
v -15.504014 -27.588804 11.387930
v -15.418473 -27.674345 10.936453
v -13.823170 -25.517632 10.830083
v -15.426349 -28.491352 11.089758
v -15.952105 -28.908912 11.069258
v -16.287264 -28.386754 10.906823
v -14.072904 -25.911546 11.341293
v -15.584508 -28.238083 11.495697
v -15.498966 -28.323624 11.044220
v -15.511887 -28.405809 11.541236
v -15.443737 -28.158132 11.023329
v -15.633266 -27.569201 10.875835
v -15.718807 -27.483660 11.327312
v -16.152011 -27.838495 10.828572
v 27.859921 10.130736 9.988124
v 32.161382 15.917225 9.691925
v 29.596587 8.938079 11.094271
v 25.024784 12.240581 11.255652
v 29.307287 18.041427 10.967973
v 25.928413 11.518321 9.910392
v 31.376748 16.701858 13.833157
v 29.628510 17.902746 12.719551
v 27.080531 10.910126 14.101678
v 29.915655 8.800322 12.834140
v 33.909630 14.716404 10.805521
v 34.230818 14.577682 12.557099
v 30.216978 17.314278 9.613663
v 25.343878 12.102855 12.995520
v 29.012052 9.522614 14.179399
v 33.321161 15.304872 13.911408
v -2.689071 -21.822742 15.082261
v -0.502196 -23.622447 15.181674
v -1.421835 -20.646292 15.099462
v 1.803195 -23.355117 13.600157
v 0.535957 -24.531570 13.582956
v 1.460715 -23.141672 11.527162
v -3.719236 -18.865048 11.703102
v -3.948344 -20.950586 10.087172
v -4.986472 -20.041498 11.685901
v -0.494258 -21.573869 10.203787
v 0.193479 -24.318122 11.509960
v -1.761494 -22.750319 10.186586
v -3.376784 -19.078461 13.776087
v -4.644019 -20.254912 13.758886
v -2.681109 -19.774136 10.104373
v 0.765040 -22.445997 15.198875
v -4.086559 -23.129338 15.065040
v -2.011711 -25.056970 15.167465
v -2.860823 -22.060345 15.094738
v 0.129157 -24.828358 13.562112
v -1.120738 -25.877078 13.523996
v -0.072752 -24.664601 11.525165
v -5.032249 -20.133929 11.694741
v -5.233801 -22.129255 10.066939
v -6.234582 -21.177522 11.664664
v -1.933246 -22.987922 10.199063
v -1.316037 -25.752645 11.495752
v -3.158982 -24.056915 10.169365
v -4.721288 -20.383634 13.768634
v -5.929476 -21.433580 13.738653
v -4.025614 -21.079308 10.096921
v -0.768427 -23.968927 15.196878
v -5.712205 -24.602530 15.036155
v -3.801525 -26.693011 15.138330
v -4.389852 -23.383990 15.055824
v -1.512528 -26.096929 13.491418
v -3.044699 -27.522557 13.471232
v -1.620372 -26.008417 11.486550
v -6.536488 -21.430683 11.655429
v -6.695274 -23.439598 10.038305
v -7.641338 -22.433589 11.636113
v -3.462275 -24.311567 10.160149
v -3.105850 -27.388685 11.466616
v -4.784628 -25.530107 10.140480
v -6.228830 -21.684214 13.729422
v -7.390951 -22.743925 13.710018
v -5.533155 -22.379889 10.057709
v -2.316047 -25.312742 15.158264
v -10.476897 -28.668377 14.903746
v -7.640364 -29.952329 15.028529
v -9.152641 -27.557097 14.944098
v -8.268946 -31.759285 11.316464
v -6.827057 -31.059940 13.424817
v -8.151310 -32.171219 13.384465
v -11.874904 -26.093161 11.527360
v -9.737370 -26.089461 9.963990
v -10.550651 -24.981881 11.567711
v -8.225064 -28.484675 10.048423
v -6.944690 -30.648003 11.356816
v -9.549319 -29.595954 10.008071
v -11.757299 -26.505067 13.595351
v -10.433045 -25.393787 13.635703
v -11.061625 -27.200742 9.923638
v -8.964621 -31.063610 14.988176
v -8.822103 -27.239694 14.946587
v -5.938633 -28.535925 15.082589
v -7.643296 -26.274017 14.986968
v -6.614152 -30.330599 11.359304
v -5.180066 -29.475595 13.436686
v -6.560924 -30.619081 13.391712
v -10.220112 -24.664478 11.570200
v -8.420418 -24.939713 9.995670
v -9.297826 -23.876577 11.595662
v -6.715719 -27.201594 10.091293
v -5.242958 -29.231599 11.410876
v -7.894525 -28.167271 10.050912
v -10.102503 -25.076381 13.638191
v -9.116092 -24.244039 13.667383
v -9.406829 -25.772056 9.966479
v -7.309826 -29.634924 15.031017
v -7.303699 -26.029224 15.004931
v -4.213417 -27.030267 15.124188
v -6.078873 -24.899287 15.022909
v -4.865316 -28.957556 11.430505
v -3.435481 -27.840906 13.457508
v -4.820202 -29.103644 13.434396
v -9.008957 -23.670789 11.611403
v -7.016785 -23.695917 10.025954
v -7.947789 -22.676420 11.624060
v -5.151296 -25.826864 10.127234
v -3.517743 -27.725941 11.452476
v -6.376122 -26.956801 10.109255
v -8.814540 -24.028501 13.683680
v -7.712457 -23.000240 13.697666
v -8.118866 -24.724175 10.011967
v -5.560990 -28.261881 15.102218
v -3.998338 -18.770433 10.919925
v -4.813516 -19.950729 9.451698
v -5.062725 -19.791039 10.911630
v -3.367810 -20.316704 9.071410
v -4.432198 -21.337310 9.063114
v -3.155662 -22.095146 10.481931
v -4.257026 -22.484416 9.708625
v -4.220049 -23.115753 10.473636
v -3.963568 -19.573196 11.977080
v -5.027958 -20.593804 11.968785
v -3.192634 -21.463806 9.716920
v -5.235014 -20.094673 10.936516
v -6.050191 -21.274969 9.468289
v -6.299404 -21.115281 10.928221
v -4.604487 -21.640944 9.088000
v -5.668876 -22.661552 9.079705
v -4.392338 -23.419386 10.498522
v -5.493702 -23.808655 9.725215
v -5.456727 -24.439994 10.490227
v -5.200244 -20.897435 11.993671
v -6.264634 -21.918043 11.985376
v -4.429312 -22.788047 9.733511
v -4.266617 -18.502154 12.330718
v -5.625351 -19.138898 13.731328
v -5.331006 -19.522762 12.322422
v -4.435456 -19.249059 14.701194
v -5.499845 -20.269667 14.692899
v -3.857957 -21.392851 14.183426
v -5.185027 -21.556419 14.601366
v -4.922346 -22.413459 14.175131
v -3.914192 -19.622576 11.711307
v -4.978580 -20.643182 11.703012
v -4.120636 -20.535809 14.609661
v -5.503293 -19.826394 12.347308
v -6.862027 -20.463138 13.747919
v -6.567685 -20.847004 12.339013
v -5.672132 -20.573298 14.717785
v -6.736524 -21.593909 14.709489
v -5.094632 -22.717092 14.200017
v -6.421704 -22.880658 14.617956
v -6.159024 -23.737701 14.191721
v -5.150869 -20.946816 11.727898
v -6.215256 -21.967421 11.719602
v -5.357314 -21.860051 14.626251
v -11.189036 -25.235865 10.782510
v -11.025328 -25.471602 9.320787
v -12.326509 -26.173604 10.744667
v -10.821320 -26.941948 8.914479
v -9.683846 -26.004209 8.952322
v -9.113149 -27.389821 10.356349
v -8.580348 -26.325656 9.617285
v -7.975673 -26.452080 10.394193
v -10.420729 -25.386217 11.855036
v -11.558200 -26.323954 11.817193
v -9.717819 -27.263394 9.579442
v -9.730605 -24.163065 10.855575
v -9.566903 -24.398806 9.393851
v -10.868079 -25.100804 10.817731
v -9.362892 -25.869149 8.987544
v -8.225421 -24.931412 9.025387
v -7.654718 -26.317020 10.429414
v -7.121915 -25.252853 9.690350
v -6.517245 -25.379281 10.467257
v -8.962298 -24.313416 11.928101
v -10.099772 -25.251156 11.890257
v -8.259394 -26.190597 9.652507
v -8.532583 -22.905188 10.978062
v -6.921274 -24.172908 10.258213
v -7.228456 -24.060258 11.444003
v -7.753652 -25.524992 9.761180
v -8.950054 -24.471976 9.334985
v -9.364912 -27.317282 10.645974
v -8.717652 -26.672985 10.121122
v -10.377061 -26.438821 10.287763
v -9.289293 -23.812589 11.746082
v -8.075508 -24.882068 12.178689
v -9.799718 -25.728284 9.737114
v -12.594664 -25.905216 12.155461
v -11.837042 -24.659662 13.600419
v -11.457192 -24.967478 12.193305
v -10.751371 -24.936457 14.582110
v -11.888844 -25.874195 14.544266
v -8.677848 -25.749678 14.095690
v -9.508224 -25.397548 14.510029
v -9.815319 -26.687415 14.057846
v -11.508702 -26.373225 11.551422
v -10.371231 -25.435488 11.589266
v -10.645698 -26.335288 14.472185
v -11.136237 -24.832418 12.228526
v -10.378611 -23.586861 13.673484
v -9.998761 -23.894677 12.266370
v -9.292943 -23.863658 14.655174
v -10.430417 -24.801397 14.617331
v -7.219417 -24.676876 14.168754
v -8.049796 -24.324749 14.583093
v -8.356893 -25.614619 14.130911
v -10.050271 -25.300424 11.624487
v -8.912800 -24.362687 11.662330
v -9.187265 -25.262484 14.545250
v -8.751347 -22.683783 12.139462
v -7.587395 -23.504132 13.780760
v -7.447212 -23.838851 12.605404
v -8.630319 -24.645679 14.394947
v -9.826716 -23.592669 13.968755
v -9.940887 -26.738666 13.692696
v -9.479387 -25.908608 14.148279
v -10.953035 -25.860205 13.334485
v -9.246612 -23.852624 11.527615
v -8.032833 -24.922103 11.960220
v -10.561450 -24.963916 13.764273
v -7.400832 -21.751663 10.962646
v -6.357827 -23.510745 10.228220
v -6.459809 -23.220677 11.419273
v -5.742717 -21.523871 9.372812
v -4.885956 -22.870547 9.790294
v -3.619670 -20.421295 10.416654
v -3.622158 -22.092356 10.207383
v -2.907036 -21.558720 10.767182
v -6.416840 -21.154030 11.775318
v -5.546486 -22.520444 12.199116
v -4.389484 -20.875525 9.831448
v -7.622404 -21.532685 12.123974
v -7.026772 -22.844412 13.750694
v -6.681385 -23.001709 12.580602
v -6.622199 -20.647002 14.006509
v -5.765438 -21.993668 14.423990
v -4.198455 -19.845108 13.463304
v -4.386701 -21.330407 14.234468
v -3.485821 -20.982533 13.813832
v -6.376977 -21.196501 11.556779
v -5.506625 -22.562912 11.980575
v -5.154021 -20.113582 13.858535
v -18.116547 -29.982404 14.292163
v -18.354340 -29.237078 12.581944
v -18.203067 -29.895884 12.541900
v -18.608549 -29.298664 14.350282
v -13.765960 -24.492153 12.617007
v -13.679440 -24.578671 14.367270
v -6.097699 -49.339529 13.265740
v -6.707586 -43.554470 13.985269
v -6.660243 -48.819082 11.707763
v -17.543888 -29.743007 12.516873
v -17.457369 -29.829526 14.267136
v -19.087510 -29.468220 14.365577
v -18.695068 -29.212145 12.600020
v -13.116126 -25.074315 12.556107
v -13.029608 -25.160836 14.306369
v -19.273717 -28.656716 12.736214
v -19.174029 -29.381701 12.615314
v -5.788845 -17.987580 14.303033
v -5.875365 -17.901060 12.552770
v -14.045239 -24.325659 14.397859
v -19.187197 -28.743236 14.486477
v -1.359526 -14.397824 12.502716
v -1.273007 -14.484343 14.252978
v -2.384141 -12.499111 14.245559
v -14.131758 -24.239139 12.647596
v -0.751350 -14.498467 12.467677
v -0.664829 -14.584984 14.217939
v 3.578264 -11.449068 14.843144
v -2.165586 -12.633075 12.594873
v -0.904310 -15.225234 12.439313
v -0.817791 -15.311753 14.189576
v 3.357582 -18.090480 16.373057
v 4.272004 -12.142804 13.388549
v -5.383721 -18.325029 14.266326
v -5.470241 -18.238510 12.516063
v 6.660765 -21.754572 17.484164
v 2.663843 -17.396741 17.827650
v -12.691992 -25.430780 14.276337
v -12.778510 -25.344259 12.526074
v 9.295789 -25.482177 17.233874
v 7.354500 -22.448312 16.029571
v -17.772466 -30.799024 13.480796
v -18.069170 -30.642351 15.234467
v 14.509674 -26.482359 19.131722
v 9.989523 -26.175921 15.779280
v -6.025037 -17.683718 14.329729
v -1.643583 -14.085570 12.532192
v -6.111554 -17.597196 12.579466
v -19.417904 -34.064452 14.018298
v -19.989007 -33.493353 15.575885
v -1.557066 -14.172092 14.282455
v -1.600671 -13.536358 12.557219
v -16.703626 -38.511861 16.950048
v -17.274727 -37.940760 18.507636
v -13.470579 -24.753701 12.589477
v -13.384059 -24.840220 14.339740
v -1.514151 -13.622877 14.307482
v -2.191970 -13.452591 12.590589
v -9.900632 -40.786100 17.467903
v -9.727703 -40.919841 15.776600
v -18.267821 -29.323597 14.332207
v -2.105453 -13.539113 14.340852
v -6.687175 -43.483428 16.142693
v -13.270288 -22.784734 13.524849
v -14.054047 -23.959064 12.541205
v -14.265094 -23.748017 13.518876
v -11.623108 -24.431920 12.400816
v -12.209135 -25.803983 13.191127
v -12.617912 -25.395201 12.394844
v -13.059241 -22.995781 12.547178
v -12.991516 -23.063511 14.455864
v -12.496935 -25.516180 14.344447
v -11.502130 -24.552898 14.350419
v -12.189438 -25.823676 13.508515
v -11.194631 -24.860392 13.514488
v -12.119916 -21.634362 13.524849
v -12.903670 -22.808687 12.541205
v -13.114717 -22.597640 13.518876
v -10.472731 -23.281542 12.400816
v -11.058757 -24.653605 13.191127
v -11.467537 -24.244825 12.394844
v -11.908864 -21.845405 12.547178
v -11.841139 -21.913134 14.455864
v -11.346558 -24.365803 14.344447
v -10.351753 -23.402520 14.350419
v -11.039062 -24.673300 13.508515
v -10.044256 -23.710017 13.514488
v -10.954887 -20.563902 13.542767
v -11.738646 -21.738232 12.559123
v -11.949693 -21.527185 13.536794
v -9.307702 -22.211082 12.418734
v -9.893733 -23.583150 13.209045
v -10.302510 -23.174367 12.412761
v -10.743838 -20.774947 12.565096
v -10.676113 -20.842677 14.473782
v -10.181532 -23.295345 14.362365
v -9.186729 -22.332065 14.368337
v -9.874035 -23.602842 13.526433
v -8.879230 -22.639560 13.532406
v -9.340854 -19.028676 13.557698
v -10.124613 -20.203006 12.574054
v -10.335660 -19.991959 13.551726
v -7.693672 -20.675859 12.433665
v -8.279700 -22.047924 13.223977
v -8.688480 -21.639144 12.427693
v -9.129805 -19.239721 12.580027
v -9.062080 -19.307451 14.488714
v -8.567499 -21.760120 14.377296
v -7.572699 -20.796842 14.383269
v -8.260003 -22.067616 13.541365
v -7.265195 -21.104331 13.547337
v -8.207074 -17.910656 13.560684
v -8.990830 -19.084984 12.577041
v -9.201879 -18.873940 13.554712
v -6.559889 -19.557837 12.436652
v -7.145917 -20.929902 13.226963
v -7.554697 -20.521122 12.430679
v -7.996022 -18.121699 12.583013
v -7.928302 -18.189434 14.491700
v -7.433719 -20.642100 14.380282
v -6.438916 -19.678820 14.386255
v -7.126222 -20.949597 13.544351
v -6.131414 -19.986312 13.550323
v -7.056977 -16.776321 13.563671
v -7.840733 -17.950648 12.580027
v -8.051782 -17.739603 13.557698
v -5.409791 -18.423501 12.439638
v -5.995819 -19.795566 13.229949
v -6.404599 -19.386786 12.433665
v -6.845925 -16.987363 12.586000
v -6.778202 -17.055096 14.494686
v -6.283619 -19.507762 14.383269
v -5.288816 -18.544481 14.389241
v -5.976125 -19.815261 13.547337
v -4.981317 -18.851976 13.553310
v -7.773005 -18.018376 14.488714
v -8.923105 -19.152714 14.485727
v -10.056886 -20.270734 14.482741
v -11.670916 -21.805957 14.467810
v -12.835945 -22.876417 14.449892
v -13.986321 -24.026793 14.449892
v -14.055075 -26.247662 11.168444
v -14.173913 -26.128822 11.434484
v -15.493883 -27.387002 11.111705
v -14.856471 -25.182916 11.056814
v -15.612721 -27.268164 11.377744
v -13.272106 -20.072153 10.388671
v -13.170335 -19.929171 10.125923
v -16.510439 -19.186250 9.607258
v -14.063934 -26.238803 10.854015
v -15.502742 -27.378145 10.797276
v -14.770933 -25.268457 10.605338
v -16.424900 -19.271790 9.155783
v -13.186568 -20.157696 9.937197
v -17.524776 -23.679042 10.266316
v -17.251903 -24.960420 10.560798
v -16.148672 -25.553730 10.882240
v -15.628992 -22.232020 10.351342
v -15.779100 -22.925792 10.675557
v -16.303045 -23.300611 9.734823
v -16.464350 -23.139306 10.586178
v -15.910958 -24.960946 10.123693
v -16.687247 -23.903392 9.776237
v -15.006443 -23.513069 10.020743
v -15.167748 -23.351764 10.872098
v -14.850876 -24.141671 10.169319
v -16.694620 -24.464942 10.793715
v -16.072263 -24.799641 10.975048
v -16.848552 -23.742087 10.627592
v -15.617795 -23.087097 9.824202
v -15.343304 -24.590456 11.073528
v -15.012181 -23.980366 11.020673
v -15.181999 -24.751760 10.222174
v -16.533315 -24.626247 9.942360
v -3.280242 -16.898598 11.438583
v -3.388098 -16.770312 11.704914
v -1.938160 -15.645603 11.455462
v -4.209885 -15.944180 11.323558
v -2.046009 -15.517310 11.721793
v -9.476885 -16.727491 10.474039
v -9.625370 -16.799800 10.204665
v -9.846507 -13.373701 9.768568
v -3.278117 -16.880293 11.124445
v -1.936028 -15.627291 11.141324
v -4.124344 -16.029721 10.872082
v -9.760965 -13.459238 9.317094
v -9.391339 -16.813028 10.022564
v -5.274907 -13.061038 10.575504
v -4.058006 -13.530291 10.894977
v -3.645646 -14.717943 11.198129
v -6.430206 -13.572289 10.453476
v -6.990004 -14.720376 10.564939
v -5.976009 -14.036705 10.848732
v -5.814704 -14.198010 9.997378
v -6.291803 -14.684367 10.911611
v -5.806490 -15.518840 10.249190
v -5.162972 -13.909601 10.066216
v -4.243871 -14.844296 10.417452
v -5.967795 -15.357536 11.100545
v -5.374180 -15.609294 11.260716
v -4.405175 -14.682991 11.268807
v -4.637796 -14.013011 11.097792
v -5.324277 -13.748296 10.917571
v -6.130498 -14.845672 10.060256
v -5.212875 -15.770599 10.409362
v -4.723477 -15.374742 11.339564
v -4.562173 -15.536046 10.488209
v -4.476491 -14.174316 10.246438
v -16.754908 -21.082759 10.061288
v -14.647744 -23.055253 10.834255
v -13.988142 -21.618525 10.687014
v -16.888714 -22.649365 9.942881
v -16.889585 -22.749798 10.351622
v -14.353382 -23.031706 10.503984
v -13.813920 -21.780791 10.369186
v -13.764614 -21.771231 9.995134
v -14.424217 -23.207960 10.142375
v -16.618278 -21.118403 9.330764
v -16.752955 -22.785440 9.621098
v -16.633048 -19.462512 9.387512
v -12.222890 -21.518419 10.651855
v -16.760283 -21.021410 9.658768
v -7.705133 -21.608433 11.485659
v -7.947358 -22.826434 11.709763
v -17.439237 -23.764584 9.814841
v -14.459730 -23.072671 10.248268
v -16.063133 -25.639272 10.430764
v -15.543453 -22.317562 9.899868
v -5.189364 -13.146577 10.124029
v -6.330102 -15.999218 10.448381
v -3.560106 -14.803483 10.746654
v -6.904463 -14.805917 10.113464
v -7.972891 -16.309812 10.820881
v -6.451695 -15.907347 11.032846
v -8.046202 -13.366083 10.249246
v -6.391334 -13.523894 10.592692
v -6.351185 -13.512415 10.208247
v -7.738623 -16.407099 10.502118
v -7.799334 -13.510650 9.560247
v -6.234832 -15.998309 10.328004
v -7.756029 -16.400774 10.116039
v -6.144467 -13.668461 9.903692
v -6.420251 -16.091195 10.692054
v -7.966717 -13.355243 9.872375
v -8.120667 -18.092122 10.622311
v -9.514459 -13.208951 9.551408
v -7.587609 -22.556380 11.569147
v -8.820484 -22.582415 11.301263
v -12.250371 -21.434670 10.273623
v -9.393969 -20.825050 10.699318
v -12.232638 -22.021529 10.716529
v -12.352821 -20.396213 10.115063
v -10.099304 -20.070984 10.480413
v -12.448543 -20.300487 10.620286
v -10.424829 -19.758784 10.627452
v -12.456870 -19.964276 10.281378
v -9.510058 -20.708956 11.312036
v -12.366460 -21.318577 10.886340
v -10.195029 -19.975258 10.985636
v -8.431448 -17.637651 10.934482
v -9.406735 -17.361896 10.639843
v -8.315357 -17.753746 10.321765
v -7.747745 -17.858542 10.777520
v -9.736353 -17.323746 10.296533
v -9.311007 -17.457620 10.134620
v 5.349129 -18.935209 11.641343
v -4.159395 -20.120648 13.707869
v -7.005937 -30.314858 11.426775
v -16.783322 -30.557422 13.323229
v -3.749128 -18.930124 9.459994
v -4.985804 -20.254363 9.476584
v -4.560961 -18.118290 13.739624
v -5.797638 -19.442530 13.756214
v -12.162804 -26.409343 9.282943
v -10.704374 -25.336543 9.356008
v -8.235934 -23.007864 9.788387
v -12.974514 -25.597400 13.562576
v -11.516087 -24.524603 13.635641
v -8.902060 -22.339101 13.310935
v -7.307082 -22.029768 9.767767
v -7.976019 -21.363434 13.290243
v 15.203416 -27.176101 17.677130
v -11.214328 -24.840699 13.197100
v -10.063951 -23.690322 13.197100
v -8.898925 -22.619865 13.215018
v -7.284892 -21.084639 13.229949
v -6.151109 -19.966617 13.232935
v -5.001012 -18.832281 13.235922
v -16.408666 -19.043265 9.344510
v -14.545269 -22.987129 10.699744
v -16.843713 -22.610512 10.192903
v -14.269501 -24.101430 10.963119
v -9.994993 -13.446008 9.499195
v -6.415645 -15.913680 10.899856
v -5.363368 -16.359968 11.183787
v -11.782351 -20.220256 10.450137
v -14.183962 -24.186972 10.511643
v -17.166364 -25.045961 10.109323
v -16.758174 -22.696053 9.741428
v -5.277827 -16.445508 10.732312
v -3.972460 -13.615828 10.443502
v -6.344662 -13.657827 10.002002
v -9.466636 -18.300621 10.367571
v -9.001359 -21.222748 11.177411
v 51.902497 42.535515 13.096067
v 47.407854 47.030159 11.392878
v 46.663342 46.285648 11.392878
v 52.769620 41.668393 8.519469
v 47.530464 45.418526 6.816280
v 48.274976 46.163037 6.816280
v 51.157986 41.791004 13.096067
v 52.025108 40.923882 8.519469
v 26.874038 5.521339 15.366985
v 22.379394 10.015982 13.663797
v 21.634882 9.271471 13.663797
v 27.741160 4.654216 10.790387
v 22.502004 8.404349 9.087198
v 23.246516 9.148860 9.087198
v 26.129526 4.776827 15.366985
v 26.996648 3.909705 10.790387
v 8.058574 -15.990911 15.877942
v 3.563930 -11.496268 14.174753
v 2.819418 -12.240779 14.174753
v 8.925696 -16.858034 11.301344
v 3.686541 -13.107901 9.598155
v 4.431052 -12.363390 9.598155
v 7.314062 -16.735423 15.877942
v 8.181184 -17.602545 11.301344
v 14.127352 -4.935922 15.024047
v 11.279365 -5.686408 14.626637
v 10.528879 -8.534394 15.024047
v 14.199612 -5.008182 14.642664
v 10.601139 -8.606655 14.642664
v 11.351625 -5.758668 14.245254
v 13.376866 -7.783908 15.421458
v 13.449126 -7.856168 15.040075
v 14.954329 -5.762899 10.659329
v 12.106343 -6.513385 10.261918
v 11.355856 -9.361372 10.659329
v 15.026589 -5.835159 10.277946
v 11.428117 -9.433632 10.277946
v 12.178603 -6.585645 9.880535
v 14.203843 -8.610886 11.056739
v 14.276103 -8.683146 10.675356
v 20.432661 2.408149 14.827235
v 17.584674 1.657663 14.429824
v 16.834188 -1.190323 14.827235
v 20.504921 2.335889 14.445851
v 16.906448 -1.262584 14.445851
v 17.656934 1.585403 14.048441
v 19.682175 -0.439837 15.224645
v 19.754435 -0.512097 14.843262
v 21.259638 1.581172 10.462516
v 18.411652 0.830686 10.065105
v 17.661165 -2.017301 10.462516
v 21.331898 1.508912 10.081133
v 17.733426 -2.089561 10.081133
v 18.483912 0.758426 9.683722
v 20.509152 -1.266815 10.859927
v 20.581412 -1.339075 10.478543
v 26.573790 9.916400 14.568208
v 23.725804 9.165914 14.170797
v 22.975317 6.317927 14.568208
v 26.646051 9.844140 14.186825
v 23.047578 6.245667 14.186825
v 23.798064 9.093653 13.789414
v 25.823304 7.068413 14.965619
v 25.895564 6.996153 14.584235
v 27.400768 9.089422 10.203489
v 24.552781 8.338936 9.806079
v 23.802295 5.490949 10.203489
v 27.473028 9.017162 9.822106
v 23.874555 5.418689 9.822106
v 24.625041 8.266676 9.424695
v 26.650282 6.241436 10.600900
v 26.722542 6.169175 10.219517
v 32.471460 17.668110 14.216925
v 29.623473 16.917624 13.819515
v 28.872987 14.069637 14.216925
v 32.543720 17.595850 13.835542
v 28.945247 13.997377 13.835542
v 29.695734 16.845364 13.438131
v 31.720974 14.820124 14.614336
v 31.793234 14.747863 14.232953
v 33.298438 16.841133 9.852207
v 30.450451 16.090646 9.454796
v 29.699965 13.242660 9.852207
v 33.370698 16.768873 9.470823
v 29.772225 13.170400 9.470823
v 30.522711 16.018386 9.073413
v 32.547951 13.993146 10.249617
v 32.620212 13.920886 9.868234
v 38.135034 25.653917 13.776935
v 35.287047 24.903430 13.379524
v 34.536561 22.055444 13.776935
v 38.207294 25.581656 13.395552
v 34.608821 21.983183 13.395552
v 35.359307 24.831170 12.998141
v 37.384548 22.805930 14.174346
v 37.456808 22.733670 13.792962
v 38.962011 24.826939 9.412216
v 36.114025 24.076453 9.014806
v 35.363538 21.228466 9.412216
v 39.034271 24.754679 9.030833
v 35.435799 21.156206 9.030833
v 36.186285 24.004193 8.633422
v 38.211525 21.978952 9.809627
v 38.283785 21.906692 9.428244
v 45.056842 32.505574 8.930461
v 45.708979 34.955569 8.589824
v 40.082860 26.932307 9.044007
v 45.129102 32.433314 8.549078
v 40.155121 26.860047 8.662624
v 45.781239 34.883309 8.208441
v 41.965280 30.013298 8.816916
v 34.125388 17.379120 9.725283
v 34.197649 17.306860 9.343900
v 42.037540 29.941038 8.435532
v 38.478943 22.331961 9.611737
v 38.551203 22.259700 9.230354
v 44.165633 33.396783 13.634187
v 44.817770 35.846778 13.293550
v 39.191652 27.823516 13.747733
v 44.237893 33.324523 13.252804
v 39.263912 27.751256 13.366350
v 44.890030 35.774517 12.912166
v 41.074071 30.904507 13.520641
v 33.234180 18.270329 14.429009
v 33.306440 18.198069 14.047625
v 41.146331 30.832247 13.139258
v 37.587734 23.223169 14.315463
v 37.659995 23.150909 13.934080
v 54.788481 51.751261 9.444183
v 52.525810 51.452970 8.853851
v 54.068734 54.220654 8.839941
v 52.778706 48.575304 9.922342
v 54.467093 47.783608 10.135036
v 52.448684 51.530096 9.260914
v 45.037955 38.972385 10.236106
v 46.514222 38.112776 10.717740
v 45.115081 38.895259 9.829043
v 52.869641 48.484369 9.442393
v 38.870064 29.894531 10.787453
v 40.350443 28.549680 11.361805
v 13.467556 -3.312975 12.274465
v 2.558501 -15.084547 11.981410
v 2.476787 -15.002834 12.412685
v 31.789284 19.604205 10.952132
v 31.709074 19.684415 11.375475
v 4.053648 -16.620024 12.514235
v 16.460013 -6.290862 13.179891
v 5.493640 -18.099895 13.339960
v 14.936641 -4.774960 12.870236
v 3.957304 -16.523680 13.022732
v 33.228462 18.262405 11.973400
v 38.947189 29.817405 10.380390
v 24.835464 6.894876 12.003547
v 34.802371 16.786157 12.283818
v 26.284450 5.499700 12.808087
v 48.262903 37.066411 10.990110
v 46.605158 38.021841 10.237791
v 41.883404 27.152419 11.659785
v 23.332251 8.344619 11.484399
v 13.547377 -3.392796 11.853177
v 24.741539 6.988801 12.499276
v 23.252590 8.424281 11.904845
v -6.894376 -29.172192 13.072939
v -8.204792 -27.596928 12.231565
v -18.130763 -37.857640 12.570483
v -19.368819 -36.096976 11.718741
v -8.308959 -27.492762 12.781348
v -9.638616 -25.881283 11.679583
v -20.749395 -34.193235 11.620557
v -9.726964 -25.792935 12.145874
v 15.030754 -4.869073 12.373515
v 40.441378 28.458745 10.881855
v 33.323034 18.167832 11.474255
v -19.554873 -36.106450 12.554954
v -15.257425 -35.724543 13.036624
v -16.571479 -33.897205 12.701631
v -15.141327 -35.840641 12.423868
v -16.363385 -34.105299 11.603332
v -17.798009 -32.096355 11.040177
v -17.974533 -31.919832 11.971853
v -20.697278 -40.411220 12.527192
v -18.861421 -38.777744 11.574892
v -18.668770 -38.970393 12.676894
v -18.240821 -37.933789 12.889947
v -50.849960 -50.371740 9.530268
v -43.085848 -49.018604 11.358977
v -43.608607 -47.294637 10.434874
v -50.565981 -51.873404 10.300606
v -42.463247 -50.844137 11.401110
v -50.570475 -50.651226 8.055168
v -42.581482 -49.522970 8.696974
v -43.288246 -47.614996 8.744040
v -22.551104 -37.980245 13.373738
v -19.225227 -38.413938 13.495030
v -20.515815 -36.546199 13.487655
v -23.887760 -35.963208 12.147289
v -21.852472 -34.529163 12.261206
v -19.943049 -37.118965 10.464643
v -23.523954 -36.327013 10.227152
v -21.488666 -34.892969 10.341069
v -21.978338 -38.553011 10.350726
v -19.346780 -36.314544 11.456655
v -49.849774 -53.807293 8.789694
v -50.142820 -53.514247 10.336363
v -34.531520 -47.835766 10.400426
v -42.129326 -51.178056 9.638707
v -27.042554 -43.864682 11.000259
v -27.870265 -42.213326 9.995567
v -36.010739 -44.171756 9.425945
v -29.081147 -40.128820 9.944535
v -35.638813 -45.634404 12.198925
v -27.402252 -43.504985 12.898714
v -28.415215 -41.668377 12.871767
v -36.346856 -43.835638 11.199945
v -29.427285 -39.782683 11.771421
v -19.469079 -35.996716 12.247905
v -22.051902 -34.329731 11.194990
v -20.664361 -34.278269 11.171753
v -43.829759 -47.073483 9.483310
v -51.028105 -50.036313 8.647569
v -29.635550 -39.574418 10.751830
v -49.682809 -54.141404 9.680247
v -41.921732 -51.385650 10.661841
v -34.331805 -48.035481 11.465143
v -26.847849 -44.059387 12.091419
v -21.014363 -36.253579 17.992793
v -20.601634 -35.891099 18.314044
v -21.252710 -35.931667 17.987655
v -17.873168 -40.422862 16.953297
v -17.021111 -40.604865 16.545277
v -17.303386 -40.268837 17.222570
v -23.926708 -32.100802 14.614829
v -23.659612 -31.530660 14.767174
v -24.041100 -31.917244 14.173120
v -23.146080 -32.734514 8.274121
v -23.018752 -31.995330 8.721664
v -22.839942 -32.196072 8.109437
v -20.300389 -36.302359 18.386940
v -20.727456 -36.645264 18.062220
v -17.250843 -41.143825 15.159637
v -16.499151 -41.192981 14.790395
v -16.649936 -41.025859 15.339231
v -23.792342 -32.298218 14.858629
v -23.518518 -31.737956 15.023168
v -23.316379 -32.543324 8.857193
v -23.169538 -31.828201 9.270499
v -19.952604 -36.776687 18.464059
v -20.396235 -37.097000 18.135665
v -16.640502 -41.586364 9.402005
v -16.009082 -41.490519 9.293717
v -16.526124 -41.769906 9.843710
v -18.702075 -39.334935 17.413132
v -18.180394 -39.089765 17.285711
v -18.173733 -39.126521 17.705399
v -19.118161 -38.009022 5.857273
v -18.816800 -37.468086 5.752241
v -18.610625 -37.734309 5.571747
v -16.774873 -41.388943 9.158203
v -16.150183 -41.283210 9.037719
v -23.821071 -32.010783 11.099991
v -23.548690 -31.436151 11.076598
v -23.805346 -32.005525 10.699763
v -16.969740 -41.120025 9.067437
v -16.354784 -41.000863 8.942419
v -23.672803 -31.341279 12.173694
v -23.608251 -31.389489 11.585990
v -23.939286 -31.920418 12.144841
v -15.932817 -41.721042 11.222803
v -15.995884 -41.679910 11.887201
v -16.567870 -41.805908 11.239231
v -22.245118 -33.845442 6.692507
v -21.688244 -33.645986 6.538378
v -22.049227 -34.115382 6.777874
v -20.501885 -35.176943 5.485452
v -20.109785 -35.708659 5.526286
v -20.919366 -35.573430 5.775085
v -17.064050 -40.972959 8.767777
v -16.605951 -40.664206 8.975885
v -17.208944 -40.799404 9.099310
v -22.694056 -33.264288 7.063533
v -22.102197 -33.088075 6.547264
v -22.443460 -33.584050 6.786341
v -16.746151 -41.676366 12.916838
v -16.120010 -41.585023 12.984292
v -16.761875 -41.681632 13.317068
v -17.566498 -39.933103 17.513628
v -18.123756 -40.103111 17.230494
v -22.962877 -32.944270 7.708577
v -22.647585 -32.416314 7.515615
v -23.781103 -31.282796 13.498230
v -23.735874 -31.300141 12.838090
v -24.042415 -31.864735 13.406310
v -17.107243 -41.302986 14.636935
v -16.371503 -41.333532 14.311694
v -23.459984 -32.384158 9.379894
v -23.297189 -31.687652 9.749200
v -21.488302 -33.931415 6.775180
v -21.858801 -34.387223 7.003401
v -16.859196 -41.584311 13.830721
v -16.985675 -41.436842 14.181028
v -23.708025 -32.102846 10.186110
v -23.581547 -32.250307 9.835803
v -19.716093 -36.244493 5.596834
v -20.545925 -36.079842 5.813979
v -17.002635 -41.033772 8.434524
v -16.453806 -40.846445 8.627777
v -15.888989 -41.683232 9.757505
v -15.887593 -41.738384 10.562661
v -23.597474 -32.567134 14.949396
v -23.313904 -32.020327 15.118477
v -21.865139 -34.352224 6.603701
v -21.494960 -33.894664 6.355493
v -17.048174 -40.950639 8.106671
v -16.389315 -40.910302 8.277862
v -16.060438 -41.631694 12.474904
v -16.689421 -41.720808 12.431706
v -20.983117 -34.530654 5.530552
v -21.377682 -34.957919 5.818038
v -17.200512 -40.718261 7.700884
v -16.437139 -40.823010 7.933616
v -16.669570 -41.827360 13.637434
v -16.238704 -41.488366 13.943869
v -16.627937 -41.766732 11.871989
v -21.647719 -34.607839 6.033441
v -21.266657 -34.163069 5.756725
v -16.986863 -40.024180 7.069837
v -16.597098 -40.579004 7.507537
v -21.800557 -34.417407 6.271875
v -21.427139 -33.963117 6.007080
v -17.571718 -40.189859 7.284027
v -17.331516 -39.539911 6.778582
v -19.166806 -37.844242 18.575442
v -19.558909 -37.312518 18.534606
v -19.647866 -38.113712 18.241742
v -18.517988 -39.571778 17.238960
v -18.708422 -39.299927 17.013428
v -17.899962 -39.728644 7.006640
v -17.687882 -39.041409 6.511042
v -20.021289 -37.607318 18.202855
v -18.322098 -39.841719 17.324326
v -17.980444 -39.375203 17.522517
v -23.564591 -32.653373 15.582303
v -23.214885 -32.174740 15.433116
v -23.503167 -32.714196 15.249053
v -18.239357 -39.253878 6.751840
v -18.007866 -38.594882 6.287166
v -23.877806 -31.966336 11.585123
v -17.604336 -40.742889 16.308256
v -16.828749 -40.825110 15.951458
v -23.366706 -32.968894 16.315947
v -23.231552 -32.198174 16.127278
v -23.519048 -32.736512 15.910158
v -19.368303 -36.718825 5.673953
v -20.170987 -36.590149 5.881165
v -18.544104 -38.828613 6.538623
v -18.287158 -38.205572 6.098386
v -19.012729 -38.171645 6.165201
v -18.810097 -38.457844 6.358834
v -17.421139 -40.952640 15.742711
v -22.681835 -32.996992 16.991053
v -23.071589 -32.442184 16.553358
v -19.552858 -37.433569 6.024037
v -19.067058 -37.130085 5.746850
v -19.314512 -37.755483 6.029175
v -18.499912 -37.905076 5.895076
v -21.449055 -35.678131 18.159558
v -20.851900 -35.553088 18.308649
v -21.058064 -35.286873 18.489146
v -22.995506 -33.497292 16.732802
v -22.337180 -33.481267 17.282311
v -22.667257 -33.958510 17.010193
v -21.980814 -33.979771 17.549848
v -22.327857 -34.433282 17.264992
v -21.660830 -34.426298 17.773725
v -22.023122 -34.858532 17.478203
v -21.381534 -34.815612 17.962507
v -23.062749 -32.356968 15.085006
v -23.358270 -32.887756 14.917523
v -23.897644 -31.859799 10.379400
v -23.429981 -31.532822 10.117027
v -19.839759 -37.041898 5.954613
v -16.524794 -41.822431 10.610524
v -18.685570 -38.490535 18.530344
v -19.189537 -38.729236 18.198793
v -23.279370 -32.110886 15.783032
v -18.766670 -39.269738 17.744952
v -18.241554 -39.058066 18.053814
v -18.919495 -39.079321 17.983392
v -23.999348 -31.881246 12.777602
v -23.532168 -31.430636 10.656361
v -21.554496 -35.515498 17.851626
v -21.757121 -35.229311 17.657998
v -16.136517 -41.590553 13.404534
v -22.365310 -32.752342 6.838321
v -21.168774 -35.116113 18.165818
v -17.774763 -39.658636 17.612152
v -23.779707 -31.337948 14.303387
v -21.893932 -33.362541 6.448741
v -18.402034 -38.858115 18.304169
v -17.039054 -40.951284 9.389421
v -17.299909 -40.702051 9.482840
v -17.080096 -40.907358 9.562485
v -17.347136 -40.660639 9.820006
v -16.942468 -41.361277 13.616758
v -18.457521 -39.532817 16.875946
v -18.651169 -39.350791 16.614703
v -18.431684 -39.555771 16.696027
v -18.268643 -39.796580 17.010950
v -17.711773 -40.491616 16.160233
v -17.535740 -40.693166 15.616831
v -21.372303 -35.649810 17.625295
v -21.634100 -34.579251 6.782662
v -21.634435 -34.698683 7.135672
v -19.593814 -37.980219 16.580805
v -19.465980 -38.212609 16.027440
v -19.459795 -38.248559 16.444674
v -16.660537 -41.542852 10.611894
v -16.701918 -41.526987 11.215990
v -23.330250 -32.872875 15.580151
v -21.624738 -35.293274 17.384071
v -19.180596 -38.625022 17.900304
v -17.235472 -40.644989 8.765331
v -17.444180 -40.477072 9.024417
v -17.341624 -40.499534 8.731533
v -19.377099 -38.298649 16.974381
v -19.314403 -38.462185 16.708718
v -18.100963 -39.558252 9.989170
v -18.134062 -39.589389 9.675796
v -17.909219 -39.898438 9.761880
v -17.472205 -40.452784 10.687790
v -17.838411 -40.037706 10.422911
v -17.588736 -40.372411 10.390382
v -16.760996 -41.488455 11.838342
v -17.952818 -40.204668 16.738622
v -18.146986 -39.956908 16.953399
v -17.226047 -41.038814 14.525776
v -17.100030 -41.177568 14.053170
v -16.661721 -41.495765 9.924320
v -17.225490 -40.760203 10.303221
v -17.423223 -40.578649 10.132375
v -18.369216 -39.555773 15.422140
v -18.776735 -39.099382 15.375307
v -18.690465 -39.097276 15.043173
v -19.003792 -38.800735 15.491623
v -19.104167 -38.553133 15.255091
v -19.591561 -38.073103 17.938814
v -19.950373 -37.586527 17.901447
v -20.319156 -37.084602 17.835361
v -23.133389 -33.119267 15.289816
v -22.933948 -33.472713 15.105993
v -22.943492 -33.383019 15.403883
v -22.741277 -33.736508 15.164067
v -22.695454 -33.722615 15.478643
v -22.526574 -34.019449 15.062332
v -22.375428 -34.144357 15.327001
v -22.375700 -34.200086 14.715893
v -22.131895 -34.435930 14.767788
v -22.433148 -34.097775 14.341039
v -22.236566 -34.249523 14.084818
v -19.142932 -38.516283 15.488597
v -19.286694 -38.436757 15.759294
v -19.277140 -38.330586 15.418769
v -23.574731 -32.215343 10.627284
v -23.532539 -32.257536 10.404596
v -17.989129 -39.815398 10.136314
v -18.149820 -39.507480 10.218127
v -22.017480 -34.086000 7.145409
v -21.916045 -34.336367 7.402130
v -22.043322 -34.063041 7.325327
v -22.206371 -33.822220 7.010400
v -22.939267 -32.925646 8.404523
v -23.106763 -32.737604 8.978007
v -19.233540 -37.788571 6.337084
v -23.594325 -32.221894 11.125886
v -21.993970 -34.252626 7.725460
v -22.121567 -33.978957 7.650049
v -22.038907 -34.213592 8.051871
v -22.179426 -33.928693 8.070249
v -18.942148 -38.899015 17.179007
v -18.838558 -39.052502 17.386453
v -23.814472 -32.075953 13.409456
v -23.773088 -32.091824 12.805364
v -17.144757 -40.745937 8.441202
v -17.290725 -40.514892 7.925699
v -17.172686 -40.694949 8.240115
v -17.623574 -40.041090 7.551916
v -17.938968 -39.597932 7.285388
v -18.272788 -39.130968 7.034776
v -18.574534 -38.709886 6.823656
v -19.530475 -37.387532 6.330682
v -17.531514 -40.235792 8.617472
v -17.825940 -39.950647 8.852765
v -17.779565 -39.896181 8.542706
v -18.040641 -39.667712 8.954502
v -18.099578 -39.474453 8.694353
v -18.191519 -39.487070 9.300939
v -18.343116 -39.182877 9.253564
v -22.374051 -34.060548 14.032180
v -22.578081 -33.871766 13.880523
v -22.325185 -34.111330 13.803228
v -23.347470 -32.753054 14.120262
v -23.143998 -33.108501 13.884453
v -23.220087 -33.026512 14.196824
v -23.714011 -32.130356 12.183012
v -22.522192 -33.414137 7.282730
v -23.813284 -32.123045 14.097036
v -23.642243 -32.386348 14.588815
v -23.724653 -32.265266 14.439281
v -22.599803 -33.706269 13.281049
v -22.728811 -33.649444 13.593920
v -23.653131 -32.175826 11.628787
v -20.883444 -35.545706 6.082539
v -20.524640 -36.032273 6.119904
v -20.881199 -35.638581 7.440545
v -21.101241 -35.474540 7.989390
v -21.107429 -35.438591 7.572157
v -21.333026 -34.993484 6.903954
v -21.252822 -35.224957 7.308110
v -21.435449 -34.971210 7.197018
v -21.532868 -34.719788 6.842344
v -20.155859 -36.534201 6.185989
v -21.294401 -34.993798 6.121054
v -21.597386 -34.605736 6.434194
v -21.503638 -34.722540 6.287952
v -20.871220 -35.696603 8.114028
v -21.280515 -35.250407 8.257541
v -21.097916 -35.320153 7.046970
v -19.827890 -36.981503 6.258712
v -21.332082 -35.102517 8.532754
v -21.197856 -35.288233 8.602589
v -22.657995 -33.788722 14.254953
v -23.394904 -32.711458 14.458871
v -23.524376 -32.549006 14.643716
v -23.123042 -33.210078 14.992413
v -23.293098 -32.909661 15.378582
v -17.127529 -40.865767 9.901097
v -17.368245 -40.881207 15.043347
v -16.832766 -41.232457 9.432537
v -16.750346 -41.353549 9.582074
v -17.875206 -39.912535 10.740303
v -16.880681 -41.396917 12.895469
v -16.900276 -41.403469 13.394070
v -18.573257 -39.434518 16.291369
v -18.353431 -39.639865 16.371309
v -18.528316 -39.473557 15.964960
v -18.295587 -39.690106 15.951102
v -18.577707 -39.383440 15.610087
v -19.067185 -38.740472 15.873501
v -16.821871 -41.442990 12.392570
v -19.141984 -38.625322 17.117399
v -19.131773 -38.715938 16.819813
v -18.932779 -38.988477 16.881161
v -23.184275 -33.103924 16.095656
v -23.302318 -32.923860 15.781237
v -22.851433 -33.577722 16.469437
v -22.536042 -34.020874 16.735964
v -22.202231 -34.487829 16.986572
v -21.900477 -34.908921 17.197696
v -18.877629 -39.013065 17.587155
v -18.971367 -38.896270 17.733401
v -19.603795 -37.922199 15.907322
v -20.944539 -36.231268 17.690667
v -21.241461 -35.830244 17.684271
v -20.647124 -36.637297 17.762638
v -23.002806 -33.166022 13.333562
v -22.978483 -33.314745 13.626449
v -23.267309 -32.985103 14.533991
v -22.328027 -33.661892 7.067952
v -22.763237 -33.127189 7.861119
v -23.248955 -32.580002 9.495580
v -23.374976 -32.441243 9.968185
v -23.249526 -32.858592 13.718127
v -21.989514 -34.303714 8.406746
v -22.105799 -34.063027 8.599212
v -21.790488 -34.587768 8.641523
v -21.784538 -34.521540 8.978183
v -21.563418 -34.886430 8.525213
v -21.370842 -35.065672 8.766261
v -21.500034 -34.946682 8.143332
v -18.850273 -38.325533 6.637280
v -19.102702 -37.969000 6.396058
v -17.633270 -40.214441 8.910838
v -18.238438 -39.369287 9.936537
v -20.354175 -35.265707 18.031721
v -20.115841 -35.587603 18.036853
v -16.974640 -39.756891 16.997359
v -23.142572 -31.251273 14.217182
v -23.028184 -31.434824 14.658889
v -22.247552 -32.068543 8.318183
v -19.828930 -35.979293 18.106282
v -16.352316 -40.477854 15.203699
v -22.893817 -31.632241 14.902690
v -22.417856 -31.877348 8.901253
v -19.497711 -36.431023 18.179725
v -15.627596 -41.103935 9.887772
v -15.741974 -40.920392 9.446068
v -17.803548 -38.668963 17.457194
v -18.219640 -37.343048 5.901333
v -15.876354 -40.722962 9.202262
v -22.906821 -31.339547 10.743823
v -22.922544 -31.344812 11.144054
v -16.071221 -40.454045 9.111496
v -23.040762 -31.254442 12.188901
v -15.669342 -41.139937 11.283293
v -21.150702 -33.449404 6.821934
v -21.346594 -33.179464 6.736568
v -20.020834 -34.907463 5.819149
v -16.310422 -40.133428 9.143371
v -16.165524 -40.306987 8.811839
v -21.544931 -32.918077 6.830403
v -21.795529 -32.598317 7.107595
v -15.863346 -41.015660 13.361131
v -15.847623 -41.010394 12.960901
v -17.225231 -39.437133 17.274554
v -22.064359 -32.278291 7.752636
v -23.143901 -31.198749 13.450367
v -16.208713 -40.637021 14.680999
v -22.561456 -31.718186 9.423956
v -20.960274 -33.721253 7.047463
v -16.087139 -40.770880 14.225094
v -15.960667 -40.918339 13.874783
v -22.683027 -31.584325 9.879862
v -22.809500 -31.436868 10.230171
v -19.647402 -35.413865 5.858040
v -16.104107 -40.367801 8.478586
v -22.698949 -31.901157 14.993456
v -20.966621 -33.686244 6.647759
v -16.149643 -40.284674 8.150735
v -15.790891 -41.054843 12.475769
v -20.479154 -34.291947 5.862100
v -16.301989 -40.052285 7.744944
v -15.771051 -41.161379 13.681493
v -15.729410 -41.100761 11.916051
v -20.749191 -33.941867 6.077503
v -20.902030 -33.751436 6.315937
v -16.673194 -39.523883 7.328088
v -18.749337 -37.447740 18.285804
v -17.809898 -38.633949 17.057488
v -17.619470 -38.905798 17.283018
v -17.001428 -39.062684 7.050705
v -19.122762 -36.941347 18.246917
v -17.423579 -39.175737 17.368385
v -22.604645 -32.048221 15.293114
v -22.666056 -31.987412 15.626368
v -17.340829 -38.587905 6.795902
v -22.979278 -31.300364 11.629185
v -16.705808 -40.076916 16.352318
v -22.620524 -32.070535 15.954218
v -22.468180 -32.302923 16.360009
v -19.272460 -35.924178 5.925227
v -17.645577 -38.162641 6.582686
v -17.911568 -37.791879 6.402898
v -18.114198 -37.505679 6.209266
v -16.522610 -40.286669 15.786773
v -18.415993 -37.089501 6.073233
v -18.654340 -36.767590 6.068096
v -20.550532 -35.012155 18.203618
v -22.096978 -32.831319 16.776864
v -21.768733 -33.292534 17.054253
v -21.429337 -33.767300 17.309051
v -21.124595 -34.192562 17.522266
v -22.459751 -32.221776 14.961582
v -22.999117 -31.193829 10.423462
v -18.941236 -36.375921 5.998673
v -15.626266 -41.156458 10.654586
v -18.291011 -38.063266 18.242855
v -18.020972 -38.413345 18.027453
v -17.868139 -38.603773 17.789016
v -23.100821 -31.215274 12.821664
v -20.858604 -34.563331 17.702056
v -20.655971 -34.849529 17.895688
v -16.401382 -40.036080 9.526902
v -16.232740 -40.353656 9.428960
v -16.448605 -39.994672 9.864069
v -16.273786 -40.309726 9.602023
v -16.136154 -40.763648 13.656298
v -17.625370 -38.958144 16.735567
v -17.752646 -38.684816 16.658764
v -17.651203 -38.935194 16.915488
v -17.462324 -39.198958 17.050492
v -16.905451 -39.893999 16.199776
v -16.729425 -40.095538 15.656371
v -20.565988 -35.052183 17.664835
v -20.735908 -34.032712 7.179734
v -20.827783 -33.981631 6.822203
v -18.561271 -37.582582 16.488735
v -18.567456 -37.546631 16.071500
v -18.787496 -37.382598 16.620346
v -15.895603 -40.929360 11.255530
v -15.854215 -40.945236 10.651438
v -22.523934 -32.275248 15.619691
v -20.818418 -34.695651 17.423613
v -18.374292 -38.027385 17.939840
v -16.535303 -39.901918 8.771076
v -16.591764 -39.845265 9.066215
v -16.429158 -40.047362 8.804870
v -18.415879 -37.796208 16.752779
v -18.570779 -37.701026 17.013923
v -17.010692 -39.232467 9.805942
v -17.235534 -38.923418 9.719858
v -17.294640 -38.960635 10.028714
v -16.736319 -39.740604 10.432181
v -16.939877 -39.371746 10.466976
v -16.665889 -39.855157 10.727330
v -15.954681 -40.890829 11.877882
v -17.340672 -39.359281 16.992939
v -17.146504 -39.607041 16.778162
v -16.419736 -40.441183 14.565314
v -16.293711 -40.579946 14.092712
v -15.855407 -40.898138 9.963860
v -16.524701 -39.912674 10.176436
v -16.419176 -40.162575 10.342761
v -17.884150 -38.499649 15.082713
v -17.878207 -38.433409 15.419369
v -17.562900 -38.958146 15.461680
v -18.297849 -37.955512 15.294633
v -18.105262 -38.134762 15.535685
v -19.144063 -36.988895 17.940985
v -18.785250 -37.475471 17.978352
v -19.512842 -36.486975 17.874901
v -22.137177 -32.785392 15.443423
v -22.035425 -32.806737 15.150054
v -22.327073 -32.521638 15.329356
v -21.889140 -33.124989 15.518183
v -21.842740 -33.070545 15.208132
v -21.569109 -33.546735 15.366542
v -21.628051 -33.353473 15.106392
v -21.325581 -33.838304 14.807328
v -21.477175 -33.534109 14.759953
v -21.430256 -33.651891 14.124356
v -21.534625 -33.431800 14.385100
v -18.470835 -37.732950 15.458305
v -18.388165 -37.770784 15.803356
v -18.336609 -37.918666 15.528140
v -22.808433 -31.554537 10.527932
v -17.343502 -38.909859 10.257669
v -17.090600 -39.149426 10.180376
v -21.017528 -33.670387 7.446189
v -21.237011 -33.465409 7.364865
v -21.400054 -33.224600 7.049942
v -22.132951 -32.328017 8.444062
v -22.300453 -32.139972 9.017545
v -18.427226 -37.190945 6.376624
v -22.788005 -31.624271 11.165428
v -21.315257 -33.381324 7.689587
v -21.095444 -33.586656 7.769522
v -21.373109 -33.331072 8.109791
v -21.140372 -33.547632 8.095936
v -18.032242 -38.454874 17.425993
v -18.135834 -38.301387 17.218546
v -22.966772 -31.494196 12.844904
v -23.008162 -31.478322 13.448994
v -21.281577 -33.387866 7.101572
v -16.338446 -40.148305 8.480741
v -16.366372 -40.097323 8.279654
v -16.484417 -39.917260 7.965237
v -16.817267 -39.443452 7.591452
v -17.132658 -39.000300 7.324926
v -17.466472 -38.533340 7.074316
v -17.768224 -38.112254 6.863194
v -18.724152 -36.789915 6.370226
v -16.973246 -39.298559 8.582248
v -16.927423 -39.284667 8.896824
v -16.725204 -39.638160 8.657010
v -17.293267 -38.876822 8.733891
v -17.142118 -39.001736 8.998562
v -17.536800 -38.585249 9.293104
v -17.292991 -38.821097 9.345001
v -21.518880 -33.513694 13.842764
v -21.679558 -33.205790 13.924583
v -21.567737 -33.462922 14.071720
v -22.321564 -32.360535 14.240885
v -22.291578 -32.476699 13.926254
v -22.541160 -32.155422 14.159800
v -22.907700 -31.532724 12.222550
v -21.715878 -32.816511 7.322270
v -23.006975 -31.525414 14.136574
v -22.918341 -31.667640 14.478821
v -22.835926 -31.788728 14.628356
v -21.830287 -32.983467 13.637980
v -21.793491 -33.108644 13.320588
v -22.846821 -31.578194 11.668325
v -19.718313 -35.434661 6.159449
v -20.077130 -34.948080 6.122079
v -20.255005 -34.806793 7.613958
v -20.202719 -34.808565 8.033451
v -20.074881 -35.040959 7.480087
v -20.536926 -34.305234 7.241079
v -20.354291 -34.558991 7.352174
v -20.526707 -34.395862 6.943495
v -20.726542 -34.122168 6.881887
v -19.349538 -35.936576 6.225530
v -20.488086 -34.396170 6.160594
v -20.697325 -34.124914 6.327492
v -20.791063 -34.008119 6.473737
v -20.381993 -34.584432 8.301602
v -20.064903 -35.098982 8.153570
v -20.291603 -34.722527 7.086509
v -19.021562 -36.383890 6.298257
v -20.391546 -34.690601 8.642127
v -20.525767 -34.504889 8.572293
v -21.759467 -33.122750 14.299015
v -22.718068 -31.951375 14.683254
v -22.588594 -32.113826 14.498408
v -22.270618 -32.578280 15.034215
v -22.486788 -32.312029 15.418120
v -16.321222 -40.268130 9.940633
v -16.561929 -40.283580 15.082887
v -15.944036 -40.755916 9.621612
v -16.026452 -40.634831 9.472076
v -17.068886 -39.314913 10.779845
v -16.093962 -40.805841 13.433610
v -16.074370 -40.799284 12.935007
v -17.547124 -39.042228 16.410845
v -17.674725 -38.768552 16.335433
v -17.489272 -39.092478 15.990642
v -17.629792 -38.807581 16.009020
v -17.679182 -38.717463 15.654147
v -18.168660 -38.074495 15.917561
v -16.015561 -40.845358 12.432108
v -18.233249 -38.049961 16.863873
v -18.335674 -38.027690 17.156937
v -18.034254 -38.322500 16.925222
v -22.496004 -32.326234 15.820777
v -22.377960 -32.506296 16.135196
v -22.045118 -32.980095 16.508977
v -21.729720 -33.423257 16.775508
v -21.395911 -33.890206 17.026114
v -21.094153 -34.311303 17.237239
v -18.165053 -38.298643 17.772941
v -18.071318 -38.415434 17.626694
v -18.797479 -37.324571 15.946862
v -20.435151 -35.232612 17.723809
v -20.138224 -35.633640 17.730207
v -19.840814 -36.039665 17.802176
v -22.079956 -32.648773 13.670512
v -22.196495 -32.568390 13.373100
v -22.368791 -32.319124 14.578049
v -21.521704 -33.064275 7.107495
v -21.956926 -32.529558 7.900657
v -22.442645 -31.982369 9.535118
v -22.568665 -31.843610 10.007723
v -22.443205 -32.260976 13.757671
v -21.299485 -33.465401 8.638751
v -21.090986 -33.637743 8.450808
v -20.978232 -33.923903 9.017719
v -20.938067 -33.955965 8.683323
v -20.564528 -34.468046 8.805801
v -20.664895 -34.220453 8.569273
v -20.601506 -34.280710 8.187394
v -18.043958 -37.727906 6.676820
v -18.296389 -37.371374 6.435598
v -16.734743 -39.548469 8.954900
v -17.432120 -38.771665 9.976078
v -20.883149 -40.225350 11.389406
v -24.087191 -35.763778 11.081073
v -21.260515 -39.847984 13.381113
v -35.109639 -46.163578 9.405986
v -34.881198 -47.486088 12.245995
v -36.560131 -43.622364 10.206798
v -50.112623 -52.331697 7.882307
v -20.957926 -34.129077 11.825176
v -20.781403 -34.305601 10.893500
v -50.646998 -52.407957 8.295393
v -50.976622 -51.071988 8.159992
v -50.547655 -50.636980 7.822177
v -49.799011 -53.905019 8.583212
v -50.149829 -53.594902 8.794657
v -50.280669 -53.842612 9.510359
v -50.950133 -52.308381 9.092828
v -46.405100 -48.044222 9.217624
v -45.893232 -48.675943 8.306121
v -44.849132 -52.231934 9.177694
v -45.304702 -50.520407 8.391059
v -44.736150 -52.464743 10.371388
v -50.911897 -50.272740 9.744612
v -45.825369 -50.054827 10.993724
v -46.292105 -48.277072 10.411328
v -45.248003 -51.833063 11.282902
v -50.163252 -53.540778 10.505648
v -50.598272 -51.846049 10.445518
v -50.395045 -53.349688 10.088884
v -51.221839 -50.826771 9.454219
v -51.322208 -50.664370 8.710843
v -50.955911 -52.099046 9.925806
v -45.630628 -53.568594 10.334996
v -46.022905 -53.828851 9.525980
v -45.696638 -53.502584 9.525980
v -46.853993 -52.345230 8.316630
v -48.282080 -51.569676 7.884314
v -47.955813 -51.243409 7.884314
v -48.510745 -50.688477 10.813194
v -47.729960 -52.121796 11.217903
v -47.403693 -51.795529 11.217903
v -45.973825 -53.225397 10.988948
v -45.956895 -53.894861 10.334996
v -46.135642 -53.063578 8.802226
v -47.180259 -52.671496 8.316630
v -46.936166 -52.915587 11.305314
v -46.300092 -53.551664 10.988948
v -46.461909 -53.389845 8.802226
v -46.609899 -52.589321 11.305314
v -49.231034 -51.341671 10.671166
v -45.614422 -50.897016 11.158418
v -45.896166 -50.118456 11.090939
v -48.689545 -51.886170 7.982059
v -45.090399 -51.369756 8.715149
v -45.323230 -50.641169 8.383983
v -49.440230 -50.580520 10.321621
v -46.124876 -49.392932 10.743550
v -48.955434 -51.069440 7.925946
v -45.608744 -49.859898 8.330868
v -18.124722 -38.049887 12.277191
v -16.039611 -41.743555 13.740913
v -23.629088 -31.277617 10.319977
v -48.837012 -51.014744 10.813194
v -48.969508 -52.155151 10.744516
v -48.476340 -52.650217 8.316226
v 46.836766 37.550340 11.105105
v 46.507158 37.879947 10.980205
v 34.205889 19.159898 12.196363
v 47.005373 37.381733 10.215211
v 34.374496 18.991291 11.306468
v 46.675765 37.711340 10.090311
v 1.368462 -19.351707 13.271442
v -14.038890 -32.483967 12.840383
v -13.709283 -32.813574 12.965284
v 1.537069 -19.520314 12.381548
v -13.540676 -32.982181 12.075389
v -13.870283 -32.652574 11.950489
v 1.698069 -19.681314 13.396342
v 1.866676 -19.849921 12.506448
v 19.328347 -0.086010 13.024031
v 19.496954 -0.254617 12.134137
v 19.657954 -0.415617 13.148932
v 19.826561 -0.584224 12.259038
v 34.535496 18.830291 12.321263
v 34.704103 18.661684 11.431369
v -19.269921 -33.146987 18.992025
v -23.672880 -32.156373 17.970112
v -22.682266 -36.559332 18.992025
v -19.157516 -33.259392 18.398762
v -22.569861 -36.671737 18.398762
v -23.560475 -32.268778 17.376849
v -18.279307 -37.549946 20.013938
v -18.166902 -37.662350 19.420675
v -16.732786 -35.684122 5.601238
v -21.135745 -34.693508 4.579325
v -20.145131 -39.096467 5.601238
v -16.620381 -35.796527 5.007975
v -20.032726 -39.208872 5.007975
v -21.023340 -34.805913 3.986062
v -15.742172 -40.087081 6.623151
v -15.629768 -40.199485 6.029888
v -24.085911 -40.976403 12.068945
v -23.145775 -40.510901 12.158873
v -23.486702 -40.024594 13.205725
v -24.426839 -40.490096 13.115797
v -23.272120 -40.241238 12.083842
v -24.212256 -40.706740 11.993914
v -24.508155 -40.284662 12.902502
v -23.568019 -39.819160 12.992430
v -23.992602 -39.121511 13.819854
v -24.932738 -39.587013 13.729925
v -24.947238 -39.500854 13.435519
v -24.007102 -39.035352 13.525448
v -24.527918 -38.043633 13.836704
v -25.468054 -38.509135 13.746775
v -25.411851 -38.565337 13.450144
v -24.471715 -38.099835 13.540072
v -24.949212 -37.079775 13.251761
v -25.889349 -37.545277 13.161832
v -25.777504 -37.728781 12.942458
v -24.837367 -37.263279 13.032386
v -25.143601 -36.488203 12.221759
v -26.083737 -36.953705 12.131831
v -25.946218 -37.215341 12.048494
v -25.006082 -36.749839 12.138422
v -25.058996 -36.427429 11.022688
v -25.999132 -36.892930 10.932759
v -25.872787 -37.162594 11.007790
v -24.932651 -36.697092 11.097719
v -24.718069 -36.913736 9.975836
v -25.658205 -37.379237 9.885908
v -25.576888 -37.584671 10.099202
v -24.636752 -37.119169 10.189131
v -24.212169 -37.816818 9.361707
v -25.152305 -38.282320 9.271779
v -25.137806 -38.368479 9.566185
v -24.197669 -37.902977 9.656113
v -23.676853 -38.894697 9.344857
v -24.616990 -39.360199 9.254929
v -24.673192 -39.303996 9.551560
v -23.733056 -38.838495 9.641489
v -23.255558 -39.858555 9.929800
v -24.195695 -40.324056 9.839872
v -24.307540 -40.140552 10.059247
v -23.367404 -39.675050 10.149175
v -23.061170 -40.450126 10.959802
v -24.001306 -40.915628 10.869873
v -24.138825 -40.653992 10.953210
v -23.198689 -40.188490 11.043139
v -34.848240 -46.345159 11.047032
v -33.908104 -45.879658 11.136960
v -34.249031 -45.393351 12.183812
v -35.189168 -45.858852 12.093883
v -34.034449 -45.609994 11.061929
v -34.974585 -46.075496 10.972001
v -35.270484 -45.653419 11.880589
v -34.330348 -45.187917 11.970517
v -34.754931 -44.490268 12.797941
v -35.695067 -44.955770 12.708012
v -35.709567 -44.869611 12.413606
v -34.769431 -44.404109 12.503535
v -35.290247 -43.412389 12.814791
v -36.230383 -43.877891 12.724862
v -36.174180 -43.934093 12.428231
v -35.234044 -43.468592 12.518159
v -35.711541 -42.448531 12.229848
v -36.651678 -42.914033 12.139919
v -36.539833 -43.097538 11.920544
v -35.599696 -42.632036 12.010473
v -35.905930 -41.856960 11.199846
v -36.846066 -42.322462 11.109918
v -36.708547 -42.584098 11.026581
v -35.768411 -42.118596 11.116509
v -35.821325 -41.796185 10.000775
v -36.761461 -42.261687 9.910846
v -36.635117 -42.531350 9.985877
v -35.694980 -42.065848 10.075806
v -35.480398 -42.282492 8.953923
v -36.420534 -42.747994 8.863995
v -36.339217 -42.953427 9.077289
v -35.399081 -42.487926 9.167217
v -34.974498 -43.185575 8.339794
v -35.914634 -43.651077 8.249866
v -35.900135 -43.737236 8.544272
v -34.959998 -43.271734 8.634200
v -34.439182 -44.263453 8.322944
v -35.379319 -44.728955 8.233016
v -35.435521 -44.672753 8.529647
v -34.495385 -44.207251 8.619576
v -34.017888 -45.227311 8.907887
v -34.958024 -45.692813 8.817959
v -35.069869 -45.509309 9.037334
v -34.129733 -45.043807 9.127262
v -33.823499 -45.818883 9.937889
v -34.763635 -46.284384 9.847960
v -34.901155 -46.022748 9.931297
v -33.961018 -45.557247 10.021226
v -44.690500 -51.393132 10.138665
v -43.750364 -50.927631 10.228593
v -44.091291 -50.441324 11.275445
v -45.031427 -50.906825 11.185516
v -43.876708 -50.657967 10.153562
v -44.816845 -51.123469 10.063634
v -45.112744 -50.701392 10.972222
v -44.172608 -50.235890 11.062150
v -44.597191 -49.538241 11.889573
v -45.537327 -50.003743 11.799645
v -45.551827 -49.917584 11.505239
v -44.611690 -49.452082 11.595167
v -45.132506 -48.460362 11.906423
v -46.072643 -48.925864 11.816495
v -46.016440 -48.982066 11.519864
v -45.076304 -48.516565 11.609792
v -45.553801 -47.496504 11.321480
v -46.493937 -47.962006 11.231552
v -46.382092 -48.145511 11.012177
v -45.441956 -47.680009 11.102106
v -45.748190 -46.904933 10.291479
v -46.688326 -47.370435 10.201551
v -46.550807 -47.632071 10.118214
v -45.610670 -47.166569 10.208142
v -45.663585 -46.844158 9.092407
v -46.603721 -47.309660 9.002479
v -46.477376 -47.579323 9.077510
v -45.537240 -47.113821 9.167438
v -45.322657 -47.330465 8.045556
v -46.262794 -47.795967 7.955627
v -46.181477 -48.001400 8.168922
v -45.241341 -47.535899 8.258850
v -44.816758 -48.233548 7.431427
v -45.756894 -48.699050 7.341499
v -45.742394 -48.785209 7.635905
v -44.802258 -48.319707 7.725833
v -44.281442 -49.311426 7.414577
v -45.221578 -49.776928 7.324649
v -45.277781 -49.720726 7.621280
v -44.337645 -49.255224 7.711208
v -43.860147 -50.275284 7.999520
v -44.800284 -50.740786 7.909592
v -44.912129 -50.557282 8.128966
v -43.971992 -50.091780 8.218895
v -43.665759 -50.866856 9.029521
v -44.605895 -51.332357 8.939593
v -44.743414 -51.070721 9.022930
v -43.803278 -50.605220 9.112858
v -50.369256 -54.584612 9.667404
v -49.429120 -54.119111 9.757332
v -49.827941 -53.550223 10.981951
v -50.768077 -54.015725 10.892023
v -49.555464 -53.849447 9.682301
v -50.495601 -54.314949 9.592373
v -50.849393 -53.810291 10.678728
v -49.909257 -53.344789 10.768656
v -50.419747 -52.493787 11.700366
v -51.359884 -52.959288 11.610437
v -51.374383 -52.873129 11.316031
v -50.434247 -52.407628 11.405960
v -51.045966 -51.232872 11.720077
v -51.986102 -51.698374 11.630149
v -51.929900 -51.754576 11.333517
v -50.989763 -51.289074 11.423446
v -51.538801 -50.105340 11.035804
v -52.478937 -50.570842 10.945876
v -52.367092 -50.754346 10.726501
v -51.426956 -50.288845 10.816429
v -51.766199 -49.413313 9.830897
v -52.706335 -49.878815 9.740968
v -52.568816 -50.140451 9.657632
v -51.628680 -49.674949 9.747560
v -51.667227 -49.342218 8.428209
v -52.607364 -49.807720 8.338281
v -52.481019 -50.077383 8.413312
v -51.540883 -49.611881 8.503240
v -51.268406 -49.911105 7.203590
v -52.208543 -50.376607 7.113662
v -52.127226 -50.582041 7.326957
v -51.187090 -50.116539 7.416885
v -50.676600 -50.967542 6.485176
v -51.616736 -51.433044 6.395247
v -51.602236 -51.519203 6.689653
v -50.662100 -51.053701 6.779582
v -50.050381 -52.228457 6.465464
v -50.990517 -52.693958 6.375536
v -51.046720 -52.637756 6.672167
v -50.106584 -52.172254 6.762096
v -49.557546 -53.355988 7.149737
v -50.497682 -53.821490 7.059809
v -50.609527 -53.637986 7.279184
v -49.669391 -53.172484 7.369112
v -49.330148 -54.048015 8.354645
v -50.270285 -54.513517 8.264716
v -50.407803 -54.251881 8.348053
v -49.467667 -53.786379 8.437981
v -20.459766 -33.508208 12.703548
v -23.124842 -28.981853 11.340997
v -27.383264 -28.445989 10.432630
v -19.978031 -33.989942 10.160993
v -26.901530 -28.927723 7.890075
v -22.643107 -29.463588 8.798442
v -25.028402 -33.282557 11.795180
v -24.546667 -33.764291 9.252626
v -22.913112 -31.054862 12.091812
v -25.662749 -31.407356 11.637628
v -22.334966 -32.873860 12.545995
v -22.318973 -31.649001 8.955995
v -21.740827 -33.467999 9.410178
v -25.068610 -32.001496 8.501811
v -12.936982 -39.169713 15.201558
v -17.463337 -36.504637 13.839007
v -17.237686 -41.073273 14.747374
v -12.455248 -39.651447 12.659003
v -16.755951 -41.555007 12.204820
v -16.981602 -36.986372 11.296452
v -12.401118 -43.428135 16.109925
v -11.919383 -43.909870 13.567370
v -16.941394 -38.267433 14.589822
v -15.474890 -41.595216 15.498189
v -15.122396 -38.845578 15.044005
v -16.347255 -38.861572 11.454005
v -14.528256 -39.439717 11.908188
v -14.880751 -42.189355 12.362372
v -3.533933 -23.445494 13.299909
v -5.099108 -24.051812 13.118236
v -5.705425 -25.616986 13.299909
v -3.301094 -23.678332 12.071008
v -5.472587 -25.849825 12.071008
v -4.866269 -24.284650 11.889335
v -4.140250 -25.010669 13.481583
v -3.907412 -25.243507 12.252681
v 10.714264 -9.774504 13.409272
v 9.149089 -10.380822 13.227599
v 8.542772 -11.945997 13.409272
v 10.947102 -10.007343 12.180371
v 8.775610 -12.178835 12.180371
v 9.381927 -10.613660 11.998697
v 10.107946 -11.339679 13.590945
v 10.340785 -11.572518 12.362044
v 25.086280 6.874798 12.977798
v 23.521105 6.268480 12.796124
v 22.914788 4.703306 12.977798
v 25.319118 6.641960 11.748896
v 23.147626 4.470467 11.748896
v 23.753943 6.035642 11.567223
v 24.479962 5.309623 13.159471
v 24.712801 5.076785 11.930570
v 38.024422 24.337548 12.120526
v 36.459247 23.731230 11.938853
v 35.852930 22.166056 12.120526
v 38.257260 24.104710 10.891625
v 36.085768 21.933217 10.891625
v 36.692085 23.498392 10.709951
v 37.418104 22.772373 12.302199
v 37.650943 22.539535 11.073298
v -27.980806 -42.684144 11.654548
v -27.667427 -42.528977 11.684524
v -27.966543 -42.102312 12.602988
v -28.279922 -42.257479 12.573012
v -27.793772 -42.259314 11.609493
v -28.107151 -42.414481 11.579517
v -28.361238 -42.052045 12.359718
v -28.047859 -41.896878 12.389694
v -28.410398 -41.309984 13.141799
v -28.723777 -41.465151 13.111823
v -28.738276 -41.378992 12.817417
v -28.424898 -41.223825 12.847393
v -28.880062 -40.364298 13.156583
v -29.193441 -40.519465 13.126607
v -29.137238 -40.575668 12.829975
v -28.823860 -40.420500 12.859951
v -29.249688 -39.518649 12.643378
v -29.563067 -39.673817 12.613402
v -29.451222 -39.857321 12.394027
v -29.137843 -39.702154 12.424003
v -29.420237 -38.999629 11.739698
v -29.733615 -39.154796 11.709721
v -29.596097 -39.416432 11.626385
v -29.282718 -39.261265 11.656361
v -29.346008 -38.946308 10.687682
v -29.659387 -39.101475 10.657706
v -29.533042 -39.371138 10.732737
v -29.219663 -39.215971 10.762713
v -29.046892 -39.372973 9.769218
v -29.360271 -39.528140 9.739242
v -29.278955 -39.733574 9.952536
v -28.965576 -39.578407 9.982512
v -28.603037 -40.165301 9.230407
v -28.916416 -40.320468 9.200431
v -28.901916 -40.406627 9.494837
v -28.588538 -40.251459 9.524813
v -28.133373 -41.110987 9.215623
v -28.446752 -41.266154 9.185647
v -28.502955 -41.209951 9.482278
v -28.189576 -41.054784 9.512255
v -27.763747 -41.956635 9.728828
v -28.077126 -42.111802 9.698852
v -28.188971 -41.928298 9.918227
v -27.875592 -41.773131 9.948203
v -27.593199 -42.475656 10.632508
v -27.906577 -42.630823 10.602532
v -28.044096 -42.369187 10.685869
v -27.730717 -42.214019 10.715845
v -31.253569 -44.374792 11.354787
v -30.940190 -44.219625 11.384763
v -31.239306 -43.792960 12.303227
v -31.552684 -43.948127 12.273251
v -31.066535 -43.949962 11.309732
v -31.379914 -44.105129 11.279756
v -31.634001 -43.742693 12.059956
v -31.320622 -43.587526 12.089932
v -31.683161 -43.000632 12.842038
v -31.996540 -43.155800 12.812062
v -32.011039 -43.069641 12.517656
v -31.697660 -42.914473 12.547632
v -32.152825 -42.054946 12.856822
v -32.466203 -42.210113 12.826845
v -32.410001 -42.266316 12.530214
v -32.096622 -42.111149 12.560190
v -32.522451 -41.209298 12.343617
v -32.835830 -41.364465 12.313641
v -32.723985 -41.547969 12.094266
v -32.410606 -41.392802 12.124242
v -32.692999 -40.690277 11.439936
v -33.006378 -40.845444 11.409960
v -32.868859 -41.107081 11.326623
v -32.555481 -40.951913 11.356599
v -32.618771 -40.636956 10.387921
v -32.932150 -40.792123 10.357945
v -32.805805 -41.061786 10.432976
v -32.492426 -40.906619 10.462952
v -32.319655 -41.063621 9.469457
v -32.633034 -41.218788 9.439480
v -32.551717 -41.424222 9.652775
v -32.238339 -41.269055 9.682751
v -31.875800 -41.855949 8.930646
v -32.189179 -42.011116 8.900670
v -32.174679 -42.097275 9.195076
v -31.861300 -41.942108 9.225052
v -31.406136 -42.801635 8.915862
v -31.719515 -42.956802 8.885886
v -31.775717 -42.900600 9.182517
v -31.462339 -42.745432 9.212493
v -31.036510 -43.647283 9.429067
v -31.349888 -43.802451 9.399091
v -31.461733 -43.618946 9.618466
v -31.148355 -43.463779 9.648442
v -30.865962 -44.166304 10.332747
v -31.179340 -44.321471 10.302771
v -31.316859 -44.059835 10.386108
v -31.003480 -43.904668 10.416084
v -37.799094 -47.756089 10.755264
v -37.485716 -47.600921 10.785240
v -37.784831 -47.174256 11.703705
v -38.098210 -47.329423 11.673728
v -37.612060 -47.331258 10.710209
v -37.925439 -47.486425 10.680233
v -38.179526 -47.123989 11.460434
v -37.866148 -46.968822 11.490410
v -38.228686 -46.381929 12.242515
v -38.542065 -46.537096 12.212539
v -38.556565 -46.450937 11.918133
v -38.243186 -46.295770 11.948109
v -38.698350 -45.436243 12.257299
v -39.011729 -45.591410 12.227323
v -38.955527 -45.647612 11.930692
v -38.642148 -45.492445 11.960668
v -39.067977 -44.590594 11.744094
v -39.381356 -44.745761 11.714118
v -39.269510 -44.929265 11.494743
v -38.956132 -44.774098 11.524719
v -39.238525 -44.071573 10.840414
v -39.551904 -44.226741 10.810438
v -39.414385 -44.488377 10.727101
v -39.101006 -44.333210 10.757077
v -39.164296 -44.018252 9.788398
v -39.477675 -44.173419 9.758422
v -39.351330 -44.443083 9.833453
v -39.037952 -44.287915 9.863429
v -38.865181 -44.444918 8.869934
v -39.178559 -44.600085 8.839958
v -39.097243 -44.805519 9.053253
v -38.783864 -44.650351 9.083229
v -38.421326 -45.237245 8.331123
v -38.734704 -45.392412 8.301147
v -38.720205 -45.478571 8.595553
v -38.406826 -45.323404 8.625529
v -37.951662 -46.182931 8.316340
v -38.265041 -46.338098 8.286363
v -38.321243 -46.281896 8.582995
v -38.007864 -46.126729 8.612971
v -37.582035 -47.028580 8.829544
v -37.895414 -47.183747 8.799568
v -38.007259 -47.000243 9.018943
v -37.693880 -46.845075 9.048919
v -37.411487 -47.547600 9.733225
v -37.724866 -47.702767 9.703249
v -37.862385 -47.441131 9.786586
v -37.549006 -47.285964 9.816562
v -41.071857 -49.446737 10.455503
v -40.758478 -49.291570 10.485479
v -41.057594 -48.864904 11.403943
v -41.370973 -49.020071 11.373967
v -40.884823 -49.021906 10.410448
v -41.198202 -49.177074 10.380472
v -41.452289 -48.814637 11.160673
v -41.138910 -48.659470 11.190649
v -41.501449 -48.072577 11.942754
v -41.814828 -48.227744 11.912778
v -41.829328 -48.141585 11.618372
v -41.515949 -47.986418 11.648348
v -41.971113 -47.126891 11.957538
v -42.284492 -47.282058 11.927562
v -42.228289 -47.338260 11.630930
v -41.914911 -47.183093 11.660907
v -42.340740 -46.281242 11.444333
v -42.654118 -46.436409 11.414357
v -42.542273 -46.619914 11.194982
v -42.228894 -46.464746 11.224958
v -42.511288 -45.762221 10.540653
v -42.824666 -45.917389 10.510677
v -42.687148 -46.179025 10.427340
v -42.373769 -46.023858 10.457316
v -42.437059 -45.708900 9.488637
v -42.750438 -45.864067 9.458661
v -42.624093 -46.133731 9.533692
v -42.310714 -45.978563 9.563668
v -42.137943 -46.135566 8.570173
v -42.451322 -46.290733 8.540197
v -42.370006 -46.496167 8.753491
v -42.056627 -46.341000 8.783467
v -41.694088 -46.927893 8.031362
v -42.007467 -47.083060 8.001386
v -41.992967 -47.169219 8.295792
v -41.679589 -47.014052 8.325768
v -41.224425 -47.873579 8.016578
v -41.537803 -48.028746 7.986602
v -41.594006 -47.972544 8.283234
v -41.280627 -47.817377 8.313210
v -40.854798 -48.719228 8.529783
v -41.168177 -48.874395 8.499807
v -41.280022 -48.690891 8.719182
v -40.966643 -48.535723 8.749158
v -40.684250 -49.238248 9.433464
v -40.997629 -49.393416 9.403488
v -41.135147 -49.131779 9.486824
v -40.821769 -48.976612 9.516801
v -47.617383 -52.828033 9.855981
v -47.304004 -52.672866 9.885957
v -47.603120 -52.246200 10.804421
v -47.916498 -52.401368 10.774445
v -47.430349 -52.403203 9.810926
v -47.743727 -52.558370 9.780950
v -47.997815 -52.195934 10.561150
v -47.684436 -52.040766 10.591127
v -48.046975 -51.453873 11.343232
v -48.360353 -51.609040 11.313256
v -48.374853 -51.522881 11.018850
v -48.061474 -51.367714 11.048826
v -48.516639 -50.508187 11.358016
v -48.830017 -50.663354 11.328039
v -48.773815 -50.719557 11.031408
v -48.460436 -50.564389 11.061384
v -48.886265 -49.662538 10.844811
v -49.199644 -49.817705 10.814835
v -49.087799 -50.001210 10.595460
v -48.774420 -49.846043 10.625436
v -49.056813 -49.143518 9.941130
v -49.370192 -49.298685 9.911154
v -49.232673 -49.560321 9.827817
v -48.919295 -49.405154 9.857793
v -48.982585 -49.090196 8.889115
v -49.295964 -49.245364 8.859139
v -49.169619 -49.515027 8.934170
v -48.856240 -49.359860 8.964146
v -48.683469 -49.516862 7.970651
v -48.996848 -49.672029 7.940674
v -48.915531 -49.877463 8.153969
v -48.602153 -49.722296 8.183945
v -48.239614 -50.309189 7.431840
v -48.552993 -50.464357 7.401864
v -48.538493 -50.550516 7.696270
v -48.225114 -50.395348 7.726246
v -47.769950 -51.254875 7.417056
v -48.083329 -51.410043 7.387080
v -48.139531 -51.353840 7.683711
v -47.826152 -51.198673 7.713687
v -47.400324 -52.100524 7.930261
v -47.713702 -52.255691 7.900285
v -47.825547 -52.072187 8.119660
v -47.512169 -51.917020 8.149636
v -47.229775 -52.619545 8.833941
v -47.543154 -52.774712 8.803965
v -47.680673 -52.513076 8.887302
v -47.367294 -52.357908 8.917278
v -8.963345 -28.253117 13.227518
v -13.866827 -33.276457 13.250227
v -11.006156 -31.794143 13.511383
v -8.714449 -28.502013 11.913865
v -10.757260 -32.043039 12.197730
v -13.617931 -33.525353 11.936574
v -9.067301 -32.492146 14.010985
v -8.818405 -32.741042 12.697332
v -0.578696 -21.127106 13.465991
v -5.482179 -26.150446 13.488700
v -2.621508 -24.668132 13.749855
v -0.329800 -21.376002 12.152337
v -2.372612 -24.917028 12.436202
v -5.233283 -26.399342 12.175047
v -0.682653 -25.366135 14.249457
v -0.433756 -25.615031 12.935804
v 8.729220 -12.442658 13.584118
v 3.825737 -17.465997 13.606827
v 6.686408 -15.983684 13.867983
v 8.978116 -12.691554 12.270465
v 6.935304 -16.232580 12.554330
v 4.074633 -17.714893 12.293174
v 8.625264 -16.681686 14.367585
v 8.874160 -16.930582 13.053932
v 18.556743 -1.796111 13.428939
v 13.653260 -6.819450 13.451648
v 16.513931 -5.337137 13.712804
v 18.805639 -2.045007 12.115286
v 16.762827 -5.586033 12.399150
v 13.902156 -7.068346 12.137995
v 18.452786 -6.035139 14.212405
v 18.701683 -6.284035 12.898752
v 28.316762 10.158793 13.013077
v 23.413279 5.135453 13.035786
v 26.273950 6.617767 13.296942
v 28.565658 9.909897 11.699424
v 26.522847 6.368871 11.983288
v 23.662176 4.886557 11.722133
v 27.793306 6.339265 13.637579
v 28.042202 6.090368 12.323926
v 38.085080 23.346251 12.365257
v 33.181597 18.322911 12.387966
v 36.042268 19.805225 12.649122
v 38.333976 23.097354 11.051604
v 36.291164 19.556328 11.335469
v 33.430493 18.074015 11.074313
v 37.561623 19.526722 12.989759
v 37.810520 19.277826 11.676106
v -21.315977 -32.651997 13.832485
v -19.239617 -35.969210 14.854398
v -17.057554 -33.187861 14.740852
v -20.320392 -33.647582 8.577872
v -16.061970 -34.183446 9.486240
v -18.244032 -36.964794 9.599785
v -16.715630 -31.048080 14.400215
v -15.720046 -32.043664 9.145602
v -23.105433 -32.103394 11.527343
v -24.561366 -28.165755 10.505430
v -30.039501 -27.651031 9.369971
v -22.768218 -32.440608 9.747555
v -29.702287 -27.988245 7.590183
v -24.224152 -28.502969 8.725642
v -28.583567 -31.588670 10.391884
v -28.246353 -31.925884 8.612096
v -11.976363 -40.750758 15.274358
v -15.914002 -39.294824 14.252445
v -15.399279 -44.772959 15.387904
v -11.639149 -41.087972 13.494570
v -15.062065 -45.110173 13.608116
v -15.576788 -39.632038 12.472657
v -11.461640 -46.228892 16.409817
v -11.124425 -46.566107 14.630029
v 2.498750 -16.697394 13.323325
v 0.542109 -17.904928 13.181392
v -0.665424 -19.861569 13.323325
v 2.787791 -16.986435 11.797792
v -0.376383 -20.150609 11.797792
v 0.831150 -18.193968 11.655859
v 1.291217 -18.654035 13.465257
v 1.580257 -18.943076 11.939724
v 17.048336 -1.466515 13.194241
v 15.091696 -2.674048 13.052308
v 13.884162 -4.630689 13.194241
v 17.337377 -1.755555 11.668708
v 14.173203 -4.919730 11.668708
v 15.380736 -2.963089 11.526776
v 15.840803 -3.423156 13.336173
v 16.129844 -3.712196 11.810640
v 31.365646 16.478347 12.506933
v 29.409005 15.270813 12.365001
v 28.201471 13.314172 12.506933
v 31.654687 16.189306 10.981401
v 28.490512 13.025132 10.981401
v 29.698046 14.981773 10.839468
v 30.158112 14.521706 12.648866
v 30.447153 14.232665 11.123333
v 42.818164 32.945015 11.556909
v 40.861523 31.737481 11.414976
v 39.653990 29.780841 11.556909
v 43.107205 32.655974 10.031376
v 39.943030 29.491800 10.031376
v 41.150564 31.448441 9.889444
v 41.610631 30.988374 11.698841
v 41.899671 30.699333 10.173309
v -21.096527 -34.732726 19.627664
v -23.435488 -34.255044 19.093998
v -22.957806 -36.594005 19.627664
v -20.968065 -34.861188 18.949649
v -22.829344 -36.722467 18.949649
v -23.307026 -34.383506 18.415983
v -20.618845 -37.071687 20.161329
v -20.490382 -37.200150 19.483315
v -18.334583 -37.494670 5.050351
v -20.673544 -37.016988 4.516685
v -20.195862 -39.355949 5.050351
v -18.206120 -37.623133 4.372336
v -20.067399 -39.484412 4.372336
v -20.545082 -37.145451 3.838671
v -17.856901 -39.833631 5.584017
v -17.728438 -39.962094 4.906002
v -51.981370 -51.620713 10.798801
v -55.319723 -50.764066 10.003979
v -59.000000 -52.047199 9.549796
v -51.274826 -52.327257 7.069721
v -58.293456 -52.753743 5.820716
v -54.613179 -51.470610 6.274899
v -58.753208 -55.396123 10.231071
v -57.811999 -53.855627 10.117525
v -57.105455 -54.562171 6.388445
v -58.046664 -56.102667 6.501991
v -54.741578 -52.583064 10.458163
v -54.035034 -53.289608 6.729083
v -53.928830 -50.914106 11.022631
v -56.128540 -51.196101 10.659285
v -56.410536 -53.395811 11.022631
v -52.965361 -51.877575 5.937522
v -55.447067 -54.359280 5.937522
v -55.165071 -52.159570 5.574176
v -54.210826 -53.113816 11.385978
v -53.247357 -54.077285 6.300869
v -20.589038 -29.656377 13.039294
v -21.135473 -26.007811 12.244473
v -21.177754 -28.447235 12.698656
v -19.721916 -30.523499 8.462696
v -20.310632 -29.314358 8.122058
v -20.268351 -26.874933 7.667875
v -19.721820 -32.384875 13.720570
v -18.854698 -33.251997 9.143971
v -13.996894 -36.248522 15.537304
v -16.725391 -35.381304 14.856029
v -12.787752 -36.837237 15.877942
v -13.129772 -37.115644 10.960706
v -11.920630 -37.704359 11.301344
v -15.858269 -36.248426 10.279430
v -10.348327 -36.794956 16.332125
v -9.481205 -37.662078 11.755527
v -7.159453 -26.458536 13.524501
v -8.017480 -26.717276 13.410956
v -8.276221 -27.575303 13.524501
v -6.806181 -26.811808 11.659961
v -7.922949 -27.928575 11.659961
v -7.664208 -27.070548 11.546416
v -7.418194 -27.316562 13.638047
v -7.064922 -27.669834 11.773507
v 3.977619 -16.501111 13.748008
v 3.119592 -16.759852 13.634462
v 2.860851 -17.617879 13.748008
v 4.330890 -16.854383 11.883468
v 3.214123 -17.971151 11.883468
v 3.472864 -17.113124 11.769922
v 3.718878 -17.359138 13.861554
v 4.072150 -17.712410 11.997014
v 15.140618 -4.708335 13.628685
v 14.282591 -4.967076 13.515139
v 14.023851 -5.825103 13.628685
v 15.493890 -5.061607 11.764145
v 14.377123 -6.178375 11.764145
v 14.635863 -5.320348 11.650599
v 14.881877 -5.566362 13.742231
v 15.235149 -5.919634 11.877691
v 26.858010 9.632180 13.131685
v 25.999983 9.373440 13.018139
v 25.741242 8.515413 13.131685
v 27.211282 9.278908 11.267145
v 26.094514 8.162141 11.267145
v 26.353255 9.020168 11.153599
v 26.599269 8.774154 13.245231
v 26.952541 8.420882 11.380691
v 38.352369 25.436582 12.315067
v 37.494342 25.177841 12.201521
v 37.235601 24.319814 12.315067
v 38.705641 25.083310 10.450527
v 37.588873 23.966542 10.450527
v 37.847614 24.824569 10.336981
v 38.093628 24.578555 12.428613
v 38.446900 24.225283 10.564073
v 7.347898 -16.119544 13.316069
v -8.204792 -27.596928 12.231565
v 5.907905 -14.639676 12.490345
v -18.130763 -37.857640 12.570483
v -19.368819 -36.096976 11.718741
v 5.811560 -14.543332 12.998842
v -9.726964 -25.792935 12.145874
v -8.308959 -27.492762 12.781348
v -6.894376 -29.172192 13.072939
v -9.638616 -25.881283 11.679583
v -20.749395 -34.193235 11.620557
v 4.412757 -13.104199 11.957519
v 4.331044 -13.022486 12.388794
v -19.554873 -36.106450 12.554954
v -15.257425 -35.724543 13.036624
v -16.571479 -33.897205 12.701631
v -15.141327 -35.840641 12.423868
v -16.363385 -34.105299 11.603332
v -17.798009 -32.096355 11.040177
v -17.974533 -31.919832 11.971853
v -20.697278 -40.411219 12.527192
v -18.861421 -38.777744 11.574892
v -18.668770 -38.970393 12.676894
v -18.240821 -37.933789 12.889947
v -50.849960 -50.371740 9.530268
v -43.085848 -49.018604 11.358977
v -43.608607 -47.294637 10.434874
v -50.565981 -51.873404 10.300606
v -42.463247 -50.844137 11.401110
v -50.570475 -50.651226 8.055168
v -42.581482 -49.522970 8.696974
v -43.288246 -47.614996 8.744040
v -22.551104 -37.980245 13.373738
v -19.225227 -38.413938 13.495030
v -20.515815 -36.546199 13.487655
v -23.887760 -35.963208 12.147289
v -21.852472 -34.529163 12.261206
v -19.943049 -37.118965 10.464643
v -23.523954 -36.327013 10.227152
v -21.488666 -34.892969 10.341069
v -21.978338 -38.553011 10.350726
v -19.346780 -36.314544 11.456655
v -49.849774 -53.807293 8.789694
v -50.142820 -53.514247 10.336363
v -34.531520 -47.835766 10.400426
v -42.129326 -51.178056 9.638707
v -27.042554 -43.864682 11.000259
v -27.870265 -42.213326 9.995567
v -36.010739 -44.171756 9.425945
v -29.081147 -40.128820 9.944535
v -35.638813 -45.634404 12.198925
v -27.402252 -43.504985 12.898714
v -28.415215 -41.668377 12.871767
v -36.346856 -43.835638 11.199945
v -29.427285 -39.782683 11.771421
v -19.469079 -35.996716 12.247905
v -22.051902 -34.329731 11.194990
v -20.664361 -34.278269 11.171753
v -43.829759 -47.073483 9.483310
v -51.028105 -50.036313 8.647569
v -29.635550 -39.574418 10.751830
v -49.682809 -54.141404 9.680247
v -41.921732 -51.385650 10.661841
v -34.331805 -48.035481 11.465143
v -26.847849 -44.059387 12.091419
v -21.014363 -36.253579 17.992793
v -20.601634 -35.891099 18.314044
v -21.252710 -35.931667 17.987655
v -17.873168 -40.422862 16.953297
v -17.021111 -40.604865 16.545277
v -17.303386 -40.268837 17.222570
v -23.926708 -32.100802 14.614829
v -23.659612 -31.530660 14.767174
v -24.041100 -31.917244 14.173120
v -23.146080 -32.734514 8.274121
v -23.018752 -31.995330 8.721664
v -22.839942 -32.196072 8.109437
v -20.300389 -36.302359 18.386940
v -20.727456 -36.645264 18.062220
v -17.250843 -41.143825 15.159637
v -16.499151 -41.192981 14.790395
v -16.649936 -41.025859 15.339231
v -23.792342 -32.298218 14.858629
v -23.518518 -31.737956 15.023168
v -23.316379 -32.543324 8.857193
v -23.169538 -31.828201 9.270499
v -19.952604 -36.776687 18.464059
v -20.396235 -37.097000 18.135665
v -16.640502 -41.586364 9.402005
v -16.009082 -41.490519 9.293717
v -16.526124 -41.769906 9.843710
v -18.702075 -39.334935 17.413132
v -18.180394 -39.089765 17.285711
v -18.173733 -39.126521 17.705399
v -19.118161 -38.009022 5.857273
v -18.816800 -37.468086 5.752241
v -18.610625 -37.734309 5.571747
v -16.774873 -41.388943 9.158203
v -16.150183 -41.283210 9.037719
v -23.821071 -32.010783 11.099991
v -23.548690 -31.436151 11.076598
v -23.805346 -32.005525 10.699763
v -16.969740 -41.120025 9.067437
v -16.354784 -41.000863 8.942419
v -23.672803 -31.341279 12.173694
v -23.608251 -31.389489 11.585990
v -23.939286 -31.920418 12.144841
v -15.932817 -41.721042 11.222803
v -15.995884 -41.679910 11.887201
v -16.567870 -41.805908 11.239231
v -22.245118 -33.845442 6.692507
v -21.688244 -33.645986 6.538378
v -22.049227 -34.115382 6.777874
v -20.501885 -35.176943 5.485452
v -20.109785 -35.708659 5.526286
v -20.919366 -35.573430 5.775085
v -17.064050 -40.972959 8.767777
v -16.605951 -40.664206 8.975885
v -17.208944 -40.799404 9.099310
v -22.694056 -33.264288 7.063533
v -22.102197 -33.088075 6.547264
v -22.443460 -33.584050 6.786341
v -16.746151 -41.676366 12.916838
v -16.120010 -41.585023 12.984292
v -16.761875 -41.681632 13.317068
v -17.566498 -39.933103 17.513628
v -18.123756 -40.103111 17.230494
v -22.962877 -32.944270 7.708577
v -22.647585 -32.416314 7.515615
v -23.781103 -31.282796 13.498230
v -23.735874 -31.300141 12.838090
v -24.042415 -31.864735 13.406310
v -17.107243 -41.302986 14.636935
v -16.371503 -41.333532 14.311694
v -23.459984 -32.384158 9.379894
v -23.297189 -31.687652 9.749200
v -21.488302 -33.931415 6.775180
v -21.858801 -34.387223 7.003401
v -16.859196 -41.584311 13.830721
v -16.985675 -41.436842 14.181028
v -23.708025 -32.102846 10.186110
v -23.581547 -32.250307 9.835803
v -19.716093 -36.244493 5.596834
v -20.545925 -36.079842 5.813979
v -17.002635 -41.033772 8.434524
v -16.453806 -40.846445 8.627777
v -15.888989 -41.683232 9.757505
v -15.887593 -41.738384 10.562661
v -23.597474 -32.567134 14.949396
v -23.313904 -32.020327 15.118477
v -21.865139 -34.352224 6.603701
v -21.494960 -33.894664 6.355493
v -17.048174 -40.950639 8.106671
v -16.389315 -40.910302 8.277862
v -16.060438 -41.631694 12.474904
v -16.689421 -41.720808 12.431706
v -20.983117 -34.530654 5.530552
v -21.377682 -34.957919 5.818038
v -17.200512 -40.718261 7.700884
v -16.437139 -40.823010 7.933616
v -16.669570 -41.827360 13.637434
v -16.238704 -41.488366 13.943869
v -16.627937 -41.766732 11.871989
v -21.647719 -34.607839 6.033441
v -21.266657 -34.163069 5.756725
v -16.986863 -40.024180 7.069837
v -16.597098 -40.579004 7.507537
v -21.800557 -34.417407 6.271875
v -21.427139 -33.963117 6.007080
v -17.571718 -40.189859 7.284027
v -17.331516 -39.539911 6.778582
v -19.166806 -37.844242 18.575442
v -19.558909 -37.312518 18.534606
v -19.647866 -38.113712 18.241742
v -18.517988 -39.571778 17.238960
v -18.708422 -39.299927 17.013428
v -17.899962 -39.728644 7.006640
v -17.687882 -39.041409 6.511042
v -20.021289 -37.607318 18.202855
v -18.322098 -39.841719 17.324326
v -17.980444 -39.375203 17.522517
v -23.564591 -32.653373 15.582303
v -23.214885 -32.174740 15.433116
v -23.503167 -32.714196 15.249053
v -18.239357 -39.253878 6.751840
v -18.007866 -38.594882 6.287166
v -23.877806 -31.966336 11.585123
v -17.604336 -40.742889 16.308256
v -16.828749 -40.825110 15.951458
v -23.366706 -32.968894 16.315947
v -23.231552 -32.198174 16.127278
v -23.519048 -32.736512 15.910158
v -19.368303 -36.718825 5.673953
v -20.170987 -36.590149 5.881165
v -18.544104 -38.828613 6.538623
v -18.287158 -38.205572 6.098386
v -19.012729 -38.171645 6.165201
v -18.810097 -38.457844 6.358834
v -17.421139 -40.952640 15.742711
v -22.681835 -32.996992 16.991053
v -23.071589 -32.442184 16.553358
v -19.552858 -37.433569 6.024037
v -19.067058 -37.130085 5.746850
v -19.314512 -37.755483 6.029175
v -18.499912 -37.905076 5.895076
v -21.449055 -35.678131 18.159558
v -20.851900 -35.553088 18.308649
v -21.058064 -35.286873 18.489146
v -22.995506 -33.497292 16.732802
v -22.337180 -33.481267 17.282311
v -22.667257 -33.958510 17.010193
v -21.980814 -33.979771 17.549848
v -22.327857 -34.433282 17.264992
v -21.660830 -34.426298 17.773725
v -22.023122 -34.858532 17.478203
v -21.381534 -34.815612 17.962507
v -23.062749 -32.356968 15.085006
v -23.358270 -32.887756 14.917523
v -23.897644 -31.859799 10.379400
v -23.429981 -31.532822 10.117027
v -19.839759 -37.041898 5.954613
v -16.524794 -41.822431 10.610524
v -18.685570 -38.490535 18.530344
v -19.189537 -38.729236 18.198793
v -23.279370 -32.110886 15.783032
v -18.766670 -39.269738 17.744952
v -18.241554 -39.058066 18.053814
v -18.919495 -39.079321 17.983392
v -23.999348 -31.881246 12.777602
v -23.532168 -31.430636 10.656361
v -21.554496 -35.515498 17.851626
v -21.757121 -35.229311 17.657998
v -16.136517 -41.590553 13.404534
v -22.365310 -32.752342 6.838321
v -21.168774 -35.116113 18.165818
v -17.774763 -39.658636 17.612152
v -23.779707 -31.337948 14.303387
v -21.893932 -33.362541 6.448741
v -18.402034 -38.858115 18.304169
v -17.039054 -40.951284 9.389421
v -17.299909 -40.702051 9.482840
v -17.080096 -40.907358 9.562485
v -17.347136 -40.660639 9.820006
v -16.942468 -41.361277 13.616758
v -18.457521 -39.532817 16.875946
v -18.651169 -39.350791 16.614703
v -18.431684 -39.555771 16.696027
v -18.268643 -39.796580 17.010950
v -17.711773 -40.491616 16.160233
v -17.535740 -40.693166 15.616831
v -21.372303 -35.649810 17.625295
v -21.634100 -34.579251 6.782662
v -21.634435 -34.698683 7.135672
v -19.593814 -37.980219 16.580805
v -19.465980 -38.212609 16.027440
v -19.459795 -38.248559 16.444674
v -16.660537 -41.542852 10.611894
v -16.701918 -41.526987 11.215990
v -23.330250 -32.872875 15.580151
v -21.624738 -35.293274 17.384071
v -19.180596 -38.625022 17.900304
v -17.235472 -40.644989 8.765331
v -17.444180 -40.477072 9.024417
v -17.341624 -40.499534 8.731533
v -19.377099 -38.298649 16.974381
v -19.314403 -38.462185 16.708718
v -18.100963 -39.558252 9.989170
v -18.134062 -39.589389 9.675796
v -17.909219 -39.898438 9.761880
v -17.472205 -40.452784 10.687790
v -17.838411 -40.037706 10.422911
v -17.588736 -40.372411 10.390382
v -16.760996 -41.488455 11.838342
v -17.952818 -40.204668 16.738622
v -18.146986 -39.956908 16.953399
v -17.226047 -41.038814 14.525776
v -17.100030 -41.177568 14.053170
v -16.661721 -41.495765 9.924320
v -17.225490 -40.760203 10.303221
v -17.423223 -40.578649 10.132375
v -18.369216 -39.555773 15.422140
v -18.776735 -39.099382 15.375307
v -18.690465 -39.097276 15.043173
v -19.003792 -38.800735 15.491623
v -19.104167 -38.553133 15.255091
v -19.591561 -38.073103 17.938814
v -19.950373 -37.586527 17.901447
v -20.319156 -37.084602 17.835361
v -23.133389 -33.119267 15.289816
v -22.933948 -33.472713 15.105993
v -22.943492 -33.383019 15.403883
v -22.741277 -33.736508 15.164067
v -22.695454 -33.722615 15.478643
v -22.526574 -34.019449 15.062332
v -22.375428 -34.144357 15.327001
v -22.375700 -34.200086 14.715893
v -22.131895 -34.435930 14.767788
v -22.433148 -34.097775 14.341039
v -22.236566 -34.249523 14.084818
v -19.142932 -38.516283 15.488597
v -19.286694 -38.436757 15.759294
v -19.277140 -38.330586 15.418769
v -23.574731 -32.215343 10.627284
v -23.532539 -32.257536 10.404596
v -17.989129 -39.815398 10.136314
v -18.149820 -39.507480 10.218127
v -22.017480 -34.086000 7.145409
v -21.916045 -34.336367 7.402130
v -22.043322 -34.063041 7.325327
v -22.206371 -33.822220 7.010400
v -22.939267 -32.925646 8.404523
v -23.106763 -32.737604 8.978007
v -19.233540 -37.788571 6.337084
v -23.594325 -32.221894 11.125886
v -21.993970 -34.252626 7.725460
v -22.121567 -33.978957 7.650049
v -22.038907 -34.213592 8.051871
v -22.179426 -33.928693 8.070249
v -18.942148 -38.899015 17.179007
v -18.838558 -39.052502 17.386453
v -23.814472 -32.075953 13.409456
v -23.773088 -32.091824 12.805364
v -17.144757 -40.745937 8.441202
v -17.290725 -40.514892 7.925699
v -17.172686 -40.694949 8.240115
v -17.623574 -40.041090 7.551916
v -17.938968 -39.597932 7.285388
v -18.272788 -39.130968 7.034776
v -18.574534 -38.709886 6.823656
v -19.530475 -37.387532 6.330682
v -17.531514 -40.235792 8.617472
v -17.825940 -39.950647 8.852765
v -17.779565 -39.896181 8.542706
v -18.040641 -39.667712 8.954502
v -18.099578 -39.474453 8.694353
v -18.191519 -39.487070 9.300939
v -18.343116 -39.182877 9.253564
v -22.374051 -34.060548 14.032180
v -22.578081 -33.871766 13.880523
v -22.325185 -34.111330 13.803228
v -23.347470 -32.753054 14.120262
v -23.143998 -33.108501 13.884453
v -23.220087 -33.026512 14.196824
v -23.714011 -32.130356 12.183012
v -22.522192 -33.414137 7.282730
v -23.813284 -32.123045 14.097036
v -23.642243 -32.386348 14.588815
v -23.724653 -32.265266 14.439281
v -22.599803 -33.706269 13.281049
v -22.728811 -33.649444 13.593920
v -23.653131 -32.175826 11.628787
v -20.883444 -35.545706 6.082539
v -20.524640 -36.032273 6.119904
v -20.881199 -35.638581 7.440545
v -21.101241 -35.474540 7.989390
v -21.107429 -35.438591 7.572157
v -21.333026 -34.993484 6.903954
v -21.252822 -35.224957 7.308110
v -21.435449 -34.971210 7.197018
v -21.532868 -34.719788 6.842344
v -20.155859 -36.534201 6.185989
v -21.294401 -34.993798 6.121054
v -21.597386 -34.605736 6.434194
v -21.503638 -34.722540 6.287952
v -20.871220 -35.696603 8.114028
v -21.280515 -35.250407 8.257541
v -21.097916 -35.320153 7.046970
v -19.827890 -36.981503 6.258712
v -21.332082 -35.102517 8.532754
v -21.197856 -35.288233 8.602589
v -22.657995 -33.788722 14.254953
v -23.394904 -32.711458 14.458871
v -23.524376 -32.549006 14.643716
v -23.123042 -33.210078 14.992413
v -23.293098 -32.909661 15.378582
v -17.127529 -40.865767 9.901097
v -17.368245 -40.881207 15.043347
v -16.832766 -41.232457 9.432537
v -16.750346 -41.353549 9.582074
v -17.875206 -39.912535 10.740303
v -16.880681 -41.396917 12.895469
v -16.900276 -41.403469 13.394070
v -18.573257 -39.434518 16.291369
v -18.353431 -39.639865 16.371309
v -18.528316 -39.473557 15.964960
v -18.295587 -39.690106 15.951102
v -18.577707 -39.383440 15.610087
v -19.067185 -38.740472 15.873501
v -16.821871 -41.442990 12.392570
v -19.141984 -38.625322 17.117399
v -19.131773 -38.715938 16.819813
v -18.932779 -38.988477 16.881161
v -23.184275 -33.103924 16.095656
v -23.302318 -32.923860 15.781237
v -22.851433 -33.577722 16.469437
v -22.536042 -34.020874 16.735964
v -22.202231 -34.487829 16.986572
v -21.900477 -34.908921 17.197696
v -18.877629 -39.013065 17.587155
v -18.971367 -38.896270 17.733401
v -19.603795 -37.922199 15.907322
v -20.944539 -36.231268 17.690667
v -21.241461 -35.830244 17.684271
v -20.647124 -36.637297 17.762638
v -23.002806 -33.166022 13.333562
v -22.978483 -33.314745 13.626449
v -23.267309 -32.985103 14.533991
v -22.328027 -33.661892 7.067952
v -22.763237 -33.127189 7.861119
v -23.248955 -32.580002 9.495580
v -23.374976 -32.441243 9.968185
v -23.249526 -32.858592 13.718127
v -21.989514 -34.303714 8.406746
v -22.105799 -34.063027 8.599212
v -21.790488 -34.587768 8.641523
v -21.784538 -34.521540 8.978183
v -21.563418 -34.886430 8.525213
v -21.370842 -35.065672 8.766261
v -21.500034 -34.946682 8.143332
v -18.850273 -38.325533 6.637280
v -19.102702 -37.969000 6.396058
v -17.633270 -40.214441 8.910838
v -18.238438 -39.369287 9.936537
v -20.354175 -35.265707 18.031721
v -20.115841 -35.587603 18.036853
v -16.974640 -39.756891 16.997359
v -23.142572 -31.251273 14.217182
v -23.028184 -31.434824 14.658889
v -22.247552 -32.068543 8.318183
v -19.828930 -35.979293 18.106282
v -16.352316 -40.477854 15.203699
v -22.893817 -31.632241 14.902690
v -22.417856 -31.877348 8.901253
v -19.497711 -36.431023 18.179725
v -15.627596 -41.103935 9.887772
v -15.741974 -40.920392 9.446068
v -17.803548 -38.668963 17.457194
v -18.219640 -37.343048 5.901333
v -15.876354 -40.722962 9.202262
v -22.906821 -31.339547 10.743823
v -22.922544 -31.344812 11.144054
v -16.071221 -40.454045 9.111496
v -23.040762 -31.254442 12.188901
v -15.669342 -41.139937 11.283293
v -21.150702 -33.449404 6.821934
v -21.346594 -33.179464 6.736568
v -20.020834 -34.907463 5.819149
v -16.310422 -40.133428 9.143371
v -16.165524 -40.306987 8.811839
v -21.544931 -32.918077 6.830403
v -21.795529 -32.598317 7.107595
v -15.863346 -41.015660 13.361131
v -15.847623 -41.010394 12.960901
v -17.225231 -39.437133 17.274554
v -22.064359 -32.278291 7.752636
v -23.143901 -31.198749 13.450367
v -16.208713 -40.637021 14.680999
v -22.561456 -31.718186 9.423956
v -20.960274 -33.721253 7.047463
v -16.087139 -40.770880 14.225094
v -15.960667 -40.918339 13.874783
v -22.683027 -31.584325 9.879862
v -22.809500 -31.436868 10.230171
v -19.647402 -35.413865 5.858040
v -16.104107 -40.367801 8.478586
v -22.698949 -31.901157 14.993456
v -20.966621 -33.686244 6.647759
v -16.149643 -40.284674 8.150735
v -15.790891 -41.054843 12.475769
v -20.479154 -34.291947 5.862100
v -16.301989 -40.052285 7.744944
v -15.771051 -41.161379 13.681493
v -15.729410 -41.100761 11.916051
v -20.749191 -33.941867 6.077503
v -20.902030 -33.751436 6.315937
v -16.673194 -39.523883 7.328088
v -18.749337 -37.447740 18.285804
v -17.809898 -38.633949 17.057488
v -17.619470 -38.905798 17.283018
v -17.001428 -39.062684 7.050705
v -19.122762 -36.941347 18.246917
v -17.423579 -39.175737 17.368385
v -22.604645 -32.048221 15.293114
v -22.666056 -31.987412 15.626368
v -17.340829 -38.587905 6.795902
v -22.979278 -31.300364 11.629185
v -16.705808 -40.076916 16.352318
v -22.620524 -32.070535 15.954218
v -22.468180 -32.302923 16.360009
v -19.272460 -35.924178 5.925227
v -17.645577 -38.162641 6.582686
v -17.911568 -37.791879 6.402898
v -18.114198 -37.505679 6.209266
v -16.522610 -40.286669 15.786773
v -18.415993 -37.089501 6.073233
v -18.654340 -36.767590 6.068096
v -20.550532 -35.012155 18.203618
v -22.096978 -32.831319 16.776864
v -21.768733 -33.292534 17.054253
v -21.429337 -33.767300 17.309051
v -21.124595 -34.192562 17.522266
v -22.459751 -32.221776 14.961582
v -22.999117 -31.193829 10.423462
v -18.941236 -36.375921 5.998673
v -15.626266 -41.156458 10.654586
v -18.291011 -38.063266 18.242855
v -18.020972 -38.413345 18.027453
v -17.868139 -38.603773 17.789016
v -23.100821 -31.215274 12.821664
v -20.858604 -34.563331 17.702056
v -20.655971 -34.849529 17.895688
v -16.401382 -40.036080 9.526902
v -16.232740 -40.353656 9.428960
v -16.448605 -39.994672 9.864069
v -16.273786 -40.309726 9.602023
v -16.136154 -40.763648 13.656298
v -17.625370 -38.958144 16.735567
v -17.752646 -38.684816 16.658764
v -17.651203 -38.935194 16.915488
v -17.462324 -39.198958 17.050492
v -16.905451 -39.893999 16.199776
v -16.729425 -40.095538 15.656371
v -20.565988 -35.052183 17.664835
v -20.735908 -34.032712 7.179734
v -20.827783 -33.981631 6.822203
v -18.561271 -37.582582 16.488735
v -18.567456 -37.546631 16.071500
v -18.787496 -37.382598 16.620346
v -15.895603 -40.929360 11.255530
v -15.854215 -40.945236 10.651438
v -22.523934 -32.275248 15.619691
v -20.818418 -34.695651 17.423613
v -18.374292 -38.027385 17.939840
v -16.535303 -39.901918 8.771076
v -16.591764 -39.845265 9.066215
v -16.429158 -40.047362 8.804870
v -18.415879 -37.796208 16.752779
v -18.570779 -37.701026 17.013923
v -17.010692 -39.232467 9.805942
v -17.235534 -38.923418 9.719858
v -17.294640 -38.960635 10.028714
v -16.736319 -39.740604 10.432181
v -16.939877 -39.371746 10.466976
v -16.665889 -39.855157 10.727330
v -15.954681 -40.890829 11.877882
v -17.340672 -39.359281 16.992939
v -17.146504 -39.607041 16.778162
v -16.419736 -40.441183 14.565314
v -16.293711 -40.579946 14.092712
v -15.855407 -40.898138 9.963860
v -16.524701 -39.912674 10.176436
v -16.419176 -40.162575 10.342761
v -17.884150 -38.499649 15.082713
v -17.878207 -38.433409 15.419369
v -17.562900 -38.958146 15.461680
v -18.297849 -37.955512 15.294633
v -18.105262 -38.134762 15.535685
v -19.144063 -36.988895 17.940985
v -18.785250 -37.475471 17.978352
v -19.512842 -36.486975 17.874901
v -22.137177 -32.785392 15.443423
v -22.035425 -32.806737 15.150054
v -22.327073 -32.521638 15.329356
v -21.889140 -33.124989 15.518183
v -21.842740 -33.070545 15.208132
v -21.569109 -33.546735 15.366542
v -21.628051 -33.353473 15.106392
v -21.325581 -33.838304 14.807328
v -21.477175 -33.534109 14.759953
v -21.430256 -33.651891 14.124356
v -21.534625 -33.431800 14.385100
v -18.470835 -37.732950 15.458305
v -18.388165 -37.770784 15.803356
v -18.336609 -37.918666 15.528140
v -22.808433 -31.554537 10.527932
v -17.343502 -38.909859 10.257669
v -17.090600 -39.149426 10.180376
v -21.017528 -33.670387 7.446189
v -21.237011 -33.465409 7.364865
v -21.400054 -33.224600 7.049942
v -22.132951 -32.328017 8.444062
v -22.300453 -32.139972 9.017545
v -18.427226 -37.190945 6.376624
v -22.788005 -31.624271 11.165428
v -21.315257 -33.381324 7.689587
v -21.095444 -33.586656 7.769522
v -21.373109 -33.331072 8.109791
v -21.140372 -33.547632 8.095936
v -18.032242 -38.454874 17.425993
v -18.135834 -38.301387 17.218546
v -22.966772 -31.494196 12.844904
v -23.008162 -31.478322 13.448994
v -21.281577 -33.387866 7.101572
v -16.338446 -40.148305 8.480741
v -16.366372 -40.097323 8.279654
v -16.484417 -39.917260 7.965237
v -16.817267 -39.443452 7.591452
v -17.132658 -39.000300 7.324926
v -17.466472 -38.533340 7.074316
v -17.768224 -38.112254 6.863194
v -18.724152 -36.789915 6.370226
v -16.973246 -39.298559 8.582248
v -16.927423 -39.284667 8.896824
v -16.725204 -39.638160 8.657010
v -17.293267 -38.876822 8.733891
v -17.142118 -39.001736 8.998562
v -17.536800 -38.585249 9.293104
v -17.292991 -38.821097 9.345001
v -21.518880 -33.513694 13.842764
v -21.679558 -33.205790 13.924583
v -21.567737 -33.462922 14.071720
v -22.321564 -32.360535 14.240885
v -22.291578 -32.476699 13.926254
v -22.541160 -32.155422 14.159800
v -22.907700 -31.532724 12.222550
v -21.715878 -32.816511 7.322270
v -23.006975 -31.525414 14.136574
v -22.918341 -31.667640 14.478821
v -22.835926 -31.788728 14.628356
v -21.830287 -32.983467 13.637980
v -21.793491 -33.108644 13.320588
v -22.846821 -31.578194 11.668325
v -19.718313 -35.434661 6.159449
v -20.077130 -34.948080 6.122079
v -20.255005 -34.806793 7.613958
v -20.202719 -34.808565 8.033451
v -20.074881 -35.040959 7.480087
v -20.536926 -34.305234 7.241079
v -20.354291 -34.558991 7.352174
v -20.526707 -34.395862 6.943495
v -20.726542 -34.122168 6.881887
v -19.349538 -35.936576 6.225530
v -20.488086 -34.396170 6.160594
v -20.697325 -34.124914 6.327492
v -20.791063 -34.008119 6.473737
v -20.381993 -34.584432 8.301602
v -20.064903 -35.098982 8.153570
v -20.291603 -34.722527 7.086509
v -19.021562 -36.383890 6.298257
v -20.391546 -34.690601 8.642127
v -20.525767 -34.504889 8.572293
v -21.759467 -33.122750 14.299015
v -22.718068 -31.951375 14.683254
v -22.588594 -32.113826 14.498408
v -22.270618 -32.578280 15.034215
v -22.486788 -32.312029 15.418120
v -16.321222 -40.268130 9.940633
v -16.561929 -40.283580 15.082887
v -15.944036 -40.755916 9.621612
v -16.026452 -40.634831 9.472076
v -17.068886 -39.314913 10.779845
v -16.093962 -40.805841 13.433610
v -16.074370 -40.799284 12.935007
v -17.547124 -39.042228 16.410845
v -17.674725 -38.768552 16.335433
v -17.489272 -39.092478 15.990642
v -17.629792 -38.807581 16.009020
v -17.679182 -38.717463 15.654147
v -18.168660 -38.074495 15.917561
v -16.015561 -40.845358 12.432108
v -18.233249 -38.049961 16.863873
v -18.335674 -38.027690 17.156937
v -18.034254 -38.322500 16.925222
v -22.496004 -32.326234 15.820777
v -22.377960 -32.506296 16.135196
v -22.045118 -32.980095 16.508977
v -21.729720 -33.423257 16.775508
v -21.395911 -33.890206 17.026114
v -21.094153 -34.311303 17.237239
v -18.165053 -38.298643 17.772941
v -18.071318 -38.415434 17.626694
v -18.797479 -37.324571 15.946862
v -20.435151 -35.232612 17.723809
v -20.138224 -35.633640 17.730207
v -19.840814 -36.039665 17.802176
v -22.079956 -32.648773 13.670512
v -22.196495 -32.568390 13.373100
v -22.368791 -32.319124 14.578049
v -21.521704 -33.064275 7.107495
v -21.956926 -32.529558 7.900657
v -22.442645 -31.982369 9.535118
v -22.568665 -31.843610 10.007723
v -22.443205 -32.260976 13.757671
v -21.299485 -33.465401 8.638751
v -21.090986 -33.637743 8.450808
v -20.978232 -33.923903 9.017719
v -20.938067 -33.955965 8.683323
v -20.564528 -34.468046 8.805801
v -20.664895 -34.220453 8.569273
v -20.601506 -34.280710 8.187394
v -18.043958 -37.727906 6.676820
v -18.296389 -37.371374 6.435598
v -16.734743 -39.548469 8.954900
v -17.432120 -38.771665 9.976078
v -20.883149 -40.225350 11.389406
v -24.087191 -35.763778 11.081073
v -21.260515 -39.847984 13.381113
v -35.109639 -46.163578 9.405986
v -34.881198 -47.486088 12.245995
v -36.560131 -43.622364 10.206798
v -50.112623 -52.331697 7.882307
v -20.957926 -34.129077 11.825176
v -20.781403 -34.305601 10.893500
v -50.646998 -52.407957 8.295393
v -50.976622 -51.071988 8.159992
v -50.547655 -50.636980 7.822177
v -49.799011 -53.905019 8.583212
v -50.149829 -53.594902 8.794657
v -50.280669 -53.842612 9.510359
v -50.950133 -52.308381 9.092828
v -46.405100 -48.044222 9.217624
v -45.893232 -48.675943 8.306121
v -44.849132 -52.231934 9.177694
v -45.304702 -50.520407 8.391059
v -44.736150 -52.464743 10.371388
v -50.911897 -50.272740 9.744612
v -45.825369 -50.054827 10.993724
v -46.292105 -48.277072 10.411328
v -45.248003 -51.833063 11.282902
v -50.163252 -53.540778 10.505648
v -50.598272 -51.846049 10.445518
v -50.395045 -53.349688 10.088884
v -51.221839 -50.826771 9.454219
v -51.322208 -50.664370 8.710843
v -50.955911 -52.099046 9.925806
v -45.630628 -53.568594 10.334996
v -46.022905 -53.828851 9.525980
v -45.696638 -53.502584 9.525980
v -46.853993 -52.345230 8.316630
v -48.282080 -51.569676 7.884314
v -47.955813 -51.243409 7.884314
v -48.510745 -50.688477 10.813194
v -47.729960 -52.121796 11.217903
v -47.403693 -51.795529 11.217903
v -45.973825 -53.225397 10.988948
v -45.956895 -53.894861 10.334996
v -46.135642 -53.063578 8.802226
v -47.180259 -52.671496 8.316630
v -46.936166 -52.915587 11.305314
v -46.300092 -53.551664 10.988948
v -46.461909 -53.389845 8.802226
v -46.609899 -52.589321 11.305314
v -49.231034 -51.341671 10.671166
v -45.614422 -50.897016 11.158418
v -45.896166 -50.118456 11.090939
v -48.689545 -51.886170 7.982059
v -45.090399 -51.369756 8.715149
v -45.323230 -50.641169 8.383983
v -49.440230 -50.580520 10.321621
v -46.124876 -49.392932 10.743550
v -48.955434 -51.069440 7.925946
v -45.608744 -49.859898 8.330868
v -18.124722 -38.049887 12.277191
v -16.039611 -41.743555 13.740913
v -23.629088 -31.277617 10.319977
v -48.837012 -51.014744 10.813194
v -48.969508 -52.155151 10.744516
v -48.476340 -52.650217 8.316226
v -19.269921 -33.146987 18.992025
v -23.672880 -32.156373 17.970112
v -22.682266 -36.559332 18.992025
v -19.157516 -33.259392 18.398762
v -22.569861 -36.671737 18.398762
v -23.560475 -32.268778 17.376849
v -18.279307 -37.549946 20.013938
v -18.166902 -37.662350 19.420675
v -16.732786 -35.684122 5.601238
v -21.135745 -34.693508 4.579325
v -20.145131 -39.096467 5.601238
v -16.620381 -35.796527 5.007975
v -20.032726 -39.208872 5.007975
v -21.023340 -34.805913 3.986062
v -15.742172 -40.087081 6.623151
v -15.629768 -40.199485 6.029888
v -24.085911 -40.976403 12.068945
v -23.145775 -40.510901 12.158873
v -23.486702 -40.024594 13.205725
v -24.426839 -40.490096 13.115797
v -23.272120 -40.241238 12.083842
v -24.212256 -40.706740 11.993914
v -24.508155 -40.284662 12.902502
v -23.568019 -39.819160 12.992430
v -23.992602 -39.121511 13.819854
v -24.932738 -39.587013 13.729925
v -24.947238 -39.500854 13.435519
v -24.007102 -39.035352 13.525448
v -24.527918 -38.043633 13.836704
v -25.468054 -38.509135 13.746775
v -25.411851 -38.565337 13.450144
v -24.471715 -38.099835 13.540072
v -24.949212 -37.079775 13.251761
v -25.889349 -37.545277 13.161832
v -25.777504 -37.728781 12.942458
v -24.837367 -37.263279 13.032386
v -25.143601 -36.488203 12.221759
v -26.083737 -36.953705 12.131831
v -25.946218 -37.215341 12.048494
v -25.006082 -36.749839 12.138422
v -25.058996 -36.427429 11.022688
v -25.999132 -36.892930 10.932759
v -25.872787 -37.162594 11.007790
v -24.932651 -36.697092 11.097719
v -24.718069 -36.913736 9.975836
v -25.658205 -37.379237 9.885908
v -25.576888 -37.584671 10.099202
v -24.636752 -37.119169 10.189131
v -24.212169 -37.816818 9.361707
v -25.152305 -38.282320 9.271779
v -25.137806 -38.368479 9.566185
v -24.197669 -37.902977 9.656113
v -23.676853 -38.894697 9.344857
v -24.616990 -39.360199 9.254929
v -24.673192 -39.303996 9.551560
v -23.733056 -38.838495 9.641489
v -23.255558 -39.858555 9.929800
v -24.195695 -40.324056 9.839872
v -24.307540 -40.140552 10.059247
v -23.367404 -39.675050 10.149175
v -23.061170 -40.450126 10.959802
v -24.001306 -40.915628 10.869873
v -24.138825 -40.653992 10.953210
v -23.198689 -40.188490 11.043139
v -34.848240 -46.345159 11.047032
v -33.908104 -45.879658 11.136960
v -34.249031 -45.393351 12.183812
v -35.189168 -45.858852 12.093883
v -34.034449 -45.609994 11.061929
v -34.974585 -46.075496 10.972001
v -35.270484 -45.653419 11.880589
v -34.330348 -45.187917 11.970517
v -34.754931 -44.490268 12.797941
v -35.695067 -44.955770 12.708012
v -35.709567 -44.869611 12.413606
v -34.769431 -44.404109 12.503535
v -35.290247 -43.412389 12.814791
v -36.230383 -43.877891 12.724862
v -36.174180 -43.934093 12.428231
v -35.234044 -43.468592 12.518159
v -35.711541 -42.448531 12.229848
v -36.651678 -42.914033 12.139919
v -36.539833 -43.097538 11.920544
v -35.599696 -42.632036 12.010473
v -35.905930 -41.856960 11.199846
v -36.846066 -42.322462 11.109918
v -36.708547 -42.584098 11.026581
v -35.768411 -42.118596 11.116509
v -35.821325 -41.796185 10.000775
v -36.761461 -42.261687 9.910846
v -36.635117 -42.531350 9.985877
v -35.694980 -42.065848 10.075806
v -35.480398 -42.282492 8.953923
v -36.420534 -42.747994 8.863995
v -36.339217 -42.953427 9.077289
v -35.399081 -42.487926 9.167217
v -34.974498 -43.185575 8.339794
v -35.914634 -43.651077 8.249866
v -35.900135 -43.737236 8.544272
v -34.959998 -43.271734 8.634200
v -34.439182 -44.263453 8.322944
v -35.379319 -44.728955 8.233016
v -35.435521 -44.672753 8.529647
v -34.495385 -44.207251 8.619576
v -34.017888 -45.227311 8.907887
v -34.958024 -45.692813 8.817959
v -35.069869 -45.509309 9.037334
v -34.129733 -45.043807 9.127262
v -33.823499 -45.818883 9.937889
v -34.763635 -46.284384 9.847960
v -34.901155 -46.022748 9.931297
v -33.961018 -45.557247 10.021226
v -44.690500 -51.393132 10.138665
v -43.750364 -50.927631 10.228593
v -44.091291 -50.441324 11.275445
v -45.031427 -50.906825 11.185516
v -43.876708 -50.657967 10.153562
v -44.816845 -51.123469 10.063634
v -45.112744 -50.701392 10.972222
v -44.172608 -50.235890 11.062150
v -44.597191 -49.538241 11.889573
v -45.537327 -50.003743 11.799645
v -45.551827 -49.917584 11.505239
v -44.611690 -49.452082 11.595167
v -45.132506 -48.460362 11.906423
v -46.072643 -48.925864 11.816495
v -46.016440 -48.982066 11.519864
v -45.076304 -48.516565 11.609792
v -45.553801 -47.496504 11.321480
v -46.493937 -47.962006 11.231552
v -46.382092 -48.145511 11.012177
v -45.441956 -47.680009 11.102106
v -45.748190 -46.904933 10.291479
v -46.688326 -47.370435 10.201551
v -46.550807 -47.632071 10.118214
v -45.610670 -47.166569 10.208142
v -45.663585 -46.844158 9.092407
v -46.603721 -47.309660 9.002479
v -46.477376 -47.579323 9.077510
v -45.537240 -47.113821 9.167438
v -45.322657 -47.330465 8.045556
v -46.262794 -47.795967 7.955627
v -46.181477 -48.001400 8.168922
v -45.241341 -47.535899 8.258850
v -44.816758 -48.233548 7.431427
v -45.756894 -48.699050 7.341499
v -45.742394 -48.785209 7.635905
v -44.802258 -48.319707 7.725833
v -44.281442 -49.311426 7.414577
v -45.221578 -49.776928 7.324649
v -45.277781 -49.720726 7.621280
v -44.337645 -49.255224 7.711208
v -43.860147 -50.275284 7.999520
v -44.800284 -50.740786 7.909592
v -44.912129 -50.557282 8.128966
v -43.971992 -50.091780 8.218895
v -43.665759 -50.866856 9.029521
v -44.605895 -51.332357 8.939593
v -44.743414 -51.070721 9.022930
v -43.803278 -50.605220 9.112858
v -50.369256 -54.584612 9.667404
v -49.429120 -54.119111 9.757332
v -49.827941 -53.550223 10.981951
v -50.768077 -54.015725 10.892023
v -49.555464 -53.849447 9.682301
v -50.495601 -54.314949 9.592373
v -50.849393 -53.810291 10.678728
v -49.909257 -53.344789 10.768656
v -50.419747 -52.493787 11.700366
v -51.359884 -52.959288 11.610437
v -51.374383 -52.873129 11.316031
v -50.434247 -52.407628 11.405960
v -51.045966 -51.232872 11.720077
v -51.986102 -51.698374 11.630149
v -51.929900 -51.754576 11.333517
v -50.989763 -51.289074 11.423446
v -51.538801 -50.105340 11.035804
v -52.478937 -50.570842 10.945876
v -52.367092 -50.754346 10.726501
v -51.426956 -50.288845 10.816429
v -51.766199 -49.413313 9.830897
v -52.706335 -49.878815 9.740968
v -52.568816 -50.140451 9.657632
v -51.628680 -49.674949 9.747560
v -51.667227 -49.342218 8.428209
v -52.607364 -49.807720 8.338281
v -52.481019 -50.077383 8.413312
v -51.540883 -49.611881 8.503240
v -51.268406 -49.911105 7.203590
v -52.208543 -50.376607 7.113662
v -52.127226 -50.582041 7.326957
v -51.187090 -50.116539 7.416885
v -50.676600 -50.967542 6.485176
v -51.616736 -51.433044 6.395247
v -51.602236 -51.519203 6.689653
v -50.662100 -51.053701 6.779582
v -50.050381 -52.228457 6.465464
v -50.990517 -52.693958 6.375536
v -51.046720 -52.637756 6.672167
v -50.106584 -52.172254 6.762096
v -49.557546 -53.355988 7.149737
v -50.497682 -53.821490 7.059809
v -50.609527 -53.637986 7.279184
v -49.669391 -53.172484 7.369112
v -49.330148 -54.048015 8.354645
v -50.270285 -54.513517 8.264716
v -50.407803 -54.251881 8.348053
v -49.467667 -53.786379 8.437981
v -20.459766 -33.508208 12.703548
v -23.124842 -28.981853 11.340997
v -27.383264 -28.445989 10.432630
v -19.978031 -33.989942 10.160993
v -26.901530 -28.927723 7.890075
v -22.643107 -29.463588 8.798442
v -25.028402 -33.282557 11.795180
v -24.546667 -33.764291 9.252626
v -22.913112 -31.054862 12.091812
v -25.662749 -31.407356 11.637628
v -22.334966 -32.873860 12.545995
v -22.318973 -31.649001 8.955995
v -21.740827 -33.467999 9.410178
v -25.068610 -32.001496 8.501811
v -12.936982 -39.169713 15.201558
v -17.463337 -36.504637 13.839007
v -17.237686 -41.073273 14.747374
v -12.455248 -39.651447 12.659003
v -16.755951 -41.555007 12.204820
v -16.981602 -36.986372 11.296452
v -12.401118 -43.428135 16.109925
v -11.919383 -43.909870 13.567370
v -16.941394 -38.267433 14.589822
v -15.474890 -41.595216 15.498189
v -15.122396 -38.845578 15.044005
v -16.347255 -38.861572 11.454005
v -14.528256 -39.439717 11.908188
v -14.880751 -42.189355 12.362372
v -27.980806 -42.684144 11.654548
v -27.667427 -42.528977 11.684524
v -27.966543 -42.102312 12.602988
v -28.279922 -42.257479 12.573012
v -27.793772 -42.259314 11.609493
v -28.107151 -42.414481 11.579517
v -28.361238 -42.052045 12.359718
v -28.047859 -41.896878 12.389694
v -28.410398 -41.309984 13.141799
v -28.723777 -41.465151 13.111823
v -28.738276 -41.378992 12.817417
v -28.424898 -41.223825 12.847393
v -28.880062 -40.364298 13.156583
v -29.193441 -40.519465 13.126607
v -29.137238 -40.575668 12.829975
v -28.823860 -40.420500 12.859951
v -29.249688 -39.518649 12.643378
v -29.563067 -39.673817 12.613402
v -29.451222 -39.857321 12.394027
v -29.137843 -39.702154 12.424003
v -29.420237 -38.999629 11.739698
v -29.733615 -39.154796 11.709721
v -29.596097 -39.416432 11.626385
v -29.282718 -39.261265 11.656361
v -29.346008 -38.946308 10.687682
v -29.659387 -39.101475 10.657706
v -29.533042 -39.371138 10.732737
v -29.219663 -39.215971 10.762713
v -29.046892 -39.372973 9.769218
v -29.360271 -39.528140 9.739242
v -29.278955 -39.733574 9.952536
v -28.965576 -39.578407 9.982512
v -28.603037 -40.165301 9.230407
v -28.916416 -40.320468 9.200431
v -28.901916 -40.406627 9.494837
v -28.588538 -40.251459 9.524813
v -28.133373 -41.110987 9.215623
v -28.446752 -41.266154 9.185647
v -28.502955 -41.209951 9.482278
v -28.189576 -41.054784 9.512255
v -27.763747 -41.956635 9.728828
v -28.077126 -42.111802 9.698852
v -28.188971 -41.928298 9.918227
v -27.875592 -41.773131 9.948203
v -27.593199 -42.475656 10.632508
v -27.906577 -42.630823 10.602532
v -28.044096 -42.369187 10.685869
v -27.730717 -42.214019 10.715845
v -31.253569 -44.374792 11.354787
v -30.940190 -44.219625 11.384763
v -31.239306 -43.792960 12.303227
v -31.552684 -43.948127 12.273251
v -31.066535 -43.949962 11.309732
v -31.379914 -44.105129 11.279756
v -31.634001 -43.742693 12.059956
v -31.320622 -43.587526 12.089932
v -31.683161 -43.000632 12.842038
v -31.996540 -43.155800 12.812062
v -32.011039 -43.069641 12.517656
v -31.697660 -42.914473 12.547632
v -32.152825 -42.054946 12.856822
v -32.466203 -42.210113 12.826845
v -32.410001 -42.266316 12.530214
v -32.096622 -42.111149 12.560190
v -32.522451 -41.209298 12.343617
v -32.835830 -41.364465 12.313641
v -32.723985 -41.547969 12.094266
v -32.410606 -41.392802 12.124242
v -32.692999 -40.690277 11.439936
v -33.006378 -40.845444 11.409960
v -32.868859 -41.107081 11.326623
v -32.555481 -40.951913 11.356599
v -32.618771 -40.636956 10.387921
v -32.932150 -40.792123 10.357945
v -32.805805 -41.061786 10.432976
v -32.492426 -40.906619 10.462952
v -32.319655 -41.063621 9.469457
v -32.633034 -41.218788 9.439480
v -32.551717 -41.424222 9.652775
v -32.238339 -41.269055 9.682751
v -31.875800 -41.855949 8.930646
v -32.189179 -42.011116 8.900670
v -32.174679 -42.097275 9.195076
v -31.861300 -41.942108 9.225052
v -31.406136 -42.801635 8.915862
v -31.719515 -42.956802 8.885886
v -31.775717 -42.900600 9.182517
v -31.462339 -42.745432 9.212493
v -31.036510 -43.647283 9.429067
v -31.349888 -43.802451 9.399091
v -31.461733 -43.618946 9.618466
v -31.148355 -43.463779 9.648442
v -30.865962 -44.166304 10.332747
v -31.179340 -44.321471 10.302771
v -31.316859 -44.059835 10.386108
v -31.003480 -43.904668 10.416084
v -37.799094 -47.756089 10.755264
v -37.485716 -47.600921 10.785240
v -37.784831 -47.174256 11.703705
v -38.098210 -47.329423 11.673728
v -37.612060 -47.331258 10.710209
v -37.925439 -47.486425 10.680233
v -38.179526 -47.123989 11.460434
v -37.866148 -46.968822 11.490410
v -38.228686 -46.381929 12.242515
v -38.542065 -46.537096 12.212539
v -38.556565 -46.450937 11.918133
v -38.243186 -46.295770 11.948109
v -38.698350 -45.436243 12.257299
v -39.011729 -45.591410 12.227323
v -38.955527 -45.647612 11.930692
v -38.642148 -45.492445 11.960668
v -39.067977 -44.590594 11.744094
v -39.381356 -44.745761 11.714118
v -39.269510 -44.929265 11.494743
v -38.956132 -44.774098 11.524719
v -39.238525 -44.071573 10.840414
v -39.551904 -44.226741 10.810438
v -39.414385 -44.488377 10.727101
v -39.101006 -44.333210 10.757077
v -39.164296 -44.018252 9.788398
v -39.477675 -44.173419 9.758422
v -39.351330 -44.443083 9.833453
v -39.037952 -44.287915 9.863429
v -38.865181 -44.444918 8.869934
v -39.178559 -44.600085 8.839958
v -39.097243 -44.805519 9.053253
v -38.783864 -44.650351 9.083229
v -38.421326 -45.237245 8.331123
v -38.734704 -45.392412 8.301147
v -38.720205 -45.478571 8.595553
v -38.406826 -45.323404 8.625529
v -37.951662 -46.182931 8.316340
v -38.265041 -46.338098 8.286363
v -38.321243 -46.281896 8.582995
v -38.007864 -46.126729 8.612971
v -37.582035 -47.028580 8.829544
v -37.895414 -47.183747 8.799568
v -38.007259 -47.000243 9.018943
v -37.693880 -46.845075 9.048919
v -37.411487 -47.547600 9.733225
v -37.724866 -47.702767 9.703249
v -37.862385 -47.441131 9.786586
v -37.549006 -47.285964 9.816562
v -41.071857 -49.446737 10.455503
v -40.758478 -49.291570 10.485479
v -41.057594 -48.864904 11.403943
v -41.370973 -49.020071 11.373967
v -40.884823 -49.021906 10.410448
v -41.198202 -49.177074 10.380472
v -41.452289 -48.814637 11.160673
v -41.138910 -48.659470 11.190649
v -41.501449 -48.072577 11.942754
v -41.814828 -48.227744 11.912778
v -41.829328 -48.141585 11.618372
v -41.515949 -47.986418 11.648348
v -41.971113 -47.126891 11.957538
v -42.284492 -47.282058 11.927562
v -42.228289 -47.338260 11.630930
v -41.914911 -47.183093 11.660907
v -42.340740 -46.281242 11.444333
v -42.654118 -46.436409 11.414357
v -42.542273 -46.619914 11.194982
v -42.228894 -46.464746 11.224958
v -42.511288 -45.762221 10.540653
v -42.824666 -45.917389 10.510677
v -42.687148 -46.179025 10.427340
v -42.373769 -46.023858 10.457316
v -42.437059 -45.708900 9.488637
v -42.750438 -45.864067 9.458661
v -42.624093 -46.133731 9.533692
v -42.310714 -45.978563 9.563668
v -42.137943 -46.135566 8.570173
v -42.451322 -46.290733 8.540197
v -42.370006 -46.496167 8.753491
v -42.056627 -46.341000 8.783467
v -41.694088 -46.927893 8.031362
v -42.007467 -47.083060 8.001386
v -41.992967 -47.169219 8.295792
v -41.679589 -47.014052 8.325768
v -41.224425 -47.873579 8.016578
v -41.537803 -48.028746 7.986602
v -41.594006 -47.972544 8.283234
v -41.280627 -47.817377 8.313210
v -40.854798 -48.719228 8.529783
v -41.168177 -48.874395 8.499807
v -41.280022 -48.690891 8.719182
v -40.966643 -48.535723 8.749158
v -40.684250 -49.238248 9.433464
v -40.997629 -49.393416 9.403488
v -41.135147 -49.131779 9.486824
v -40.821769 -48.976612 9.516801
v -47.617383 -52.828033 9.855981
v -47.304004 -52.672866 9.885957
v -47.603120 -52.246200 10.804421
v -47.916498 -52.401368 10.774445
v -47.430349 -52.403203 9.810926
v -47.743727 -52.558370 9.780950
v -47.997815 -52.195934 10.561150
v -47.684436 -52.040766 10.591127
v -48.046975 -51.453873 11.343232
v -48.360353 -51.609040 11.313256
v -48.374853 -51.522881 11.018850
v -48.061474 -51.367714 11.048826
v -48.516639 -50.508187 11.358016
v -48.830017 -50.663354 11.328039
v -48.773815 -50.719557 11.031408
v -48.460436 -50.564389 11.061384
v -48.886265 -49.662538 10.844811
v -49.199644 -49.817705 10.814835
v -49.087799 -50.001210 10.595460
v -48.774420 -49.846043 10.625436
v -49.056813 -49.143518 9.941130
v -49.370192 -49.298685 9.911154
v -49.232673 -49.560321 9.827817
v -48.919295 -49.405154 9.857793
v -48.982585 -49.090196 8.889115
v -49.295964 -49.245364 8.859139
v -49.169619 -49.515027 8.934170
v -48.856240 -49.359860 8.964146
v -48.683469 -49.516862 7.970651
v -48.996848 -49.672029 7.940674
v -48.915531 -49.877463 8.153969
v -48.602153 -49.722296 8.183945
v -48.239614 -50.309189 7.431840
v -48.552993 -50.464357 7.401864
v -48.538493 -50.550516 7.696270
v -48.225114 -50.395348 7.726246
v -47.769950 -51.254875 7.417056
v -48.083329 -51.410043 7.387080
v -48.139531 -51.353840 7.683711
v -47.826152 -51.198673 7.713687
v -47.400324 -52.100524 7.930261
v -47.713702 -52.255691 7.900285
v -47.825547 -52.072187 8.119660
v -47.512169 -51.917020 8.149636
v -47.229775 -52.619545 8.833941
v -47.543154 -52.774712 8.803965
v -47.680673 -52.513076 8.887302
v -47.367294 -52.357908 8.917278
v -21.315977 -32.651997 13.832485
v -19.239617 -35.969210 14.854398
v -17.057554 -33.187861 14.740852
v -20.320392 -33.647582 8.577872
v -16.061970 -34.183446 9.486240
v -18.244032 -36.964794 9.599785
v -16.715630 -31.048080 14.400215
v -15.720046 -32.043664 9.145602
v -23.105433 -32.103394 11.527343
v -24.561366 -28.165755 10.505430
v -30.039501 -27.651031 9.369971
v -22.768218 -32.440608 9.747555
v -29.702287 -27.988245 7.590183
v -24.224152 -28.502969 8.725642
v -28.583567 -31.588670 10.391884
v -28.246353 -31.925884 8.612096
v -11.976363 -40.750758 15.274358
v -15.914002 -39.294824 14.252445
v -15.399279 -44.772959 15.387904
v -11.639149 -41.087972 13.494570
v -15.062065 -45.110173 13.608116
v -15.576788 -39.632038 12.472657
v -11.461640 -46.228892 16.409817
v -11.124425 -46.566107 14.630029
v -21.096527 -34.732726 19.627664
v -23.435488 -34.255044 19.093998
v -22.957806 -36.594005 19.627664
v -20.968065 -34.861188 18.949649
v -22.829344 -36.722467 18.949649
v -23.307026 -34.383506 18.415983
v -20.618845 -37.071687 20.161329
v -20.490382 -37.200150 19.483315
v -18.334583 -37.494670 5.050351
v -20.673544 -37.016988 4.516685
v -20.195862 -39.355949 5.050351
v -18.206120 -37.623133 4.372336
v -20.067399 -39.484412 4.372336
v -20.545082 -37.145451 3.838671
v -17.856901 -39.833631 5.584017
v -17.728438 -39.962094 4.906002
v -51.981370 -51.620713 10.798801
v -55.319723 -50.764066 10.003979
v -59.000000 -52.047199 9.549796
v -51.274826 -52.327257 7.069721
v -58.293456 -52.753743 5.820716
v -54.613179 -51.470610 6.274899
v -58.753208 -55.396123 10.231071
v -57.811999 -53.855627 10.117525
v -57.105455 -54.562171 6.388445
v -58.046664 -56.102667 6.501991
v -54.741578 -52.583064 10.458163
v -54.035034 -53.289608 6.729083
v -53.928830 -50.914106 11.022631
v -56.128540 -51.196101 10.659285
v -56.410536 -53.395811 11.022631
v -52.965361 -51.877575 5.937522
v -55.447067 -54.359280 5.937522
v -55.165071 -52.159570 5.574176
v -54.210826 -53.113816 11.385978
v -53.247357 -54.077285 6.300869
v -20.589038 -29.656377 13.039294
v -21.135473 -26.007811 12.244473
v -21.177754 -28.447235 12.698656
v -19.721916 -30.523499 8.462696
v -20.310632 -29.314358 8.122058
v -20.268351 -26.874933 7.667875
v -19.721820 -32.384875 13.720570
v -18.854698 -33.251997 9.143971
v -13.996894 -36.248522 15.537304
v -16.725391 -35.381304 14.856029
v -12.787752 -36.837237 15.877942
v -13.129772 -37.115644 10.960706
v -11.920630 -37.704359 11.301344
v -15.858269 -36.248426 10.279430
v -10.348327 -36.794956 16.332125
v -9.481205 -37.662078 11.755527
g blade
f 9/3 5/2 8/1
f 7/4 56/3 9/1
f 5/7 6/6 8/5
f 7/2 57/8 55/4
f 6/6 54/6 57/6
f 56/3 71/4 9/1
f 55/4 11/10 12/9
f 49/6 17/6 18/6
f 11/6 50/6 53/6
f 61/12 64/3 60/11
f 48/15 18/14 19/13
f 12/9 53/17 51/16
f 57/6 10/6 11/6
f 2/12 52/3 14/11
f 71/4 70/11 69/12
f 70/3 12/12 67/11
f 49/6 13/6 47/6
f 16/19 49/18 48/15
f 15/6 50/6 13/6
f 14/3 48/12 64/11
f 52/3 16/12 14/11
f 61/4 59/11 62/12
f 62/4 58/21 65/20
f 51/16 15/22 16/19
f 18/14 42/23 19/13
f 19/4 59/11 60/3
f 43/6 3/6 41/6
f 17/6 41/6 18/6
f 63/12 14/3 64/11
f 68/12 70/3 67/11
f 67/3 51/12 52/11
f 6/2 9/3 8/1
f 66/12 67/3 52/11
f 27/24 25/25 29/24
f 25/25 23/25 28/25
f 22/25 25/25 28/25
f 29/25 25/25 22/25
f 24/25 29/25 22/25
f 769/28 32/27 777/26
f 21/25 23/25 25/25
f 75/31 720/30 721/29
f 35/33 719/32 720/30
f 30/34 35/35 75/34
f 722/30 30/31 723/29
f 40/38 34/37 37/36
f 44/27 37/38 33/39
f 36/36 74/41 31/40
f 32/27 46/38 36/36
f 23/25 26/25 28/25
f 35/35 76/42 77/42
f 722/45 38/44 718/43
f 46/48 717/47 715/46
f 715/46 73/50 716/49
f 39/51 712/47 713/46
f 72/50 713/46 714/49
f 41/52 4/12 42/23
f 778/28 44/27 33/39
f 42/4 58/11 59/3
f 64/3 19/12 60/11
f 7/4 70/11 56/3
f 17/14 63/15 61/13
f 69/55 10/54 54/53
f 50/58 68/57 66/56
f 17/14 62/60 43/59
f 13/22 66/56 2/19
f 43/59 65/12 1/61
f 47/18 2/19 63/15
f 71/2 54/53 5/62
f 776/64 30/63 734/63
f 775/65 72/66 714/65
f 719/67 736/68 772/67
f 770/70 717/69 771/69
f 345/71 508/71 225/71
f 249/71 470/71 491/71
f 309/71 539/71 308/71
f 276/71 514/71 513/71
f 490/71 508/71 346/71
f 223/71 492/71 472/71
f 310/71 540/71 309/71
f 277/71 515/71 514/71
f 510/71 490/71 259/71
f 332/71 473/71 252/71
f 311/71 467/71 487/71
f 279/71 531/71 530/71
f 333/71 497/71 332/71
f 281/71 519/71 271/71
f 226/71 474/71 333/71
f 543/71 542/71 305/71
f 499/71 500/71 232/71
f 274/71 533/71 287/71
f 545/71 549/71 314/71
f 247/71 553/71 210/71
f 306/71 512/71 275/71
f 334/71 498/71 331/71
f 249/71 477/71 248/71
f 307/71 513/71 535/71
f 537/71 541/71 285/71
f 250/71 493/71 492/71
f 278/71 536/71 515/71
f 287/71 554/71 211/71
f 215/71 493/71 251/71
f 268/71 536/71 348/71
f 549/71 551/71 315/71
f 288/71 520/71 247/71
f 496/71 495/71 252/71
f 330/71 517/71 310/71
f 321/71 554/71 529/71
f 289/71 521/71 288/71
f 478/71 498/71 337/71
f 546/71 545/71 322/71
f 290/71 522/71 289/71
f 216/71 494/71 215/71
f 500/71 478/71 246/71
f 323/71 547/71 322/71
f 290/71 524/71 523/71
f 324/71 548/71 323/71
f 291/71 525/71 524/71
f 505/71 509/71 257/71
f 219/71 467/71 81/71
f 292/71 526/71 525/71
f 509/71 510/71 258/71
f 220/71 468/71 219/71
f 233/71 501/71 329/71
f 293/71 527/71 526/71
f 542/71 519/71 313/71
f 221/71 471/71 470/71
f 339/71 480/71 234/71
f 551/71 550/71 320/71
f 294/71 528/71 527/71
f 352/71 528/71 295/71
f 222/71 472/71 471/71
f 339/71 481/71 502/71
f 296/71 532/71 280/71
f 279/71 544/71 352/71
f 224/71 489/71 488/71
f 340/71 503/71 481/71
f 321/71 529/71 324/71
f 226/71 553/71 474/71
f 341/71 482/71 503/71
f 342/71 504/71 482/71
f 343/71 483/71 504/71
f 329/71 552/71 209/71
f 269/71 516/71 268/71
f 550/71 532/71 326/71
f 495/71 499/71 231/71
f 485/71 505/71 238/71
f 330/71 552/71 517/71
f 234/71 479/71 233/71
f 344/71 506/71 237/71
f 541/71 543/71 286/71
f 271/71 518/71 269/71
f 236/71 483/71 235/71
f 311/71 487/71 344/71
f 331/71 476/71 216/71
f 306/71 535/71 534/71
f 224/71 484/71 236/71
f 248/71 469/71 220/71
f 538/71 537/71 308/71
f 275/71 511/71 274/71
f 237/71 486/71 238/71
f 213/71 90/71 210/71
f 212/71 89/71 90/71
f 114/71 216/71 215/71
f 218/71 91/71 217/71
f 218/71 219/71 81/71
f 82/71 219/71 218/71
f 83/71 222/71 221/71
f 84/71 223/71 222/71
f 101/71 225/71 224/71
f 213/71 210/71 226/71
f 228/71 203/71 211/71
f 229/71 106/71 107/71
f 115/71 232/71 127/71
f 96/71 234/71 233/71
f 100/71 236/71 235/71
f 101/71 224/71 236/71
f 102/71 237/71 238/71
f 240/71 204/71 239/71
f 241/71 107/71 108/71
f 243/71 205/71 118/71
f 244/71 119/71 120/71
f 127/71 246/71 128/71
f 240/71 247/71 210/71
f 111/71 248/71 94/71
f 112/71 251/71 250/71
f 113/71 215/71 251/71
f 116/71 231/71 115/71
f 253/71 120/71 121/71
f 254/71 125/71 255/71
f 255/71 126/71 256/71
f 133/71 258/71 144/71
f 144/71 259/71 145/71
f 260/71 139/71 261/71
f 261/71 140/71 262/71
f 262/71 141/71 263/71
f 263/71 142/71 264/71
f 264/71 143/71 265/71
f 267/71 135/71 266/71
f 153/71 268/71 151/71
f 243/71 88/71 270/71
f 153/71 271/71 269/71
f 273/71 157/71 272/71
f 146/71 275/71 274/71
f 148/71 277/71 276/71
f 149/71 278/71 277/71
f 170/71 280/71 279/71
f 155/71 271/71 153/71
f 272/71 158/71 282/71
f 282/71 159/71 283/71
f 284/71 81/71 104/71
f 179/71 286/71 190/71
f 273/71 287/71 211/71
f 162/71 247/71 240/71
f 162/71 289/71 288/71
f 164/71 289/71 163/71
f 164/71 291/71 290/71
f 165/71 292/71 291/71
f 166/71 293/71 292/71
f 167/71 294/71 293/71
f 168/71 295/71 294/71
f 171/71 280/71 170/71
f 297/71 173/71 298/71
f 298/71 174/71 299/71
f 299/71 175/71 300/71
f 302/71 184/71 301/71
f 303/71 186/71 187/71
f 190/71 305/71 192/71
f 176/71 307/71 306/71
f 180/71 285/71 179/71
f 180/71 309/71 308/71
f 182/71 309/71 181/71
f 104/71 81/71 311/71
f 312/71 184/71 185/71
f 192/71 313/71 191/71
f 194/71 315/71 206/71
f 316/71 199/71 200/71
f 318/71 201/71 202/71
f 227/71 202/71 203/71
f 206/71 320/71 208/71
f 228/71 211/71 321/71
f 195/71 314/71 194/71
f 195/71 323/71 322/71
f 197/71 323/71 196/71
f 317/71 198/71 199/71
f 319/71 200/71 201/71
f 208/71 326/71 207/71
f 327/71 198/71 325/71
f 302/71 143/71 183/71
f 328/71 209/71 152/71
f 260/71 209/71 138/71
f 129/71 329/71 209/71
f 152/71 209/71 330/71
f 214/71 121/71 89/71
f 114/71 331/71 216/71
f 82/71 248/71 220/71
f 111/71 221/71 249/71
f 85/71 250/71 223/71
f 116/71 332/71 252/71
f 117/71 332/71 86/71
f 117/71 226/71 333/71
f 245/71 88/71 119/71
f 122/71 331/71 87/71
f 217/71 123/71 335/71
f 335/71 92/71 336/71
f 336/71 124/71 254/71
f 267/71 126/71 93/71
f 95/71 334/71 122/71
f 128/71 337/71 95/71
f 338/71 108/71 136/71
f 284/71 136/71 109/71
f 96/71 329/71 129/71
f 130/71 234/71 97/71
f 130/71 340/71 339/71
f 98/71 341/71 340/71
f 131/71 342/71 341/71
f 99/71 343/71 342/71
f 132/71 235/71 343/71
f 102/71 257/71 133/71
f 134/71 237/71 103/71
f 134/71 311/71 344/71
f 230/71 135/71 106/71
f 137/71 225/71 105/71
f 110/71 345/71 137/71
f 145/71 346/71 110/71
f 347/71 185/71 154/71
f 328/71 187/71 156/71
f 146/71 287/71 273/71
f 176/71 275/71 147/71
f 177/71 276/71 307/71
f 150/71 348/71 278/71
f 178/71 268/71 348/71
f 182/71 330/71 310/71
f 304/71 154/71 186/71
f 283/71 188/71 349/71
f 349/71 160/71 350/71
f 350/71 189/71 351/71
f 327/71 189/71 161/71
f 191/71 281/71 155/71
f 169/71 352/71 295/71
f 170/71 352/71 193/71
f 197/71 321/71 324/71
f 239/71 172/71 297/71
f 300/71 205/71 242/71
f 207/71 296/71 171/71
f 568/71 508/71 687/71
f 491/71 470/71 592/71
f 650/71 539/71 651/71
f 513/71 514/71 618/71
f 688/71 508/71 490/71
f 472/71 492/71 566/71
f 651/71 540/71 652/71
f 514/71 515/71 619/71
f 602/71 490/71 510/71
f 595/71 473/71 674/71
f 487/71 467/71 653/71
f 530/71 531/71 621/71
f 674/71 497/71 675/71
f 614/71 519/71 623/71
f 675/71 474/71 569/71
f 647/71 542/71 543/71
f 575/71 500/71 499/71
f 629/71 533/71 616/71
f 656/71 549/71 545/71
f 358/71 553/71 590/71
f 617/71 512/71 648/71
f 673/71 498/71 676/71
f 591/71 477/71 592/71
f 535/71 513/71 649/71
f 627/71 541/71 537/71
f 492/71 493/71 593/71
f 515/71 536/71 620/71
f 466/71 554/71 629/71
f 594/71 493/71 558/71
f 690/71 536/71 611/71
f 657/71 551/71 549/71
f 590/71 520/71 630/71
f 595/71 495/71 496/71
f 652/71 517/71 672/71
f 529/71 554/71 663/71
f 630/71 521/71 631/71
f 679/71 498/71 478/71
f 664/71 545/71 546/71
f 631/71 522/71 632/71
f 558/71 494/71 559/71
f 589/71 478/71 500/71
f 664/71 547/71 665/71
f 523/71 524/71 632/71
f 665/71 548/71 666/71
f 524/71 525/71 633/71
f 600/71 509/71 505/71
f 707/71 467/71 562/71
f 525/71 526/71 634/71
f 601/71 510/71 509/71
f 562/71 468/71 563/71
f 671/71 501/71 576/71
f 526/71 527/71 635/71
f 655/71 519/71 542/71
f 470/71 471/71 564/71
f 577/71 480/71 681/71
f 662/71 550/71 551/71
f 527/71 528/71 636/71
f 637/71 528/71 694/71
f 471/71 472/71 565/71
f 502/71 481/71 681/71
f 622/71 532/71 638/71
f 694/71 544/71 621/71
f 488/71 489/71 567/71
f 481/71 503/71 682/71
f 666/71 529/71 663/71
f 474/71 553/71 569/71
f 503/71 482/71 683/71
f 482/71 504/71 684/71
f 504/71 483/71 685/71
f 365/71 552/71 671/71
f 611/71 516/71 612/71
f 668/71 532/71 550/71
f 574/71 499/71 495/71
f 581/71 505/71 485/71
f 517/71 552/71 672/71
f 576/71 479/71 577/71
f 580/71 506/71 686/71
f 628/71 543/71 541/71
f 612/71 518/71 614/71
f 578/71 483/71 579/71
f 686/71 487/71 653/71
f 559/71 476/71 673/71
f 534/71 535/71 648/71
f 579/71 484/71 567/71
f 563/71 469/71 591/71
f 650/71 537/71 538/71
f 616/71 511/71 617/71
f 581/71 486/71 580/71
f 358/71 362/71 556/71
f 362/71 361/71 555/71
f 558/71 559/71 381/71
f 560/71 695/71 561/71
f 707/71 562/71 561/71
f 561/71 562/71 353/71
f 564/71 565/71 354/71
f 565/71 566/71 355/71
f 567/71 568/71 371/71
f 569/71 358/71 556/71
f 466/71 461/71 571/71
f 699/71 698/71 572/71
f 391/71 575/71 382/71
f 576/71 577/71 366/71
f 578/71 579/71 370/71
f 579/71 567/71 371/71
f 581/71 580/71 372/71
f 582/71 711/71 583/71
f 700/71 699/71 584/71
f 385/71 462/71 586/71
f 390/71 386/71 587/71
f 392/71 589/71 391/71
f 358/71 590/71 583/71
f 363/71 591/71 378/71
f 593/71 594/71 379/71
f 594/71 558/71 380/71
f 382/71 574/71 383/71
f 387/71 390/71 596/71
f 598/71 703/71 597/71
f 599/71 704/71 598/71
f 406/71 601/71 397/71
f 407/71 602/71 406/71
f 604/71 401/71 603/71
f 605/71 402/71 604/71
f 606/71 403/71 605/71
f 607/71 404/71 606/71
f 608/71 405/71 607/71
f 609/71 705/71 610/71
f 611/71 612/71 399/71
f 613/71 360/71 586/71
f 612/71 614/71 399/71
f 417/71 466/71 615/71
f 616/71 617/71 408/71
f 618/71 619/71 410/71
f 619/71 620/71 411/71
f 621/71 622/71 429/71
f 399/71 614/71 415/71
f 624/71 418/71 615/71
f 625/71 419/71 624/71
f 374/71 707/71 626/71
f 449/71 628/71 439/71
f 466/71 629/71 435/71
f 583/71 590/71 421/71
f 630/71 631/71 421/71
f 422/71 631/71 423/71
f 632/71 633/71 423/71
f 633/71 634/71 424/71
f 634/71 635/71 425/71
f 635/71 636/71 426/71
f 636/71 637/71 427/71
f 429/71 622/71 430/71
f 640/71 432/71 639/71
f 641/71 433/71 640/71
f 642/71 434/71 641/71
f 643/71 444/71 644/71
f 446/71 709/71 645/71
f 451/71 647/71 449/71
f 648/71 649/71 436/71
f 439/71 627/71 440/71
f 650/71 651/71 440/71
f 441/71 651/71 442/71
f 653/71 707/71 374/71
f 445/71 444/71 654/71
f 450/71 655/71 451/71
f 463/71 657/71 453/71
f 710/71 458/71 658/71
f 460/71 459/71 660/71
f 461/71 460/71 570/71
f 465/71 662/71 463/71
f 663/71 466/71 571/71
f 453/71 656/71 454/71
f 664/71 665/71 454/71
f 455/71 665/71 456/71
f 458/71 457/71 659/71
f 459/71 710/71 661/71
f 464/71 668/71 465/71
f 667/71 457/71 669/71
f 443/71 405/71 644/71
f 413/71 365/71 670/71
f 376/71 365/71 603/71
f 365/71 671/71 393/71
f 672/71 365/71 413/71
f 361/71 387/71 557/71
f 559/71 673/71 381/71
f 563/71 591/71 353/71
f 592/71 564/71 378/71
f 566/71 593/71 356/71
f 595/71 674/71 383/71
f 357/71 674/71 384/71
f 675/71 569/71 384/71
f 386/71 360/71 588/71
f 359/71 673/71 388/71
f 677/71 389/71 560/71
f 678/71 696/71 677/71
f 597/71 702/71 678/71
f 697/71 704/71 610/71
f 388/71 676/71 364/71
f 364/71 679/71 392/71
f 706/71 700/71 680/71
f 701/71 706/71 626/71
f 393/71 671/71 366/71
f 367/71 577/71 394/71
f 681/71 682/71 394/71
f 682/71 683/71 368/71
f 683/71 684/71 395/71
f 684/71 685/71 369/71
f 685/71 578/71 396/71
f 397/71 600/71 372/71
f 373/71 580/71 398/71
f 686/71 653/71 398/71
f 698/71 705/71 573/71
f 375/71 568/71 400/71
f 400/71 687/71 377/71
f 377/71 688/71 407/71
f 414/71 445/71 689/71
f 416/71 446/71 670/71
f 435/71 629/71 408/71
f 409/71 617/71 436/71
f 649/71 618/71 437/71
f 620/71 690/71 412/71
f 690/71 611/71 438/71
f 652/71 672/71 442/71
f 709/71 414/71 646/71
f 691/71 447/71 625/71
f 692/71 708/71 691/71
f 693/71 448/71 692/71
f 420/71 448/71 669/71
f 415/71 623/71 450/71
f 637/71 694/71 428/71
f 452/71 694/71 429/71
f 666/71 663/71 456/71
f 639/71 431/71 582/71
f 585/71 462/71 642/71
f 430/71 638/71 464/71
f 123/72 695/72 389/72
f 124/72 703/72 125/72
f 125/72 704/72 126/72
f 123/72 696/72 92/72
f 93/72 705/72 135/72
f 124/72 696/72 702/72
f 126/72 697/72 93/72
f 135/72 698/72 106/72
f 108/72 699/72 700/72
f 106/72 699/72 107/72
f 108/72 706/72 136/72
f 109/72 707/72 81/72
f 136/72 701/72 109/72
f 203/72 460/72 461/72
f 203/72 466/72 211/72
f 183/72 444/72 184/72
f 154/72 709/72 186/72
f 187/72 709/72 446/72
f 89/72 387/72 361/72
f 118/72 360/72 88/72
f 188/72 419/72 447/72
f 188/72 708/72 160/72
f 210/72 362/72 358/72
f 121/72 390/72 387/72
f 189/72 708/72 448/72
f 89/72 362/72 90/72
f 189/72 420/72 161/72
f 199/72 457/72 458/72
f 185/72 414/72 154/72
f 201/72 710/72 459/72
f 187/72 416/72 156/72
f 184/72 445/72 185/72
f 139/72 376/72 401/72
f 161/72 457/72 198/72
f 118/72 462/72 385/72
f 119/72 360/72 386/72
f 140/72 401/72 402/72
f 183/72 405/72 443/72
f 119/72 390/72 120/72
f 157/72 418/72 158/72
f 172/72 711/72 431/72
f 141/72 402/72 403/72
f 173/72 431/72 432/72
f 156/72 365/72 209/72
f 159/72 418/72 419/72
f 205/72 434/72 462/72
f 199/72 710/72 200/72
f 142/72 403/72 404/72
f 174/72 432/72 433/72
f 201/72 460/72 202/72
f 143/72 404/72 405/72
f 174/72 434/72 175/72
f 466/72 157/72 211/72
f 210/72 711/72 204/72
f 81/72 695/72 91/72
f 209/72 376/72 138/72
f 771/69 78/73 769/73
f 774/74 714/65 44/74
f 714/49 40/48 44/75
f 40/48 712/47 80/28
f 46/48 716/49 74/75
f 45/51 717/47 38/76
f 79/77 772/78 770/77
f 773/80 723/79 776/79
f 733/33 718/32 76/81
f 45/84 723/83 73/82
f 720/45 79/44 39/84
f 721/83 39/84 72/82
f 303/87 328/86 181/85
f 654/90 438/89 415/88
f 725/93 29/92 24/91
f 28/96 724/95 22/94
f 22/94 725/93 24/91
f 733/99 726/98 730/97
f 727/100 733/99 730/97
f 733/99 732/102 729/101
f 726/98 733/99 729/101
f 732/101 750/103 729/102
f 730/97 734/104 727/100
f 746/107 730/106 726/105
f 746/107 729/109 750/108
f 727/100 741/111 739/110
f 733/99 738/112 732/102
f 727/100 737/113 733/99
f 736/103 738/112 743/114
f 731/100 742/113 744/110
f 736/103 745/112 728/102
f 735/99 745/112 742/113
f 731/100 741/111 734/104
f 728/102 735/99 740/101
f 746/107 749/109 747/108
f 735/99 731/100 749/97
f 750/104 728/97 740/100
f 749/101 734/103 747/115
f 735/99 748/98 740/101
f 748/98 735/99 749/97
f 746/107 740/106 748/105
f 755/116 763/116 754/116
f 752/116 760/117 751/117
f 759/117 767/116 758/116
f 756/118 764/116 755/116
f 753/118 761/116 752/116
f 756/118 766/118 765/118
f 754/118 762/118 753/118
f 758/116 766/118 757/118
f 38/77 772/78 718/78
f 80/73 771/69 769/73
f 712/69 770/70 771/69
f 718/67 736/68 76/68
f 773/80 721/79 72/80
f 716/65 774/74 74/74
f 73/66 775/65 716/65
f 776/64 75/63 721/64
f 34/37 769/75 777/119
f 74/37 778/75 31/120
f 787/123 786/122 788/121
f 789/123 785/124 790/121
f 780/125 788/121 784/124
f 779/126 790/121 783/122
f 9/3 71/4 5/2
f 7/2 6/62 57/8
f 6/6 5/7 54/6
f 55/4 57/8 11/10
f 49/6 47/6 17/6
f 11/6 10/6 50/6
f 61/12 63/4 64/3
f 48/15 49/18 18/14
f 12/9 11/10 53/17
f 57/6 54/6 10/6
f 2/12 66/4 52/3
f 71/4 56/3 70/11
f 70/3 55/4 12/12
f 49/6 15/6 13/6
f 16/19 15/22 49/18
f 15/6 53/6 50/6
f 14/3 16/4 48/12
f 52/3 51/4 16/12
f 61/4 60/3 59/11
f 62/4 59/3 58/21
f 51/16 53/17 15/22
f 18/14 41/52 42/23
f 19/4 42/12 59/11
f 43/6 1/6 3/6
f 17/6 43/6 41/6
f 63/12 2/4 14/3
f 68/12 69/4 70/3
f 67/3 12/4 51/12
f 6/2 7/4 9/3
f 66/12 68/4 67/3
f 27/24 21/25 25/25
f 769/28 78/39 32/27
f 21/25 20/25 23/25
f 75/31 35/33 720/30
f 35/33 77/81 719/32
f 30/34 733/35 35/35
f 722/30 733/33 30/31
f 40/38 80/120 34/37
f 44/27 40/36 37/38
f 36/36 46/38 74/41
f 32/27 78/39 46/38
f 23/25 20/25 26/25
f 35/35 733/35 76/42
f 722/45 45/84 38/44
f 46/48 78/28 717/47
f 715/46 45/51 73/50
f 39/51 79/76 712/47
f 72/50 39/51 713/46
f 41/52 3/61 4/12
f 778/28 774/26 44/27
f 42/4 4/12 58/11
f 64/3 48/4 19/12
f 7/4 55/12 70/11
f 17/14 47/18 63/15
f 69/55 68/57 10/54
f 50/58 10/54 68/57
f 17/14 61/13 62/60
f 13/22 50/58 66/56
f 43/59 62/60 65/12
f 47/18 13/22 2/19
f 71/2 69/55 54/53
f 776/64 723/64 30/63
f 775/65 773/66 72/66
f 719/67 77/68 736/68
f 770/70 38/70 717/69
f 508/71 489/71 225/71
f 249/71 221/71 470/71
f 539/71 538/71 308/71
f 276/71 277/71 514/71
f 508/71 345/71 346/71
f 223/71 250/71 492/71
f 540/71 539/71 309/71
f 277/71 278/71 515/71
f 490/71 346/71 259/71
f 473/71 496/71 252/71
f 311/71 81/71 467/71
f 279/71 280/71 531/71
f 497/71 473/71 332/71
f 519/71 518/71 271/71
f 474/71 497/71 333/71
f 542/71 313/71 305/71
f 500/71 246/71 232/71
f 274/71 511/71 533/71
f 549/71 315/71 314/71
f 247/71 520/71 553/71
f 306/71 534/71 512/71
f 498/71 476/71 331/71
f 249/71 491/71 477/71
f 307/71 276/71 513/71
f 541/71 286/71 285/71
f 250/71 251/71 493/71
f 278/71 348/71 536/71
f 287/71 533/71 554/71
f 215/71 494/71 493/71
f 268/71 516/71 536/71
f 551/71 320/71 315/71
f 288/71 521/71 520/71
f 495/71 231/71 252/71
f 517/71 540/71 310/71
f 321/71 211/71 554/71
f 289/71 522/71 521/71
f 498/71 334/71 337/71
f 545/71 314/71 322/71
f 290/71 523/71 522/71
f 216/71 475/71 494/71
f 478/71 337/71 246/71
f 547/71 546/71 322/71
f 290/71 291/71 524/71
f 548/71 547/71 323/71
f 291/71 292/71 525/71
f 509/71 258/71 257/71
f 219/71 468/71 467/71
f 292/71 293/71 526/71
f 510/71 259/71 258/71
f 220/71 469/71 468/71
f 233/71 479/71 501/71
f 293/71 294/71 527/71
f 519/71 281/71 313/71
f 221/71 222/71 471/71
f 339/71 502/71 480/71
f 550/71 326/71 320/71
f 294/71 295/71 528/71
f 352/71 544/71 528/71
f 222/71 223/71 472/71
f 339/71 340/71 481/71
f 532/71 531/71 280/71
f 279/71 530/71 544/71
f 224/71 225/71 489/71
f 340/71 341/71 503/71
f 529/71 548/71 324/71
f 226/71 210/71 553/71
f 341/71 342/71 482/71
f 342/71 343/71 504/71
f 343/71 235/71 483/71
f 329/71 501/71 552/71
f 269/71 507/71 516/71
f 532/71 296/71 326/71
f 499/71 232/71 231/71
f 505/71 257/71 238/71
f 330/71 209/71 552/71
f 234/71 480/71 479/71
f 506/71 486/71 237/71
f 543/71 305/71 286/71
f 518/71 507/71 269/71
f 236/71 484/71 483/71
f 487/71 506/71 344/71
f 476/71 475/71 216/71
f 306/71 307/71 535/71
f 224/71 488/71 484/71
f 248/71 477/71 469/71
f 537/71 285/71 308/71
f 275/71 512/71 511/71
f 486/71 485/71 238/71
f 213/71 212/71 90/71
f 212/71 214/71 89/71
f 218/71 81/71 91/71
f 82/71 220/71 219/71
f 83/71 84/71 222/71
f 84/71 85/71 223/71
f 101/71 105/71 225/71
f 228/71 227/71 203/71
f 229/71 230/71 106/71
f 115/71 231/71 232/71
f 96/71 97/71 234/71
f 100/71 101/71 236/71
f 102/71 103/71 237/71
f 240/71 210/71 204/71
f 241/71 229/71 107/71
f 243/71 242/71 205/71
f 244/71 245/71 119/71
f 127/71 232/71 246/71
f 111/71 249/71 248/71
f 112/71 113/71 251/71
f 113/71 114/71 215/71
f 116/71 252/71 231/71
f 253/71 244/71 120/71
f 254/71 124/71 125/71
f 255/71 125/71 126/71
f 133/71 257/71 258/71
f 144/71 258/71 259/71
f 260/71 138/71 139/71
f 261/71 139/71 140/71
f 262/71 140/71 141/71
f 263/71 141/71 142/71
f 264/71 142/71 143/71
f 267/71 93/71 135/71
f 153/71 269/71 268/71
f 243/71 118/71 88/71
f 273/71 211/71 157/71
f 146/71 147/71 275/71
f 148/71 149/71 277/71
f 149/71 150/71 278/71
f 155/71 281/71 271/71
f 272/71 157/71 158/71
f 282/71 158/71 159/71
f 284/71 109/71 81/71
f 179/71 285/71 286/71
f 162/71 288/71 247/71
f 162/71 163/71 289/71
f 164/71 290/71 289/71
f 164/71 165/71 291/71
f 165/71 166/71 292/71
f 166/71 167/71 293/71
f 167/71 168/71 294/71
f 168/71 169/71 295/71
f 171/71 296/71 280/71
f 297/71 172/71 173/71
f 298/71 173/71 174/71
f 299/71 174/71 175/71
f 302/71 183/71 184/71
f 303/71 304/71 186/71
f 190/71 286/71 305/71
f 176/71 177/71 307/71
f 180/71 308/71 285/71
f 180/71 181/71 309/71
f 182/71 310/71 309/71
f 312/71 301/71 184/71
f 192/71 305/71 313/71
f 194/71 314/71 315/71
f 316/71 317/71 199/71
f 318/71 319/71 201/71
f 227/71 318/71 202/71
f 206/71 315/71 320/71
f 195/71 322/71 314/71
f 195/71 196/71 323/71
f 197/71 324/71 323/71
f 317/71 325/71 198/71
f 319/71 316/71 200/71
f 208/71 320/71 326/71
f 327/71 161/71 198/71
f 302/71 265/71 143/71
f 328/71 156/71 209/71
f 260/71 129/71 209/71
f 214/71 253/71 121/71
f 114/71 87/71 331/71
f 82/71 94/71 248/71
f 111/71 83/71 221/71
f 85/71 112/71 250/71
f 116/71 86/71 332/71
f 117/71 333/71 332/71
f 117/71 213/71 226/71
f 245/71 270/71 88/71
f 122/71 334/71 331/71
f 217/71 91/71 123/71
f 335/71 123/71 92/71
f 336/71 92/71 124/71
f 267/71 256/71 126/71
f 95/71 337/71 334/71
f 128/71 246/71 337/71
f 338/71 241/71 108/71
f 284/71 338/71 136/71
f 96/71 233/71 329/71
f 130/71 339/71 234/71
f 130/71 98/71 340/71
f 98/71 131/71 341/71
f 131/71 99/71 342/71
f 99/71 132/71 343/71
f 132/71 100/71 235/71
f 102/71 238/71 257/71
f 134/71 344/71 237/71
f 134/71 104/71 311/71
f 230/71 266/71 135/71
f 137/71 345/71 225/71
f 110/71 346/71 345/71
f 145/71 259/71 346/71
f 347/71 312/71 185/71
f 328/71 303/71 187/71
f 146/71 274/71 287/71
f 176/71 306/71 275/71
f 177/71 148/71 276/71
f 150/71 178/71 348/71
f 178/71 151/71 268/71
f 182/71 152/71 330/71
f 304/71 347/71 154/71
f 283/71 159/71 188/71
f 349/71 188/71 160/71
f 350/71 160/71 189/71
f 327/71 351/71 189/71
f 191/71 313/71 281/71
f 169/71 193/71 352/71
f 170/71 279/71 352/71
f 197/71 228/71 321/71
f 239/71 204/71 172/71
f 300/71 175/71 205/71
f 207/71 326/71 296/71
f 568/71 489/71 508/71
f 470/71 564/71 592/71
f 650/71 538/71 539/71
f 514/71 619/71 618/71
f 688/71 687/71 508/71
f 492/71 593/71 566/71
f 651/71 539/71 540/71
f 515/71 620/71 619/71
f 602/71 688/71 490/71
f 595/71 496/71 473/71
f 467/71 707/71 653/71
f 531/71 622/71 621/71
f 674/71 473/71 497/71
f 614/71 518/71 519/71
f 675/71 497/71 474/71
f 647/71 655/71 542/71
f 575/71 589/71 500/71
f 533/71 511/71 616/71
f 656/71 657/71 549/71
f 553/71 520/71 590/71
f 512/71 534/71 648/71
f 673/71 476/71 498/71
f 477/71 491/71 592/71
f 513/71 618/71 649/71
f 627/71 628/71 541/71
f 493/71 594/71 593/71
f 536/71 690/71 620/71
f 554/71 533/71 629/71
f 493/71 494/71 558/71
f 536/71 516/71 611/71
f 657/71 662/71 551/71
f 520/71 521/71 630/71
f 595/71 574/71 495/71
f 652/71 540/71 517/71
f 554/71 466/71 663/71
f 521/71 522/71 631/71
f 679/71 676/71 498/71
f 664/71 656/71 545/71
f 522/71 523/71 632/71
f 494/71 475/71 559/71
f 589/71 679/71 478/71
f 664/71 546/71 547/71
f 524/71 633/71 632/71
f 665/71 547/71 548/71
f 525/71 634/71 633/71
f 600/71 601/71 509/71
f 467/71 468/71 562/71
f 526/71 635/71 634/71
f 601/71 602/71 510/71
f 468/71 469/71 563/71
f 501/71 479/71 576/71
f 527/71 636/71 635/71
f 655/71 623/71 519/71
f 471/71 565/71 564/71
f 480/71 502/71 681/71
f 662/71 668/71 550/71
f 528/71 637/71 636/71
f 528/71 544/71 694/71
f 472/71 566/71 565/71
f 481/71 682/71 681/71
f 622/71 531/71 532/71
f 544/71 530/71 621/71
f 489/71 568/71 567/71
f 503/71 683/71 682/71
f 666/71 548/71 529/71
f 553/71 358/71 569/71
f 482/71 684/71 683/71
f 504/71 685/71 684/71
f 483/71 578/71 685/71
f 552/71 501/71 671/71
f 516/71 507/71 612/71
f 668/71 638/71 532/71
f 574/71 575/71 499/71
f 581/71 600/71 505/71
f 552/71 365/71 672/71
f 479/71 480/71 577/71
f 580/71 486/71 506/71
f 628/71 647/71 543/71
f 612/71 507/71 518/71
f 483/71 484/71 579/71
f 686/71 506/71 487/71
f 559/71 475/71 476/71
f 535/71 649/71 648/71
f 484/71 488/71 567/71
f 469/71 477/71 591/71
f 650/71 627/71 537/71
f 511/71 512/71 617/71
f 581/71 485/71 486/71
f 362/71 555/71 556/71
f 361/71 557/71 555/71
f 695/71 707/71 561/71
f 562/71 563/71 353/71
f 565/71 355/71 354/71
f 566/71 356/71 355/71
f 568/71 375/71 371/71
f 461/71 570/71 571/71
f 698/71 573/71 572/71
f 575/71 574/71 382/71
f 577/71 367/71 366/71
f 579/71 371/71 370/71
f 580/71 373/71 372/71
f 711/71 358/71 583/71
f 699/71 572/71 584/71
f 462/71 585/71 586/71
f 386/71 588/71 587/71
f 589/71 575/71 391/71
f 591/71 592/71 378/71
f 594/71 380/71 379/71
f 558/71 381/71 380/71
f 574/71 595/71 383/71
f 390/71 587/71 596/71
f 703/71 702/71 597/71
f 704/71 703/71 598/71
f 601/71 600/71 397/71
f 602/71 601/71 406/71
f 401/71 376/71 603/71
f 402/71 401/71 604/71
f 403/71 402/71 605/71
f 404/71 403/71 606/71
f 405/71 404/71 607/71
f 705/71 697/71 610/71
f 360/71 385/71 586/71
f 466/71 435/71 615/71
f 617/71 409/71 408/71
f 619/71 411/71 410/71
f 620/71 412/71 411/71
f 614/71 623/71 415/71
f 418/71 417/71 615/71
f 419/71 418/71 624/71
f 707/71 701/71 626/71
f 628/71 627/71 439/71
f 590/71 630/71 421/71
f 631/71 422/71 421/71
f 631/71 632/71 423/71
f 633/71 424/71 423/71
f 634/71 425/71 424/71
f 635/71 426/71 425/71
f 636/71 427/71 426/71
f 637/71 428/71 427/71
f 622/71 638/71 430/71
f 432/71 431/71 639/71
f 433/71 432/71 640/71
f 434/71 433/71 641/71
f 444/71 443/71 644/71
f 709/71 646/71 645/71
f 647/71 628/71 449/71
f 649/71 437/71 436/71
f 627/71 650/71 440/71
f 651/71 441/71 440/71
f 651/71 652/71 442/71
f 444/71 643/71 654/71
f 655/71 647/71 451/71
f 657/71 656/71 453/71
f 458/71 659/71 658/71
f 459/71 661/71 660/71
f 460/71 660/71 570/71
f 662/71 657/71 463/71
f 656/71 664/71 454/71
f 665/71 455/71 454/71
f 665/71 666/71 456/71
f 457/71 667/71 659/71
f 710/71 658/71 661/71
f 668/71 662/71 465/71
f 457/71 420/71 669/71
f 405/71 608/71 644/71
f 365/71 416/71 670/71
f 365/71 393/71 603/71
f 387/71 596/71 557/71
f 673/71 359/71 381/71
f 591/71 363/71 353/71
f 564/71 354/71 378/71
f 593/71 379/71 356/71
f 674/71 357/71 383/71
f 674/71 675/71 384/71
f 569/71 556/71 384/71
f 360/71 613/71 588/71
f 673/71 676/71 388/71
f 389/71 695/71 560/71
f 696/71 389/71 677/71
f 702/71 696/71 678/71
f 704/71 599/71 610/71
f 676/71 679/71 364/71
f 679/71 589/71 392/71
f 700/71 584/71 680/71
f 706/71 680/71 626/71
f 671/71 576/71 366/71
f 577/71 681/71 394/71
f 682/71 368/71 394/71
f 683/71 395/71 368/71
f 684/71 369/71 395/71
f 685/71 396/71 369/71
f 578/71 370/71 396/71
f 600/71 581/71 372/71
f 580/71 686/71 398/71
f 653/71 374/71 398/71
f 705/71 609/71 573/71
f 568/71 687/71 400/71
f 687/71 688/71 377/71
f 688/71 602/71 407/71
f 445/71 654/71 689/71
f 446/71 645/71 670/71
f 629/71 616/71 408/71
f 617/71 648/71 436/71
f 618/71 410/71 437/71
f 690/71 438/71 412/71
f 611/71 399/71 438/71
f 672/71 413/71 442/71
f 414/71 689/71 646/71
f 447/71 419/71 625/71
f 708/71 447/71 691/71
f 448/71 708/71 692/71
f 448/71 693/71 669/71
f 623/71 655/71 450/71
f 694/71 452/71 428/71
f 694/71 621/71 429/71
f 663/71 571/71 456/71
f 431/71 711/71 582/71
f 462/71 434/71 642/71
f 638/71 668/71 464/71
f 123/72 91/72 695/72
f 124/72 702/72 703/72
f 125/72 703/72 704/72
f 123/72 389/72 696/72
f 93/72 697/72 705/72
f 124/72 92/72 696/72
f 126/72 704/72 697/72
f 135/72 705/72 698/72
f 108/72 107/72 699/72
f 106/72 698/72 699/72
f 108/72 700/72 706/72
f 109/72 701/72 707/72
f 136/72 706/72 701/72
f 203/72 202/72 460/72
f 203/72 461/72 466/72
f 183/72 443/72 444/72
f 154/72 414/72 709/72
f 187/72 186/72 709/72
f 89/72 121/72 387/72
f 118/72 385/72 360/72
f 188/72 159/72 419/72
f 188/72 447/72 708/72
f 210/72 90/72 362/72
f 121/72 120/72 390/72
f 189/72 160/72 708/72
f 89/72 361/72 362/72
f 189/72 448/72 420/72
f 199/72 198/72 457/72
f 185/72 445/72 414/72
f 201/72 200/72 710/72
f 187/72 446/72 416/72
f 184/72 444/72 445/72
f 139/72 138/72 376/72
f 161/72 420/72 457/72
f 118/72 205/72 462/72
f 119/72 88/72 360/72
f 140/72 139/72 401/72
f 183/72 143/72 405/72
f 119/72 386/72 390/72
f 157/72 417/72 418/72
f 172/72 204/72 711/72
f 141/72 140/72 402/72
f 173/72 172/72 431/72
f 156/72 416/72 365/72
f 159/72 158/72 418/72
f 205/72 175/72 434/72
f 199/72 458/72 710/72
f 142/72 141/72 403/72
f 174/72 173/72 432/72
f 201/72 459/72 460/72
f 143/72 142/72 404/72
f 174/72 433/72 434/72
f 466/72 417/72 157/72
f 210/72 358/72 711/72
f 81/72 707/72 695/72
f 209/72 365/72 376/72
f 771/69 717/69 78/73
f 774/74 775/65 714/65
f 714/49 713/46 40/48
f 40/48 713/46 712/47
f 46/48 715/46 716/49
f 45/51 715/46 717/47
f 79/77 719/78 772/78
f 773/80 73/80 723/79
f 733/33 722/30 718/32
f 45/84 722/45 723/83
f 720/45 719/43 79/44
f 721/83 720/45 39/84
f 212/129 213/128 117/127
f 117/127 86/130 212/129
f 86/130 116/132 214/131
f 116/132 115/134 253/133
f 115/134 127/135 253/133
f 127/135 128/137 244/136
f 128/137 95/138 244/136
f 122/141 87/140 114/139
f 95/138 122/141 245/142
f 244/136 95/138 245/142
f 86/130 214/131 212/129
f 253/133 214/131 116/132
f 253/133 127/135 244/136
f 122/141 114/139 113/143
f 113/143 112/145 255/144
f 112/145 85/147 254/146
f 85/147 84/148 254/146
f 84/148 83/150 336/149
f 254/146 84/148 336/149
f 83/150 111/151 336/149
f 111/151 94/153 335/152
f 336/149 111/151 335/152
f 94/153 82/155 217/154
f 82/155 218/156 217/154
f 217/154 335/152 94/153
f 122/141 113/143 255/144
f 112/145 254/146 255/144
f 245/142 122/141 255/144
f 242/159 243/158 270/157
f 270/157 245/142 255/144
f 242/159 270/157 256/160
f 270/157 255/144 256/160
f 256/160 267/162 266/161
f 300/164 242/159 325/163
f 242/159 256/160 266/161
f 242/159 266/161 325/163
f 266/161 230/166 265/165
f 300/164 325/163 317/167
f 240/170 239/169 162/168
f 239/169 297/172 163/171
f 163/171 162/168 239/169
f 165/175 164/174 298/173
f 164/174 163/171 297/172
f 167/178 166/177 299/176
f 166/177 165/175 298/173
f 299/176 166/177 298/173
f 169/180 168/179 300/164
f 168/179 167/178 299/176
f 300/164 168/179 299/176
f 170/182 193/181 169/180
f 208/185 207/184 316/183
f 207/184 171/186 317/167
f 316/183 207/184 317/167
f 171/186 170/182 169/180
f 164/174 297/172 298/173
f 171/186 169/180 300/164
f 206/187 208/185 316/183
f 195/190 194/189 319/188
f 194/189 206/187 319/188
f 197/193 196/192 227/191
f 196/192 195/190 318/194
f 227/191 228/195 197/193
f 318/194 227/191 196/192
f 206/187 316/183 319/188
f 195/190 319/188 318/194
f 171/186 300/164 317/167
f 325/163 266/161 351/196
f 230/166 229/198 110/197
f 351/196 327/199 325/163
f 351/196 266/161 265/165
f 265/165 230/166 264/200
f 350/202 351/196 301/201
f 349/204 350/202 150/203
f 264/200 230/166 137/205
f 338/208 284/207 103/206
f 284/207 104/210 134/209
f 103/206 284/207 134/209
f 103/206 102/211 338/208
f 102/211 133/213 241/212
f 338/208 102/211 241/212
f 133/213 144/214 241/212
f 144/214 145/215 229/198
f 145/215 110/197 229/198
f 110/197 137/205 230/166
f 137/205 105/217 100/216
f 105/217 101/218 100/216
f 100/216 132/219 264/200
f 132/219 99/221 263/220
f 144/214 229/198 241/212
f 137/205 100/216 264/200
f 132/219 263/220 264/200
f 99/221 131/222 263/220
f 131/222 98/224 262/223
f 98/224 130/225 262/223
f 130/225 97/227 261/226
f 97/227 96/229 260/228
f 261/226 97/227 260/228
f 96/229 129/230 260/228
f 262/223 130/225 261/226
f 351/196 265/165 301/201
f 131/222 262/223 263/220
f 265/165 302/231 301/201
f 283/233 349/204 148/232
f 350/202 301/201 312/234
f 350/202 312/234 178/235
f 273/238 272/237 146/236
f 272/237 282/240 147/239
f 146/236 272/237 147/239
f 350/202 178/235 150/203
f 312/234 347/242 191/241
f 155/243 312/234 191/241
f 282/240 283/233 176/244
f 176/244 147/239 282/240
f 148/232 177/245 283/233
f 177/245 176/244 283/233
f 150/203 149/246 349/204
f 149/246 148/232 349/204
f 153/248 151/247 178/235
f 312/234 155/243 178/235
f 347/242 304/250 190/249
f 155/243 153/248 178/235
f 192/251 191/241 347/242
f 179/252 190/249 304/250
f 190/249 192/251 347/242
f 181/85 180/253 303/87
f 180/253 179/252 304/250
f 303/87 180/253 304/250
f 152/255 182/254 328/86
f 182/254 181/85 328/86
f 384/258 556/257 555/256
f 555/256 357/259 384/258
f 557/261 383/260 357/259
f 596/263 382/262 383/260
f 596/263 391/264 382/262
f 587/266 392/265 391/264
f 587/266 364/267 392/265
f 381/270 359/269 388/268
f 588/271 388/268 364/267
f 588/271 364/267 587/266
f 555/256 557/261 357/259
f 383/260 557/261 596/263
f 587/266 391/264 596/263
f 380/272 381/270 388/268
f 598/274 379/273 380/272
f 597/276 356/275 379/273
f 597/276 355/277 356/275
f 678/279 354/278 355/277
f 678/279 355/277 597/276
f 678/279 378/280 354/278
f 677/282 363/281 378/280
f 677/282 378/280 678/279
f 560/284 353/283 363/281
f 560/284 561/285 353/283
f 363/281 677/282 560/284
f 598/274 380/272 388/268
f 598/274 597/276 379/273
f 598/274 388/268 588/271
f 613/288 586/287 585/286
f 598/274 588/271 613/288
f 599/289 613/288 585/286
f 599/289 598/274 613/288
f 609/291 610/290 599/289
f 667/293 585/286 642/292
f 609/291 599/289 585/286
f 667/293 609/291 585/286
f 608/295 573/294 609/291
f 659/296 667/293 642/292
f 421/299 582/298 583/297
f 422/301 639/300 582/298
f 582/298 421/299 422/301
f 640/304 423/303 424/302
f 639/300 422/301 423/303
f 641/307 425/306 426/305
f 640/304 424/302 425/306
f 640/304 425/306 641/307
f 642/292 427/309 428/308
f 641/307 426/305 427/309
f 641/307 427/309 642/292
f 428/308 452/311 429/310
f 658/314 464/313 465/312
f 659/296 430/315 464/313
f 659/296 464/313 658/314
f 428/308 429/310 430/315
f 640/304 639/300 423/303
f 642/292 428/308 430/315
f 658/314 465/312 463/316
f 661/319 453/318 454/317
f 661/319 463/316 453/318
f 570/322 455/321 456/320
f 660/323 454/317 455/321
f 456/320 571/324 570/322
f 455/321 570/322 660/323
f 661/319 658/314 463/316
f 660/323 661/319 454/317
f 659/296 642/292 430/315
f 693/325 609/291 667/293
f 377/327 572/326 573/294
f 667/293 669/328 693/325
f 608/295 609/291 693/325
f 607/329 573/294 608/295
f 643/331 693/325 692/330
f 412/333 692/330 691/332
f 400/334 573/294 607/329
f 373/337 626/336 680/335
f 398/339 374/338 626/336
f 398/339 626/336 373/337
f 680/335 372/340 373/337
f 584/342 397/341 372/340
f 584/342 372/340 680/335
f 584/342 406/343 397/341
f 572/326 407/344 406/343
f 572/326 377/327 407/344
f 573/294 400/334 377/327
f 370/345 375/217 400/334
f 370/345 371/346 375/217
f 607/329 396/347 370/345
f 606/349 369/348 396/347
f 584/342 572/326 406/343
f 607/329 370/345 400/334
f 607/329 606/349 396/347
f 606/349 395/350 369/348
f 605/352 368/351 395/350
f 605/352 394/353 368/351
f 604/355 367/354 394/353
f 603/357 366/356 367/354
f 603/357 367/354 604/355
f 603/357 393/358 366/356
f 604/355 394/353 605/352
f 643/331 608/295 693/325
f 606/349 605/352 395/350
f 643/331 644/359 608/295
f 410/361 691/332 625/360
f 654/90 643/331 692/330
f 438/89 654/90 692/330
f 408/364 615/363 435/362
f 409/366 624/365 615/363
f 412/333 438/89 692/330
f 408/364 409/366 615/363
f 436/367 625/360 624/365
f 436/367 624/365 409/366
f 625/360 436/367 437/368
f 691/332 410/361 411/369
f 625/360 437/368 410/361
f 691/332 411/369 412/333
f 438/89 399/370 415/88
f 689/373 450/372 451/371
f 654/90 415/88 450/372
f 654/90 450/372 689/373
f 646/376 449/375 439/374
f 689/373 451/371 449/375
f 645/379 440/378 441/377
f 646/376 439/374 440/378
f 646/376 440/378 645/379
f 670/382 442/381 413/380
f 670/382 441/377 442/381
f 441/377 670/382 645/379
f 646/376 689/373 449/375
f 725/93 27/383 29/92
f 28/96 26/384 724/95
f 22/94 724/95 725/93
f 732/101 736/115 750/103
f 730/97 747/385 734/104
f 746/107 747/386 730/106
f 746/107 726/105 729/109
f 727/100 734/104 741/111
f 733/99 737/113 738/112
f 727/100 739/110 737/113
f 736/103 732/102 738/112
f 731/100 735/99 742/113
f 736/103 743/114 745/112
f 735/99 728/102 745/112
f 731/100 744/110 741/111
f 746/107 748/105 749/109
f 750/104 736/385 728/97
f 749/101 731/102 734/103
f 746/107 750/386 740/106
f 755/116 764/116 763/116
f 752/116 761/116 760/117
f 759/117 768/117 767/116
f 756/118 765/118 764/116
f 753/118 762/118 761/116
f 756/118 757/118 766/118
f 754/118 763/118 762/118
f 758/116 767/116 766/118
f 38/77 770/77 772/78
f 80/73 712/69 771/69
f 712/69 79/70 770/70
f 718/67 772/67 736/68
f 773/80 776/79 721/79
f 716/65 775/65 774/74
f 73/66 773/66 775/65
f 776/64 734/63 75/63
f 34/37 80/120 769/75
f 74/37 774/119 778/75
f 787/123 782/126 786/122
f 789/123 781/125 785/124
f 780/125 787/123 788/121
f 779/126 789/123 790/121
f 5787/921 5778/921 5779/921
f 5777/921 5769/921 5768/921
f 5781/921 5782/921 5783/921
f 5771/921 5773/921 5772/921
f 5781/921 5783/921 5784/921
f 5771/921 5774/921 5773/921
f 5780/921 5781/921 5784/921
f 5770/921 5774/921 5771/921
f 5780/921 5784/921 5785/921
f 5770/921 5775/921 5774/921
f 5779/921 5780/921 5785/921
f 5769/921 5775/921 5770/921
f 5779/921 5785/921 5786/921
f 5769/921 5776/921 5775/921
f 5779/921 5786/921 5787/921
f 5769/921 5777/921 5776/921
f 5768/921 5769/921 5779/921
f 5768/921 5779/921 5778/921
f 5769/921 5770/921 5780/921
f 5769/921 5780/921 5779/921
f 5770/921 5771/921 5781/921
f 5770/921 5781/921 5780/921
f 5771/921 5772/921 5782/921
f 5771/921 5782/921 5781/921
f 5772/921 5773/921 5783/921
f 5772/921 5783/921 5782/921
f 5773/921 5774/921 5784/921
f 5773/921 5784/921 5783/921
f 5774/921 5775/921 5785/921
f 5774/921 5785/921 5784/921
f 5775/921 5776/921 5786/921
f 5775/921 5786/921 5785/921
f 5776/921 5777/921 5787/921
f 5776/921 5787/921 5786/921
f 5777/921 5768/921 5778/921
f 5777/921 5778/921 5787/921
f 5795/918 5792/918 5793/918
f 5791/918 5789/918 5788/918
f 5793/918 5794/918 5795/918
f 5789/918 5791/918 5790/918
f 5788/918 5789/918 5793/918
f 5788/918 5793/918 5792/918
f 5789/918 5790/918 5794/918
f 5789/918 5794/918 5793/918
f 5790/918 5791/918 5795/918
f 5790/918 5795/918 5794/918
f 5791/918 5788/918 5792/918
f 5791/918 5792/918 5795/918
f 5803/918 5800/918 5801/918
f 5799/918 5797/918 5796/918
f 5801/918 5802/918 5803/918
f 5797/918 5799/918 5798/918
f 5796/918 5797/918 5801/918
f 5796/918 5801/918 5800/918
f 5797/918 5798/918 5802/918
f 5797/918 5802/918 5801/918
f 5798/918 5799/918 5803/918
f 5798/918 5803/918 5802/918
f 5799/918 5796/918 5800/918
f 5799/918 5800/918 5803/918
f 5816/918 5804/918 5805/918
f 5816/918 5805/918 5817/918
f 5828/918 5840/918 5841/918
f 5828/918 5841/918 5829/918
f 5804/918 5828/918 5829/918
f 5804/918 5829/918 5805/918
f 5840/918 5816/918 5817/918
f 5840/918 5817/918 5841/918
f 5817/918 5805/918 5806/918
f 5817/918 5806/918 5818/918
f 5829/918 5841/918 5842/918
f 5829/918 5842/918 5830/918
f 5805/918 5829/918 5830/918
f 5805/918 5830/918 5806/918
f 5841/918 5817/918 5818/918
f 5841/918 5818/918 5842/918
f 5818/918 5806/918 5807/918
f 5818/918 5807/918 5819/918
f 5830/918 5842/918 5843/918
f 5830/918 5843/918 5831/918
f 5806/918 5830/918 5831/918
f 5806/918 5831/918 5807/918
f 5842/918 5818/918 5819/918
f 5842/918 5819/918 5843/918
f 5819/918 5807/918 5808/918
f 5819/918 5808/918 5820/918
f 5831/918 5843/918 5844/918
f 5831/918 5844/918 5832/918
f 5807/918 5831/918 5832/918
f 5807/918 5832/918 5808/918
f 5843/918 5819/918 5820/918
f 5843/918 5820/918 5844/918
f 5820/918 5808/918 5809/918
f 5820/918 5809/918 5821/918
f 5832/918 5844/918 5845/918
f 5832/918 5845/918 5833/918
f 5808/918 5832/918 5833/918
f 5808/918 5833/918 5809/918
f 5844/918 5820/918 5821/918
f 5844/918 5821/918 5845/918
f 5821/918 5809/918 5810/918
f 5821/918 5810/918 5822/918
f 5833/918 5845/918 5846/918
f 5833/918 5846/918 5834/918
f 5809/918 5833/918 5834/918
f 5809/918 5834/918 5810/918
f 5845/918 5821/918 5822/918
f 5845/918 5822/918 5846/918
f 5822/918 5810/918 5811/918
f 5822/918 5811/918 5823/918
f 5834/918 5846/918 5847/918
f 5834/918 5847/918 5835/918
f 5810/918 5834/918 5835/918
f 5810/918 5835/918 5811/918
f 5846/918 5822/918 5823/918
f 5846/918 5823/918 5847/918
f 5823/918 5811/918 5812/918
f 5823/918 5812/918 5824/918
f 5835/918 5847/918 5848/918
f 5835/918 5848/918 5836/918
f 5811/918 5835/918 5836/918
f 5811/918 5836/918 5812/918
f 5847/918 5823/918 5824/918
f 5847/918 5824/918 5848/918
f 5824/918 5812/918 5813/918
f 5824/918 5813/918 5825/918
f 5836/918 5848/918 5849/918
f 5836/918 5849/918 5837/918
f 5812/918 5836/918 5837/918
f 5812/918 5837/918 5813/918
f 5848/918 5824/918 5825/918
f 5848/918 5825/918 5849/918
f 5825/918 5813/918 5814/918
f 5825/918 5814/918 5826/918
f 5837/918 5849/918 5850/918
f 5837/918 5850/918 5838/918
f 5813/918 5837/918 5838/918
f 5813/918 5838/918 5814/918
f 5849/918 5825/918 5826/918
f 5849/918 5826/918 5850/918
f 5826/918 5814/918 5815/918
f 5826/918 5815/918 5827/918
f 5838/918 5850/918 5851/918
f 5838/918 5851/918 5839/918
f 5814/918 5838/918 5839/918
f 5814/918 5839/918 5815/918
f 5850/918 5826/918 5827/918
f 5850/918 5827/918 5851/918
f 5827/918 5815/918 5804/918
f 5827/918 5804/918 5816/918
f 5839/918 5851/918 5840/918
f 5839/918 5840/918 5828/918
f 5815/918 5839/918 5828/918
f 5815/918 5828/918 5804/918
f 5851/918 5827/918 5816/918
f 5851/918 5816/918 5840/918
f 5864/918 5852/918 5853/918
f 5864/918 5853/918 5865/918
f 5876/918 5888/918 5889/918
f 5876/918 5889/918 5877/918
f 5852/918 5876/918 5877/918
f 5852/918 5877/918 5853/918
f 5888/918 5864/918 5865/918
f 5888/918 5865/918 5889/918
f 5865/918 5853/918 5854/918
f 5865/918 5854/918 5866/918
f 5877/918 5889/918 5890/918
f 5877/918 5890/918 5878/918
f 5853/918 5877/918 5878/918
f 5853/918 5878/918 5854/918
f 5889/918 5865/918 5866/918
f 5889/918 5866/918 5890/918
f 5866/918 5854/918 5855/918
f 5866/918 5855/918 5867/918
f 5878/918 5890/918 5891/918
f 5878/918 5891/918 5879/918
f 5854/918 5878/918 5879/918
f 5854/918 5879/918 5855/918
f 5890/918 5866/918 5867/918
f 5890/918 5867/918 5891/918
f 5867/918 5855/918 5856/918
f 5867/918 5856/918 5868/918
f 5879/918 5891/918 5892/918
f 5879/918 5892/918 5880/918
f 5855/918 5879/918 5880/918
f 5855/918 5880/918 5856/918
f 5891/918 5867/918 5868/918
f 5891/918 5868/918 5892/918
f 5868/918 5856/918 5857/918
f 5868/918 5857/918 5869/918
f 5880/918 5892/918 5893/918
f 5880/918 5893/918 5881/918
f 5856/918 5880/918 5881/918
f 5856/918 5881/918 5857/918
f 5892/918 5868/918 5869/918
f 5892/918 5869/918 5893/918
f 5869/918 5857/918 5858/918
f 5869/918 5858/918 5870/918
f 5881/918 5893/918 5894/918
f 5881/918 5894/918 5882/918
f 5857/918 5881/918 5882/918
f 5857/918 5882/918 5858/918
f 5893/918 5869/918 5870/918
f 5893/918 5870/918 5894/918
f 5870/918 5858/918 5859/918
f 5870/918 5859/918 5871/918
f 5882/918 5894/918 5895/918
f 5882/918 5895/918 5883/918
f 5858/918 5882/918 5883/918
f 5858/918 5883/918 5859/918
f 5894/918 5870/918 5871/918
f 5894/918 5871/918 5895/918
f 5871/918 5859/918 5860/918
f 5871/918 5860/918 5872/918
f 5883/918 5895/918 5896/918
f 5883/918 5896/918 5884/918
f 5859/918 5883/918 5884/918
f 5859/918 5884/918 5860/918
f 5895/918 5871/918 5872/918
f 5895/918 5872/918 5896/918
f 5872/918 5860/918 5861/918
f 5872/918 5861/918 5873/918
f 5884/918 5896/918 5897/918
f 5884/918 5897/918 5885/918
f 5860/918 5884/918 5885/918
f 5860/918 5885/918 5861/918
f 5896/918 5872/918 5873/918
f 5896/918 5873/918 5897/918
f 5873/918 5861/918 5862/918
f 5873/918 5862/918 5874/918
f 5885/918 5897/918 5898/918
f 5885/918 5898/918 5886/918
f 5861/918 5885/918 5886/918
f 5861/918 5886/918 5862/918
f 5897/918 5873/918 5874/918
f 5897/918 5874/918 5898/918
f 5874/918 5862/918 5863/918
f 5874/918 5863/918 5875/918
f 5886/918 5898/918 5899/918
f 5886/918 5899/918 5887/918
f 5862/918 5886/918 5887/918
f 5862/918 5887/918 5863/918
f 5898/918 5874/918 5875/918
f 5898/918 5875/918 5899/918
f 5875/918 5863/918 5852/918
f 5875/918 5852/918 5864/918
f 5887/918 5899/918 5888/918
f 5887/918 5888/918 5876/918
f 5863/918 5887/918 5876/918
f 5863/918 5876/918 5852/918
f 5899/918 5875/918 5864/918
f 5899/918 5864/918 5888/918
f 5912/918 5900/918 5901/918
f 5912/918 5901/918 5913/918
f 5924/918 5936/918 5937/918
f 5924/918 5937/918 5925/918
f 5900/918 5924/918 5925/918
f 5900/918 5925/918 5901/918
f 5936/918 5912/918 5913/918
f 5936/918 5913/918 5937/918
f 5913/918 5901/918 5902/918
f 5913/918 5902/918 5914/918
f 5925/918 5937/918 5938/918
f 5925/918 5938/918 5926/918
f 5901/918 5925/918 5926/918
f 5901/918 5926/918 5902/918
f 5937/918 5913/918 5914/918
f 5937/918 5914/918 5938/918
f 5914/918 5902/918 5903/918
f 5914/918 5903/918 5915/918
f 5926/918 5938/918 5939/918
f 5926/918 5939/918 5927/918
f 5902/918 5926/918 5927/918
f 5902/918 5927/918 5903/918
f 5938/918 5914/918 5915/918
f 5938/918 5915/918 5939/918
f 5915/918 5903/918 5904/918
f 5915/918 5904/918 5916/918
f 5927/918 5939/918 5940/918
f 5927/918 5940/918 5928/918
f 5903/918 5927/918 5928/918
f 5903/918 5928/918 5904/918
f 5939/918 5915/918 5916/918
f 5939/918 5916/918 5940/918
f 5916/918 5904/918 5905/918
f 5916/918 5905/918 5917/918
f 5928/918 5940/918 5941/918
f 5928/918 5941/918 5929/918
f 5904/918 5928/918 5929/918
f 5904/918 5929/918 5905/918
f 5940/918 5916/918 5917/918
f 5940/918 5917/918 5941/918
f 5917/918 5905/918 5906/918
f 5917/918 5906/918 5918/918
f 5929/918 5941/918 5942/918
f 5929/918 5942/918 5930/918
f 5905/918 5929/918 5930/918
f 5905/918 5930/918 5906/918
f 5941/918 5917/918 5918/918
f 5941/918 5918/918 5942/918
f 5918/918 5906/918 5907/918
f 5918/918 5907/918 5919/918
f 5930/918 5942/918 5943/918
f 5930/918 5943/918 5931/918
f 5906/918 5930/918 5931/918
f 5906/918 5931/918 5907/918
f 5942/918 5918/918 5919/918
f 5942/918 5919/918 5943/918
f 5919/918 5907/918 5908/918
f 5919/918 5908/918 5920/918
f 5931/918 5943/918 5944/918
f 5931/918 5944/918 5932/918
f 5907/918 5931/918 5932/918
f 5907/918 5932/918 5908/918
f 5943/918 5919/918 5920/918
f 5943/918 5920/918 5944/918
f 5920/918 5908/918 5909/918
f 5920/918 5909/918 5921/918
f 5932/918 5944/918 5945/918
f 5932/918 5945/918 5933/918
f 5908/918 5932/918 5933/918
f 5908/918 5933/918 5909/918
f 5944/918 5920/918 5921/918
f 5944/918 5921/918 5945/918
f 5921/918 5909/918 5910/918
f 5921/918 5910/918 5922/918
f 5933/918 5945/918 5946/918
f 5933/918 5946/918 5934/918
f 5909/918 5933/918 5934/918
f 5909/918 5934/918 5910/918
f 5945/918 5921/918 5922/918
f 5945/918 5922/918 5946/918
f 5922/918 5910/918 5911/918
f 5922/918 5911/918 5923/918
f 5934/918 5946/918 5947/918
f 5934/918 5947/918 5935/918
f 5910/918 5934/918 5935/918
f 5910/918 5935/918 5911/918
f 5946/918 5922/918 5923/918
f 5946/918 5923/918 5947/918
f 5923/918 5911/918 5900/918
f 5923/918 5900/918 5912/918
f 5935/918 5947/918 5936/918
f 5935/918 5936/918 5924/918
f 5911/918 5935/918 5924/918
f 5911/918 5924/918 5900/918
f 5947/918 5923/918 5912/918
f 5947/918 5912/918 5936/918
f 5960/918 5948/918 5949/918
f 5960/918 5949/918 5961/918
f 5972/918 5984/918 5985/918
f 5972/918 5985/918 5973/918
f 5948/918 5972/918 5973/918
f 5948/918 5973/918 5949/918
f 5984/918 5960/918 5961/918
f 5984/918 5961/918 5985/918
f 5961/918 5949/918 5950/918
f 5961/918 5950/918 5962/918
f 5973/918 5985/918 5986/918
f 5973/918 5986/918 5974/918
f 5949/918 5973/918 5974/918
f 5949/918 5974/918 5950/918
f 5985/918 5961/918 5962/918
f 5985/918 5962/918 5986/918
f 5962/918 5950/918 5951/918
f 5962/918 5951/918 5963/918
f 5974/918 5986/918 5987/918
f 5974/918 5987/918 5975/918
f 5950/918 5974/918 5975/918
f 5950/918 5975/918 5951/918
f 5986/918 5962/918 5963/918
f 5986/918 5963/918 5987/918
f 5963/918 5951/918 5952/918
f 5963/918 5952/918 5964/918
f 5975/918 5987/918 5988/918
f 5975/918 5988/918 5976/918
f 5951/918 5975/918 5976/918
f 5951/918 5976/918 5952/918
f 5987/918 5963/918 5964/918
f 5987/918 5964/918 5988/918
f 5964/918 5952/918 5953/918
f 5964/918 5953/918 5965/918
f 5976/918 5988/918 5989/918
f 5976/918 5989/918 5977/918
f 5952/918 5976/918 5977/918
f 5952/918 5977/918 5953/918
f 5988/918 5964/918 5965/918
f 5988/918 5965/918 5989/918
f 5965/918 5953/918 5954/918
f 5965/918 5954/918 5966/918
f 5977/918 5989/918 5990/918
f 5977/918 5990/918 5978/918
f 5953/918 5977/918 5978/918
f 5953/918 5978/918 5954/918
f 5989/918 5965/918 5966/918
f 5989/918 5966/918 5990/918
f 5966/918 5954/918 5955/918
f 5966/918 5955/918 5967/918
f 5978/918 5990/918 5991/918
f 5978/918 5991/918 5979/918
f 5954/918 5978/918 5979/918
f 5954/918 5979/918 5955/918
f 5990/918 5966/918 5967/918
f 5990/918 5967/918 5991/918
f 5967/918 5955/918 5956/918
f 5967/918 5956/918 5968/918
f 5979/918 5991/918 5992/918
f 5979/918 5992/918 5980/918
f 5955/918 5979/918 5980/918
f 5955/918 5980/918 5956/918
f 5991/918 5967/918 5968/918
f 5991/918 5968/918 5992/918
f 5968/918 5956/918 5957/918
f 5968/918 5957/918 5969/918
f 5980/918 5992/918 5993/918
f 5980/918 5993/918 5981/918
f 5956/918 5980/918 5981/918
f 5956/918 5981/918 5957/918
f 5992/918 5968/918 5969/918
f 5992/918 5969/918 5993/918
f 5969/918 5957/918 5958/918
f 5969/918 5958/918 5970/918
f 5981/918 5993/918 5994/918
f 5981/918 5994/918 5982/918
f 5957/918 5981/918 5982/918
f 5957/918 5982/918 5958/918
f 5993/918 5969/918 5970/918
f 5993/918 5970/918 5994/918
f 5970/918 5958/918 5959/918
f 5970/918 5959/918 5971/918
f 5982/918 5994/918 5995/918
f 5982/918 5995/918 5983/918
f 5958/918 5982/918 5983/918
f 5958/918 5983/918 5959/918
f 5994/918 5970/918 5971/918
f 5994/918 5971/918 5995/918
f 5971/918 5959/918 5948/918
f 5971/918 5948/918 5960/918
f 5983/918 5995/918 5984/918
f 5983/918 5984/918 5972/918
f 5959/918 5983/918 5972/918
f 5959/918 5972/918 5948/918
f 5995/918 5971/918 5960/918
f 5995/918 5960/918 5984/918
f 6131/918 6128/918 6129/918
f 6127/918 6125/918 6124/918
f 6129/918 6130/918 6131/918
f 6125/918 6127/918 6126/918
f 6124/918 6125/918 6129/918
f 6124/918 6129/918 6128/918
f 6125/918 6126/918 6130/918
f 6125/918 6130/918 6129/918
f 6126/918 6127/918 6131/918
f 6126/918 6131/918 6130/918
f 6127/918 6124/918 6128/918
f 6127/918 6128/918 6131/918
f 6135/920 6136/920 6137/920
f 6132/920 6134/920 6133/920
f 6132/920 6133/920 6136/920
f 6132/920 6136/920 6135/920
f 6133/920 6134/920 6137/920
f 6133/920 6137/920 6136/920
f 6134/920 6132/920 6135/920
f 6134/920 6135/920 6137/920
f 6145/918 6142/918 6143/918
f 6141/918 6139/918 6138/918
f 6143/918 6144/918 6145/918
f 6139/918 6141/918 6140/918
f 6138/918 6139/918 6143/918
f 6138/918 6143/918 6142/918
f 6139/918 6140/918 6144/918
f 6139/918 6144/918 6143/918
f 6140/918 6141/918 6145/918
f 6140/918 6145/918 6144/918
f 6141/918 6138/918 6142/918
f 6141/918 6142/918 6145/918
f 6149/920 6150/920 6151/920
f 6146/920 6148/920 6147/920
f 6146/920 6147/920 6150/920
f 6146/920 6150/920 6149/920
f 6147/920 6148/920 6151/920
f 6147/920 6151/920 6150/920
f 6148/920 6146/920 6149/920
f 6148/920 6149/920 6151/920
f 6159/918 6156/918 6157/918
f 6155/918 6153/918 6152/918
f 6157/918 6158/918 6159/918
f 6153/918 6155/918 6154/918
f 6152/918 6153/918 6157/918
f 6152/918 6157/918 6156/918
f 6153/918 6154/918 6158/918
f 6153/918 6158/918 6157/918
f 6154/918 6155/918 6159/918
f 6154/918 6159/918 6158/918
f 6155/918 6152/918 6156/918
f 6155/918 6156/918 6159/918
f 6167/918 6164/918 6165/918
f 6163/918 6161/918 6160/918
f 6165/918 6166/918 6167/918
f 6161/918 6163/918 6162/918
f 6160/918 6161/918 6165/918
f 6160/918 6165/918 6164/918
f 6161/918 6162/918 6166/918
f 6161/918 6166/918 6165/918
f 6162/918 6163/918 6167/918
f 6162/918 6167/918 6166/918
f 6163/918 6160/918 6164/918
f 6163/918 6164/918 6167/918
f 6175/918 6172/918 6173/918
f 6171/918 6169/918 6168/918
f 6173/918 6174/918 6175/918
f 6169/918 6171/918 6170/918
f 6168/918 6169/918 6173/918
f 6168/918 6173/918 6172/918
f 6169/918 6170/918 6174/918
f 6169/918 6174/918 6173/918
f 6170/918 6171/918 6175/918
f 6170/918 6175/918 6174/918
f 6171/918 6168/918 6172/918
f 6171/918 6172/918 6175/918
f 6183/918 6180/918 6181/918
f 6179/918 6177/918 6176/918
f 6181/918 6182/918 6183/918
f 6177/918 6179/918 6178/918
f 6176/918 6177/918 6181/918
f 6176/918 6181/918 6180/918
f 6177/918 6178/918 6182/918
f 6177/918 6182/918 6181/918
f 6178/918 6179/918 6183/918
f 6178/918 6183/918 6182/918
f 6179/918 6176/918 6180/918
f 6179/918 6180/918 6183/918
f 6196/919 6184/919 6185/919
f 6196/919 6185/919 6197/919
f 6208/919 6220/919 6221/919
f 6208/919 6221/919 6209/919
f 6184/919 6208/919 6209/919
f 6184/919 6209/919 6185/919
f 6220/919 6196/919 6197/919
f 6220/919 6197/919 6221/919
f 6197/919 6185/919 6186/919
f 6197/919 6186/919 6198/919
f 6209/919 6221/919 6222/919
f 6209/919 6222/919 6210/919
f 6185/919 6209/919 6210/919
f 6185/919 6210/919 6186/919
f 6221/919 6197/919 6198/919
f 6221/919 6198/919 6222/919
f 6198/919 6186/919 6187/919
f 6198/919 6187/919 6199/919
f 6210/919 6222/919 6223/919
f 6210/919 6223/919 6211/919
f 6186/919 6210/919 6211/919
f 6186/919 6211/919 6187/919
f 6222/919 6198/919 6199/919
f 6222/919 6199/919 6223/919
f 6199/919 6187/919 6188/919
f 6199/919 6188/919 6200/919
f 6211/919 6223/919 6224/919
f 6211/919 6224/919 6212/919
f 6187/919 6211/919 6212/919
f 6187/919 6212/919 6188/919
f 6223/919 6199/919 6200/919
f 6223/919 6200/919 6224/919
f 6200/919 6188/919 6189/919
f 6200/919 6189/919 6201/919
f 6212/919 6224/919 6225/919
f 6212/919 6225/919 6213/919
f 6188/919 6212/919 6213/919
f 6188/919 6213/919 6189/919
f 6224/919 6200/919 6201/919
f 6224/919 6201/919 6225/919
f 6201/919 6189/919 6190/919
f 6201/919 6190/919 6202/919
f 6213/919 6225/919 6226/919
f 6213/919 6226/919 6214/919
f 6189/919 6213/919 6214/919
f 6189/919 6214/919 6190/919
f 6225/919 6201/919 6202/919
f 6225/919 6202/919 6226/919
f 6202/919 6190/919 6191/919
f 6202/919 6191/919 6203/919
f 6214/919 6226/919 6227/919
f 6214/919 6227/919 6215/919
f 6190/919 6214/919 6215/919
f 6190/919 6215/919 6191/919
f 6226/919 6202/919 6203/919
f 6226/919 6203/919 6227/919
f 6203/919 6191/919 6192/919
f 6203/919 6192/919 6204/919
f 6215/919 6227/919 6228/919
f 6215/919 6228/919 6216/919
f 6191/919 6215/919 6216/919
f 6191/919 6216/919 6192/919
f 6227/919 6203/919 6204/919
f 6227/919 6204/919 6228/919
f 6204/919 6192/919 6193/919
f 6204/919 6193/919 6205/919
f 6216/919 6228/919 6229/919
f 6216/919 6229/919 6217/919
f 6192/919 6216/919 6217/919
f 6192/919 6217/919 6193/919
f 6228/919 6204/919 6205/919
f 6228/919 6205/919 6229/919
f 6205/919 6193/919 6194/919
f 6205/919 6194/919 6206/919
f 6217/919 6229/919 6230/919
f 6217/919 6230/919 6218/919
f 6193/919 6217/919 6218/919
f 6193/919 6218/919 6194/919
f 6229/919 6205/919 6206/919
f 6229/919 6206/919 6230/919
f 6206/919 6194/919 6195/919
f 6206/919 6195/919 6207/919
f 6218/919 6230/919 6231/919
f 6218/919 6231/919 6219/919
f 6194/919 6218/919 6219/919
f 6194/919 6219/919 6195/919
f 6230/919 6206/919 6207/919
f 6230/919 6207/919 6231/919
f 6207/919 6195/919 6184/919
f 6207/919 6184/919 6196/919
f 6219/919 6231/919 6220/919
f 6219/919 6220/919 6208/919
f 6195/919 6219/919 6208/919
f 6195/919 6208/919 6184/919
f 6231/919 6207/919 6196/919
f 6231/919 6196/919 6220/919
f 6244/919 6232/919 6233/919
f 6244/919 6233/919 6245/919
f 6256/919 6268/919 6269/919
f 6256/919 6269/919 6257/919
f 6232/919 6256/919 6257/919
f 6232/919 6257/919 6233/919
f 6268/919 6244/919 6245/919
f 6268/919 6245/919 6269/919
f 6245/919 6233/919 6234/919
f 6245/919 6234/919 6246/919
f 6257/919 6269/919 6270/919
f 6257/919 6270/919 6258/919
f 6233/919 6257/919 6258/919
f 6233/919 6258/919 6234/919
f 6269/919 6245/919 6246/919
f 6269/919 6246/919 6270/919
f 6246/919 6234/919 6235/919
f 6246/919 6235/919 6247/919
f 6258/919 6270/919 6271/919
f 6258/919 6271/919 6259/919
f 6234/919 6258/919 6259/919
f 6234/919 6259/919 6235/919
f 6270/919 6246/919 6247/919
f 6270/919 6247/919 6271/919
f 6247/919 6235/919 6236/919
f 6247/919 6236/919 6248/919
f 6259/919 6271/919 6272/919
f 6259/919 6272/919 6260/919
f 6235/919 6259/919 6260/919
f 6235/919 6260/919 6236/919
f 6271/919 6247/919 6248/919
f 6271/919 6248/919 6272/919
f 6248/919 6236/919 6237/919
f 6248/919 6237/919 6249/919
f 6260/919 6272/919 6273/919
f 6260/919 6273/919 6261/919
f 6236/919 6260/919 6261/919
f 6236/919 6261/919 6237/919
f 6272/919 6248/919 6249/919
f 6272/919 6249/919 6273/919
f 6249/919 6237/919 6238/919
f 6249/919 6238/919 6250/919
f 6261/919 6273/919 6274/919
f 6261/919 6274/919 6262/919
f 6237/919 6261/919 6262/919
f 6237/919 6262/919 6238/919
f 6273/919 6249/919 6250/919
f 6273/919 6250/919 6274/919
f 6250/919 6238/919 6239/919
f 6250/919 6239/919 6251/919
f 6262/919 6274/919 6275/919
f 6262/919 6275/919 6263/919
f 6238/919 6262/919 6263/919
f 6238/919 6263/919 6239/919
f 6274/919 6250/919 6251/919
f 6274/919 6251/919 6275/919
f 6251/919 6239/919 6240/919
f 6251/919 6240/919 6252/919
f 6263/919 6275/919 6276/919
f 6263/919 6276/919 6264/919
f 6239/919 6263/919 6264/919
f 6239/919 6264/919 6240/919
f 6275/919 6251/919 6252/919
f 6275/919 6252/919 6276/919
f 6252/919 6240/919 6241/919
f 6252/919 6241/919 6253/919
f 6264/919 6276/919 6277/919
f 6264/919 6277/919 6265/919
f 6240/919 6264/919 6265/919
f 6240/919 6265/919 6241/919
f 6276/919 6252/919 6253/919
f 6276/919 6253/919 6277/919
f 6253/919 6241/919 6242/919
f 6253/919 6242/919 6254/919
f 6265/919 6277/919 6278/919
f 6265/919 6278/919 6266/919
f 6241/919 6265/919 6266/919
f 6241/919 6266/919 6242/919
f 6277/919 6253/919 6254/919
f 6277/919 6254/919 6278/919
f 6254/919 6242/919 6243/919
f 6254/919 6243/919 6255/919
f 6266/919 6278/919 6279/919
f 6266/919 6279/919 6267/919
f 6242/919 6266/919 6267/919
f 6242/919 6267/919 6243/919
f 6278/919 6254/919 6255/919
f 6278/919 6255/919 6279/919
f 6255/919 6243/919 6232/919
f 6255/919 6232/919 6244/919
f 6267/919 6279/919 6268/919
f 6267/919 6268/919 6256/919
f 6243/919 6267/919 6256/919
f 6243/919 6256/919 6232/919
f 6279/919 6255/919 6244/919
f 6279/919 6244/919 6268/919
f 6292/919 6280/919 6281/919
f 6292/919 6281/919 6293/919
f 6304/919 6316/919 6317/919
f 6304/919 6317/919 6305/919
f 6280/919 6304/919 6305/919
f 6280/919 6305/919 6281/919
f 6316/919 6292/919 6293/919
f 6316/919 6293/919 6317/919
f 6293/919 6281/919 6282/919
f 6293/919 6282/919 6294/919
f 6305/919 6317/919 6318/919
f 6305/919 6318/919 6306/919
f 6281/919 6305/919 6306/919
f 6281/919 6306/919 6282/919
f 6317/919 6293/919 6294/919
f 6317/919 6294/919 6318/919
f 6294/919 6282/919 6283/919
f 6294/919 6283/919 6295/919
f 6306/919 6318/919 6319/919
f 6306/919 6319/919 6307/919
f 6282/919 6306/919 6307/919
f 6282/919 6307/919 6283/919
f 6318/919 6294/919 6295/919
f 6318/919 6295/919 6319/919
f 6295/919 6283/919 6284/919
f 6295/919 6284/919 6296/919
f 6307/919 6319/919 6320/919
f 6307/919 6320/919 6308/919
f 6283/919 6307/919 6308/919
f 6283/919 6308/919 6284/919
f 6319/919 6295/919 6296/919
f 6319/919 6296/919 6320/919
f 6296/919 6284/919 6285/919
f 6296/919 6285/919 6297/919
f 6308/919 6320/919 6321/919
f 6308/919 6321/919 6309/919
f 6284/919 6308/919 6309/919
f 6284/919 6309/919 6285/919
f 6320/919 6296/919 6297/919
f 6320/919 6297/919 6321/919
f 6297/919 6285/919 6286/919
f 6297/919 6286/919 6298/919
f 6309/919 6321/919 6322/919
f 6309/919 6322/919 6310/919
f 6285/919 6309/919 6310/919
f 6285/919 6310/919 6286/919
f 6321/919 6297/919 6298/919
f 6321/919 6298/919 6322/919
f 6298/919 6286/919 6287/919
f 6298/919 6287/919 6299/919
f 6310/919 6322/919 6323/919
f 6310/919 6323/919 6311/919
f 6286/919 6310/919 6311/919
f 6286/919 6311/919 6287/919
f 6322/919 6298/919 6299/919
f 6322/919 6299/919 6323/919
f 6299/919 6287/919 6288/919
f 6299/919 6288/919 6300/919
f 6311/919 6323/919 6324/919
f 6311/919 6324/919 6312/919
f 6287/919 6311/919 6312/919
f 6287/919 6312/919 6288/919
f 6323/919 6299/919 6300/919
f 6323/919 6300/919 6324/919
f 6300/919 6288/919 6289/919
f 6300/919 6289/919 6301/919
f 6312/919 6324/919 6325/919
f 6312/919 6325/919 6313/919
f 6288/919 6312/919 6313/919
f 6288/919 6313/919 6289/919
f 6324/919 6300/919 6301/919
f 6324/919 6301/919 6325/919
f 6301/919 6289/919 6290/919
f 6301/919 6290/919 6302/919
f 6313/919 6325/919 6326/919
f 6313/919 6326/919 6314/919
f 6289/919 6313/919 6314/919
f 6289/919 6314/919 6290/919
f 6325/919 6301/919 6302/919
f 6325/919 6302/919 6326/919
f 6302/919 6290/919 6291/919
f 6302/919 6291/919 6303/919
f 6314/919 6326/919 6327/919
f 6314/919 6327/919 6315/919
f 6290/919 6314/919 6315/919
f 6290/919 6315/919 6291/919
f 6326/919 6302/919 6303/919
f 6326/919 6303/919 6327/919
f 6303/919 6291/919 6280/919
f 6303/919 6280/919 6292/919
f 6315/919 6327/919 6316/919
f 6315/919 6316/919 6304/919
f 6291/919 6315/919 6304/919
f 6291/919 6304/919 6280/919
f 6327/919 6303/919 6292/919
f 6327/919 6292/919 6316/919
f 6340/919 6328/919 6329/919
f 6340/919 6329/919 6341/919
f 6352/919 6364/919 6365/919
f 6352/919 6365/919 6353/919
f 6328/919 6352/919 6353/919
f 6328/919 6353/919 6329/919
f 6364/919 6340/919 6341/919
f 6364/919 6341/919 6365/919
f 6341/919 6329/919 6330/919
f 6341/919 6330/919 6342/919
f 6353/919 6365/919 6366/919
f 6353/919 6366/919 6354/919
f 6329/919 6353/919 6354/919
f 6329/919 6354/919 6330/919
f 6365/919 6341/919 6342/919
f 6365/919 6342/919 6366/919
f 6342/919 6330/919 6331/919
f 6342/919 6331/919 6343/919
f 6354/919 6366/919 6367/919
f 6354/919 6367/919 6355/919
f 6330/919 6354/919 6355/919
f 6330/919 6355/919 6331/919
f 6366/919 6342/919 6343/919
f 6366/919 6343/919 6367/919
f 6343/919 6331/919 6332/919
f 6343/919 6332/919 6344/919
f 6355/919 6367/919 6368/919
f 6355/919 6368/919 6356/919
f 6331/919 6355/919 6356/919
f 6331/919 6356/919 6332/919
f 6367/919 6343/919 6344/919
f 6367/919 6344/919 6368/919
f 6344/919 6332/919 6333/919
f 6344/919 6333/919 6345/919
f 6356/919 6368/919 6369/919
f 6356/919 6369/919 6357/919
f 6332/919 6356/919 6357/919
f 6332/919 6357/919 6333/919
f 6368/919 6344/919 6345/919
f 6368/919 6345/919 6369/919
f 6345/919 6333/919 6334/919
f 6345/919 6334/919 6346/919
f 6357/919 6369/919 6370/919
f 6357/919 6370/919 6358/919
f 6333/919 6357/919 6358/919
f 6333/919 6358/919 6334/919
f 6369/919 6345/919 6346/919
f 6369/919 6346/919 6370/919
f 6346/919 6334/919 6335/919
f 6346/919 6335/919 6347/919
f 6358/919 6370/919 6371/919
f 6358/919 6371/919 6359/919
f 6334/919 6358/919 6359/919
f 6334/919 6359/919 6335/919
f 6370/919 6346/919 6347/919
f 6370/919 6347/919 6371/919
f 6347/919 6335/919 6336/919
f 6347/919 6336/919 6348/919
f 6359/919 6371/919 6372/919
f 6359/919 6372/919 6360/919
f 6335/919 6359/919 6360/919
f 6335/919 6360/919 6336/919
f 6371/919 6347/919 6348/919
f 6371/919 6348/919 6372/919
f 6348/919 6336/919 6337/919
f 6348/919 6337/919 6349/919
f 6360/919 6372/919 6373/919
f 6360/919 6373/919 6361/919
f 6336/919 6360/919 6361/919
f 6336/919 6361/919 6337/919
f 6372/919 6348/919 6349/919
f 6372/919 6349/919 6373/919
f 6349/919 6337/919 6338/919
f 6349/919 6338/919 6350/919
f 6361/919 6373/919 6374/919
f 6361/919 6374/919 6362/919
f 6337/919 6361/919 6362/919
f 6337/919 6362/919 6338/919
f 6373/919 6349/919 6350/919
f 6373/919 6350/919 6374/919
f 6350/919 6338/919 6339/919
f 6350/919 6339/919 6351/919
f 6362/919 6374/919 6375/919
f 6362/919 6375/919 6363/919
f 6338/919 6362/919 6363/919
f 6338/919 6363/919 6339/919
f 6374/919 6350/919 6351/919
f 6374/919 6351/919 6375/919
f 6351/919 6339/919 6328/919
f 6351/919 6328/919 6340/919
f 6363/919 6375/919 6364/919
f 6363/919 6364/919 6352/919
f 6339/919 6363/919 6352/919
f 6339/919 6352/919 6328/919
f 6375/919 6351/919 6340/919
f 6375/919 6340/919 6364/919
f 6388/919 6376/919 6377/919
f 6388/919 6377/919 6389/919
f 6400/919 6412/919 6413/919
f 6400/919 6413/919 6401/919
f 6376/919 6400/919 6401/919
f 6376/919 6401/919 6377/919
f 6412/919 6388/919 6389/919
f 6412/919 6389/919 6413/919
f 6389/919 6377/919 6378/919
f 6389/919 6378/919 6390/919
f 6401/919 6413/919 6414/919
f 6401/919 6414/919 6402/919
f 6377/919 6401/919 6402/919
f 6377/919 6402/919 6378/919
f 6413/919 6389/919 6390/919
f 6413/919 6390/919 6414/919
f 6390/919 6378/919 6379/919
f 6390/919 6379/919 6391/919
f 6402/919 6414/919 6415/919
f 6402/919 6415/919 6403/919
f 6378/919 6402/919 6403/919
f 6378/919 6403/919 6379/919
f 6414/919 6390/919 6391/919
f 6414/919 6391/919 6415/919
f 6391/919 6379/919 6380/919
f 6391/919 6380/919 6392/919
f 6403/919 6415/919 6416/919
f 6403/919 6416/919 6404/919
f 6379/919 6403/919 6404/919
f 6379/919 6404/919 6380/919
f 6415/919 6391/919 6392/919
f 6415/919 6392/919 6416/919
f 6392/919 6380/919 6381/919
f 6392/919 6381/919 6393/919
f 6404/919 6416/919 6417/919
f 6404/919 6417/919 6405/919
f 6380/919 6404/919 6405/919
f 6380/919 6405/919 6381/919
f 6416/919 6392/919 6393/919
f 6416/919 6393/919 6417/919
f 6393/919 6381/919 6382/919
f 6393/919 6382/919 6394/919
f 6405/919 6417/919 6418/919
f 6405/919 6418/919 6406/919
f 6381/919 6405/919 6406/919
f 6381/919 6406/919 6382/919
f 6417/919 6393/919 6394/919
f 6417/919 6394/919 6418/919
f 6394/919 6382/919 6383/919
f 6394/919 6383/919 6395/919
f 6406/919 6418/919 6419/919
f 6406/919 6419/919 6407/919
f 6382/919 6406/919 6407/919
f 6382/919 6407/919 6383/919
f 6418/919 6394/919 6395/919
f 6418/919 6395/919 6419/919
f 6395/919 6383/919 6384/919
f 6395/919 6384/919 6396/919
f 6407/919 6419/919 6420/919
f 6407/919 6420/919 6408/919
f 6383/919 6407/919 6408/919
f 6383/919 6408/919 6384/919
f 6419/919 6395/919 6396/919
f 6419/919 6396/919 6420/919
f 6396/919 6384/919 6385/919
f 6396/919 6385/919 6397/919
f 6408/919 6420/919 6421/919
f 6408/919 6421/919 6409/919
f 6384/919 6408/919 6409/919
f 6384/919 6409/919 6385/919
f 6420/919 6396/919 6397/919
f 6420/919 6397/919 6421/919
f 6397/919 6385/919 6386/919
f 6397/919 6386/919 6398/919
f 6409/919 6421/919 6422/919
f 6409/919 6422/919 6410/919
f 6385/919 6409/919 6410/919
f 6385/919 6410/919 6386/919
f 6421/919 6397/919 6398/919
f 6421/919 6398/919 6422/919
f 6398/919 6386/919 6387/919
f 6398/919 6387/919 6399/919
f 6410/919 6422/919 6423/919
f 6410/919 6423/919 6411/919
f 6386/919 6410/919 6411/919
f 6386/919 6411/919 6387/919
f 6422/919 6398/919 6399/919
f 6422/919 6399/919 6423/919
f 6399/919 6387/919 6376/919
f 6399/919 6376/919 6388/919
f 6411/919 6423/919 6412/919
f 6411/919 6412/919 6400/919
f 6387/919 6411/919 6400/919
f 6387/919 6400/919 6376/919
f 6423/919 6399/919 6388/919
f 6423/919 6388/919 6412/919
f 6431/918 6428/918 6429/918
f 6427/918 6425/918 6424/918
f 6429/918 6430/918 6431/918
f 6425/918 6427/918 6426/918
f 6424/918 6425/918 6429/918
f 6424/918 6429/918 6428/918
f 6425/918 6426/918 6430/918
f 6425/918 6430/918 6429/918
f 6426/918 6427/918 6431/918
f 6426/918 6431/918 6430/918
f 6427/918 6424/918 6428/918
f 6427/918 6428/918 6431/918
f 6439/918 6436/918 6437/918
f 6435/918 6433/918 6432/918
f 6437/918 6438/918 6439/918
f 6433/918 6435/918 6434/918
f 6432/918 6433/918 6437/918
f 6432/918 6437/918 6436/918
f 6433/918 6434/918 6438/918
f 6433/918 6438/918 6437/918
f 6434/918 6435/918 6439/918
f 6434/918 6439/918 6438/918
f 6435/918 6432/918 6436/918
f 6435/918 6436/918 6439/918
f 6447/918 6444/918 6445/918
f 6443/918 6441/918 6440/918
f 6445/918 6446/918 6447/918
f 6441/918 6443/918 6442/918
f 6440/918 6441/918 6445/918
f 6440/918 6445/918 6444/918
f 6441/918 6442/918 6446/918
f 6441/918 6446/918 6445/918
f 6442/918 6443/918 6447/918
f 6442/918 6447/918 6446/918
f 6443/918 6440/918 6444/918
f 6443/918 6444/918 6447/918
f 6455/918 6452/918 6453/918
f 6451/918 6449/918 6448/918
f 6453/918 6454/918 6455/918
f 6449/918 6451/918 6450/918
f 6448/918 6449/918 6453/918
f 6448/918 6453/918 6452/918
f 6449/918 6450/918 6454/918
f 6449/918 6454/918 6453/918
f 6450/918 6451/918 6455/918
f 6450/918 6455/918 6454/918
f 6451/918 6448/918 6452/918
f 6451/918 6452/918 6455/918
f 6463/918 6460/918 6461/918
f 6459/918 6457/918 6456/918
f 6461/918 6462/918 6463/918
f 6457/918 6459/918 6458/918
f 6456/918 6457/918 6461/918
f 6456/918 6461/918 6460/918
f 6457/918 6458/918 6462/918
f 6457/918 6462/918 6461/918
f 6458/918 6459/918 6463/918
f 6458/918 6463/918 6462/918
f 6459/918 6456/918 6460/918
f 6459/918 6460/918 6463/918
f 6471/918 6468/918 6469/918
f 6467/918 6465/918 6464/918
f 6469/918 6470/918 6471/918
f 6465/918 6467/918 6466/918
f 6464/918 6465/918 6469/918
f 6464/918 6469/918 6468/918
f 6465/918 6466/918 6470/918
f 6465/918 6470/918 6469/918
f 6466/918 6467/918 6471/918
f 6466/918 6471/918 6470/918
f 6467/918 6464/918 6468/918
f 6467/918 6468/918 6471/918
f 6479/918 6476/918 6477/918
f 6475/918 6473/918 6472/918
f 6477/918 6478/918 6479/918
f 6473/918 6475/918 6474/918
f 6472/918 6473/918 6477/918
f 6472/918 6477/918 6476/918
f 6473/918 6474/918 6478/918
f 6473/918 6478/918 6477/918
f 6474/918 6475/918 6479/918
f 6474/918 6479/918 6478/918
f 6475/918 6472/918 6476/918
f 6475/918 6476/918 6479/918
f 6487/918 6484/918 6485/918
f 6483/918 6481/918 6480/918
f 6485/918 6486/918 6487/918
f 6481/918 6483/918 6482/918
f 6480/918 6481/918 6485/918
f 6480/918 6485/918 6484/918
f 6481/918 6482/918 6486/918
f 6481/918 6486/918 6485/918
f 6482/918 6483/918 6487/918
f 6482/918 6487/918 6486/918
f 6483/918 6480/918 6484/918
f 6483/918 6484/918 6487/918
f 6495/918 6492/918 6493/918
f 6491/918 6489/918 6488/918
f 6493/918 6494/918 6495/918
f 6489/918 6491/918 6490/918
f 6488/918 6489/918 6493/918
f 6488/918 6493/918 6492/918
f 6489/918 6490/918 6494/918
f 6489/918 6494/918 6493/918
f 6490/918 6491/918 6495/918
f 6490/918 6495/918 6494/918
f 6491/918 6488/918 6492/918
f 6491/918 6492/918 6495/918
f 6503/919 6500/919 6501/919
f 6499/919 6497/919 6496/919
f 6501/919 6502/919 6503/919
f 6497/919 6499/919 6498/919
f 6496/919 6497/919 6501/919
f 6496/919 6501/919 6500/919
f 6497/919 6498/919 6502/919
f 6497/919 6502/919 6501/919
f 6498/919 6499/919 6503/919
f 6498/919 6503/919 6502/919
f 6499/919 6496/919 6500/919
f 6499/919 6500/919 6503/919
f 6511/919 6508/919 6509/919
f 6507/919 6505/919 6504/919
f 6509/919 6510/919 6511/919
f 6505/919 6507/919 6506/919
f 6504/919 6505/919 6509/919
f 6504/919 6509/919 6508/919
f 6505/919 6506/919 6510/919
f 6505/919 6510/919 6509/919
f 6506/919 6507/919 6511/919
f 6506/919 6511/919 6510/919
f 6507/919 6504/919 6508/919
f 6507/919 6508/919 6511/919
f 6519/919 6516/919 6517/919
f 6515/919 6513/919 6512/919
f 6517/919 6518/919 6519/919
f 6513/919 6515/919 6514/919
f 6512/919 6513/919 6517/919
f 6512/919 6517/919 6516/919
f 6513/919 6514/919 6518/919
f 6513/919 6518/919 6517/919
f 6514/919 6515/919 6519/919
f 6514/919 6519/919 6518/919
f 6515/919 6512/919 6516/919
f 6515/919 6516/919 6519/919
f 6527/919 6524/919 6525/919
f 6523/919 6521/919 6520/919
f 6525/919 6526/919 6527/919
f 6521/919 6523/919 6522/919
f 6520/919 6521/919 6525/919
f 6520/919 6525/919 6524/919
f 6521/919 6522/919 6526/919
f 6521/919 6526/919 6525/919
f 6522/919 6523/919 6527/919
f 6522/919 6527/919 6526/919
f 6523/919 6520/919 6524/919
f 6523/919 6524/919 6527/919
f 6535/919 6532/919 6533/919
f 6531/919 6529/919 6528/919
f 6533/919 6534/919 6535/919
f 6529/919 6531/919 6530/919
f 6528/919 6529/919 6533/919
f 6528/919 6533/919 6532/919
f 6529/919 6530/919 6534/919
f 6529/919 6534/919 6533/919
f 6530/919 6531/919 6535/919
f 6530/919 6535/919 6534/919
f 6531/919 6528/919 6532/919
f 6531/919 6532/919 6535/919
f 6543/919 6540/919 6541/919
f 6539/919 6537/919 6536/919
f 6541/919 6542/919 6543/919
f 6537/919 6539/919 6538/919
f 6536/919 6537/919 6541/919
f 6536/919 6541/919 6540/919
f 6537/919 6538/919 6542/919
f 6537/919 6542/919 6541/919
f 6538/919 6539/919 6543/919
f 6538/919 6543/919 6542/919
f 6539/919 6536/919 6540/919
f 6539/919 6540/919 6543/919
f 6555/918 6550/918 6551/918
f 6549/918 6545/918 6544/918
f 6551/918 6552/918 6553/918
f 6545/918 6547/918 6546/918
f 6551/918 6553/918 6554/918
f 6545/918 6548/918 6547/918
f 6551/918 6554/918 6555/918
f 6545/918 6549/918 6548/918
f 6544/918 6545/918 6551/918
f 6544/918 6551/918 6550/918
f 6545/918 6546/918 6552/918
f 6545/918 6552/918 6551/918
f 6546/918 6547/918 6553/918
f 6546/918 6553/918 6552/918
f 6547/918 6548/918 6554/918
f 6547/918 6554/918 6553/918
f 6548/918 6549/918 6555/918
f 6548/918 6555/918 6554/918
f 6549/918 6544/918 6550/918
f 6549/918 6550/918 6555/918
f 6563/919 6560/919 6561/919
f 6559/919 6557/919 6556/919
f 6561/919 6562/919 6563/919
f 6557/919 6559/919 6558/919
f 6556/919 6557/919 6561/919
f 6556/919 6561/919 6560/919
f 6557/919 6558/919 6562/919
f 6557/919 6562/919 6561/919
f 6558/919 6559/919 6563/919
f 6558/919 6563/919 6562/919
f 6559/919 6556/919 6560/919
f 6559/919 6560/919 6563/919
f 6568/918 6569/918 6570/918
f 6564/918 6566/918 6565/918
f 6568/918 6570/918 6571/918
f 6564/918 6567/918 6566/918
f 6564/918 6565/918 6569/918
f 6564/918 6569/918 6568/918
f 6565/918 6566/918 6570/918
f 6565/918 6570/918 6569/918
f 6566/918 6567/918 6571/918
f 6566/918 6571/918 6570/918
f 6567/918 6564/918 6568/918
f 6567/918 6568/918 6571/918
f 6579/918 6576/918 6577/918
f 6575/918 6573/918 6572/918
f 6577/918 6578/918 6579/918
f 6573/918 6575/918 6574/918
f 6572/918 6573/918 6577/918
f 6572/918 6577/918 6576/918
f 6573/918 6574/918 6578/918
f 6573/918 6578/918 6577/918
f 6574/918 6575/918 6579/918
f 6574/918 6579/918 6578/918
f 6575/918 6572/918 6576/918
f 6575/918 6576/918 6579/918
f 6587/918 6584/918 6585/918
f 6583/918 6581/918 6580/918
f 6585/918 6586/918 6587/918
f 6581/918 6583/918 6582/918
f 6580/918 6581/918 6585/918
f 6580/918 6585/918 6584/918
f 6581/918 6582/918 6586/918
f 6581/918 6586/918 6585/918
f 6582/918 6583/918 6587/918
f 6582/918 6587/918 6586/918
f 6583/918 6580/918 6584/918
f 6583/918 6584/918 6587/918
f 6595/918 6592/918 6593/918
f 6591/918 6589/918 6588/918
f 6593/918 6594/918 6595/918
f 6589/918 6591/918 6590/918
f 6588/918 6589/918 6593/918
f 6588/918 6593/918 6592/918
f 6589/918 6590/918 6594/918
f 6589/918 6594/918 6593/918
f 6590/918 6591/918 6595/918
f 6590/918 6595/918 6594/918
f 6591/918 6588/918 6592/918
f 6591/918 6592/918 6595/918
f 6603/918 6600/918 6601/918
f 6599/918 6597/918 6596/918
f 6601/918 6602/918 6603/918
f 6597/918 6599/918 6598/918
f 6596/918 6597/918 6601/918
f 6596/918 6601/918 6600/918
f 6597/918 6598/918 6602/918
f 6597/918 6602/918 6601/918
f 6598/918 6599/918 6603/918
f 6598/918 6603/918 6602/918
f 6599/918 6596/918 6600/918
f 6599/918 6600/918 6603/918
f 6611/918 6608/918 6609/918
f 6607/918 6605/918 6604/918
f 6609/918 6610/918 6611/918
f 6605/918 6607/918 6606/918
f 6604/918 6605/918 6609/918
f 6604/918 6609/918 6608/918
f 6605/918 6606/918 6610/918
f 6605/918 6610/918 6609/918
f 6606/918 6607/918 6611/918
f 6606/918 6611/918 6610/918
f 6607/918 6604/918 6608/918
f 6607/918 6608/918 6611/918
f 6619/918 6616/918 6617/918
f 6615/918 6613/918 6612/918
f 6617/918 6618/918 6619/918
f 6613/918 6615/918 6614/918
f 6612/918 6613/918 6617/918
f 6612/918 6617/918 6616/918
f 6613/918 6614/918 6618/918
f 6613/918 6618/918 6617/918
f 6614/918 6615/918 6619/918
f 6614/918 6619/918 6618/918
f 6615/918 6612/918 6616/918
f 6615/918 6616/918 6619/918
g item_back
f 793/389 792/388 791/387
f 794/390 793/389 791/387
f 795/391 793/389 794/390
f 796/392 795/391 794/390
f 797/393 795/391 796/392
f 798/394 797/393 796/392
f 792/388 797/393 798/394
f 791/387 792/388 798/394
f 798/397 796/396 794/395
f 791/398 798/397 794/395
f 799/401 792/400 793/399
f 800/402 799/401 793/399
f 800/402 793/399 795/403
f 801/404 800/402 795/403
f 801/404 795/403 797/405
f 802/406 801/404 797/405
f 802/406 797/405 792/400
f 799/401 802/406 792/400
f 800/409 801/408 802/407
f 799/410 800/409 802/407
g item_blade
f 6620/3 6621/2 6622/1
f 6623/4 6624/3 6620/1
f 6621/7 6625/6 6622/5
f 6623/2 6626/8 6627/4
f 6625/6 6628/6 6626/6
f 6624/3 6629/4 6620/1
f 6627/4 6630/10 6631/9
f 6632/6 6633/6 6634/6
f 6630/6 6635/6 6636/6
f 6637/12 6638/3 6639/11
f 6640/15 6634/14 6641/13
f 6631/9 6636/17 6642/16
f 6626/6 6643/6 6630/6
f 6644/12 6645/3 6646/11
f 6629/4 6647/11 6648/12
f 6647/3 6631/12 6649/11
f 6632/6 6650/6 6651/6
f 6652/19 6632/18 6640/15
f 6653/6 6635/6 6650/6
f 6646/3 6640/12 6638/11
f 6645/3 6652/12 6646/11
f 6637/4 6654/11 6655/12
f 6655/4 6656/21 6657/20
f 6642/16 6653/22 6652/19
f 6634/14 6658/23 6641/13
f 6641/4 6654/11 6639/3
f 6659/6 6660/6 6661/6
f 6633/6 6661/6 6634/6
f 6662/12 6646/3 6638/11
f 6663/12 6647/3 6649/11
f 6649/3 6642/12 6645/11
f 6625/2 6620/3 6622/1
f 6664/12 6649/3 6645/11
f 6665/24 6666/25 6667/24
f 6666/25 6668/25 6669/25
f 6670/25 6666/25 6669/25
f 6667/25 6666/25 6670/25
f 6671/25 6667/25 6670/25
f 6672/28 6673/27 6674/26
f 6675/25 6668/25 6666/25
f 6676/31 6677/30 6678/29
f 6679/33 6680/32 6677/30
f 6681/34 6679/35 6676/34
f 6682/30 6681/31 6683/29
f 6684/38 6685/37 6686/36
f 6687/27 6686/38 6688/39
f 6689/36 6690/41 6691/40
f 6673/27 6692/38 6689/36
f 6668/25 6693/25 6669/25
f 6679/35 6694/42 6695/42
f 6682/45 6696/44 6697/43
f 6692/48 6698/47 6699/46
f 6699/46 6700/50 6701/49
f 6702/51 6703/47 6704/46
f 6705/50 6704/46 6706/49
f 6661/52 6707/12 6658/23
f 6708/28 6687/27 6688/39
f 6658/4 6656/11 6654/3
f 6638/3 6641/12 6639/11
f 6623/4 6647/11 6624/3
f 6633/14 6662/15 6637/13
f 6648/55 6643/54 6628/53
f 6635/58 6663/57 6664/56
f 6633/14 6655/60 6659/59
f 6650/22 6664/56 6644/19
f 6659/59 6657/12 6709/61
f 6651/18 6644/19 6662/15
f 6629/2 6628/53 6621/62
f 6710/64 6681/63 6711/63
f 6712/65 6705/66 6706/65
f 6680/67 6713/68 6714/67
f 6715/70 6698/69 6716/69
f 6717/71 6718/71 6719/71
f 6720/71 6721/71 6722/71
f 6723/71 6724/71 6725/71
f 6726/71 6727/71 6728/71
f 6729/71 6718/71 6730/71
f 6731/71 6732/71 6733/71
f 6734/71 6735/71 6723/71
f 6736/71 6737/71 6727/71
f 6738/71 6729/71 6739/71
f 6740/71 6741/71 6742/71
f 6743/71 6744/71 6745/71
f 6746/71 6747/71 6748/71
f 6749/71 6750/71 6740/71
f 6751/71 6752/71 6753/71
f 6754/71 6755/71 6749/71
f 6756/71 6757/71 6758/71
f 6759/71 6760/71 6761/71
f 6762/71 6763/71 6764/71
f 6765/71 6766/71 6767/71
f 6768/71 6769/71 6770/71
f 6771/71 6772/71 6773/71
f 6774/71 6775/71 6776/71
f 6720/71 6777/71 6778/71
f 6779/71 6728/71 6780/71
f 6781/71 6782/71 6783/71
f 6784/71 6785/71 6732/71
f 6786/71 6787/71 6737/71
f 6764/71 6788/71 6789/71
f 6790/71 6785/71 6791/71
f 6792/71 6787/71 6793/71
f 6766/71 6794/71 6795/71
f 6796/71 6797/71 6768/71
f 6798/71 6799/71 6742/71
f 6800/71 6801/71 6734/71
f 6802/71 6788/71 6803/71
f 6804/71 6805/71 6796/71
f 6806/71 6775/71 6807/71
f 6808/71 6765/71 6809/71
f 6810/71 6811/71 6804/71
f 6812/71 6813/71 6790/71
f 6760/71 6806/71 6814/71
f 6815/71 6816/71 6809/71
f 6810/71 6817/71 6818/71
f 6819/71 6820/71 6815/71
f 6821/71 6822/71 6817/71
f 6823/71 6824/71 6825/71
f 6826/71 6744/71 6827/71
f 6828/71 6829/71 6822/71
f 6824/71 6738/71 6830/71
f 6831/71 6832/71 6826/71
f 6833/71 6834/71 6835/71
f 6836/71 6837/71 6829/71
f 6757/71 6752/71 6838/71
f 6839/71 6840/71 6721/71
f 6841/71 6842/71 6843/71
f 6794/71 6844/71 6845/71
f 6846/71 6847/71 6837/71
f 6848/71 6847/71 6849/71
f 6850/71 6733/71 6840/71
f 6841/71 6851/71 6852/71
f 6853/71 6854/71 6855/71
f 6746/71 6856/71 6848/71
f 6857/71 6858/71 6859/71
f 6860/71 6861/71 6851/71
f 6802/71 6803/71 6819/71
f 6754/71 6769/71 6755/71
f 6862/71 6863/71 6861/71
f 6864/71 6865/71 6863/71
f 6866/71 6867/71 6865/71
f 6835/71 6868/71 6869/71
f 6870/71 6871/71 6792/71
f 6844/71 6854/71 6872/71
f 6799/71 6759/71 6873/71
f 6874/71 6823/71 6875/71
f 6800/71 6868/71 6801/71
f 6843/71 6876/71 6833/71
f 6877/71 6878/71 6879/71
f 6782/71 6756/71 6880/71
f 6753/71 6881/71 6870/71
f 6882/71 6867/71 6883/71
f 6743/71 6745/71 6877/71
f 6776/71 6884/71 6812/71
f 6771/71 6780/71 6885/71
f 6857/71 6886/71 6882/71
f 6778/71 6887/71 6831/71
f 6888/71 6781/71 6725/71
f 6773/71 6889/71 6762/71
f 6879/71 6890/71 6875/71
f 6891/71 6892/71 6770/71
f 6893/71 6894/71 6892/71
f 6895/71 6812/71 6790/71
f 6896/71 6897/71 6898/71
f 6896/71 6826/71 6827/71
f 6899/71 6826/71 6896/71
f 6900/71 6850/71 6839/71
f 6901/71 6731/71 6850/71
f 6902/71 6719/71 6857/71
f 6891/71 6770/71 6754/71
f 6903/71 6904/71 6789/71
f 6905/71 6906/71 6907/71
f 6908/71 6761/71 6909/71
f 6910/71 6843/71 6833/71
f 6911/71 6882/71 6883/71
f 6902/71 6857/71 6882/71
f 6912/71 6879/71 6875/71
f 6913/71 6914/71 6915/71
f 6916/71 6907/71 6917/71
f 6918/71 6919/71 6920/71
f 6921/71 6922/71 6923/71
f 6909/71 6814/71 6924/71
f 6913/71 6768/71 6770/71
f 6925/71 6778/71 6926/71
f 6927/71 6791/71 6784/71
f 6928/71 6790/71 6791/71
f 6929/71 6873/71 6908/71
f 6930/71 6923/71 6931/71
f 6932/71 6933/71 6934/71
f 6934/71 6935/71 6936/71
f 6937/71 6830/71 6938/71
f 6938/71 6739/71 6939/71
f 6940/71 6941/71 6942/71
f 6942/71 6943/71 6944/71
f 6944/71 6945/71 6946/71
f 6946/71 6947/71 6948/71
f 6948/71 6949/71 6950/71
f 6951/71 6952/71 6953/71
f 6954/71 6792/71 6955/71
f 6918/71 6956/71 6957/71
f 6954/71 6753/71 6870/71
f 6958/71 6959/71 6960/71
f 6961/71 6773/71 6762/71
f 6962/71 6736/71 6726/71
f 6963/71 6786/71 6736/71
f 6964/71 6855/71 6746/71
f 6965/71 6753/71 6954/71
f 6960/71 6966/71 6967/71
f 6967/71 6968/71 6969/71
f 6970/71 6827/71 6971/71
f 6972/71 6880/71 6973/71
f 6958/71 6764/71 6789/71
f 6974/71 6768/71 6913/71
f 6974/71 6804/71 6796/71
f 6975/71 6804/71 6976/71
f 6975/71 6821/71 6810/71
f 6977/71 6828/71 6821/71
f 6978/71 6836/71 6828/71
f 6979/71 6846/71 6836/71
f 6980/71 6849/71 6846/71
f 6981/71 6855/71 6964/71
f 6982/71 6983/71 6984/71
f 6984/71 6985/71 6986/71
f 6986/71 6987/71 6988/71
f 6989/71 6990/71 6991/71
f 6992/71 6993/71 6994/71
f 6973/71 6758/71 6995/71
f 6996/71 6779/71 6771/71
f 6997/71 6783/71 6972/71
f 6997/71 6723/71 6725/71
f 6998/71 6723/71 6999/71
f 6971/71 6827/71 6743/71
f 7000/71 6990/71 7001/71
f 6995/71 6838/71 7002/71
f 7003/71 6795/71 7004/71
f 7005/71 7006/71 7007/71
f 7008/71 7009/71 7010/71
f 7011/71 7010/71 6904/71
f 7004/71 6845/71 7012/71
f 6903/71 6789/71 6802/71
f 7013/71 6767/71 7003/71
f 7013/71 6815/71 6809/71
f 7014/71 6815/71 7015/71
f 7016/71 7017/71 7006/71
f 7018/71 7007/71 7009/71
f 7012/71 6872/71 7019/71
f 7020/71 7017/71 7021/71
f 6989/71 6949/71 7022/71
f 7023/71 6869/71 7024/71
f 6940/71 6869/71 7025/71
f 7026/71 6835/71 6869/71
f 7024/71 6869/71 6800/71
f 7027/71 6931/71 6894/71
f 6895/71 6776/71 6812/71
f 6899/71 6778/71 6831/71
f 6925/71 6839/71 6720/71
f 7028/71 6784/71 6731/71
f 6929/71 6740/71 6742/71
f 7029/71 6740/71 7030/71
f 7029/71 6754/71 6749/71
f 7031/71 6956/71 6922/71
f 7032/71 6776/71 7033/71
f 6898/71 7034/71 7035/71
f 7035/71 7036/71 7037/71
f 7037/71 7038/71 6932/71
f 6951/71 6935/71 7039/71
f 7040/71 6774/71 7032/71
f 6924/71 6807/71 7040/71
f 7041/71 6917/71 7042/71
f 6970/71 7042/71 7043/71
f 6910/71 6835/71 7026/71
f 7044/71 6843/71 7045/71
f 7044/71 6860/71 6841/71
f 7046/71 6862/71 6860/71
f 7047/71 6864/71 6862/71
f 7048/71 6866/71 6864/71
f 7049/71 6883/71 6866/71
f 6912/71 6825/71 6937/71
f 7050/71 6879/71 7051/71
f 7050/71 6743/71 6877/71
f 7052/71 6952/71 6906/71
f 7053/71 6719/71 7054/71
f 7055/71 6717/71 7053/71
f 6939/71 6730/71 7055/71
f 7056/71 7001/71 7057/71
f 7023/71 6994/71 7058/71
f 6961/71 6764/71 6958/71
f 6996/71 6773/71 7059/71
f 7060/71 6726/71 6779/71
f 7061/71 6793/71 6786/71
f 7062/71 6792/71 6793/71
f 6998/71 6800/71 6734/71
f 7063/71 7057/71 6993/71
f 6969/71 7064/71 7065/71
f 7065/71 7066/71 7067/71
f 7067/71 7068/71 7069/71
f 7020/71 7068/71 7070/71
f 7002/71 6751/71 6965/71
f 7071/71 6848/71 6849/71
f 6964/71 6848/71 7072/71
f 7014/71 6802/71 6819/71
f 6915/71 7073/71 6982/71
f 6988/71 6919/71 7074/71
f 7019/71 6853/71 6981/71
f 7075/71 6718/71 7076/71
f 6722/71 6721/71 7077/71
f 7078/71 6724/71 7079/71
f 6728/71 6727/71 7080/71
f 7081/71 6718/71 6729/71
f 6733/71 6732/71 7082/71
f 7079/71 6735/71 7083/71
f 6727/71 6737/71 7084/71
f 7085/71 6729/71 6738/71
f 7086/71 6741/71 7087/71
f 6745/71 6744/71 7088/71
f 6748/71 6747/71 7089/71
f 7087/71 6750/71 7090/71
f 7091/71 6752/71 7092/71
f 7090/71 6755/71 7093/71
f 7094/71 6757/71 6756/71
f 7095/71 6760/71 6759/71
f 7096/71 6763/71 7097/71
f 7098/71 6766/71 6765/71
f 7099/71 6769/71 7100/71
f 7101/71 6772/71 7102/71
f 7103/71 6775/71 7104/71
f 7105/71 6777/71 7077/71
f 6780/71 6728/71 7106/71
f 7107/71 6782/71 6781/71
f 6732/71 6785/71 7108/71
f 6737/71 6787/71 7109/71
f 7110/71 6788/71 7096/71
f 7111/71 6785/71 7112/71
f 7113/71 6787/71 7114/71
f 7115/71 6794/71 6766/71
f 7100/71 6797/71 7116/71
f 7086/71 6799/71 6798/71
f 7083/71 6801/71 7117/71
f 6803/71 6788/71 7118/71
f 7116/71 6805/71 7119/71
f 7120/71 6775/71 6806/71
f 7121/71 6765/71 6808/71
f 7119/71 6811/71 7122/71
f 7112/71 6813/71 7123/71
f 7124/71 6806/71 6760/71
f 7121/71 6816/71 7125/71
f 6818/71 6817/71 7122/71
f 7125/71 6820/71 7126/71
f 6817/71 6822/71 7127/71
f 7128/71 6824/71 6823/71
f 7129/71 6744/71 7130/71
f 6822/71 6829/71 7131/71
f 7132/71 6738/71 6824/71
f 7130/71 6832/71 7133/71
f 7134/71 6834/71 7135/71
f 6829/71 6837/71 7136/71
f 7137/71 6752/71 6757/71
f 6721/71 6840/71 7138/71
f 7139/71 6842/71 7140/71
f 7141/71 6844/71 6794/71
f 6837/71 6847/71 7142/71
f 7143/71 6847/71 7144/71
f 6840/71 6733/71 7145/71
f 6852/71 6851/71 7140/71
f 7146/71 6854/71 7147/71
f 7144/71 6856/71 7089/71
f 6859/71 6858/71 7148/71
f 6851/71 6861/71 7149/71
f 7126/71 6803/71 7118/71
f 6755/71 6769/71 7093/71
f 6861/71 6863/71 7150/71
f 6863/71 6865/71 7151/71
f 6865/71 6867/71 7152/71
f 7153/71 6868/71 7134/71
f 7114/71 6871/71 7154/71
f 7155/71 6854/71 6844/71
f 7156/71 6759/71 6799/71
f 7157/71 6823/71 6874/71
f 6801/71 6868/71 7117/71
f 7135/71 6876/71 7139/71
f 7158/71 6878/71 7159/71
f 7160/71 6756/71 6782/71
f 7154/71 6881/71 7091/71
f 7161/71 6867/71 7162/71
f 7159/71 6745/71 7088/71
f 7123/71 6884/71 7103/71
f 6885/71 6780/71 7102/71
f 7162/71 6886/71 7148/71
f 7133/71 6887/71 7105/71
f 7078/71 6781/71 6888/71
f 7097/71 6889/71 7101/71
f 7157/71 6890/71 7158/71
f 7099/71 7163/71 7164/71
f 7163/71 7165/71 7166/71
f 7112/71 7123/71 7167/71
f 7168/71 7169/71 7170/71
f 7129/71 7130/71 7170/71
f 7170/71 7130/71 7171/71
f 7138/71 7145/71 7172/71
f 7145/71 7082/71 7173/71
f 7148/71 7075/71 7174/71
f 7093/71 7099/71 7164/71
f 7110/71 7175/71 7176/71
f 7177/71 7178/71 7179/71
f 7180/71 7095/71 7181/71
f 7135/71 7139/71 7182/71
f 7161/71 7162/71 7183/71
f 7162/71 7148/71 7174/71
f 7157/71 7158/71 7184/71
f 7185/71 7186/71 7187/71
f 7188/71 7177/71 7189/71
f 7190/71 7191/71 7192/71
f 7193/71 7194/71 7195/71
f 7196/71 7124/71 7180/71
f 7099/71 7100/71 7187/71
f 7197/71 7105/71 7198/71
f 7108/71 7111/71 7199/71
f 7111/71 7112/71 7200/71
f 7181/71 7156/71 7201/71
f 7202/71 7193/71 7203/71
f 7204/71 7205/71 7206/71
f 7207/71 7208/71 7204/71
f 7209/71 7132/71 7210/71
f 7211/71 7085/71 7209/71
f 7212/71 7213/71 7214/71
f 7215/71 7216/71 7212/71
f 7217/71 7218/71 7215/71
f 7219/71 7220/71 7217/71
f 7221/71 7222/71 7219/71
f 7223/71 7224/71 7225/71
f 7114/71 7154/71 7226/71
f 7227/71 7228/71 7192/71
f 7154/71 7091/71 7226/71
f 7229/71 7110/71 7230/71
f 7097/71 7101/71 7231/71
f 7080/71 7084/71 7232/71
f 7084/71 7109/71 7233/71
f 7089/71 7146/71 7234/71
f 7226/71 7091/71 7235/71
f 7236/71 7237/71 7230/71
f 7238/71 7239/71 7236/71
f 7240/71 7129/71 7241/71
f 7242/71 7160/71 7243/71
f 7110/71 7096/71 7244/71
f 7187/71 7100/71 7245/71
f 7116/71 7119/71 7245/71
f 7246/71 7119/71 7247/71
f 7122/71 7127/71 7247/71
f 7127/71 7131/71 7248/71
f 7131/71 7136/71 7249/71
f 7136/71 7142/71 7250/71
f 7142/71 7143/71 7251/71
f 7234/71 7146/71 7252/71
f 7253/71 7254/71 7255/71
f 7256/71 7257/71 7253/71
f 7258/71 7259/71 7256/71
f 7260/71 7261/71 7262/71
f 7263/71 7264/71 7265/71
f 7266/71 7094/71 7242/71
f 7102/71 7106/71 7267/71
f 7243/71 7107/71 7268/71
f 7078/71 7079/71 7268/71
f 7269/71 7079/71 7270/71
f 7088/71 7129/71 7240/71
f 7271/71 7261/71 7272/71
f 7273/71 7137/71 7266/71
f 7274/71 7115/71 7275/71
f 7276/71 7277/71 7278/71
f 7279/71 7280/71 7281/71
f 7175/71 7279/71 7282/71
f 7283/71 7141/71 7274/71
f 7118/71 7110/71 7176/71
f 7275/71 7098/71 7284/71
f 7121/71 7125/71 7284/71
f 7285/71 7125/71 7286/71
f 7277/71 7287/71 7288/71
f 7280/71 7276/71 7289/71
f 7290/71 7155/71 7283/71
f 7291/71 7287/71 7292/71
f 7293/71 7222/71 7262/71
f 7294/71 7153/71 7295/71
f 7296/71 7153/71 7214/71
f 7153/71 7134/71 7297/71
f 7117/71 7153/71 7294/71
f 7165/71 7202/71 7298/71
f 7123/71 7103/71 7167/71
f 7133/71 7105/71 7171/71
f 7077/71 7138/71 7198/71
f 7082/71 7108/71 7299/71
f 7086/71 7087/71 7201/71
f 7300/71 7087/71 7301/71
f 7090/71 7093/71 7301/71
f 7194/71 7228/71 7302/71
f 7303/71 7103/71 7304/71
f 7305/71 7306/71 7168/71
f 7307/71 7308/71 7305/71
f 7206/71 7309/71 7307/71
f 7310/71 7208/71 7225/71
f 7304/71 7104/71 7311/71
f 7311/71 7120/71 7196/71
f 7312/71 7188/71 7313/71
f 7314/71 7312/71 7241/71
f 7297/71 7134/71 7182/71
f 7315/71 7139/71 7316/71
f 7140/71 7149/71 7316/71
f 7149/71 7150/71 7317/71
f 7150/71 7151/71 7318/71
f 7151/71 7152/71 7319/71
f 7152/71 7161/71 7320/71
f 7210/71 7128/71 7184/71
f 7321/71 7158/71 7322/71
f 7159/71 7088/71 7322/71
f 7178/71 7224/71 7323/71
f 7324/71 7075/71 7325/71
f 7325/71 7076/71 7326/71
f 7326/71 7081/71 7211/71
f 7327/71 7271/71 7328/71
f 7329/71 7263/71 7295/71
f 7244/71 7096/71 7231/71
f 7330/71 7101/71 7267/71
f 7106/71 7080/71 7331/71
f 7109/71 7113/71 7332/71
f 7113/71 7114/71 7333/71
f 7083/71 7117/71 7270/71
f 7264/71 7327/71 7334/71
f 7335/71 7336/71 7238/71
f 7337/71 7338/71 7335/71
f 7339/71 7340/71 7337/71
f 7341/71 7340/71 7292/71
f 7235/71 7092/71 7273/71
f 7143/71 7144/71 7342/71
f 7343/71 7144/71 7234/71
f 7126/71 7118/71 7286/71
f 7255/71 7344/71 7185/71
f 7345/71 7191/71 7258/71
f 7252/71 7147/71 7290/71
f 7034/72 7169/72 7306/72
f 7038/72 7205/72 6933/72
f 6933/72 7208/72 6935/72
f 7034/72 7308/72 7036/72
f 7039/72 7224/72 6952/72
f 7038/72 7308/72 7309/72
f 6935/72 7310/72 7039/72
f 6952/72 7178/72 6906/72
f 6917/72 7177/72 7188/72
f 6906/72 7177/72 6907/72
f 6917/72 7312/72 7042/72
f 7043/72 7129/72 6827/72
f 7042/72 7314/72 7043/72
f 6904/72 7279/72 7175/72
f 6904/72 7110/72 6789/72
f 7022/72 7261/72 6990/72
f 7057/72 7264/72 6993/72
f 6994/72 7264/72 7263/72
f 6894/72 7202/72 7165/72
f 6920/72 7228/72 6956/72
f 7064/72 7239/72 7336/72
f 7064/72 7338/72 7066/72
f 6770/72 7163/72 7099/72
f 6931/72 7193/72 7202/72
f 7068/72 7338/72 7340/72
f 6894/72 7163/72 6892/72
f 7068/72 7341/72 7070/72
f 7006/72 7287/72 7277/72
f 7001/72 7327/72 7057/72
f 7009/72 7276/72 7280/72
f 6994/72 7329/72 7058/72
f 6990/72 7271/72 7001/72
f 6941/72 7296/72 7213/72
f 7070/72 7287/72 7017/72
f 6920/72 7191/72 7190/72
f 6922/72 7228/72 7194/72
f 6943/72 7213/72 7216/72
f 7022/72 7222/72 7293/72
f 6922/72 7193/72 6923/72
f 6959/72 7237/72 6966/72
f 7073/72 7186/72 7344/72
f 6945/72 7216/72 7218/72
f 6983/72 7344/72 7254/72
f 7058/72 7153/72 6869/72
f 6968/72 7237/72 7239/72
f 6919/72 7259/72 7191/72
f 7006/72 7276/72 7007/72
f 6947/72 7218/72 7220/72
f 6985/72 7254/72 7257/72
f 7009/72 7279/72 7010/72
f 6949/72 7220/72 7222/72
f 6985/72 7259/72 6987/72
f 7110/72 6959/72 6789/72
f 6770/72 7186/72 6914/72
f 6827/72 7169/72 6897/72
f 6869/72 7296/72 7025/72
f 6716/69 7346/73 6672/73
f 7347/74 6706/65 6687/74
f 6706/49 6684/48 6687/75
f 6684/48 6703/47 7348/28
f 6692/48 6701/49 6690/75
f 7349/51 6698/47 6696/76
f 7350/77 6714/78 6715/77
f 7351/80 6683/79 6710/79
f 7352/33 6697/32 6694/81
f 7349/84 6683/83 6700/82
f 6677/45 7350/44 6702/84
f 6678/83 6702/84 6705/82
f 6992/87 7023/86 6999/85
f 7272/90 7333/89 7235/88
f 7353/93 6667/92 6671/91
f 6669/96 7354/95 6670/94
f 6670/94 7353/93 6671/91
f 7352/99 7355/98 7356/97
f 7357/100 7352/99 7356/97
f 7352/99 7358/102 7359/101
f 7355/98 7352/99 7359/101
f 7358/101 7360/103 7359/102
f 7356/97 6711/104 7357/100
f 7361/107 7356/106 7355/105
f 7361/107 7359/109 7360/108
f 7357/100 7362/111 7363/110
f 7352/99 7364/112 7358/102
f 7357/100 7365/113 7352/99
f 6713/103 7364/112 7366/114
f 7367/100 7368/113 7369/110
f 6713/103 7370/112 7371/102
f 7372/99 7370/112 7368/113
f 7367/100 7362/111 6711/104
f 7371/102 7372/99 7373/101
f 7361/107 7374/109 7375/108
f 7372/99 7367/100 7374/97
f 7360/104 7371/97 7373/100
f 7374/101 6711/103 7375/115
f 7372/99 7376/98 7373/101
f 7376/98 7372/99 7374/97
f 7361/107 7373/106 7376/105
f 7377/116 7378/116 7379/116
f 7380/116 7381/117 7382/117
f 7383/117 7384/116 7385/116
f 7386/118 7387/116 7377/116
f 7388/118 7389/116 7380/116
f 7386/118 7390/118 7391/118
f 7379/118 7392/118 7388/118
f 7385/116 7390/118 7393/118
f 6696/77 6714/78 6697/78
f 7348/73 6716/69 6672/73
f 6703/69 6715/70 6716/69
f 6697/67 6713/68 6694/68
f 7351/80 6678/79 6705/80
f 6701/65 7347/74 6690/74
f 6700/66 6712/65 6701/65
f 6710/64 6676/63 6678/64
f 6685/37 6672/75 6674/119
f 6690/37 6708/75 6691/120
f 7394/123 7395/122 7396/121
f 7397/123 7398/124 7399/121
f 7400/125 7396/121 7401/124
f 7402/126 7399/121 7403/122
f 6620/3 6629/4 6621/2
f 6623/2 6625/62 6626/8
f 6625/6 6621/7 6628/6
f 6627/4 6626/8 6630/10
f 6632/6 6651/6 6633/6
f 6630/6 6643/6 6635/6
f 6637/12 6662/4 6638/3
f 6640/15 6632/18 6634/14
f 6631/9 6630/10 6636/17
f 6626/6 6628/6 6643/6
f 6644/12 6664/4 6645/3
f 6629/4 6624/3 6647/11
f 6647/3 6627/4 6631/12
f 6632/6 6653/6 6650/6
f 6652/19 6653/22 6632/18
f 6653/6 6636/6 6635/6
f 6646/3 6652/4 6640/12
f 6645/3 6642/4 6652/12
f 6637/4 6639/3 6654/11
f 6655/4 6654/3 6656/21
f 6642/16 6636/17 6653/22
f 6634/14 6661/52 6658/23
f 6641/4 6658/12 6654/11
f 6659/6 6709/6 6660/6
f 6633/6 6659/6 6661/6
f 6662/12 6644/4 6646/3
f 6663/12 6648/4 6647/3
f 6649/3 6631/4 6642/12
f 6625/2 6623/4 6620/3
f 6664/12 6663/4 6649/3
f 6665/24 6675/25 6666/25
f 6672/28 7346/39 6673/27
f 6675/25 7404/25 6668/25
f 6676/31 6679/33 6677/30
f 6679/33 6695/81 6680/32
f 6681/34 7352/35 6679/35
f 6682/30 7352/33 6681/31
f 6684/38 7348/120 6685/37
f 6687/27 6684/36 6686/38
f 6689/36 6692/38 6690/41
f 6673/27 7346/39 6692/38
f 6668/25 7404/25 6693/25
f 6679/35 7352/35 6694/42
f 6682/45 7349/84 6696/44
f 6692/48 7346/28 6698/47
f 6699/46 7349/51 6700/50
f 6702/51 7350/76 6703/47
f 6705/50 6702/51 6704/46
f 6661/52 6660/61 6707/12
f 6708/28 7347/26 6687/27
f 6658/4 6707/12 6656/11
f 6638/3 6640/4 6641/12
f 6623/4 6627/12 6647/11
f 6633/14 6651/18 6662/15
f 6648/55 6663/57 6643/54
f 6635/58 6643/54 6663/57
f 6633/14 6637/13 6655/60
f 6650/22 6635/58 6664/56
f 6659/59 6655/60 6657/12
f 6651/18 6650/22 6644/19
f 6629/2 6648/55 6628/53
f 6710/64 6683/64 6681/63
f 6712/65 7351/66 6705/66
f 6680/67 6695/68 6713/68
f 6715/70 6696/70 6698/69
f 6718/71 6858/71 6719/71
f 6720/71 6839/71 6721/71
f 6724/71 6888/71 6725/71
f 6726/71 6736/71 6727/71
f 6718/71 6717/71 6730/71
f 6731/71 6784/71 6732/71
f 6735/71 6724/71 6723/71
f 6736/71 6786/71 6737/71
f 6729/71 6730/71 6739/71
f 6741/71 6798/71 6742/71
f 6743/71 6827/71 6744/71
f 6746/71 6855/71 6747/71
f 6750/71 6741/71 6740/71
f 6752/71 6881/71 6753/71
f 6755/71 6750/71 6749/71
f 6757/71 6838/71 6758/71
f 6760/71 6814/71 6761/71
f 6762/71 6889/71 6763/71
f 6766/71 6795/71 6767/71
f 6768/71 6797/71 6769/71
f 6771/71 6885/71 6772/71
f 6775/71 6884/71 6776/71
f 6720/71 6722/71 6777/71
f 6779/71 6726/71 6728/71
f 6782/71 6880/71 6783/71
f 6784/71 6791/71 6785/71
f 6786/71 6793/71 6787/71
f 6764/71 6763/71 6788/71
f 6790/71 6813/71 6785/71
f 6792/71 6871/71 6787/71
f 6794/71 6845/71 6795/71
f 6796/71 6805/71 6797/71
f 6799/71 6873/71 6742/71
f 6801/71 6735/71 6734/71
f 6802/71 6789/71 6788/71
f 6804/71 6811/71 6805/71
f 6775/71 6774/71 6807/71
f 6765/71 6767/71 6809/71
f 6810/71 6818/71 6811/71
f 6812/71 7405/71 6813/71
f 6806/71 6807/71 6814/71
f 6816/71 6808/71 6809/71
f 6810/71 6821/71 6817/71
f 6820/71 6816/71 6815/71
f 6821/71 6828/71 6822/71
f 6824/71 6830/71 6825/71
f 6826/71 6832/71 6744/71
f 6828/71 6836/71 6829/71
f 6738/71 6739/71 6830/71
f 6831/71 6887/71 6832/71
f 6833/71 6876/71 6834/71
f 6836/71 6846/71 6837/71
f 6752/71 6751/71 6838/71
f 6839/71 6850/71 6840/71
f 6841/71 6852/71 6842/71
f 6844/71 6872/71 6845/71
f 6846/71 6849/71 6847/71
f 6848/71 6856/71 6847/71
f 6850/71 6731/71 6733/71
f 6841/71 6860/71 6851/71
f 6854/71 6747/71 6855/71
f 6746/71 6748/71 6856/71
f 6857/71 6719/71 6858/71
f 6860/71 6862/71 6861/71
f 6803/71 6820/71 6819/71
f 6754/71 6770/71 6769/71
f 6862/71 6864/71 6863/71
f 6864/71 6866/71 6865/71
f 6866/71 6883/71 6867/71
f 6835/71 6834/71 6868/71
f 6870/71 7406/71 6871/71
f 6854/71 6853/71 6872/71
f 6759/71 6761/71 6873/71
f 6823/71 6825/71 6875/71
f 6800/71 6869/71 6868/71
f 6843/71 6842/71 6876/71
f 6878/71 6890/71 6879/71
f 6756/71 6758/71 6880/71
f 6881/71 7406/71 6870/71
f 6882/71 6886/71 6867/71
f 6745/71 6878/71 6877/71
f 6884/71 7405/71 6812/71
f 6771/71 6779/71 6780/71
f 6857/71 6859/71 6886/71
f 6778/71 6777/71 6887/71
f 6781/71 6783/71 6725/71
f 6773/71 6772/71 6889/71
f 6890/71 6874/71 6875/71
f 6891/71 6893/71 6892/71
f 6893/71 7027/71 6894/71
f 6896/71 6827/71 6897/71
f 6899/71 6831/71 6826/71
f 6900/71 6901/71 6850/71
f 6901/71 7028/71 6731/71
f 6902/71 7054/71 6719/71
f 6903/71 7011/71 6904/71
f 6905/71 7052/71 6906/71
f 6908/71 6873/71 6761/71
f 6910/71 7045/71 6843/71
f 6911/71 6902/71 6882/71
f 6912/71 7051/71 6879/71
f 6913/71 6770/71 6914/71
f 6916/71 6905/71 6907/71
f 6918/71 7074/71 6919/71
f 6921/71 7031/71 6922/71
f 6909/71 6761/71 6814/71
f 6925/71 6720/71 6778/71
f 6927/71 6928/71 6791/71
f 6928/71 6895/71 6790/71
f 6929/71 6742/71 6873/71
f 6930/71 6921/71 6923/71
f 6932/71 7038/71 6933/71
f 6934/71 6933/71 6935/71
f 6937/71 6825/71 6830/71
f 6938/71 6830/71 6739/71
f 6940/71 7025/71 6941/71
f 6942/71 6941/71 6943/71
f 6944/71 6943/71 6945/71
f 6946/71 6945/71 6947/71
f 6948/71 6947/71 6949/71
f 6951/71 7039/71 6952/71
f 6954/71 6870/71 6792/71
f 6918/71 6920/71 6956/71
f 6958/71 6789/71 6959/71
f 6961/71 7059/71 6773/71
f 6962/71 6963/71 6736/71
f 6963/71 7061/71 6786/71
f 6965/71 6751/71 6753/71
f 6960/71 6959/71 6966/71
f 6967/71 6966/71 6968/71
f 6970/71 7043/71 6827/71
f 6972/71 6783/71 6880/71
f 6974/71 6796/71 6768/71
f 6974/71 6976/71 6804/71
f 6975/71 6810/71 6804/71
f 6975/71 6977/71 6821/71
f 6977/71 6978/71 6828/71
f 6978/71 6979/71 6836/71
f 6979/71 6980/71 6846/71
f 6980/71 7071/71 6849/71
f 6981/71 6853/71 6855/71
f 6982/71 7073/71 6983/71
f 6984/71 6983/71 6985/71
f 6986/71 6985/71 6987/71
f 6989/71 7022/71 6990/71
f 6992/71 7063/71 6993/71
f 6973/71 6880/71 6758/71
f 6996/71 7060/71 6779/71
f 6997/71 6725/71 6783/71
f 6997/71 6999/71 6723/71
f 6998/71 6734/71 6723/71
f 7000/71 6991/71 6990/71
f 6995/71 6758/71 6838/71
f 7003/71 6767/71 6795/71
f 7005/71 7016/71 7006/71
f 7008/71 7018/71 7009/71
f 7011/71 7008/71 7010/71
f 7004/71 6795/71 6845/71
f 7013/71 6809/71 6767/71
f 7013/71 7015/71 6815/71
f 7014/71 6819/71 6815/71
f 7016/71 7021/71 7017/71
f 7018/71 7005/71 7007/71
f 7012/71 6845/71 6872/71
f 7020/71 7070/71 7017/71
f 6989/71 6950/71 6949/71
f 7023/71 7058/71 6869/71
f 6940/71 7026/71 6869/71
f 7027/71 6930/71 6931/71
f 6895/71 7033/71 6776/71
f 6899/71 6926/71 6778/71
f 6925/71 6900/71 6839/71
f 7028/71 6927/71 6784/71
f 6929/71 7030/71 6740/71
f 7029/71 6749/71 6740/71
f 7029/71 6891/71 6754/71
f 7031/71 6957/71 6956/71
f 7032/71 6774/71 6776/71
f 6898/71 6897/71 7034/71
f 7035/71 7034/71 7036/71
f 7037/71 7036/71 7038/71
f 6951/71 6936/71 6935/71
f 7040/71 6807/71 6774/71
f 6924/71 6814/71 6807/71
f 7041/71 6916/71 6917/71
f 6970/71 7041/71 7042/71
f 6910/71 6833/71 6835/71
f 7044/71 6841/71 6843/71
f 7044/71 7046/71 6860/71
f 7046/71 7047/71 6862/71
f 7047/71 7048/71 6864/71
f 7048/71 7049/71 6866/71
f 7049/71 6911/71 6883/71
f 6912/71 6875/71 6825/71
f 7050/71 6877/71 6879/71
f 7050/71 6971/71 6743/71
f 7052/71 6953/71 6952/71
f 7053/71 6717/71 6719/71
f 7055/71 6730/71 6717/71
f 6939/71 6739/71 6730/71
f 7056/71 7000/71 7001/71
f 7023/71 6992/71 6994/71
f 6961/71 6762/71 6764/71
f 6996/71 6771/71 6773/71
f 7060/71 6962/71 6726/71
f 7061/71 7062/71 6793/71
f 7062/71 6955/71 6792/71
f 6998/71 7024/71 6800/71
f 7063/71 7056/71 7057/71
f 6969/71 6968/71 7064/71
f 7065/71 7064/71 7066/71
f 7067/71 7066/71 7068/71
f 7020/71 7069/71 7068/71
f 7002/71 6838/71 6751/71
f 7071/71 7072/71 6848/71
f 6964/71 6746/71 6848/71
f 7014/71 6903/71 6802/71
f 6915/71 6914/71 7073/71
f 6988/71 6987/71 6919/71
f 7019/71 6872/71 6853/71
f 7075/71 6858/71 6718/71
f 6721/71 7138/71 7077/71
f 7078/71 6888/71 6724/71
f 6727/71 7084/71 7080/71
f 7081/71 7076/71 6718/71
f 6732/71 7108/71 7082/71
f 7079/71 6724/71 6735/71
f 6737/71 7109/71 7084/71
f 7085/71 7081/71 6729/71
f 7086/71 6798/71 6741/71
f 6744/71 7129/71 7088/71
f 6747/71 7146/71 7089/71
f 7087/71 6741/71 6750/71
f 7091/71 6881/71 6752/71
f 7090/71 6750/71 6755/71
f 7094/71 7137/71 6757/71
f 7095/71 7124/71 6760/71
f 6763/71 6889/71 7097/71
f 7098/71 7115/71 6766/71
f 6769/71 6797/71 7100/71
f 6772/71 6885/71 7102/71
f 7103/71 6884/71 6775/71
f 6777/71 6722/71 7077/71
f 6728/71 7080/71 7106/71
f 7107/71 7160/71 6782/71
f 6785/71 7111/71 7108/71
f 6787/71 7113/71 7109/71
f 6788/71 6763/71 7096/71
f 6785/71 6813/71 7112/71
f 6787/71 6871/71 7114/71
f 7115/71 7141/71 6794/71
f 6797/71 6805/71 7116/71
f 7086/71 7156/71 6799/71
f 7083/71 6735/71 6801/71
f 6788/71 7110/71 7118/71
f 6805/71 6811/71 7119/71
f 7120/71 7104/71 6775/71
f 7121/71 7098/71 6765/71
f 6811/71 6818/71 7122/71
f 6813/71 7405/71 7123/71
f 7124/71 7120/71 6806/71
f 7121/71 6808/71 6816/71
f 6817/71 7127/71 7122/71
f 7125/71 6816/71 6820/71
f 6822/71 7131/71 7127/71
f 7128/71 7132/71 6824/71
f 6744/71 6832/71 7130/71
f 6829/71 7136/71 7131/71
f 7132/71 7085/71 6738/71
f 6832/71 6887/71 7133/71
f 6834/71 6876/71 7135/71
f 6837/71 7142/71 7136/71
f 7137/71 7092/71 6752/71
f 6840/71 7145/71 7138/71
f 6842/71 6852/71 7140/71
f 7141/71 7155/71 6844/71
f 6847/71 7143/71 7142/71
f 6847/71 6856/71 7144/71
f 6733/71 7082/71 7145/71
f 6851/71 7149/71 7140/71
f 7146/71 6747/71 6854/71
f 6856/71 6748/71 7089/71
f 6858/71 7075/71 7148/71
f 6861/71 7150/71 7149/71
f 7126/71 6820/71 6803/71
f 6769/71 7099/71 7093/71
f 6863/71 7151/71 7150/71
f 6865/71 7152/71 7151/71
f 6867/71 7161/71 7152/71
f 6868/71 6834/71 7134/71
f 6871/71 7406/71 7154/71
f 7155/71 7147/71 6854/71
f 7156/71 7095/71 6759/71
f 7157/71 7128/71 6823/71
f 6868/71 7153/71 7117/71
f 6876/71 6842/71 7139/71
f 7158/71 6890/71 6878/71
f 7160/71 7094/71 6756/71
f 7154/71 7406/71 6881/71
f 6867/71 6886/71 7162/71
f 7159/71 6878/71 6745/71
f 7123/71 7405/71 6884/71
f 6780/71 7106/71 7102/71
f 6886/71 6859/71 7148/71
f 6887/71 6777/71 7105/71
f 7078/71 7107/71 6781/71
f 6889/71 6772/71 7101/71
f 7157/71 6874/71 6890/71
f 7163/71 7166/71 7164/71
f 7165/71 7298/71 7166/71
f 7169/71 7129/71 7170/71
f 7130/71 7133/71 7171/71
f 7145/71 7173/71 7172/71
f 7082/71 7299/71 7173/71
f 7075/71 7324/71 7174/71
f 7175/71 7282/71 7176/71
f 7178/71 7323/71 7179/71
f 7095/71 7156/71 7181/71
f 7139/71 7315/71 7182/71
f 7162/71 7174/71 7183/71
f 7158/71 7321/71 7184/71
f 7186/71 7099/71 7187/71
f 7177/71 7179/71 7189/71
f 7191/71 7345/71 7192/71
f 7194/71 7302/71 7195/71
f 7124/71 7095/71 7180/71
f 7105/71 7077/71 7198/71
f 7111/71 7200/71 7199/71
f 7112/71 7167/71 7200/71
f 7156/71 7086/71 7201/71
f 7193/71 7195/71 7203/71
f 7205/71 7309/71 7206/71
f 7208/71 7205/71 7204/71
f 7132/71 7128/71 7210/71
f 7085/71 7132/71 7209/71
f 7213/71 7296/71 7214/71
f 7216/71 7213/71 7212/71
f 7218/71 7216/71 7215/71
f 7220/71 7218/71 7217/71
f 7222/71 7220/71 7219/71
f 7224/71 7310/71 7225/71
f 7228/71 7190/71 7192/71
f 7110/71 7244/71 7230/71
f 7101/71 7330/71 7231/71
f 7084/71 7233/71 7232/71
f 7109/71 7332/71 7233/71
f 7091/71 7092/71 7235/71
f 7237/71 7229/71 7230/71
f 7239/71 7237/71 7236/71
f 7129/71 7314/71 7241/71
f 7160/71 7107/71 7243/71
f 7100/71 7116/71 7245/71
f 7119/71 7246/71 7245/71
f 7119/71 7122/71 7247/71
f 7127/71 7248/71 7247/71
f 7131/71 7249/71 7248/71
f 7136/71 7250/71 7249/71
f 7142/71 7251/71 7250/71
f 7143/71 7342/71 7251/71
f 7146/71 7147/71 7252/71
f 7254/71 7344/71 7255/71
f 7257/71 7254/71 7253/71
f 7259/71 7257/71 7256/71
f 7261/71 7293/71 7262/71
f 7264/71 7334/71 7265/71
f 7094/71 7160/71 7242/71
f 7106/71 7331/71 7267/71
f 7107/71 7078/71 7268/71
f 7079/71 7269/71 7268/71
f 7079/71 7083/71 7270/71
f 7261/71 7260/71 7272/71
f 7137/71 7094/71 7266/71
f 7115/71 7098/71 7275/71
f 7277/71 7288/71 7278/71
f 7280/71 7289/71 7281/71
f 7279/71 7281/71 7282/71
f 7141/71 7115/71 7274/71
f 7098/71 7121/71 7284/71
f 7125/71 7285/71 7284/71
f 7125/71 7126/71 7286/71
f 7287/71 7291/71 7288/71
f 7276/71 7278/71 7289/71
f 7155/71 7141/71 7283/71
f 7287/71 7341/71 7292/71
f 7222/71 7221/71 7262/71
f 7153/71 7329/71 7295/71
f 7153/71 7297/71 7214/71
f 7202/71 7203/71 7298/71
f 7103/71 7303/71 7167/71
f 7105/71 7197/71 7171/71
f 7138/71 7172/71 7198/71
f 7108/71 7199/71 7299/71
f 7087/71 7300/71 7201/71
f 7087/71 7090/71 7301/71
f 7093/71 7164/71 7301/71
f 7228/71 7227/71 7302/71
f 7103/71 7104/71 7304/71
f 7306/71 7169/71 7168/71
f 7308/71 7306/71 7305/71
f 7309/71 7308/71 7307/71
f 7208/71 7207/71 7225/71
f 7104/71 7120/71 7311/71
f 7120/71 7124/71 7196/71
f 7188/71 7189/71 7313/71
f 7312/71 7313/71 7241/71
f 7134/71 7135/71 7182/71
f 7139/71 7140/71 7316/71
f 7149/71 7317/71 7316/71
f 7150/71 7318/71 7317/71
f 7151/71 7319/71 7318/71
f 7152/71 7320/71 7319/71
f 7161/71 7183/71 7320/71
f 7128/71 7157/71 7184/71
f 7158/71 7159/71 7322/71
f 7088/71 7240/71 7322/71
f 7224/71 7223/71 7323/71
f 7075/71 7076/71 7325/71
f 7076/71 7081/71 7326/71
f 7081/71 7085/71 7211/71
f 7271/71 7272/71 7328/71
f 7263/71 7265/71 7295/71
f 7096/71 7097/71 7231/71
f 7101/71 7102/71 7267/71
f 7080/71 7232/71 7331/71
f 7113/71 7333/71 7332/71
f 7114/71 7226/71 7333/71
f 7117/71 7294/71 7270/71
f 7327/71 7328/71 7334/71
f 7336/71 7239/71 7238/71
f 7338/71 7336/71 7335/71
f 7340/71 7338/71 7337/71
f 7340/71 7339/71 7292/71
f 7092/71 7137/71 7273/71
f 7144/71 7343/71 7342/71
f 7144/71 7089/71 7234/71
f 7118/71 7176/71 7286/71
f 7344/71 7186/71 7185/71
f 7191/71 7259/71 7258/71
f 7147/71 7155/71 7290/71
f 7034/72 6897/72 7169/72
f 7038/72 7309/72 7205/72
f 6933/72 7205/72 7208/72
f 7034/72 7306/72 7308/72
f 7039/72 7310/72 7224/72
f 7038/72 7036/72 7308/72
f 6935/72 7208/72 7310/72
f 6952/72 7224/72 7178/72
f 6917/72 6907/72 7177/72
f 6906/72 7178/72 7177/72
f 6917/72 7188/72 7312/72
f 7043/72 7314/72 7129/72
f 7042/72 7312/72 7314/72
f 6904/72 7010/72 7279/72
f 6904/72 7175/72 7110/72
f 7022/72 7293/72 7261/72
f 7057/72 7327/72 7264/72
f 6994/72 6993/72 7264/72
f 6894/72 6931/72 7202/72
f 6920/72 7190/72 7228/72
f 7064/72 6968/72 7239/72
f 7064/72 7336/72 7338/72
f 6770/72 6892/72 7163/72
f 6931/72 6923/72 7193/72
f 7068/72 7066/72 7338/72
f 6894/72 7165/72 7163/72
f 7068/72 7340/72 7341/72
f 7006/72 7017/72 7287/72
f 7001/72 7271/72 7327/72
f 7009/72 7007/72 7276/72
f 6994/72 7263/72 7329/72
f 6990/72 7261/72 7271/72
f 6941/72 7025/72 7296/72
f 7070/72 7341/72 7287/72
f 6920/72 6919/72 7191/72
f 6922/72 6956/72 7228/72
f 6943/72 6941/72 7213/72
f 7022/72 6949/72 7222/72
f 6922/72 7194/72 7193/72
f 6959/72 7229/72 7237/72
f 7073/72 6914/72 7186/72
f 6945/72 6943/72 7216/72
f 6983/72 7073/72 7344/72
f 7058/72 7329/72 7153/72
f 6968/72 6966/72 7237/72
f 6919/72 6987/72 7259/72
f 7006/72 7277/72 7276/72
f 6947/72 6945/72 7218/72
f 6985/72 6983/72 7254/72
f 7009/72 7280/72 7279/72
f 6949/72 6947/72 7220/72
f 6985/72 7257/72 7259/72
f 7110/72 7229/72 6959/72
f 6770/72 7099/72 7186/72
f 6827/72 7129/72 7169/72
f 6869/72 7153/72 7296/72
f 6716/69 6698/69 7346/73
f 7347/74 6712/65 6706/65
f 6706/49 6704/46 6684/48
f 6684/48 6704/46 6703/47
f 6692/48 6699/46 6701/49
f 7349/51 6699/46 6698/47
f 7350/77 6680/78 6714/78
f 7351/80 6700/80 6683/79
f 7352/33 6682/30 6697/32
f 7349/84 6682/45 6683/83
f 6677/45 6680/43 7350/44
f 6678/83 6677/45 6702/84
f 6893/129 6891/128 7029/127
f 7029/127 7030/130 6893/129
f 7030/130 6929/132 7027/131
f 6929/132 6908/134 6930/133
f 6908/134 6909/135 6930/133
f 6909/135 6924/137 6921/136
f 6924/137 7040/138 6921/136
f 7032/141 7033/140 6895/139
f 7040/138 7032/141 7031/142
f 6921/136 7040/138 7031/142
f 7030/130 7027/131 6893/129
f 6930/133 7027/131 6929/132
f 6930/133 6909/135 6921/136
f 7032/141 6895/139 6928/143
f 6928/143 6927/145 6934/144
f 6927/145 7028/147 6932/146
f 7028/147 6901/148 6932/146
f 6901/148 6900/150 7037/149
f 6932/146 6901/148 7037/149
f 6900/150 6925/151 7037/149
f 6925/151 6926/153 7035/152
f 7037/149 6925/151 7035/152
f 6926/153 6899/155 6898/154
f 6899/155 6896/156 6898/154
f 6898/154 7035/152 6926/153
f 7032/141 6928/143 6934/144
f 6927/145 6932/146 6934/144
f 7031/142 7032/141 6934/144
f 7074/159 6918/158 6957/157
f 6957/157 7031/142 6934/144
f 7074/159 6957/157 6936/160
f 6957/157 6934/144 6936/160
f 6936/160 6951/162 6953/161
f 6988/164 7074/159 7021/163
f 7074/159 6936/160 6953/161
f 7074/159 6953/161 7021/163
f 6953/161 7052/166 6950/165
f 6988/164 7021/163 7016/167
f 6913/170 6915/169 6974/168
f 6915/169 6982/172 6976/171
f 6976/171 6974/168 6915/169
f 6977/175 6975/174 6984/173
f 6975/174 6976/171 6982/172
f 6979/178 6978/177 6986/176
f 6978/177 6977/175 6984/173
f 6986/176 6978/177 6984/173
f 7071/180 6980/179 6988/164
f 6980/179 6979/178 6986/176
f 6988/164 6980/179 6986/176
f 6964/182 7072/181 7071/180
f 7012/185 7019/184 7005/183
f 7019/184 6981/186 7016/167
f 7005/183 7019/184 7016/167
f 6981/186 6964/182 7071/180
f 6975/174 6982/172 6984/173
f 6981/186 7071/180 6988/164
f 7004/187 7012/185 7005/183
f 7013/190 7003/189 7018/188
f 7003/189 7004/187 7018/188
f 7014/193 7015/192 7011/191
f 7015/192 7013/190 7008/194
f 7011/191 6903/195 7014/193
f 7008/194 7011/191 7015/192
f 7004/187 7005/183 7018/188
f 7013/190 7018/188 7008/194
f 6981/186 6988/164 7016/167
f 7021/163 6953/161 7069/196
f 7052/166 6905/198 7055/197
f 7069/196 7020/199 7021/163
f 7069/196 6953/161 6950/165
f 6950/165 7052/166 6948/200
f 7067/202 7069/196 6991/201
f 7065/204 7067/202 7061/203
f 6948/200 7052/166 7053/205
f 7041/208 6970/207 7051/206
f 6970/207 6971/210 7050/209
f 7051/206 6970/207 7050/209
f 7051/206 6912/211 7041/208
f 6912/211 6937/213 6916/212
f 7041/208 6912/211 6916/212
f 6937/213 6938/214 6916/212
f 6938/214 6939/215 6905/198
f 6939/215 7055/197 6905/198
f 7055/197 7053/205 7052/166
f 7053/205 7054/217 6911/216
f 7054/217 6902/218 6911/216
f 6911/216 7049/219 6948/200
f 7049/219 7048/221 6946/220
f 6938/214 6905/198 6916/212
f 7053/205 6911/216 6948/200
f 7049/219 6946/220 6948/200
f 7048/221 7047/222 6946/220
f 7047/222 7046/224 6944/223
f 7046/224 7044/225 6944/223
f 7044/225 7045/227 6942/226
f 7045/227 6910/229 6940/228
f 6942/226 7045/227 6940/228
f 6910/229 7026/230 6940/228
f 6944/223 7044/225 6942/226
f 7069/196 6950/165 6991/201
f 7047/222 6944/223 6946/220
f 6950/165 6989/231 6991/201
f 6969/233 7065/204 6962/232
f 7067/202 6991/201 7000/234
f 7067/202 7000/234 7062/235
f 6958/238 6960/237 6961/236
f 6960/237 6967/240 7059/239
f 6961/236 6960/237 7059/239
f 7067/202 7062/235 7061/203
f 7000/234 7056/242 7002/241
f 6965/243 7000/234 7002/241
f 6967/240 6969/233 6996/244
f 6996/244 7059/239 6967/240
f 6962/232 7060/245 6969/233
f 7060/245 6996/244 6969/233
f 7061/203 6963/246 7065/204
f 6963/246 6962/232 7065/204
f 6954/248 6955/247 7062/235
f 7000/234 6965/243 7062/235
f 7056/242 7063/250 6973/249
f 6965/243 6954/248 7062/235
f 6995/251 7002/241 7056/242
f 6972/252 6973/249 7063/250
f 6973/249 6995/251 7056/242
f 6999/85 6997/253 6992/87
f 6997/253 6972/252 7063/250
f 6992/87 6997/253 7063/250
f 7024/255 6998/254 7023/86
f 6998/254 6999/85 7023/86
f 7301/258 7164/257 7166/256
f 7166/256 7300/259 7301/258
f 7298/261 7201/260 7300/259
f 7203/263 7181/262 7201/260
f 7203/263 7180/264 7181/262
f 7195/266 7196/265 7180/264
f 7195/266 7311/267 7196/265
f 7167/270 7303/269 7304/268
f 7302/271 7304/268 7311/267
f 7302/271 7311/267 7195/266
f 7166/256 7298/261 7300/259
f 7201/260 7298/261 7203/263
f 7195/266 7180/264 7203/263
f 7200/272 7167/270 7304/268
f 7204/274 7199/273 7200/272
f 7206/276 7299/275 7199/273
f 7206/276 7173/277 7299/275
f 7307/279 7172/278 7173/277
f 7307/279 7173/277 7206/276
f 7307/279 7198/280 7172/278
f 7305/282 7197/281 7198/280
f 7305/282 7198/280 7307/279
f 7168/284 7171/283 7197/281
f 7168/284 7170/285 7171/283
f 7197/281 7305/282 7168/284
f 7204/274 7200/272 7304/268
f 7204/274 7206/276 7199/273
f 7204/274 7304/268 7302/271
f 7227/288 7192/287 7345/286
f 7204/274 7302/271 7227/288
f 7207/289 7227/288 7345/286
f 7207/289 7204/274 7227/288
f 7223/291 7225/290 7207/289
f 7291/293 7345/286 7258/292
f 7223/291 7207/289 7345/286
f 7291/293 7223/291 7345/286
f 7221/295 7323/294 7223/291
f 7288/296 7291/293 7258/292
f 7245/299 7185/298 7187/297
f 7246/301 7255/300 7185/298
f 7185/298 7245/299 7246/301
f 7253/304 7247/303 7248/302
f 7255/300 7246/301 7247/303
f 7256/307 7249/306 7250/305
f 7253/304 7248/302 7249/306
f 7253/304 7249/306 7256/307
f 7258/292 7251/309 7342/308
f 7256/307 7250/305 7251/309
f 7256/307 7251/309 7258/292
f 7342/308 7343/311 7234/310
f 7278/314 7290/313 7283/312
f 7288/296 7252/315 7290/313
f 7288/296 7290/313 7278/314
f 7342/308 7234/310 7252/315
f 7253/304 7255/300 7247/303
f 7258/292 7342/308 7252/315
f 7278/314 7283/312 7274/316
f 7289/319 7275/318 7284/317
f 7289/319 7274/316 7275/318
f 7282/322 7285/321 7286/320
f 7281/323 7284/317 7285/321
f 7286/320 7176/324 7282/322
f 7285/321 7282/322 7281/323
f 7289/319 7278/314 7274/316
f 7281/323 7289/319 7284/317
f 7288/296 7258/292 7252/315
f 7339/325 7223/291 7291/293
f 7326/327 7179/326 7323/294
f 7291/293 7292/328 7339/325
f 7221/295 7223/291 7339/325
f 7219/329 7323/294 7221/295
f 7260/331 7339/325 7337/330
f 7332/333 7337/330 7335/332
f 7325/334 7323/294 7219/329
f 7321/337 7241/336 7313/335
f 7322/339 7240/338 7241/336
f 7322/339 7241/336 7321/337
f 7313/335 7184/340 7321/337
f 7189/342 7210/341 7184/340
f 7189/342 7184/340 7313/335
f 7189/342 7209/343 7210/341
f 7179/326 7211/344 7209/343
f 7179/326 7326/327 7211/344
f 7323/294 7325/334 7326/327
f 7183/345 7324/217 7325/334
f 7183/345 7174/346 7324/217
f 7219/329 7320/347 7183/345
f 7217/349 7319/348 7320/347
f 7189/342 7179/326 7209/343
f 7219/329 7183/345 7325/334
f 7219/329 7217/349 7320/347
f 7217/349 7318/350 7319/348
f 7215/352 7317/351 7318/350
f 7215/352 7316/353 7317/351
f 7212/355 7315/354 7316/353
f 7214/357 7182/356 7315/354
f 7214/357 7315/354 7212/355
f 7214/357 7297/358 7182/356
f 7212/355 7316/353 7215/352
f 7260/331 7221/295 7339/325
f 7217/349 7215/352 7318/350
f 7260/331 7262/359 7221/295
f 7232/361 7335/332 7238/360
f 7272/90 7260/331 7337/330
f 7333/89 7272/90 7337/330
f 7231/364 7230/363 7244/362
f 7330/366 7236/365 7230/363
f 7332/333 7333/89 7337/330
f 7231/364 7330/366 7230/363
f 7267/367 7238/360 7236/365
f 7267/367 7236/365 7330/366
f 7238/360 7267/367 7331/368
f 7335/332 7232/361 7233/369
f 7238/360 7331/368 7232/361
f 7335/332 7233/369 7332/333
f 7333/89 7226/370 7235/88
f 7328/373 7273/372 7266/371
f 7272/90 7235/88 7273/372
f 7272/90 7273/372 7328/373
f 7334/376 7242/375 7243/374
f 7328/373 7266/371 7242/375
f 7265/379 7268/378 7269/377
f 7334/376 7243/374 7268/378
f 7334/376 7268/378 7265/379
f 7295/382 7270/381 7294/380
f 7295/382 7269/377 7270/381
f 7269/377 7295/382 7265/379
f 7334/376 7328/373 7242/375
f 7353/93 6665/383 6667/92
f 6669/96 6693/384 7354/95
f 6670/94 7354/95 7353/93
f 7358/101 6713/115 7360/103
f 7356/97 7375/385 6711/104
f 7361/107 7375/386 7356/106
f 7361/107 7355/105 7359/109
f 7357/100 6711/104 7362/111
f 7352/99 7365/113 7364/112
f 7357/100 7363/110 7365/113
f 6713/103 7358/102 7364/112
f 7367/100 7372/99 7368/113
f 6713/103 7366/114 7370/112
f 7372/99 7371/102 7370/112
f 7367/100 7369/110 7362/111
f 7361/107 7376/105 7374/109
f 7360/104 6713/385 7371/97
f 7374/101 7367/102 6711/103
f 7361/107 7360/386 7373/106
f 7377/116 7387/116 7378/116
f 7380/116 7389/116 7381/117
f 7383/117 7407/117 7384/116
f 7386/118 7391/118 7387/116
f 7388/118 7392/118 7389/116
f 7386/118 7393/118 7390/118
f 7379/118 7378/118 7392/118
f 7385/116 7384/116 7390/118
f 6696/77 6715/77 6714/78
f 7348/73 6703/69 6716/69
f 6703/69 7350/70 6715/70
f 6697/67 6714/67 6713/68
f 7351/80 6710/79 6678/79
f 6701/65 6712/65 7347/74
f 6700/66 7351/66 6712/65
f 6710/64 6711/63 6676/63
f 6685/37 7348/120 6672/75
f 6690/37 7347/119 6708/75
f 7394/123 7408/126 7395/122
f 7397/123 7409/125 7398/124
f 7400/125 7394/123 7396/121
f 7402/126 7397/123 7399/121
f 7410/921 7411/921 7412/921
f 7413/921 7414/921 7415/921
f 7416/921 7417/921 7418/921
f 7419/921 7420/921 7421/921
f 7416/921 7418/921 7422/921
f 7419/921 7423/921 7420/921
f 7424/921 7416/921 7422/921
f 7425/921 7423/921 7419/921
f 7424/921 7422/921 7426/921
f 7425/921 7427/921 7423/921
f 7412/921 7424/921 7426/921
f 7414/921 7427/921 7425/921
f 7412/921 7426/921 7428/921
f 7414/921 7429/921 7427/921
f 7412/921 7428/921 7410/921
f 7414/921 7413/921 7429/921
f 7415/921 7414/921 7412/921
f 7415/921 7412/921 7411/921
f 7414/921 7425/921 7424/921
f 7414/921 7424/921 7412/921
f 7425/921 7419/921 7416/921
f 7425/921 7416/921 7424/921
f 7419/921 7421/921 7417/921
f 7419/921 7417/921 7416/921
f 7421/921 7420/921 7418/921
f 7421/921 7418/921 7417/921
f 7420/921 7423/921 7422/921
f 7420/921 7422/921 7418/921
f 7423/921 7427/921 7426/921
f 7423/921 7426/921 7422/921
f 7427/921 7429/921 7428/921
f 7427/921 7428/921 7426/921
f 7429/921 7413/921 7410/921
f 7429/921 7410/921 7428/921
f 7413/921 7415/921 7411/921
f 7413/921 7411/921 7410/921
f 7430/918 7431/918 7432/918
f 7433/918 7434/918 7435/918
f 7432/918 7436/918 7430/918
f 7434/918 7433/918 7437/918
f 7435/918 7434/918 7432/918
f 7435/918 7432/918 7431/918
f 7434/918 7437/918 7436/918
f 7434/918 7436/918 7432/918
f 7437/918 7433/918 7430/918
f 7437/918 7430/918 7436/918
f 7433/918 7435/918 7431/918
f 7433/918 7431/918 7430/918
f 7438/918 7439/918 7440/918
f 7441/918 7442/918 7443/918
f 7440/918 7444/918 7438/918
f 7442/918 7441/918 7445/918
f 7443/918 7442/918 7440/918
f 7443/918 7440/918 7439/918
f 7442/918 7445/918 7444/918
f 7442/918 7444/918 7440/918
f 7445/918 7441/918 7438/918
f 7445/918 7438/918 7444/918
f 7441/918 7443/918 7439/918
f 7441/918 7439/918 7438/918
f 7446/918 7447/918 7448/918
f 7446/918 7448/918 7449/918
f 7450/918 7451/918 7452/918
f 7450/918 7452/918 7453/918
f 7447/918 7450/918 7453/918
f 7447/918 7453/918 7448/918
f 7451/918 7446/918 7449/918
f 7451/918 7449/918 7452/918
f 7449/918 7448/918 7454/918
f 7449/918 7454/918 7455/918
f 7453/918 7452/918 7456/918
f 7453/918 7456/918 7457/918
f 7448/918 7453/918 7457/918
f 7448/918 7457/918 7454/918
f 7452/918 7449/918 7455/918
f 7452/918 7455/918 7456/918
f 7455/918 7454/918 7458/918
f 7455/918 7458/918 7459/918
f 7457/918 7456/918 7460/918
f 7457/918 7460/918 7461/918
f 7454/918 7457/918 7461/918
f 7454/918 7461/918 7458/918
f 7456/918 7455/918 7459/918
f 7456/918 7459/918 7460/918
f 7459/918 7458/918 7462/918
f 7459/918 7462/918 7463/918
f 7461/918 7460/918 7464/918
f 7461/918 7464/918 7465/918
f 7458/918 7461/918 7465/918
f 7458/918 7465/918 7462/918
f 7460/918 7459/918 7463/918
f 7460/918 7463/918 7464/918
f 7463/918 7462/918 7466/918
f 7463/918 7466/918 7467/918
f 7465/918 7464/918 7468/918
f 7465/918 7468/918 7469/918
f 7462/918 7465/918 7469/918
f 7462/918 7469/918 7466/918
f 7464/918 7463/918 7467/918
f 7464/918 7467/918 7468/918
f 7467/918 7466/918 7470/918
f 7467/918 7470/918 7471/918
f 7469/918 7468/918 7472/918
f 7469/918 7472/918 7473/918
f 7466/918 7469/918 7473/918
f 7466/918 7473/918 7470/918
f 7468/918 7467/918 7471/918
f 7468/918 7471/918 7472/918
f 7471/918 7470/918 7474/918
f 7471/918 7474/918 7475/918
f 7473/918 7472/918 7476/918
f 7473/918 7476/918 7477/918
f 7470/918 7473/918 7477/918
f 7470/918 7477/918 7474/918
f 7472/918 7471/918 7475/918
f 7472/918 7475/918 7476/918
f 7475/918 7474/918 7478/918
f 7475/918 7478/918 7479/918
f 7477/918 7476/918 7480/918
f 7477/918 7480/918 7481/918
f 7474/918 7477/918 7481/918
f 7474/918 7481/918 7478/918
f 7476/918 7475/918 7479/918
f 7476/918 7479/918 7480/918
f 7479/918 7478/918 7482/918
f 7479/918 7482/918 7483/918
f 7481/918 7480/918 7484/918
f 7481/918 7484/918 7485/918
f 7478/918 7481/918 7485/918
f 7478/918 7485/918 7482/918
f 7480/918 7479/918 7483/918
f 7480/918 7483/918 7484/918
f 7483/918 7482/918 7486/918
f 7483/918 7486/918 7487/918
f 7485/918 7484/918 7488/918
f 7485/918 7488/918 7489/918
f 7482/918 7485/918 7489/918
f 7482/918 7489/918 7486/918
f 7484/918 7483/918 7487/918
f 7484/918 7487/918 7488/918
f 7487/918 7486/918 7490/918
f 7487/918 7490/918 7491/918
f 7489/918 7488/918 7492/918
f 7489/918 7492/918 7493/918
f 7486/918 7489/918 7493/918
f 7486/918 7493/918 7490/918
f 7488/918 7487/918 7491/918
f 7488/918 7491/918 7492/918
f 7491/918 7490/918 7447/918
f 7491/918 7447/918 7446/918
f 7493/918 7492/918 7451/918
f 7493/918 7451/918 7450/918
f 7490/918 7493/918 7450/918
f 7490/918 7450/918 7447/918
f 7492/918 7491/918 7446/918
f 7492/918 7446/918 7451/918
f 7494/918 7495/918 7496/918
f 7494/918 7496/918 7497/918
f 7498/918 7499/918 7500/918
f 7498/918 7500/918 7501/918
f 7495/918 7498/918 7501/918
f 7495/918 7501/918 7496/918
f 7499/918 7494/918 7497/918
f 7499/918 7497/918 7500/918
f 7497/918 7496/918 7502/918
f 7497/918 7502/918 7503/918
f 7501/918 7500/918 7504/918
f 7501/918 7504/918 7505/918
f 7496/918 7501/918 7505/918
f 7496/918 7505/918 7502/918
f 7500/918 7497/918 7503/918
f 7500/918 7503/918 7504/918
f 7503/918 7502/918 7506/918
f 7503/918 7506/918 7507/918
f 7505/918 7504/918 7508/918
f 7505/918 7508/918 7509/918
f 7502/918 7505/918 7509/918
f 7502/918 7509/918 7506/918
f 7504/918 7503/918 7507/918
f 7504/918 7507/918 7508/918
f 7507/918 7506/918 7510/918
f 7507/918 7510/918 7511/918
f 7509/918 7508/918 7512/918
f 7509/918 7512/918 7513/918
f 7506/918 7509/918 7513/918
f 7506/918 7513/918 7510/918
f 7508/918 7507/918 7511/918
f 7508/918 7511/918 7512/918
f 7511/918 7510/918 7514/918
f 7511/918 7514/918 7515/918
f 7513/918 7512/918 7516/918
f 7513/918 7516/918 7517/918
f 7510/918 7513/918 7517/918
f 7510/918 7517/918 7514/918
f 7512/918 7511/918 7515/918
f 7512/918 7515/918 7516/918
f 7515/918 7514/918 7518/918
f 7515/918 7518/918 7519/918
f 7517/918 7516/918 7520/918
f 7517/918 7520/918 7521/918
f 7514/918 7517/918 7521/918
f 7514/918 7521/918 7518/918
f 7516/918 7515/918 7519/918
f 7516/918 7519/918 7520/918
f 7519/918 7518/918 7522/918
f 7519/918 7522/918 7523/918
f 7521/918 7520/918 7524/918
f 7521/918 7524/918 7525/918
f 7518/918 7521/918 7525/918
f 7518/918 7525/918 7522/918
f 7520/918 7519/918 7523/918
f 7520/918 7523/918 7524/918
f 7523/918 7522/918 7526/918
f 7523/918 7526/918 7527/918
f 7525/918 7524/918 7528/918
f 7525/918 7528/918 7529/918
f 7522/918 7525/918 7529/918
f 7522/918 7529/918 7526/918
f 7524/918 7523/918 7527/918
f 7524/918 7527/918 7528/918
f 7527/918 7526/918 7530/918
f 7527/918 7530/918 7531/918
f 7529/918 7528/918 7532/918
f 7529/918 7532/918 7533/918
f 7526/918 7529/918 7533/918
f 7526/918 7533/918 7530/918
f 7528/918 7527/918 7531/918
f 7528/918 7531/918 7532/918
f 7531/918 7530/918 7534/918
f 7531/918 7534/918 7535/918
f 7533/918 7532/918 7536/918
f 7533/918 7536/918 7537/918
f 7530/918 7533/918 7537/918
f 7530/918 7537/918 7534/918
f 7532/918 7531/918 7535/918
f 7532/918 7535/918 7536/918
f 7535/918 7534/918 7538/918
f 7535/918 7538/918 7539/918
f 7537/918 7536/918 7540/918
f 7537/918 7540/918 7541/918
f 7534/918 7537/918 7541/918
f 7534/918 7541/918 7538/918
f 7536/918 7535/918 7539/918
f 7536/918 7539/918 7540/918
f 7539/918 7538/918 7495/918
f 7539/918 7495/918 7494/918
f 7541/918 7540/918 7499/918
f 7541/918 7499/918 7498/918
f 7538/918 7541/918 7498/918
f 7538/918 7498/918 7495/918
f 7540/918 7539/918 7494/918
f 7540/918 7494/918 7499/918
f 7542/918 7543/918 7544/918
f 7542/918 7544/918 7545/918
f 7546/918 7547/918 7548/918
f 7546/918 7548/918 7549/918
f 7543/918 7546/918 7549/918
f 7543/918 7549/918 7544/918
f 7547/918 7542/918 7545/918
f 7547/918 7545/918 7548/918
f 7545/918 7544/918 7550/918
f 7545/918 7550/918 7551/918
f 7549/918 7548/918 7552/918
f 7549/918 7552/918 7553/918
f 7544/918 7549/918 7553/918
f 7544/918 7553/918 7550/918
f 7548/918 7545/918 7551/918
f 7548/918 7551/918 7552/918
f 7551/918 7550/918 7554/918
f 7551/918 7554/918 7555/918
f 7553/918 7552/918 7556/918
f 7553/918 7556/918 7557/918
f 7550/918 7553/918 7557/918
f 7550/918 7557/918 7554/918
f 7552/918 7551/918 7555/918
f 7552/918 7555/918 7556/918
f 7555/918 7554/918 7558/918
f 7555/918 7558/918 7559/918
f 7557/918 7556/918 7560/918
f 7557/918 7560/918 7561/918
f 7554/918 7557/918 7561/918
f 7554/918 7561/918 7558/918
f 7556/918 7555/918 7559/918
f 7556/918 7559/918 7560/918
f 7559/918 7558/918 7562/918
f 7559/918 7562/918 7563/918
f 7561/918 7560/918 7564/918
f 7561/918 7564/918 7565/918
f 7558/918 7561/918 7565/918
f 7558/918 7565/918 7562/918
f 7560/918 7559/918 7563/918
f 7560/918 7563/918 7564/918
f 7563/918 7562/918 7566/918
f 7563/918 7566/918 7567/918
f 7565/918 7564/918 7568/918
f 7565/918 7568/918 7569/918
f 7562/918 7565/918 7569/918
f 7562/918 7569/918 7566/918
f 7564/918 7563/918 7567/918
f 7564/918 7567/918 7568/918
f 7567/918 7566/918 7570/918
f 7567/918 7570/918 7571/918
f 7569/918 7568/918 7572/918
f 7569/918 7572/918 7573/918
f 7566/918 7569/918 7573/918
f 7566/918 7573/918 7570/918
f 7568/918 7567/918 7571/918
f 7568/918 7571/918 7572/918
f 7571/918 7570/918 7574/918
f 7571/918 7574/918 7575/918
f 7573/918 7572/918 7576/918
f 7573/918 7576/918 7577/918
f 7570/918 7573/918 7577/918
f 7570/918 7577/918 7574/918
f 7572/918 7571/918 7575/918
f 7572/918 7575/918 7576/918
f 7575/918 7574/918 7578/918
f 7575/918 7578/918 7579/918
f 7577/918 7576/918 7580/918
f 7577/918 7580/918 7581/918
f 7574/918 7577/918 7581/918
f 7574/918 7581/918 7578/918
f 7576/918 7575/918 7579/918
f 7576/918 7579/918 7580/918
f 7579/918 7578/918 7582/918
f 7579/918 7582/918 7583/918
f 7581/918 7580/918 7584/918
f 7581/918 7584/918 7585/918
f 7578/918 7581/918 7585/918
f 7578/918 7585/918 7582/918
f 7580/918 7579/918 7583/918
f 7580/918 7583/918 7584/918
f 7583/918 7582/918 7586/918
f 7583/918 7586/918 7587/918
f 7585/918 7584/918 7588/918
f 7585/918 7588/918 7589/918
f 7582/918 7585/918 7589/918
f 7582/918 7589/918 7586/918
f 7584/918 7583/918 7587/918
f 7584/918 7587/918 7588/918
f 7587/918 7586/918 7543/918
f 7587/918 7543/918 7542/918
f 7589/918 7588/918 7547/918
f 7589/918 7547/918 7546/918
f 7586/918 7589/918 7546/918
f 7586/918 7546/918 7543/918
f 7588/918 7587/918 7542/918
f 7588/918 7542/918 7547/918
f 7590/918 7591/918 7592/918
f 7590/918 7592/918 7593/918
f 7594/918 7595/918 7596/918
f 7594/918 7596/918 7597/918
f 7591/918 7594/918 7597/918
f 7591/918 7597/918 7592/918
f 7595/918 7590/918 7593/918
f 7595/918 7593/918 7596/918
f 7593/918 7592/918 7598/918
f 7593/918 7598/918 7599/918
f 7597/918 7596/918 7600/918
f 7597/918 7600/918 7601/918
f 7592/918 7597/918 7601/918
f 7592/918 7601/918 7598/918
f 7596/918 7593/918 7599/918
f 7596/918 7599/918 7600/918
f 7599/918 7598/918 7602/918
f 7599/918 7602/918 7603/918
f 7601/918 7600/918 7604/918
f 7601/918 7604/918 7605/918
f 7598/918 7601/918 7605/918
f 7598/918 7605/918 7602/918
f 7600/918 7599/918 7603/918
f 7600/918 7603/918 7604/918
f 7603/918 7602/918 7606/918
f 7603/918 7606/918 7607/918
f 7605/918 7604/918 7608/918
f 7605/918 7608/918 7609/918
f 7602/918 7605/918 7609/918
f 7602/918 7609/918 7606/918
f 7604/918 7603/918 7607/918
f 7604/918 7607/918 7608/918
f 7607/918 7606/918 7610/918
f 7607/918 7610/918 7611/918
f 7609/918 7608/918 7612/918
f 7609/918 7612/918 7613/918
f 7606/918 7609/918 7613/918
f 7606/918 7613/918 7610/918
f 7608/918 7607/918 7611/918
f 7608/918 7611/918 7612/918
f 7611/918 7610/918 7614/918
f 7611/918 7614/918 7615/918
f 7613/918 7612/918 7616/918
f 7613/918 7616/918 7617/918
f 7610/918 7613/918 7617/918
f 7610/918 7617/918 7614/918
f 7612/918 7611/918 7615/918
f 7612/918 7615/918 7616/918
f 7615/918 7614/918 7618/918
f 7615/918 7618/918 7619/918
f 7617/918 7616/918 7620/918
f 7617/918 7620/918 7621/918
f 7614/918 7617/918 7621/918
f 7614/918 7621/918 7618/918
f 7616/918 7615/918 7619/918
f 7616/918 7619/918 7620/918
f 7619/918 7618/918 7622/918
f 7619/918 7622/918 7623/918
f 7621/918 7620/918 7624/918
f 7621/918 7624/918 7625/918
f 7618/918 7621/918 7625/918
f 7618/918 7625/918 7622/918
f 7620/918 7619/918 7623/918
f 7620/918 7623/918 7624/918
f 7623/918 7622/918 7626/918
f 7623/918 7626/918 7627/918
f 7625/918 7624/918 7628/918
f 7625/918 7628/918 7629/918
f 7622/918 7625/918 7629/918
f 7622/918 7629/918 7626/918
f 7624/918 7623/918 7627/918
f 7624/918 7627/918 7628/918
f 7627/918 7626/918 7630/918
f 7627/918 7630/918 7631/918
f 7629/918 7628/918 7632/918
f 7629/918 7632/918 7633/918
f 7626/918 7629/918 7633/918
f 7626/918 7633/918 7630/918
f 7628/918 7627/918 7631/918
f 7628/918 7631/918 7632/918
f 7631/918 7630/918 7634/918
f 7631/918 7634/918 7635/918
f 7633/918 7632/918 7636/918
f 7633/918 7636/918 7637/918
f 7630/918 7633/918 7637/918
f 7630/918 7637/918 7634/918
f 7632/918 7631/918 7635/918
f 7632/918 7635/918 7636/918
f 7635/918 7634/918 7591/918
f 7635/918 7591/918 7590/918
f 7637/918 7636/918 7595/918
f 7637/918 7595/918 7594/918
f 7634/918 7637/918 7594/918
f 7634/918 7594/918 7591/918
f 7636/918 7635/918 7590/918
f 7636/918 7590/918 7595/918
f 7638/918 7639/918 7640/918
f 7641/918 7642/918 7643/918
f 7640/918 7644/918 7638/918
f 7642/918 7641/918 7645/918
f 7643/918 7642/918 7640/918
f 7643/918 7640/918 7639/918
f 7642/918 7645/918 7644/918
f 7642/918 7644/918 7640/918
f 7645/918 7641/918 7638/918
f 7645/918 7638/918 7644/918
f 7641/918 7643/918 7639/918
f 7641/918 7639/918 7638/918
f 7646/920 7647/920 7648/920
f 7649/920 7650/920 7651/920
f 7649/920 7651/920 7647/920
f 7649/920 7647/920 7646/920
f 7651/920 7650/920 7648/920
f 7651/920 7648/920 7647/920
f 7650/920 7649/920 7646/920
f 7650/920 7646/920 7648/920
f 7652/918 7653/918 7654/918
f 7655/918 7656/918 7657/918
f 7654/918 7658/918 7652/918
f 7656/918 7655/918 7659/918
f 7657/918 7656/918 7654/918
f 7657/918 7654/918 7653/918
f 7656/918 7659/918 7658/918
f 7656/918 7658/918 7654/918
f 7659/918 7655/918 7652/918
f 7659/918 7652/918 7658/918
f 7655/918 7657/918 7653/918
f 7655/918 7653/918 7652/918
f 7660/920 7661/920 7662/920
f 7663/920 7664/920 7665/920
f 7663/920 7665/920 7661/920
f 7663/920 7661/920 7660/920
f 7665/920 7664/920 7662/920
f 7665/920 7662/920 7661/920
f 7664/920 7663/920 7660/920
f 7664/920 7660/920 7662/920
f 7666/918 7667/918 7668/918
f 7669/918 7670/918 7671/918
f 7668/918 7672/918 7666/918
f 7670/918 7669/918 7673/918
f 7671/918 7670/918 7668/918
f 7671/918 7668/918 7667/918
f 7670/918 7673/918 7672/918
f 7670/918 7672/918 7668/918
f 7673/918 7669/918 7666/918
f 7673/918 7666/918 7672/918
f 7669/918 7671/918 7667/918
f 7669/918 7667/918 7666/918
f 7674/918 7675/918 7676/918
f 7677/918 7678/918 7679/918
f 7676/918 7680/918 7674/918
f 7678/918 7677/918 7681/918
f 7679/918 7678/918 7676/918
f 7679/918 7676/918 7675/918
f 7678/918 7681/918 7680/918
f 7678/918 7680/918 7676/918
f 7681/918 7677/918 7674/918
f 7681/918 7674/918 7680/918
f 7677/918 7679/918 7675/918
f 7677/918 7675/918 7674/918
f 7682/918 7683/918 7684/918
f 7685/918 7686/918 7687/918
f 7684/918 7688/918 7682/918
f 7686/918 7685/918 7689/918
f 7687/918 7686/918 7684/918
f 7687/918 7684/918 7683/918
f 7686/918 7689/918 7688/918
f 7686/918 7688/918 7684/918
f 7689/918 7685/918 7682/918
f 7689/918 7682/918 7688/918
f 7685/918 7687/918 7683/918
f 7685/918 7683/918 7682/918
f 7690/918 7691/918 7692/918
f 7693/918 7694/918 7695/918
f 7692/918 7696/918 7690/918
f 7694/918 7693/918 7697/918
f 7695/918 7694/918 7692/918
f 7695/918 7692/918 7691/918
f 7694/918 7697/918 7696/918
f 7694/918 7696/918 7692/918
f 7697/918 7693/918 7690/918
f 7697/918 7690/918 7696/918
f 7693/918 7695/918 7691/918
f 7693/918 7691/918 7690/918
f 7698/919 7699/919 7700/919
f 7698/919 7700/919 7701/919
f 7702/919 7703/919 7704/919
f 7702/919 7704/919 7705/919
f 7699/919 7702/919 7705/919
f 7699/919 7705/919 7700/919
f 7703/919 7698/919 7701/919
f 7703/919 7701/919 7704/919
f 7701/919 7700/919 7706/919
f 7701/919 7706/919 7707/919
f 7705/919 7704/919 7708/919
f 7705/919 7708/919 7709/919
f 7700/919 7705/919 7709/919
f 7700/919 7709/919 7706/919
f 7704/919 7701/919 7707/919
f 7704/919 7707/919 7708/919
f 7707/919 7706/919 7710/919
f 7707/919 7710/919 7711/919
f 7709/919 7708/919 7712/919
f 7709/919 7712/919 7713/919
f 7706/919 7709/919 7713/919
f 7706/919 7713/919 7710/919
f 7708/919 7707/919 7711/919
f 7708/919 7711/919 7712/919
f 7711/919 7710/919 7714/919
f 7711/919 7714/919 7715/919
f 7713/919 7712/919 7716/919
f 7713/919 7716/919 7717/919
f 7710/919 7713/919 7717/919
f 7710/919 7717/919 7714/919
f 7712/919 7711/919 7715/919
f 7712/919 7715/919 7716/919
f 7715/919 7714/919 7718/919
f 7715/919 7718/919 7719/919
f 7717/919 7716/919 7720/919
f 7717/919 7720/919 7721/919
f 7714/919 7717/919 7721/919
f 7714/919 7721/919 7718/919
f 7716/919 7715/919 7719/919
f 7716/919 7719/919 7720/919
f 7719/919 7718/919 7722/919
f 7719/919 7722/919 7723/919
f 7721/919 7720/919 7724/919
f 7721/919 7724/919 7725/919
f 7718/919 7721/919 7725/919
f 7718/919 7725/919 7722/919
f 7720/919 7719/919 7723/919
f 7720/919 7723/919 7724/919
f 7723/919 7722/919 7726/919
f 7723/919 7726/919 7727/919
f 7725/919 7724/919 7728/919
f 7725/919 7728/919 7729/919
f 7722/919 7725/919 7729/919
f 7722/919 7729/919 7726/919
f 7724/919 7723/919 7727/919
f 7724/919 7727/919 7728/919
f 7727/919 7726/919 7730/919
f 7727/919 7730/919 7731/919
f 7729/919 7728/919 7732/919
f 7729/919 7732/919 7733/919
f 7726/919 7729/919 7733/919
f 7726/919 7733/919 7730/919
f 7728/919 7727/919 7731/919
f 7728/919 7731/919 7732/919
f 7731/919 7730/919 7734/919
f 7731/919 7734/919 7735/919
f 7733/919 7732/919 7736/919
f 7733/919 7736/919 7737/919
f 7730/919 7733/919 7737/919
f 7730/919 7737/919 7734/919
f 7732/919 7731/919 7735/919
f 7732/919 7735/919 7736/919
f 7735/919 7734/919 7738/919
f 7735/919 7738/919 7739/919
f 7737/919 7736/919 7740/919
f 7737/919 7740/919 7741/919
f 7734/919 7737/919 7741/919
f 7734/919 7741/919 7738/919
f 7736/919 7735/919 7739/919
f 7736/919 7739/919 7740/919
f 7739/919 7738/919 7742/919
f 7739/919 7742/919 7743/919
f 7741/919 7740/919 7744/919
f 7741/919 7744/919 7745/919
f 7738/919 7741/919 7745/919
f 7738/919 7745/919 7742/919
f 7740/919 7739/919 7743/919
f 7740/919 7743/919 7744/919
f 7743/919 7742/919 7699/919
f 7743/919 7699/919 7698/919
f 7745/919 7744/919 7703/919
f 7745/919 7703/919 7702/919
f 7742/919 7745/919 7702/919
f 7742/919 7702/919 7699/919
f 7744/919 7743/919 7698/919
f 7744/919 7698/919 7703/919
f 7746/919 7747/919 7748/919
f 7746/919 7748/919 7749/919
f 7750/919 7751/919 7752/919
f 7750/919 7752/919 7753/919
f 7747/919 7750/919 7753/919
f 7747/919 7753/919 7748/919
f 7751/919 7746/919 7749/919
f 7751/919 7749/919 7752/919
f 7749/919 7748/919 7754/919
f 7749/919 7754/919 7755/919
f 7753/919 7752/919 7756/919
f 7753/919 7756/919 7757/919
f 7748/919 7753/919 7757/919
f 7748/919 7757/919 7754/919
f 7752/919 7749/919 7755/919
f 7752/919 7755/919 7756/919
f 7755/919 7754/919 7758/919
f 7755/919 7758/919 7759/919
f 7757/919 7756/919 7760/919
f 7757/919 7760/919 7761/919
f 7754/919 7757/919 7761/919
f 7754/919 7761/919 7758/919
f 7756/919 7755/919 7759/919
f 7756/919 7759/919 7760/919
f 7759/919 7758/919 7762/919
f 7759/919 7762/919 7763/919
f 7761/919 7760/919 7764/919
f 7761/919 7764/919 7765/919
f 7758/919 7761/919 7765/919
f 7758/919 7765/919 7762/919
f 7760/919 7759/919 7763/919
f 7760/919 7763/919 7764/919
f 7763/919 7762/919 7766/919
f 7763/919 7766/919 7767/919
f 7765/919 7764/919 7768/919
f 7765/919 7768/919 7769/919
f 7762/919 7765/919 7769/919
f 7762/919 7769/919 7766/919
f 7764/919 7763/919 7767/919
f 7764/919 7767/919 7768/919
f 7767/919 7766/919 7770/919
f 7767/919 7770/919 7771/919
f 7769/919 7768/919 7772/919
f 7769/919 7772/919 7773/919
f 7766/919 7769/919 7773/919
f 7766/919 7773/919 7770/919
f 7768/919 7767/919 7771/919
f 7768/919 7771/919 7772/919
f 7771/919 7770/919 7774/919
f 7771/919 7774/919 7775/919
f 7773/919 7772/919 7776/919
f 7773/919 7776/919 7777/919
f 7770/919 7773/919 7777/919
f 7770/919 7777/919 7774/919
f 7772/919 7771/919 7775/919
f 7772/919 7775/919 7776/919
f 7775/919 7774/919 7778/919
f 7775/919 7778/919 7779/919
f 7777/919 7776/919 7780/919
f 7777/919 7780/919 7781/919
f 7774/919 7777/919 7781/919
f 7774/919 7781/919 7778/919
f 7776/919 7775/919 7779/919
f 7776/919 7779/919 7780/919
f 7779/919 7778/919 7782/919
f 7779/919 7782/919 7783/919
f 7781/919 7780/919 7784/919
f 7781/919 7784/919 7785/919
f 7778/919 7781/919 7785/919
f 7778/919 7785/919 7782/919
f 7780/919 7779/919 7783/919
f 7780/919 7783/919 7784/919
f 7783/919 7782/919 7786/919
f 7783/919 7786/919 7787/919
f 7785/919 7784/919 7788/919
f 7785/919 7788/919 7789/919
f 7782/919 7785/919 7789/919
f 7782/919 7789/919 7786/919
f 7784/919 7783/919 7787/919
f 7784/919 7787/919 7788/919
f 7787/919 7786/919 7790/919
f 7787/919 7790/919 7791/919
f 7789/919 7788/919 7792/919
f 7789/919 7792/919 7793/919
f 7786/919 7789/919 7793/919
f 7786/919 7793/919 7790/919
f 7788/919 7787/919 7791/919
f 7788/919 7791/919 7792/919
f 7791/919 7790/919 7747/919
f 7791/919 7747/919 7746/919
f 7793/919 7792/919 7751/919
f 7793/919 7751/919 7750/919
f 7790/919 7793/919 7750/919
f 7790/919 7750/919 7747/919
f 7792/919 7791/919 7746/919
f 7792/919 7746/919 7751/919
f 7794/919 7795/919 7796/919
f 7794/919 7796/919 7797/919
f 7798/919 7799/919 7800/919
f 7798/919 7800/919 7801/919
f 7795/919 7798/919 7801/919
f 7795/919 7801/919 7796/919
f 7799/919 7794/919 7797/919
f 7799/919 7797/919 7800/919
f 7797/919 7796/919 7802/919
f 7797/919 7802/919 7803/919
f 7801/919 7800/919 7804/919
f 7801/919 7804/919 7805/919
f 7796/919 7801/919 7805/919
f 7796/919 7805/919 7802/919
f 7800/919 7797/919 7803/919
f 7800/919 7803/919 7804/919
f 7803/919 7802/919 7806/919
f 7803/919 7806/919 7807/919
f 7805/919 7804/919 7808/919
f 7805/919 7808/919 7809/919
f 7802/919 7805/919 7809/919
f 7802/919 7809/919 7806/919
f 7804/919 7803/919 7807/919
f 7804/919 7807/919 7808/919
f 7807/919 7806/919 7810/919
f 7807/919 7810/919 7811/919
f 7809/919 7808/919 7812/919
f 7809/919 7812/919 7813/919
f 7806/919 7809/919 7813/919
f 7806/919 7813/919 7810/919
f 7808/919 7807/919 7811/919
f 7808/919 7811/919 7812/919
f 7811/919 7810/919 7814/919
f 7811/919 7814/919 7815/919
f 7813/919 7812/919 7816/919
f 7813/919 7816/919 7817/919
f 7810/919 7813/919 7817/919
f 7810/919 7817/919 7814/919
f 7812/919 7811/919 7815/919
f 7812/919 7815/919 7816/919
f 7815/919 7814/919 7818/919
f 7815/919 7818/919 7819/919
f 7817/919 7816/919 7820/919
f 7817/919 7820/919 7821/919
f 7814/919 7817/919 7821/919
f 7814/919 7821/919 7818/919
f 7816/919 7815/919 7819/919
f 7816/919 7819/919 7820/919
f 7819/919 7818/919 7822/919
f 7819/919 7822/919 7823/919
f 7821/919 7820/919 7824/919
f 7821/919 7824/919 7825/919
f 7818/919 7821/919 7825/919
f 7818/919 7825/919 7822/919
f 7820/919 7819/919 7823/919
f 7820/919 7823/919 7824/919
f 7823/919 7822/919 7826/919
f 7823/919 7826/919 7827/919
f 7825/919 7824/919 7828/919
f 7825/919 7828/919 7829/919
f 7822/919 7825/919 7829/919
f 7822/919 7829/919 7826/919
f 7824/919 7823/919 7827/919
f 7824/919 7827/919 7828/919
f 7827/919 7826/919 7830/919
f 7827/919 7830/919 7831/919
f 7829/919 7828/919 7832/919
f 7829/919 7832/919 7833/919
f 7826/919 7829/919 7833/919
f 7826/919 7833/919 7830/919
f 7828/919 7827/919 7831/919
f 7828/919 7831/919 7832/919
f 7831/919 7830/919 7834/919
f 7831/919 7834/919 7835/919
f 7833/919 7832/919 7836/919
f 7833/919 7836/919 7837/919
f 7830/919 7833/919 7837/919
f 7830/919 7837/919 7834/919
f 7832/919 7831/919 7835/919
f 7832/919 7835/919 7836/919
f 7835/919 7834/919 7838/919
f 7835/919 7838/919 7839/919
f 7837/919 7836/919 7840/919
f 7837/919 7840/919 7841/919
f 7834/919 7837/919 7841/919
f 7834/919 7841/919 7838/919
f 7836/919 7835/919 7839/919
f 7836/919 7839/919 7840/919
f 7839/919 7838/919 7795/919
f 7839/919 7795/919 7794/919
f 7841/919 7840/919 7799/919
f 7841/919 7799/919 7798/919
f 7838/919 7841/919 7798/919
f 7838/919 7798/919 7795/919
f 7840/919 7839/919 7794/919
f 7840/919 7794/919 7799/919
f 7842/919 7843/919 7844/919
f 7842/919 7844/919 7845/919
f 7846/919 7847/919 7848/919
f 7846/919 7848/919 7849/919
f 7843/919 7846/919 7849/919
f 7843/919 7849/919 7844/919
f 7847/919 7842/919 7845/919
f 7847/919 7845/919 7848/919
f 7845/919 7844/919 7850/919
f 7845/919 7850/919 7851/919
f 7849/919 7848/919 7852/919
f 7849/919 7852/919 7853/919
f 7844/919 7849/919 7853/919
f 7844/919 7853/919 7850/919
f 7848/919 7845/919 7851/919
f 7848/919 7851/919 7852/919
f 7851/919 7850/919 7854/919
f 7851/919 7854/919 7855/919
f 7853/919 7852/919 7856/919
f 7853/919 7856/919 7857/919
f 7850/919 7853/919 7857/919
f 7850/919 7857/919 7854/919
f 7852/919 7851/919 7855/919
f 7852/919 7855/919 7856/919
f 7855/919 7854/919 7858/919
f 7855/919 7858/919 7859/919
f 7857/919 7856/919 7860/919
f 7857/919 7860/919 7861/919
f 7854/919 7857/919 7861/919
f 7854/919 7861/919 7858/919
f 7856/919 7855/919 7859/919
f 7856/919 7859/919 7860/919
f 7859/919 7858/919 7862/919
f 7859/919 7862/919 7863/919
f 7861/919 7860/919 7864/919
f 7861/919 7864/919 7865/919
f 7858/919 7861/919 7865/919
f 7858/919 7865/919 7862/919
f 7860/919 7859/919 7863/919
f 7860/919 7863/919 7864/919
f 7863/919 7862/919 7866/919
f 7863/919 7866/919 7867/919
f 7865/919 7864/919 7868/919
f 7865/919 7868/919 7869/919
f 7862/919 7865/919 7869/919
f 7862/919 7869/919 7866/919
f 7864/919 7863/919 7867/919
f 7864/919 7867/919 7868/919
f 7867/919 7866/919 7870/919
f 7867/919 7870/919 7871/919
f 7869/919 7868/919 7872/919
f 7869/919 7872/919 7873/919
f 7866/919 7869/919 7873/919
f 7866/919 7873/919 7870/919
f 7868/919 7867/919 7871/919
f 7868/919 7871/919 7872/919
f 7871/919 7870/919 7874/919
f 7871/919 7874/919 7875/919
f 7873/919 7872/919 7876/919
f 7873/919 7876/919 7877/919
f 7870/919 7873/919 7877/919
f 7870/919 7877/919 7874/919
f 7872/919 7871/919 7875/919
f 7872/919 7875/919 7876/919
f 7875/919 7874/919 7878/919
f 7875/919 7878/919 7879/919
f 7877/919 7876/919 7880/919
f 7877/919 7880/919 7881/919
f 7874/919 7877/919 7881/919
f 7874/919 7881/919 7878/919
f 7876/919 7875/919 7879/919
f 7876/919 7879/919 7880/919
f 7879/919 7878/919 7882/919
f 7879/919 7882/919 7883/919
f 7881/919 7880/919 7884/919
f 7881/919 7884/919 7885/919
f 7878/919 7881/919 7885/919
f 7878/919 7885/919 7882/919
f 7880/919 7879/919 7883/919
f 7880/919 7883/919 7884/919
f 7883/919 7882/919 7886/919
f 7883/919 7886/919 7887/919
f 7885/919 7884/919 7888/919
f 7885/919 7888/919 7889/919
f 7882/919 7885/919 7889/919
f 7882/919 7889/919 7886/919
f 7884/919 7883/919 7887/919
f 7884/919 7887/919 7888/919
f 7887/919 7886/919 7843/919
f 7887/919 7843/919 7842/919
f 7889/919 7888/919 7847/919
f 7889/919 7847/919 7846/919
f 7886/919 7889/919 7846/919
f 7886/919 7846/919 7843/919
f 7888/919 7887/919 7842/919
f 7888/919 7842/919 7847/919
f 7890/919 7891/919 7892/919
f 7890/919 7892/919 7893/919
f 7894/919 7895/919 7896/919
f 7894/919 7896/919 7897/919
f 7891/919 7894/919 7897/919
f 7891/919 7897/919 7892/919
f 7895/919 7890/919 7893/919
f 7895/919 7893/919 7896/919
f 7893/919 7892/919 7898/919
f 7893/919 7898/919 7899/919
f 7897/919 7896/919 7900/919
f 7897/919 7900/919 7901/919
f 7892/919 7897/919 7901/919
f 7892/919 7901/919 7898/919
f 7896/919 7893/919 7899/919
f 7896/919 7899/919 7900/919
f 7899/919 7898/919 7902/919
f 7899/919 7902/919 7903/919
f 7901/919 7900/919 7904/919
f 7901/919 7904/919 7905/919
f 7898/919 7901/919 7905/919
f 7898/919 7905/919 7902/919
f 7900/919 7899/919 7903/919
f 7900/919 7903/919 7904/919
f 7903/919 7902/919 7906/919
f 7903/919 7906/919 7907/919
f 7905/919 7904/919 7908/919
f 7905/919 7908/919 7909/919
f 7902/919 7905/919 7909/919
f 7902/919 7909/919 7906/919
f 7904/919 7903/919 7907/919
f 7904/919 7907/919 7908/919
f 7907/919 7906/919 7910/919
f 7907/919 7910/919 7911/919
f 7909/919 7908/919 7912/919
f 7909/919 7912/919 7913/919
f 7906/919 7909/919 7913/919
f 7906/919 7913/919 7910/919
f 7908/919 7907/919 7911/919
f 7908/919 7911/919 7912/919
f 7911/919 7910/919 7914/919
f 7911/919 7914/919 7915/919
f 7913/919 7912/919 7916/919
f 7913/919 7916/919 7917/919
f 7910/919 7913/919 7917/919
f 7910/919 7917/919 7914/919
f 7912/919 7911/919 7915/919
f 7912/919 7915/919 7916/919
f 7915/919 7914/919 7918/919
f 7915/919 7918/919 7919/919
f 7917/919 7916/919 7920/919
f 7917/919 7920/919 7921/919
f 7914/919 7917/919 7921/919
f 7914/919 7921/919 7918/919
f 7916/919 7915/919 7919/919
f 7916/919 7919/919 7920/919
f 7919/919 7918/919 7922/919
f 7919/919 7922/919 7923/919
f 7921/919 7920/919 7924/919
f 7921/919 7924/919 7925/919
f 7918/919 7921/919 7925/919
f 7918/919 7925/919 7922/919
f 7920/919 7919/919 7923/919
f 7920/919 7923/919 7924/919
f 7923/919 7922/919 7926/919
f 7923/919 7926/919 7927/919
f 7925/919 7924/919 7928/919
f 7925/919 7928/919 7929/919
f 7922/919 7925/919 7929/919
f 7922/919 7929/919 7926/919
f 7924/919 7923/919 7927/919
f 7924/919 7927/919 7928/919
f 7927/919 7926/919 7930/919
f 7927/919 7930/919 7931/919
f 7929/919 7928/919 7932/919
f 7929/919 7932/919 7933/919
f 7926/919 7929/919 7933/919
f 7926/919 7933/919 7930/919
f 7928/919 7927/919 7931/919
f 7928/919 7931/919 7932/919
f 7931/919 7930/919 7934/919
f 7931/919 7934/919 7935/919
f 7933/919 7932/919 7936/919
f 7933/919 7936/919 7937/919
f 7930/919 7933/919 7937/919
f 7930/919 7937/919 7934/919
f 7932/919 7931/919 7935/919
f 7932/919 7935/919 7936/919
f 7935/919 7934/919 7891/919
f 7935/919 7891/919 7890/919
f 7937/919 7936/919 7895/919
f 7937/919 7895/919 7894/919
f 7934/919 7937/919 7894/919
f 7934/919 7894/919 7891/919
f 7936/919 7935/919 7890/919
f 7936/919 7890/919 7895/919
f 7938/918 7939/918 7940/918
f 7941/918 7942/918 7943/918
f 7940/918 7944/918 7938/918
f 7942/918 7941/918 7945/918
f 7943/918 7942/918 7940/918
f 7943/918 7940/918 7939/918
f 7942/918 7945/918 7944/918
f 7942/918 7944/918 7940/918
f 7945/918 7941/918 7938/918
f 7945/918 7938/918 7944/918
f 7941/918 7943/918 7939/918
f 7941/918 7939/918 7938/918
f 7946/918 7947/918 7948/918
f 7949/918 7950/918 7951/918
f 7948/918 7952/918 7946/918
f 7950/918 7949/918 7953/918
f 7951/918 7950/918 7948/918
f 7951/918 7948/918 7947/918
f 7950/918 7953/918 7952/918
f 7950/918 7952/918 7948/918
f 7953/918 7949/918 7946/918
f 7953/918 7946/918 7952/918
f 7949/918 7951/918 7947/918
f 7949/918 7947/918 7946/918
f 7954/918 7955/918 7956/918
f 7957/918 7958/918 7959/918
f 7956/918 7960/918 7954/918
f 7958/918 7957/918 7961/918
f 7959/918 7958/918 7956/918
f 7959/918 7956/918 7955/918
f 7958/918 7961/918 7960/918
f 7958/918 7960/918 7956/918
f 7961/918 7957/918 7954/918
f 7961/918 7954/918 7960/918
f 7957/918 7959/918 7955/918
f 7957/918 7955/918 7954/918
f 7962/918 7963/918 7964/918
f 7965/918 7966/918 7967/918
f 7964/918 7968/918 7962/918
f 7966/918 7965/918 7969/918
f 7967/918 7966/918 7964/918
f 7967/918 7964/918 7963/918
f 7966/918 7969/918 7968/918
f 7966/918 7968/918 7964/918
f 7969/918 7965/918 7962/918
f 7969/918 7962/918 7968/918
f 7965/918 7967/918 7963/918
f 7965/918 7963/918 7962/918
f 7970/918 7971/918 7972/918
f 7973/918 7974/918 7975/918
f 7972/918 7976/918 7970/918
f 7974/918 7973/918 7977/918
f 7975/918 7974/918 7972/918
f 7975/918 7972/918 7971/918
f 7974/918 7977/918 7976/918
f 7974/918 7976/918 7972/918
f 7977/918 7973/918 7970/918
f 7977/918 7970/918 7976/918
f 7973/918 7975/918 7971/918
f 7973/918 7971/918 7970/918
f 7978/918 7979/918 7980/918
f 7981/918 7982/918 7983/918
f 7980/918 7984/918 7978/918
f 7982/918 7981/918 7985/918
f 7983/918 7982/918 7980/918
f 7983/918 7980/918 7979/918
f 7982/918 7985/918 7984/918
f 7982/918 7984/918 7980/918
f 7985/918 7981/918 7978/918
f 7985/918 7978/918 7984/918
f 7981/918 7983/918 7979/918
f 7981/918 7979/918 7978/918
f 7986/918 7987/918 7988/918
f 7989/918 7990/918 7991/918
f 7988/918 7992/918 7986/918
f 7990/918 7989/918 7993/918
f 7991/918 7990/918 7988/918
f 7991/918 7988/918 7987/918
f 7990/918 7993/918 7992/918
f 7990/918 7992/918 7988/918
f 7993/918 7989/918 7986/918
f 7993/918 7986/918 7992/918
f 7989/918 7991/918 7987/918
f 7989/918 7987/918 7986/918
f 7994/918 7995/918 7996/918
f 7997/918 7998/918 7999/918
f 7996/918 8000/918 7994/918
f 7998/918 7997/918 8001/918
f 7999/918 7998/918 7996/918
f 7999/918 7996/918 7995/918
f 7998/918 8001/918 8000/918
f 7998/918 8000/918 7996/918
f 8001/918 7997/918 7994/918
f 8001/918 7994/918 8000/918
f 7997/918 7999/918 7995/918
f 7997/918 7995/918 7994/918
f 8002/918 8003/918 8004/918
f 8005/918 8006/918 8007/918
f 8004/918 8008/918 8002/918
f 8006/918 8005/918 8009/918
f 8007/918 8006/918 8004/918
f 8007/918 8004/918 8003/918
f 8006/918 8009/918 8008/918
f 8006/918 8008/918 8004/918
f 8009/918 8005/918 8002/918
f 8009/918 8002/918 8008/918
f 8005/918 8007/918 8003/918
f 8005/918 8003/918 8002/918
f 8010/919 8011/919 8012/919
f 8013/919 8014/919 8015/919
f 8012/919 8016/919 8010/919
f 8014/919 8013/919 8017/919
f 8015/919 8014/919 8012/919
f 8015/919 8012/919 8011/919
f 8014/919 8017/919 8016/919
f 8014/919 8016/919 8012/919
f 8017/919 8013/919 8010/919
f 8017/919 8010/919 8016/919
f 8013/919 8015/919 8011/919
f 8013/919 8011/919 8010/919
f 8018/919 8019/919 8020/919
f 8021/919 8022/919 8023/919
f 8020/919 8024/919 8018/919
f 8022/919 8021/919 8025/919
f 8023/919 8022/919 8020/919
f 8023/919 8020/919 8019/919
f 8022/919 8025/919 8024/919
f 8022/919 8024/919 8020/919
f 8025/919 8021/919 8018/919
f 8025/919 8018/919 8024/919
f 8021/919 8023/919 8019/919
f 8021/919 8019/919 8018/919
f 8026/919 8027/919 8028/919
f 8029/919 8030/919 8031/919
f 8028/919 8032/919 8026/919
f 8030/919 8029/919 8033/919
f 8031/919 8030/919 8028/919
f 8031/919 8028/919 8027/919
f 8030/919 8033/919 8032/919
f 8030/919 8032/919 8028/919
f 8033/919 8029/919 8026/919
f 8033/919 8026/919 8032/919
f 8029/919 8031/919 8027/919
f 8029/919 8027/919 8026/919
f 8034/919 8035/919 8036/919
f 8037/919 8038/919 8039/919
f 8036/919 8040/919 8034/919
f 8038/919 8037/919 8041/919
f 8039/919 8038/919 8036/919
f 8039/919 8036/919 8035/919
f 8038/919 8041/919 8040/919
f 8038/919 8040/919 8036/919
f 8041/919 8037/919 8034/919
f 8041/919 8034/919 8040/919
f 8037/919 8039/919 8035/919
f 8037/919 8035/919 8034/919
f 8042/919 8043/919 8044/919
f 8045/919 8046/919 8047/919
f 8044/919 8048/919 8042/919
f 8046/919 8045/919 8049/919
f 8047/919 8046/919 8044/919
f 8047/919 8044/919 8043/919
f 8046/919 8049/919 8048/919
f 8046/919 8048/919 8044/919
f 8049/919 8045/919 8042/919
f 8049/919 8042/919 8048/919
f 8045/919 8047/919 8043/919
f 8045/919 8043/919 8042/919
f 8050/919 8051/919 8052/919
f 8053/919 8054/919 8055/919
f 8052/919 8056/919 8050/919
f 8054/919 8053/919 8057/919
f 8055/919 8054/919 8052/919
f 8055/919 8052/919 8051/919
f 8054/919 8057/919 8056/919
f 8054/919 8056/919 8052/919
f 8057/919 8053/919 8050/919
f 8057/919 8050/919 8056/919
f 8053/919 8055/919 8051/919
f 8053/919 8051/919 8050/919
f 8058/918 8059/918 8060/918
f 8061/918 8062/918 8063/918
f 8060/918 8064/918 8065/918
f 8062/918 8066/918 8067/918
f 8060/918 8065/918 8068/918
f 8062/918 8069/918 8066/918
f 8060/918 8068/918 8058/918
f 8062/918 8061/918 8069/918
f 8063/918 8062/918 8060/918
f 8063/918 8060/918 8059/918
f 8062/918 8067/918 8064/918
f 8062/918 8064/918 8060/918
f 8067/918 8066/918 8065/918
f 8067/918 8065/918 8064/918
f 8066/918 8069/918 8068/918
f 8066/918 8068/918 8065/918
f 8069/918 8061/918 8058/918
f 8069/918 8058/918 8068/918
f 8061/918 8063/918 8059/918
f 8061/918 8059/918 8058/918
f 8070/919 8071/919 8072/919
f 8073/919 8074/919 8075/919
f 8072/919 8076/919 8070/919
f 8074/919 8073/919 8077/919
f 8075/919 8074/919 8072/919
f 8075/919 8072/919 8071/919
f 8074/919 8077/919 8076/919
f 8074/919 8076/919 8072/919
f 8077/919 8073/919 8070/919
f 8077/919 8070/919 8076/919
f 8073/919 8075/919 8071/919
f 8073/919 8071/919 8070/919
f 8078/918 8079/918 8080/918
f 8081/918 8082/918 8083/918
f 8078/918 8080/918 8084/918
f 8081/918 8085/918 8082/918
f 8081/918 8083/918 8079/918
f 8081/918 8079/918 8078/918
f 8083/918 8082/918 8080/918
f 8083/918 8080/918 8079/918
f 8082/918 8085/918 8084/918
f 8082/918 8084/918 8080/918
f 8085/918 8081/918 8078/918
f 8085/918 8078/918 8084/918
f 8086/918 8087/918 8088/918
f 8089/918 8090/918 8091/918
f 8088/918 8092/918 8086/918
f 8090/918 8089/918 8093/918
f 8091/918 8090/918 8088/918
f 8091/918 8088/918 8087/918
f 8090/918 8093/918 8092/918
f 8090/918 8092/918 8088/918
f 8093/918 8089/918 8086/918
f 8093/918 8086/918 8092/918
f 8089/918 8091/918 8087/918
f 8089/918 8087/918 8086/918
f 8094/918 8095/918 8096/918
f 8097/918 8098/918 8099/918
f 8096/918 8100/918 8094/918
f 8098/918 8097/918 8101/918
f 8099/918 8098/918 8096/918
f 8099/918 8096/918 8095/918
f 8098/918 8101/918 8100/918
f 8098/918 8100/918 8096/918
f 8101/918 8097/918 8094/918
f 8101/918 8094/918 8100/918
f 8097/918 8099/918 8095/918
f 8097/918 8095/918 8094/918
f 8102/918 8103/918 8104/918
f 8105/918 8106/918 8107/918
f 8104/918 8108/918 8102/918
f 8106/918 8105/918 8109/918
f 8107/918 8106/918 8104/918
f 8107/918 8104/918 8103/918
f 8106/918 8109/918 8108/918
f 8106/918 8108/918 8104/918
f 8109/918 8105/918 8102/918
f 8109/918 8102/918 8108/918
f 8105/918 8107/918 8103/918
f 8105/918 8103/918 8102/918
f 8110/918 8111/918 8112/918
f 8113/918 8114/918 8115/918
f 8112/918 8116/918 8110/918
f 8114/918 8113/918 8117/918
f 8115/918 8114/918 8112/918
f 8115/918 8112/918 8111/918
f 8114/918 8117/918 8116/918
f 8114/918 8116/918 8112/918
f 8117/918 8113/918 8110/918
f 8117/918 8110/918 8116/918
f 8113/918 8115/918 8111/918
f 8113/918 8111/918 8110/918
f 8118/918 8119/918 8120/918
f 8121/918 8122/918 8123/918
f 8120/918 8124/918 8118/918
f 8122/918 8121/918 8125/918
f 8123/918 8122/918 8120/918
f 8123/918 8120/918 8119/918
f 8122/918 8125/918 8124/918
f 8122/918 8124/918 8120/918
f 8125/918 8121/918 8118/918
f 8125/918 8118/918 8124/918
f 8121/918 8123/918 8119/918
f 8121/918 8119/918 8118/918
f 8126/918 8127/918 8128/918
f 8129/918 8130/918 8131/918
f 8128/918 8132/918 8126/918
f 8130/918 8129/918 8133/918
f 8131/918 8130/918 8128/918
f 8131/918 8128/918 8127/918
f 8130/918 8133/918 8132/918
f 8130/918 8132/918 8128/918
f 8133/918 8129/918 8126/918
f 8133/918 8126/918 8132/918
f 8129/918 8131/918 8127/918
f 8129/918 8127/918 8126/918
f 8134/421 8135/420 8136/419
f 8137/421 8138/420 8139/422
f 8140/425 8141/424 8142/423
f 8136/419 8143/426 8134/421
f 8144/429 8145/428 8146/427
f 8147/432 8148/431 8149/430
f 8139/422 8150/433 8144/429
f 8143/426 8151/419 8137/421
f 8152/422 8153/435 8154/429
f 8155/438 8156/437 8157/436
f 8158/424 8159/439 8149/430
f 8135/447 8160/440 8136/442
f 8161/441 8162/443 8159/439
f 8163/430 8164/451 8165/439
f 8166/482 8167/425 8168/445
f 8136/442 8169/450 8170/446
f 8142/423 8171/441 8172/440
f 8165/439 8141/424 8163/430
f 8172/440 8138/447 8151/442
f 8173/431 8174/449 8175/448
f 8176/477 8160/440 8177/423
f 8149/430 8164/451 8147/432
f 8165/439 8145/452 8150/443
f 8145/452 8159/439 8162/443
f 8178/455 8179/454 8180/453
f 8181/455 8182/454 8183/456
f 8183/456 8184/458 8185/457
f 8186/460 8187/453 8188/459
f 8185/457 8189/462 8190/461
f 8157/436 8184/458 8155/438
f 8191/459 8192/463 8180/453
f 8193/464 8194/460 8195/438
f 8196/458 8197/456 8198/457
f 8195/438 8179/454 8196/458
f 8180/453 8194/460 8191/459
f 8198/457 8189/462 8196/458
f 8180/453 8199/465 8178/455
f 8150/443 8171/441 8165/439
f 8188/459 8192/463 8200/466
f 8201/469 8202/468 8203/467
f 8204/470 8201/469 8203/467
f 8201/469 8205/471 8206/468
f 8202/468 8201/469 8206/468
f 8183/456 8207/471 8181/455
f 8208/470 8183/456 8185/457
f 8209/473 8207/471 8210/468
f 8205/471 8209/473 8206/468
f 8198/457 8211/474 8190/461
f 8212/469 8213/468 8210/468
f 8207/471 8212/469 8210/468
f 8212/469 8208/470 8214/467
f 8213/468 8212/469 8214/467
f 8197/456 8204/470 8198/457
f 8215/467 8204/470 8203/467
f 8178/455 8216/472 8205/471
f 8185/457 8211/474 8208/470
f 8217/468 8203/467 8202/468
f 8217/468 8206/468 8209/473
f 8217/468 8214/467 8215/467
f 8177/423 8161/441 8158/424
f 8158/424 8167/425 8177/423
f 8149/430 8218/475 8158/424
f 8219/449 8148/431 8220/448
f 8175/448 8221/476 8193/464
f 8220/448 8222/476 8219/449
f 8186/460 8223/464 8155/438
f 8188/459 8222/476 8186/460
f 8172/440 8176/477 8142/423
f 8177/423 8224/444 8176/477
f 8173/431 8147/432 8163/430
f 8175/448 8225/478 8173/431
f 8226/479 8223/464 8220/448
f 8227/445 8228/481 8229/480
f 8195/438 8156/437 8193/464
f 8200/466 8230/480 8188/459
f 8168/445 8218/475 8219/449
f 8193/464 8226/479 8175/448
f 8163/430 8231/475 8173/431
f 8227/445 8231/475 8140/425
f 8155/438 8182/454 8186/460
f 8229/480 8174/449 8227/445
f 8181/455 8216/472 8199/465
f 8221/476 8191/459 8194/460
f 8140/425 8166/482 8227/445
f 8142/423 8224/444 8140/425
f 8151/442 8169/450 8172/440
f 8220/448 8225/478 8226/479
f 8196/458 8157/436 8195/438
f 8168/445 8228/481 8166/482
f 8199/465 8187/453 8181/455
f 8229/480 8200/466 8191/459
f 8232/483 8233/483 8234/483
f 8235/483 8236/483 8237/484
f 8162/433 8152/422 8154/429
f 8238/435 8139/422 8144/429
f 8238/435 8239/485 8240/435
f 8241/486 8238/435 8240/435
f 8240/435 8239/485 8153/435
f 8242/486 8240/435 8153/435
f 8154/429 8145/428 8162/433
f 8154/429 8239/485 8146/427
f 8232/483 8242/486 8153/435
f 8137/421 8235/483 8237/484
f 8134/421 8232/483 8152/422
f 8243/484 8244/487 8245/484
f 8233/483 8243/484 8245/484
f 8245/484 8244/487 8237/484
f 8236/483 8245/484 8237/484
f 8144/429 8239/485 8238/435
f 8237/484 8143/426 8137/421
f 8246/490 8234/489 8233/488
f 8245/491 8246/490 8233/488
f 8246/490 8240/493 8242/492
f 8234/489 8246/490 8242/492
f 8246/490 8247/489 8241/492
f 8240/493 8246/490 8241/492
f 8246/490 8245/491 8236/488
f 8247/489 8246/490 8236/488
f 8235/483 8241/486 8247/483
f 8208/470 8215/467 8214/467
f 8219/449 8230/480 8168/445
f 8205/471 8197/456 8178/455
f 8217/468 8210/468 8213/468
f 8143/426 8243/484 8134/421
f 8158/494 8163/494 8149/494
f 8167/494 8224/494 8140/494
f 8186/494 8155/494 8195/494
f 8248/99 8249/98 8250/97
f 8251/100 8248/99 8250/97
f 8248/99 8252/102 8253/101
f 8249/98 8248/99 8253/101
f 8253/102 8254/115 8255/103
f 8250/97 8256/104 8251/100
f 8257/107 8250/106 8249/105
f 8257/107 8253/109 8255/108
f 8256/104 8258/110 8251/100
f 8252/102 8259/113 8260/112
f 8248/99 8258/110 8259/113
f 8252/102 8261/114 8254/103
f 8262/99 8263/110 8264/100
f 8265/102 8261/114 8266/112
f 8265/102 8267/113 8262/99
f 8256/104 8263/110 8268/111
f 8265/102 8262/99 8269/101
f 8257/107 8270/109 8271/108
f 8262/99 8264/100 8270/97
f 8269/100 8254/385 8265/97
f 8270/101 8256/103 8271/115
f 8262/99 8272/98 8269/101
f 8272/98 8262/99 8270/97
f 8257/107 8269/106 8272/105
f 8273/497 8274/496 8275/495
f 8276/506 8277/498 8278/500
f 8279/503 8280/502 8281/501
f 8281/501 8282/505 8283/504
f 8284/498 8276/506 8285/500
f 8278/500 8286/507 8279/503
f 8285/500 8287/507 8284/498
f 8287/516 8288/508 8284/509
f 8289/497 8290/510 8274/495
f 8291/495 8292/518 8293/496
f 8284/509 8294/520 8295/512
f 8296/515 8297/514 8298/513
f 8293/496 8299/497 8291/495
f 8298/508 8286/516 8277/509
f 8300/520 8288/513 8301/515
f 8275/495 8292/518 8302/511
f 8293/495 8282/519 8280/510
f 8282/519 8274/495 8290/510
f 8280/510 8297/497 8293/495
f 8301/515 8289/514 8273/497
f 8298/513 8300/520 8296/515
f 8277/509 8294/520 8298/508
f 8290/502 8303/503 8304/501
f 8304/501 8282/505 8290/502
f 8305/523 8306/522 8307/521
f 8308/524 8309/529 8310/525
f 8311/526 8312/521 8313/523
f 8314/643 8315/527 8316/114
f 8305/523 8307/521 8317/526
f 8308/524 8310/525 8311/526
f 8312/521 8318/522 8313/523
f 8315/527 8306/522 8316/114
f 8319/533 8320/531 8321/532
f 8322/533 8323/531 8324/532
f 8321/533 8325/531 8326/532
f 8327/531 8328/534 8326/533
f 8329/531 8330/534 8331/533
f 8328/531 8332/534 8333/533
f 8334/531 8329/534 8335/533
f 8336/533 8330/531 8337/532
f 8338/533 8332/531 8339/532
f 8337/533 8340/531 8319/532
f 8339/533 8341/531 8322/532
f 8342/531 8334/534 8324/533
f 8325/533 8343/535 8327/532
f 8344/535 8345/536 8341/533
f 8346/535 8347/536 8342/533
f 8348/535 8349/536 8328/533
f 8345/535 8346/536 8323/533
f 8349/535 8344/536 8332/533
f 8320/533 8350/535 8325/532
f 8347/535 8351/536 8334/533
f 8330/533 8352/535 8340/532
f 8329/533 8351/535 8330/532
f 8340/533 8353/535 8320/532
f 8327/533 8354/535 8328/532
f 8345/538 8355/531 8346/537
f 8356/531 8357/534 8353/538
f 8358/531 8359/534 8351/538
f 8357/531 8360/534 8350/538
f 8360/531 8361/534 8343/538
f 8359/531 8356/534 8352/538
f 8346/538 8362/531 8347/537
f 8349/538 8363/531 8344/537
f 8344/538 8364/531 8345/537
f 8361/531 8365/534 8354/538
f 8347/538 8366/531 8351/537
f 8348/538 8365/531 8349/537
f 8355/535 8367/539 8362/536
f 8368/539 8369/540 8356/535
f 8370/539 8371/540 8358/535
f 8369/539 8372/540 8357/535
f 8372/539 8373/540 8360/535
f 8371/539 8368/540 8359/535
f 8362/535 8374/539 8366/536
f 8363/535 8375/539 8364/536
f 8364/535 8376/539 8355/536
f 8373/539 8377/540 8361/535
f 8366/535 8378/539 8358/536
f 8365/535 8377/539 8363/536
f 8379/541 8380/542 8381/543
f 8382/609 8383/654 8384/544
f 8385/547 8386/661 8387/663
f 8388/611 8389/550 8390/552
f 8391/710 8392/553 8393/555
f 8394/712 8395/711 8396/558
f 8397/556 8398/557 8396/558
f 8399/559 8400/560 8401/561
f 8402/615 8400/613 8403/713
f 8379/563 8398/557 8404/575
f 8405/568 8399/714 8406/669
f 8407/566 8408/564 8393/681
f 8380/569 8409/567 8406/669
f 8410/571 8411/570 8407/566
f 8412/573 8413/576 8403/572
f 8414/562 8409/567 8404/575
f 8413/576 8415/670 8382/574
f 8416/580 8392/578 8394/671
f 8417/583 8418/581 8384/672
f 8419/715 8392/553 8391/710
f 8420/717 8395/711 8421/716
f 8385/719 8422/585 8384/718
f 8423/720 8424/616 8425/618
f 8426/617 8427/721 8425/618
f 8420/717 8398/557 8397/556
f 8428/584 8422/585 8429/586
f 8430/722 8400/560 8399/559
f 8431/724 8400/613 8432/723
f 8433/726 8398/557 8390/725
f 8434/589 8435/587 8423/674
f 8436/727 8399/714 8405/568
f 8437/591 8438/675 8410/592
f 8419/593 8408/564 8439/594
f 8418/676 8417/596 8383/595
f 8436/727 8409/567 8389/728
f 8439/594 8411/570 8438/729
f 8440/598 8427/599 8381/600
f 8431/619 8413/576 8412/573
f 8441/601 8442/602 8443/603
f 8433/726 8409/567 8414/562
f 8387/730 8415/670 8413/576
f 8429/586 8444/673 8441/731
f 8445/605 8435/679 8446/604
f 8421/733 8392/578 8447/732
f 8381/735 8388/734 8446/604
f 8448/523 8449/522 8450/521
f 8451/524 8452/529 8453/525
f 8454/526 8455/521 8456/523
f 8457/643 8458/527 8459/114
f 8448/523 8450/521 8460/526
f 8454/526 8453/525 8451/524
f 8455/521 8461/522 8456/523
f 8458/527 8449/522 8459/114
f 8462/533 8463/531 8464/532
f 8465/533 8466/531 8467/532
f 8468/531 8469/534 8464/533
f 8469/531 8470/534 8471/533
f 8472/531 8473/534 8474/533
f 8475/533 8470/531 8476/532
f 8477/533 8478/531 8474/532
f 8479/533 8473/531 8480/532
f 8476/533 8481/531 8482/532
f 8480/533 8483/531 8462/532
f 8482/533 8484/531 8465/532
f 8467/533 8485/531 8477/532
f 8468/533 8486/535 8469/532
f 8487/535 8488/536 8484/533
f 8489/535 8490/536 8485/533
f 8491/535 8492/536 8470/533
f 8488/535 8489/536 8466/533
f 8492/535 8487/536 8481/533
f 8463/533 8493/535 8468/532
f 8490/535 8494/536 8478/533
f 8473/533 8495/535 8483/532
f 8472/533 8494/535 8473/532
f 8483/533 8496/535 8463/532
f 8469/533 8497/535 8470/532
f 8488/538 8498/531 8489/537
f 8499/531 8500/534 8496/538
f 8501/531 8502/534 8494/538
f 8500/531 8503/534 8493/538
f 8503/531 8504/534 8486/538
f 8502/531 8499/534 8495/538
f 8489/538 8505/531 8490/537
f 8492/538 8506/531 8487/537
f 8487/538 8507/531 8488/537
f 8504/531 8508/534 8497/538
f 8490/538 8509/531 8494/537
f 8491/538 8508/531 8492/537
f 8498/535 8510/539 8505/536
f 8511/539 8512/540 8499/535
f 8513/539 8514/540 8501/535
f 8512/539 8515/540 8500/535
f 8515/539 8516/540 8503/535
f 8514/539 8511/540 8502/535
f 8505/535 8517/539 8509/536
f 8506/535 8518/539 8507/536
f 8507/535 8519/539 8498/536
f 8516/539 8520/540 8504/535
f 8509/535 8521/539 8501/536
f 8508/535 8520/539 8506/536
f 8522/541 8523/542 8524/543
f 8525/609 8526/654 8527/544
f 8528/547 8529/661 8530/663
f 8531/611 8532/550 8533/552
f 8534/710 8535/553 8536/555
f 8537/712 8538/711 8539/558
f 8540/556 8541/557 8539/558
f 8542/559 8543/560 8544/561
f 8545/615 8543/613 8546/713
f 8522/563 8541/557 8547/575
f 8548/568 8542/714 8549/669
f 8550/566 8551/564 8536/681
f 8523/569 8552/567 8549/669
f 8553/571 8554/570 8550/566
f 8555/573 8556/576 8546/572
f 8557/562 8552/567 8547/575
f 8556/576 8558/670 8525/574
f 8559/580 8535/578 8537/671
f 8560/581 8528/582 8561/583
f 8562/715 8535/553 8534/710
f 8563/717 8538/711 8564/716
f 8528/719 8565/585 8527/718
f 8566/720 8567/616 8568/618
f 8569/617 8570/721 8568/618
f 8563/717 8541/557 8540/556
f 8571/584 8565/585 8572/586
f 8573/722 8543/560 8542/559
f 8574/724 8543/613 8575/723
f 8576/726 8541/557 8533/725
f 8577/589 8578/587 8566/674
f 8579/727 8542/714 8548/568
f 8580/591 8581/675 8553/592
f 8562/593 8551/564 8582/594
f 8560/676 8561/596 8526/595
f 8579/727 8552/567 8532/728
f 8582/594 8554/570 8581/729
f 8583/598 8570/599 8524/600
f 8574/619 8556/576 8555/573
f 8584/601 8585/602 8586/603
f 8576/726 8552/567 8557/562
f 8530/730 8558/670 8556/576
f 8572/586 8587/673 8584/731
f 8588/605 8578/679 8589/604
f 8564/733 8535/578 8590/732
f 8524/735 8531/734 8589/604
f 8591/622 8592/620 8593/631
f 8594/624 8595/40 8596/627
f 8597/626 8598/623 8599/625
f 8600/628 8601/621 8602/26
f 8591/622 8603/623 8592/620
f 8604/627 8595/40 8594/624
f 8605/631 8597/629 8599/630
f 8602/26 8606/621 8600/628
f 8607/632 8608/632 8609/632
f 8610/632 8611/632 8612/632
f 8613/632 8614/632 8615/632
f 8616/632 8617/632 8618/632
f 8619/632 8607/632 8609/632
f 8613/632 8620/632 8615/632
f 8616/632 8618/632 8621/632
f 8622/632 8611/632 8610/632
f 8623/632 8624/632 8625/632
f 8626/632 8627/632 8628/632
f 8629/632 8630/632 8631/632
f 8632/632 8633/632 8634/632
f 8635/632 8623/632 8625/632
f 8629/632 8636/632 8631/632
f 8632/632 8634/632 8637/632
f 8638/632 8627/632 8626/632
f 8639/632 8640/632 8641/632
f 8642/632 8643/632 8644/632
f 8645/632 8646/632 8647/632
f 8648/632 8649/632 8650/632
f 8651/632 8639/632 8641/632
f 8645/632 8652/632 8647/632
f 8648/632 8650/632 8653/632
f 8654/632 8643/632 8642/632
f 8655/632 8656/632 8657/632
f 8658/632 8659/632 8660/632
f 8661/632 8662/632 8663/632
f 8664/632 8665/632 8666/632
f 8655/632 8657/632 8667/632
f 8661/632 8668/632 8663/632
f 8669/632 8664/632 8666/632
f 8660/632 8659/632 8670/632
f 8671/632 8672/632 8673/632
f 8674/632 8675/632 8676/632
f 8677/632 8678/632 8679/632
f 8680/632 8681/632 8682/632
f 8671/632 8673/632 8683/632
f 8677/632 8684/632 8679/632
f 8685/632 8680/632 8682/632
f 8676/632 8675/632 8686/632
f 8687/632 8688/632 8689/632
f 8690/632 8691/632 8692/632
f 8693/632 8694/632 8695/632
f 8696/632 8697/632 8698/632
f 8687/632 8689/632 8699/632
f 8693/632 8700/632 8695/632
f 8701/632 8696/632 8698/632
f 8692/632 8691/632 8702/632
f 8703/632 8704/632 8705/632
f 8706/632 8704/632 8707/632
f 8708/632 8709/632 8710/632
f 8711/632 8705/632 8712/632
f 8713/632 8707/632 8709/632
f 8714/632 8715/632 8716/632
f 8717/632 8715/632 8718/632
f 8719/632 8720/632 8721/632
f 8722/632 8716/632 8723/632
f 8724/632 8718/632 8720/632
f 8725/632 8726/632 8727/632
f 8728/632 8726/632 8729/632
f 8730/632 8731/632 8732/632
f 8733/632 8727/632 8734/632
f 8735/632 8729/632 8731/632
f 8736/632 8737/632 8738/632
f 8739/632 8737/632 8740/632
f 8741/632 8742/632 8743/632
f 8744/632 8738/632 8745/632
f 8746/632 8740/632 8742/632
f 8747/632 8748/632 8749/632
f 8750/632 8748/632 8751/632
f 8752/632 8753/632 8754/632
f 8755/632 8747/632 8756/632
f 8757/632 8751/632 8753/632
f 8758/632 8759/632 8760/632
f 8761/632 8759/632 8762/632
f 8763/632 8764/632 8765/632
f 8766/632 8758/632 8767/632
f 8768/632 8762/632 8764/632
f 8769/632 8770/632 8771/632
f 8772/632 8770/632 8773/632
f 8774/632 8775/632 8776/632
f 8777/632 8771/632 8778/632
f 8775/632 8772/632 8779/632
f 8780/632 8781/632 8782/632
f 8783/632 8781/632 8784/632
f 8785/632 8786/632 8787/632
f 8788/632 8782/632 8789/632
f 8786/632 8783/632 8790/632
f 8791/632 8792/632 8793/632
f 8794/632 8792/632 8795/632
f 8796/632 8797/632 8798/632
f 8799/632 8793/632 8800/632
f 8797/632 8794/632 8801/632
f 8802/632 8803/632 8804/632
f 8805/632 8803/632 8806/632
f 8807/632 8808/632 8809/632
f 8810/632 8804/632 8811/632
f 8808/632 8805/632 8812/632
f 8813/632 8814/632 8815/632
f 8816/632 8814/632 8817/632
f 8818/632 8819/632 8820/632
f 8821/632 8815/632 8822/632
f 8823/632 8817/632 8819/632
f 8824/632 8825/632 8826/632
f 8827/632 8825/632 8828/632
f 8829/632 8830/632 8831/632
f 8832/632 8826/632 8833/632
f 8834/632 8828/632 8830/632
f 8835/632 8836/632 8837/632
f 8838/632 8839/632 8840/632
f 8841/632 8842/632 8843/632
f 8835/632 8844/632 8845/632
f 8846/632 8847/632 8838/632
f 8845/632 8848/632 8849/632
f 8846/632 8850/632 8851/632
f 8852/632 8848/632 8853/632
f 8854/632 8850/632 8855/632
f 8852/632 8856/632 8857/632
f 8858/632 8859/632 8854/632
f 8857/632 8860/632 8861/632
f 8862/632 8863/632 8858/632
f 8861/632 8864/632 8865/632
f 8862/632 8866/632 8867/632
f 8868/632 8864/632 8869/632
f 8870/632 8866/632 8871/632
f 8872/632 8869/632 8873/632
f 8874/632 8875/632 8870/632
f 8872/632 8876/632 8877/632
f 8878/632 8879/632 8874/632
f 8880/632 8881/632 8882/632
f 8877/632 8883/632 8884/632
f 8885/632 8886/632 8881/632
f 8884/632 8887/632 8888/632
f 8880/632 8889/632 8890/632
f 8891/632 8892/632 8886/632
f 8893/632 8887/632 8894/632
f 8895/632 8889/632 8836/632
f 8896/632 8839/632 8892/632
f 8897/632 8894/632 8842/632
f 8898/632 8899/632 8900/632
f 8901/632 8902/632 8903/632
f 8904/632 8903/632 8899/632
f 8905/632 8906/632 8907/632
f 8907/632 8908/632 8909/632
f 8910/632 8911/632 8912/632
f 8913/632 8914/632 8915/632
f 8916/632 8915/632 8911/632
f 8917/632 8918/632 8919/632
f 8919/632 8920/632 8921/632
f 8922/632 8923/632 8924/632
f 8925/632 8926/632 8927/632
f 8928/632 8927/632 8923/632
f 8929/632 8930/632 8931/632
f 8931/632 8932/632 8933/632
f 8934/632 8935/632 8936/632
f 8937/632 8938/632 8939/632
f 8940/632 8939/632 8935/632
f 8941/632 8942/632 8943/632
f 8943/632 8944/632 8945/632
f 8946/632 8947/632 8948/632
f 8949/632 8950/632 8951/632
f 8952/632 8951/632 8947/632
f 8953/632 8954/632 8955/632
f 8955/632 8956/632 8957/632
f 8958/632 8959/632 8960/632
f 8961/632 8962/632 8963/632
f 8964/632 8963/632 8959/632
f 8965/632 8966/632 8967/632
f 8967/632 8968/632 8969/632
f 8958/632 8970/632 8965/632
f 8946/632 8971/632 8953/632
f 8934/632 8972/632 8941/632
f 8922/632 8973/632 8929/632
f 8910/632 8974/632 8917/632
f 8898/632 8975/632 8905/632
f 8976/633 8977/633 8978/633
f 8977/633 8979/633 8980/633
f 8981/633 8982/633 8983/633
f 8978/633 8984/633 8976/633
f 8985/633 8986/633 8984/633
f 8987/633 8982/633 8988/633
f 8989/633 8990/633 8991/633
f 8981/633 8983/633 8992/633
f 8993/634 8994/634 8995/634
f 8996/634 8997/634 8998/634
f 8999/634 9000/634 8998/634
f 9001/634 8996/634 9002/634
f 8995/634 8997/634 9003/634
f 8993/634 8998/634 9004/634
f 9005/634 9000/634 9006/634
f 9002/634 9007/634 9005/634
f 9003/634 9008/634 9001/634
f 9009/633 9010/633 9011/633
f 9010/633 9012/633 9013/633
f 9014/633 9015/633 9016/633
f 9011/633 9017/633 9009/633
f 9018/633 9019/633 9017/633
f 9020/633 9015/633 9021/633
f 9022/633 9023/633 9024/633
f 9016/633 9025/633 9026/633
f 9027/634 9028/634 9029/634
f 9030/634 9031/634 9032/634
f 9033/634 9030/634 9034/634
f 9035/634 9032/634 9036/634
f 9037/634 9031/634 9027/634
f 9038/634 9030/634 9029/634
f 9034/634 9039/634 9040/634
f 9040/634 9041/634 9035/634
f 9036/634 9042/634 9037/634
f 9043/632 9044/632 9045/632
f 9043/632 9046/632 9047/632
f 9045/632 9048/632 9049/632
f 9050/632 9051/632 9052/632
f 9053/632 9046/632 9052/632
f 9049/632 9048/632 9050/632
f 9054/632 9055/632 9056/632
f 9055/632 9057/632 9058/632
f 9059/633 9060/633 9061/633
f 8988/633 9060/633 9062/633
f 9063/633 9064/633 9065/633
f 9021/633 9064/633 9066/633
f 9033/634 9035/634 9037/634
f 9002/634 8999/634 9003/634
f 9067/632 9068/632 9069/632
f 9070/632 9071/632 9069/632
f 9067/632 9072/632 9068/632
f 9073/632 9074/632 9075/632
f 9073/632 9071/632 9076/632
f 9075/632 9077/632 9072/632
f 9078/632 9079/632 9080/632
f 9081/632 9082/632 9079/632
f 9083/632 9084/632 9085/632
f 9086/632 9087/632 9083/632
f 9088/632 9089/632 9090/632
f 9085/632 9091/632 9092/632
f 9090/632 9089/632 9086/632
f 9092/632 9093/632 9088/632
f 9093/632 9094/632 9095/632
f 9096/632 9097/632 9084/632
f 9089/632 9095/632 9098/632
f 9091/632 9097/632 9094/632
f 9098/632 9099/632 9089/632
f 9099/632 9096/632 9087/632
f 8134/421 8152/422 8135/420
f 8137/421 8151/419 8138/420
f 8140/425 8231/475 8141/424
f 8136/419 8170/434 8143/426
f 8144/429 8150/433 8145/428
f 8147/432 8225/478 8148/431
f 8139/422 8138/420 8150/433
f 8143/426 8170/434 8151/419
f 8152/422 8232/483 8153/435
f 8155/438 8223/464 8156/437
f 8158/424 8161/441 8159/439
f 8135/447 8161/441 8160/440
f 8161/441 8135/447 8162/443
f 8163/430 8147/432 8164/451
f 8166/482 8224/444 8167/425
f 8136/442 8160/440 8169/450
f 8142/423 8141/424 8171/441
f 8165/439 8171/441 8141/424
f 8172/440 8171/441 8138/447
f 8173/431 8231/475 8174/449
f 8176/477 8169/450 8160/440
f 8149/430 8159/439 8164/451
f 8165/439 8164/451 8145/452
f 8145/452 8164/451 8159/439
f 8178/455 8197/456 8179/454
f 8181/455 8187/453 8182/454
f 8183/456 8182/454 8184/458
f 8186/460 8182/454 8187/453
f 8185/457 8184/458 8189/462
f 8157/436 8189/462 8184/458
f 8191/459 8200/466 8192/463
f 8193/464 8221/476 8194/460
f 8196/458 8179/454 8197/456
f 8195/438 8194/460 8179/454
f 8180/453 8179/454 8194/460
f 8198/457 8190/461 8189/462
f 8180/453 8192/463 8199/465
f 8150/443 8138/447 8171/441
f 8188/459 8187/453 8192/463
f 8183/456 8212/469 8207/471
f 8208/470 8212/469 8183/456
f 8209/473 8216/472 8207/471
f 8205/471 8216/472 8209/473
f 8198/457 8204/470 8211/474
f 8197/456 8201/469 8204/470
f 8215/467 8211/474 8204/470
f 8178/455 8199/465 8216/472
f 8185/457 8190/461 8211/474
f 8217/468 8215/467 8203/467
f 8217/468 8202/468 8206/468
f 8217/468 8213/468 8214/467
f 8177/423 8160/440 8161/441
f 8158/424 8218/475 8167/425
f 8149/430 8148/431 8218/475
f 8219/449 8218/475 8148/431
f 8175/448 8174/449 8221/476
f 8220/448 8223/464 8222/476
f 8186/460 8222/476 8223/464
f 8188/459 8230/480 8222/476
f 8172/440 8169/450 8176/477
f 8177/423 8167/425 8224/444
f 8173/431 8225/478 8147/432
f 8175/448 8226/479 8225/478
f 8226/479 8156/437 8223/464
f 8227/445 8166/482 8228/481
f 8195/438 8157/436 8156/437
f 8200/466 8228/481 8230/480
f 8168/445 8167/425 8218/475
f 8193/464 8156/437 8226/479
f 8163/430 8141/424 8231/475
f 8227/445 8174/449 8231/475
f 8155/438 8184/458 8182/454
f 8229/480 8221/476 8174/449
f 8181/455 8207/471 8216/472
f 8221/476 8229/480 8191/459
f 8140/425 8224/444 8166/482
f 8142/423 8176/477 8224/444
f 8151/442 8170/446 8169/450
f 8220/448 8148/431 8225/478
f 8196/458 8189/462 8157/436
f 8168/445 8230/480 8228/481
f 8199/465 8192/463 8187/453
f 8229/480 8228/481 8200/466
f 8232/483 8243/484 8233/483
f 8235/483 8247/483 8236/483
f 8162/433 8135/420 8152/422
f 8238/435 8235/483 8139/422
f 8154/429 8146/427 8145/428
f 8154/429 8153/435 8239/485
f 8232/483 8234/483 8242/486
f 8137/421 8139/422 8235/483
f 8134/421 8243/484 8232/483
f 8144/429 8146/427 8239/485
f 8237/484 8244/487 8143/426
f 8235/483 8238/435 8241/486
f 8208/470 8211/474 8215/467
f 8219/449 8222/476 8230/480
f 8205/471 8201/469 8197/456
f 8217/468 8209/473 8210/468
f 8143/426 8244/487 8243/484
f 8158/494 8177/494 8142/494
f 8177/494 8176/494 8142/494
f 8142/494 8141/494 8158/494
f 8141/494 8163/494 8158/494
f 8163/494 8147/494 8149/494
f 8140/494 8231/494 8218/494
f 8231/494 8173/494 8148/494
f 8173/494 8225/494 8148/494
f 8148/494 8218/494 8231/494
f 8218/494 8167/494 8140/494
f 8157/494 8195/494 8155/494
f 8195/494 8194/494 8186/494
f 8194/494 8191/494 8186/494
f 8191/494 8200/494 8188/494
f 8186/494 8191/494 8188/494
f 8253/102 8252/101 8254/115
f 8250/97 8271/385 8256/104
f 8257/107 8271/386 8250/106
f 8257/107 8249/105 8253/109
f 8256/104 8268/111 8258/110
f 8252/102 8248/99 8259/113
f 8248/99 8251/100 8258/110
f 8252/102 8260/112 8261/114
f 8262/99 8267/113 8263/110
f 8265/102 8254/103 8261/114
f 8265/102 8266/112 8267/113
f 8256/104 8264/100 8263/110
f 8257/107 8272/105 8270/109
f 8269/100 8255/104 8254/385
f 8270/101 8264/102 8256/103
f 8257/107 8255/386 8269/106
f 8273/497 8289/514 8274/496
f 8276/506 8295/499 8277/498
f 8279/503 8286/507 8280/502
f 8281/501 8280/502 8282/505
f 8284/498 8295/499 8276/506
f 8278/500 8277/498 8286/507
f 8285/500 8303/503 8287/507
f 8287/516 8289/497 8288/508
f 8289/497 8287/516 8290/510
f 8291/495 8302/511 8292/518
f 8284/509 8288/508 8294/520
f 8296/515 8299/497 8297/514
f 8293/496 8297/514 8299/497
f 8298/508 8297/497 8286/516
f 8300/520 8294/517 8288/513
f 8275/495 8274/496 8292/518
f 8293/495 8292/511 8282/519
f 8282/519 8292/511 8274/495
f 8280/510 8286/516 8297/497
f 8301/515 8288/513 8289/514
f 8298/513 8294/517 8300/520
f 8277/509 8295/512 8294/520
f 8290/502 8287/507 8303/503
f 8304/501 8283/504 8282/505
f 8305/523 9100/530 8306/522
f 8308/524 8317/526 8309/529
f 8311/526 9101/529 8312/521
f 8314/643 8318/528 8315/527
f 8307/521 8309/529 8317/526
f 8310/525 9101/529 8311/526
f 8318/522 8314/530 8313/523
f 8306/522 9100/530 8316/114
f 8320/531 8325/534 8321/532
f 8323/531 8342/534 8324/532
f 8325/531 8327/534 8326/532
f 8328/534 8333/532 8326/533
f 8330/534 8336/532 8331/533
f 8332/534 8338/532 8333/533
f 8329/534 8331/532 8335/533
f 8330/531 8340/534 8337/532
f 8332/531 8341/534 8339/532
f 8340/531 8320/534 8319/532
f 8341/531 8323/534 8322/532
f 8334/534 8335/532 8324/533
f 8343/535 8354/536 8327/532
f 8345/536 8323/532 8341/533
f 8347/536 8334/532 8342/533
f 8349/536 8332/532 8328/533
f 8346/536 8342/532 8323/533
f 8344/536 8341/532 8332/533
f 8350/535 8343/536 8325/532
f 8351/536 8329/532 8334/533
f 8352/535 8353/536 8340/532
f 8351/535 8352/536 8330/532
f 8353/535 8350/536 8320/532
f 8354/535 8348/536 8328/532
f 8355/531 8362/534 8346/537
f 8357/534 8350/537 8353/538
f 8359/534 8352/537 8351/538
f 8360/534 8343/537 8350/538
f 8361/534 8354/537 8343/538
f 8356/534 8353/537 8352/538
f 8362/531 8366/534 8347/537
f 8363/531 8364/534 8344/537
f 8364/531 8355/534 8345/537
f 8365/534 8348/537 8354/538
f 8366/531 8358/534 8351/537
f 8365/531 8363/534 8349/537
f 8367/539 8374/540 8362/536
f 8369/540 8357/536 8356/535
f 8371/540 8359/536 8358/535
f 8372/540 8360/536 8357/535
f 8373/540 8361/536 8360/535
f 8368/540 8356/536 8359/535
f 8374/539 8378/540 8366/536
f 8375/539 8376/540 8364/536
f 8376/539 8367/540 8355/536
f 8377/540 8365/536 8361/535
f 8378/539 8370/540 8358/536
f 8377/539 8375/540 8363/536
f 8394/647 8446/649 8416/648
f 8396/736 8381/543 8446/649
f 8396/736 8446/649 8394/647
f 8406/645 8425/644 8440/737
f 8401/738 8402/608 8425/644
f 8406/645 8401/738 8425/644
f 8380/542 8440/737 8381/543
f 8381/543 8396/736 8379/541
f 8379/541 8404/646 8380/542
f 8440/737 8380/542 8406/645
f 8429/545 8446/649 8434/546
f 8429/545 8416/648 8446/649
f 8407/650 8393/651 8416/648
f 8441/739 8410/652 8407/650
f 8441/739 8443/653 8410/652
f 8441/739 8407/650 8416/648
f 8441/739 8416/648 8429/545
f 8428/740 8425/644 8402/608
f 8428/740 8423/607 8425/644
f 8429/545 8434/546 8423/607
f 8423/607 8428/740 8429/545
f 8382/609 8402/608 8403/680
f 8428/740 8402/608 8384/544
f 8383/654 8417/655 8384/544
f 8382/609 8384/544 8402/608
f 8435/549 8445/657 8444/548
f 8445/657 8447/666 8444/548
f 8447/666 8419/656 8439/658
f 8439/658 8438/659 8442/741
f 8438/659 8437/660 8442/741
f 8447/666 8439/658 8442/741
f 8444/548 8447/666 8442/741
f 8432/664 8426/551 8422/742
f 8426/551 8424/610 8422/742
f 8424/610 8435/549 8444/548
f 8444/548 8422/742 8424/610
f 8431/743 8432/664 8387/663
f 8385/547 8432/664 8422/742
f 8385/547 8418/662 8386/661
f 8432/664 8385/547 8387/663
f 8447/666 8445/657 8421/665
f 8445/657 8388/611 8420/744
f 8421/665 8445/657 8420/744
f 8427/745 8426/551 8436/667
f 8426/551 8432/664 8430/746
f 8426/551 8430/746 8436/667
f 8388/611 8427/745 8389/550
f 8390/552 8420/744 8388/611
f 8389/550 8433/668 8390/552
f 8436/667 8389/550 8427/745
f 8392/553 8416/554 8393/555
f 8395/711 8397/556 8396/558
f 8398/557 8379/563 8396/558
f 8400/560 8402/612 8401/561
f 8400/613 8412/614 8403/713
f 8398/557 8414/562 8404/575
f 8399/714 8401/747 8406/669
f 8408/564 8391/565 8393/681
f 8409/567 8405/568 8406/669
f 8411/570 8408/564 8407/566
f 8413/576 8382/574 8403/572
f 8409/567 8380/569 8404/575
f 8415/670 8383/577 8382/574
f 8392/578 8395/579 8394/671
f 8418/581 8385/582 8384/672
f 8419/715 8447/748 8392/553
f 8420/717 8397/556 8395/711
f 8422/585 8428/584 8384/718
f 8424/616 8426/617 8425/618
f 8427/721 8440/749 8425/618
f 8420/717 8390/725 8398/557
f 8422/585 8444/673 8429/586
f 8430/722 8432/750 8400/560
f 8431/724 8412/614 8400/613
f 8433/726 8414/562 8398/557
f 8435/587 8424/588 8423/674
f 8436/727 8430/751 8399/714
f 8410/592 8443/590 8437/591
f 8438/675 8411/752 8410/592
f 8419/593 8391/565 8408/564
f 8415/753 8386/597 8383/595
f 8386/597 8418/676 8383/595
f 8436/727 8405/568 8409/567
f 8439/594 8408/564 8411/570
f 8427/599 8388/677 8381/600
f 8431/619 8387/730 8413/576
f 8442/602 8437/678 8443/603
f 8433/726 8389/728 8409/567
f 8387/730 8386/754 8415/670
f 8444/673 8442/755 8441/731
f 8435/679 8434/606 8446/604
f 8421/733 8395/579 8392/578
f 8388/734 8445/605 8446/604
f 8448/523 9102/530 8449/522
f 8451/524 8460/526 8452/529
f 8454/526 9103/529 8455/521
f 8457/643 8461/528 8458/527
f 8450/521 8452/529 8460/526
f 8454/526 9103/529 8453/525
f 8461/522 8457/530 8456/523
f 8449/522 9102/530 8459/114
f 8463/531 8468/534 8464/532
f 8466/531 8485/534 8467/532
f 8469/534 8471/532 8464/533
f 8470/534 8475/532 8471/533
f 8473/534 8479/532 8474/533
f 8470/531 8481/534 8476/532
f 8478/531 8472/534 8474/532
f 8473/531 8483/534 8480/532
f 8481/531 8484/534 8482/532
f 8483/531 8463/534 8462/532
f 8484/531 8466/534 8465/532
f 8485/531 8478/534 8477/532
f 8486/535 8497/536 8469/532
f 8488/536 8466/532 8484/533
f 8490/536 8478/532 8485/533
f 8492/536 8481/532 8470/533
f 8489/536 8485/532 8466/533
f 8487/536 8484/532 8481/533
f 8493/535 8486/536 8468/532
f 8494/536 8472/532 8478/533
f 8495/535 8496/536 8483/532
f 8494/535 8495/536 8473/532
f 8496/535 8493/536 8463/532
f 8497/535 8491/536 8470/532
f 8498/531 8505/534 8489/537
f 8500/534 8493/537 8496/538
f 8502/534 8495/537 8494/538
f 8503/534 8486/537 8493/538
f 8504/534 8497/537 8486/538
f 8499/534 8496/537 8495/538
f 8505/531 8509/534 8490/537
f 8506/531 8507/534 8487/537
f 8507/531 8498/534 8488/537
f 8508/534 8491/537 8497/538
f 8509/531 8501/534 8494/537
f 8508/531 8506/534 8492/537
f 8510/539 8517/540 8505/536
f 8512/540 8500/536 8499/535
f 8514/540 8502/536 8501/535
f 8515/540 8503/536 8500/535
f 8516/540 8504/536 8503/535
f 8511/540 8499/536 8502/535
f 8517/539 8521/540 8509/536
f 8518/539 8519/540 8507/536
f 8519/539 8510/540 8498/536
f 8520/540 8508/536 8504/535
f 8521/539 8513/540 8501/536
f 8520/539 8518/540 8506/536
f 8537/647 8589/649 8559/648
f 8539/736 8524/543 8589/649
f 8539/736 8589/649 8537/647
f 8549/645 8568/644 8583/737
f 8544/738 8545/608 8568/644
f 8549/645 8544/738 8568/644
f 8523/542 8583/737 8524/543
f 8524/543 8539/736 8522/541
f 8522/541 8547/646 8523/542
f 8583/737 8523/542 8549/645
f 8572/545 8589/649 8577/546
f 8572/545 8559/648 8589/649
f 8550/650 8536/651 8559/648
f 8584/739 8553/652 8550/650
f 8584/739 8586/653 8553/652
f 8584/739 8550/650 8559/648
f 8584/739 8559/648 8572/545
f 8571/740 8568/644 8545/608
f 8571/740 8566/607 8568/644
f 8572/545 8577/546 8566/607
f 8566/607 8571/740 8572/545
f 8525/609 8545/608 8546/680
f 8571/740 8545/608 8527/544
f 8526/654 8561/655 8527/544
f 8525/609 8527/544 8545/608
f 8578/549 8588/657 8587/548
f 8588/657 8590/666 8587/548
f 8590/666 8562/656 8582/658
f 8582/658 8581/659 8585/741
f 8581/659 8580/660 8585/741
f 8590/666 8582/658 8585/741
f 8587/548 8590/666 8585/741
f 8575/664 8569/551 8565/742
f 8569/551 8567/610 8565/742
f 8567/610 8578/549 8587/548
f 8587/548 8565/742 8567/610
f 8574/743 8575/664 8530/663
f 8528/547 8575/664 8565/742
f 8528/547 8560/662 8529/661
f 8575/664 8528/547 8530/663
f 8590/666 8588/657 8564/665
f 8588/657 8531/611 8563/744
f 8564/665 8588/657 8563/744
f 8570/745 8569/551 8579/667
f 8569/551 8575/664 8573/746
f 8569/551 8573/746 8579/667
f 8531/611 8570/745 8532/550
f 8533/552 8563/744 8531/611
f 8532/550 8576/668 8533/552
f 8579/667 8532/550 8570/745
f 8535/553 8559/554 8536/555
f 8538/711 8540/556 8539/558
f 8541/557 8522/563 8539/558
f 8543/560 8545/612 8544/561
f 8543/613 8555/614 8546/713
f 8541/557 8557/562 8547/575
f 8542/714 8544/747 8549/669
f 8551/564 8534/565 8536/681
f 8552/567 8548/568 8549/669
f 8554/570 8551/564 8550/566
f 8556/576 8525/574 8546/572
f 8552/567 8523/569 8547/575
f 8558/670 8526/577 8525/574
f 8535/578 8538/579 8537/671
f 8528/582 8527/672 8561/583
f 8562/715 8590/748 8535/553
f 8563/717 8540/556 8538/711
f 8565/585 8571/584 8527/718
f 8567/616 8569/617 8568/618
f 8570/721 8583/749 8568/618
f 8563/717 8533/725 8541/557
f 8565/585 8587/673 8572/586
f 8573/722 8575/750 8543/560
f 8574/724 8555/614 8543/613
f 8576/726 8557/562 8541/557
f 8578/587 8567/588 8566/674
f 8579/727 8573/751 8542/714
f 8553/592 8586/590 8580/591
f 8581/675 8554/752 8553/592
f 8562/593 8534/565 8551/564
f 8558/753 8529/597 8526/595
f 8529/597 8560/676 8526/595
f 8579/727 8548/568 8552/567
f 8582/594 8551/564 8554/570
f 8570/599 8531/677 8524/600
f 8574/619 8530/730 8556/576
f 8585/602 8580/678 8586/603
f 8576/726 8532/728 8552/567
f 8530/730 8529/754 8558/670
f 8587/673 8585/755 8584/731
f 8578/679 8577/606 8589/604
f 8564/733 8538/579 8535/578
f 8531/734 8588/605 8589/604
f 8592/620 8601/621 8593/631
f 8595/40 8603/623 8596/627
f 8598/623 8604/627 8599/625
f 8600/628 8593/631 8601/621
f 8591/622 8596/627 8603/623
f 8604/627 8598/623 8595/40
f 8605/631 8606/621 8597/629
f 8606/621 8605/631 8600/628
f 8608/632 8622/632 8609/632
f 8611/632 8617/632 8612/632
f 8613/632 8621/632 8614/632
f 8616/632 8612/632 8617/632
f 8619/632 8620/632 8607/632
f 8613/632 8619/632 8620/632
f 8618/632 8614/632 8621/632
f 8622/632 8608/632 8611/632
f 8624/632 8638/632 8625/632
f 8627/632 8633/632 8628/632
f 8629/632 8637/632 8630/632
f 8632/632 8628/632 8633/632
f 8635/632 8636/632 8623/632
f 8629/632 8635/632 8636/632
f 8634/632 8630/632 8637/632
f 8638/632 8624/632 8627/632
f 8640/632 8654/632 8641/632
f 8643/632 8649/632 8644/632
f 8645/632 8653/632 8646/632
f 8648/632 8644/632 8649/632
f 8651/632 8652/632 8639/632
f 8645/632 8651/632 8652/632
f 8650/632 8646/632 8653/632
f 8654/632 8640/632 8643/632
f 8655/632 8670/632 8656/632
f 8658/632 8665/632 8659/632
f 8661/632 8669/632 8662/632
f 8665/632 8658/632 8666/632
f 8657/632 8668/632 8667/632
f 8661/632 8667/632 8668/632
f 8669/632 8662/632 8664/632
f 8659/632 8656/632 8670/632
f 8671/632 8686/632 8672/632
f 8674/632 8681/632 8675/632
f 8677/632 8685/632 8678/632
f 8681/632 8674/632 8682/632
f 8673/632 8684/632 8683/632
f 8677/632 8683/632 8684/632
f 8685/632 8678/632 8680/632
f 8675/632 8672/632 8686/632
f 8687/632 8702/632 8688/632
f 8690/632 8697/632 8691/632
f 8693/632 8701/632 8694/632
f 8697/632 8690/632 8698/632
f 8689/632 8700/632 8699/632
f 8693/632 8699/632 8700/632
f 8701/632 8694/632 8696/632
f 8691/632 8688/632 8702/632
f 8703/632 9104/632 8704/632
f 8706/632 9104/632 8704/632
f 8708/632 8713/632 8709/632
f 8711/632 8703/632 8705/632
f 8713/632 8706/632 8707/632
f 8714/632 9105/632 8715/632
f 8717/632 9105/632 8715/632
f 8719/632 8724/632 8720/632
f 8722/632 8714/632 8716/632
f 8724/632 8717/632 8718/632
f 8725/632 9106/632 8726/632
f 8728/632 9106/632 8726/632
f 8730/632 8735/632 8731/632
f 8733/632 8725/632 8727/632
f 8735/632 8728/632 8729/632
f 8736/632 9107/632 8737/632
f 8739/632 9107/632 8737/632
f 8741/632 8746/632 8742/632
f 8744/632 8736/632 8738/632
f 8746/632 8739/632 8740/632
f 8748/632 9108/632 8749/632
f 8750/632 9108/632 8748/632
f 8752/632 8757/632 8753/632
f 8747/632 8749/632 8756/632
f 8757/632 8750/632 8751/632
f 8759/632 9109/632 8760/632
f 8761/632 9109/632 8759/632
f 8763/632 8768/632 8764/632
f 8758/632 8760/632 8767/632
f 8768/632 8761/632 8762/632
f 8769/632 9110/632 8770/632
f 8770/632 9110/632 8773/632
f 8775/632 8779/632 8776/632
f 8777/632 8769/632 8771/632
f 8772/632 8773/632 8779/632
f 8780/632 9111/632 8781/632
f 8781/632 9111/632 8784/632
f 8786/632 8790/632 8787/632
f 8788/632 8780/632 8782/632
f 8783/632 8784/632 8790/632
f 8791/632 9112/632 8792/632
f 8792/632 9112/632 8795/632
f 8797/632 8801/632 8798/632
f 8799/632 8791/632 8793/632
f 8794/632 8795/632 8801/632
f 8802/632 9113/632 8803/632
f 8803/632 9113/632 8806/632
f 8808/632 8812/632 8809/632
f 8810/632 8802/632 8804/632
f 8805/632 8806/632 8812/632
f 8813/632 9114/632 8814/632
f 8816/632 9114/632 8814/632
f 8818/632 8823/632 8819/632
f 8821/632 8813/632 8815/632
f 8823/632 8816/632 8817/632
f 8824/632 9115/632 8825/632
f 8827/632 9115/632 8825/632
f 8829/632 8834/632 8830/632
f 8832/632 8824/632 8826/632
f 8834/632 8827/632 8828/632
f 8835/632 8895/632 8836/632
f 8838/632 8847/632 8839/632
f 8841/632 8897/632 8842/632
f 8835/632 8837/632 8844/632
f 8846/632 8851/632 8847/632
f 8845/632 8844/632 8848/632
f 8846/632 8855/632 8850/632
f 8852/632 8849/632 8848/632
f 8854/632 8859/632 8850/632
f 8852/632 8853/632 8856/632
f 8858/632 8863/632 8859/632
f 8857/632 8856/632 8860/632
f 8862/632 8867/632 8863/632
f 8861/632 8860/632 8864/632
f 8862/632 8871/632 8866/632
f 8868/632 8865/632 8864/632
f 8870/632 8875/632 8866/632
f 8872/632 8868/632 8869/632
f 8874/632 8879/632 8875/632
f 8872/632 8873/632 8876/632
f 8878/632 9116/632 8879/632
f 8880/632 8885/632 8881/632
f 8877/632 8876/632 8883/632
f 8885/632 8891/632 8886/632
f 8884/632 8883/632 8887/632
f 8880/632 8882/632 8889/632
f 8891/632 8896/632 8892/632
f 8893/632 8888/632 8887/632
f 8895/632 8890/632 8889/632
f 8896/632 8840/632 8839/632
f 8897/632 8893/632 8894/632
f 8898/632 8904/632 8899/632
f 8901/632 9117/632 8902/632
f 8904/632 8901/632 8903/632
f 8905/632 8975/632 8906/632
f 8907/632 8906/632 8908/632
f 8910/632 8916/632 8911/632
f 8913/632 9118/632 8914/632
f 8916/632 8913/632 8915/632
f 8917/632 8974/632 8918/632
f 8919/632 8918/632 8920/632
f 8922/632 8928/632 8923/632
f 8925/632 9119/632 8926/632
f 8928/632 8925/632 8927/632
f 8929/632 8973/632 8930/632
f 8931/632 8930/632 8932/632
f 8934/632 8940/632 8935/632
f 8937/632 9120/632 8938/632
f 8940/632 8937/632 8939/632
f 8941/632 8972/632 8942/632
f 8943/632 8942/632 8944/632
f 8946/632 8952/632 8947/632
f 8949/632 9121/632 8950/632
f 8952/632 8949/632 8951/632
f 8953/632 8971/632 8954/632
f 8955/632 8954/632 8956/632
f 8958/632 8964/632 8959/632
f 8961/632 9122/632 8962/632
f 8964/632 8961/632 8963/632
f 8965/632 8970/632 8966/632
f 8967/632 8966/632 8968/632
f 8958/632 8960/632 8970/632
f 8946/632 8948/632 8971/632
f 8934/632 8936/632 8972/632
f 8922/632 8924/632 8973/632
f 8910/632 8912/632 8974/632
f 8898/632 8900/632 8975/632
f 8977/633 8980/633 8978/633
f 8979/633 8991/633 8980/633
f 8982/633 9123/633 8983/633
f 8978/633 8985/633 8984/633
f 8985/633 9061/633 8986/633
f 8987/633 9123/633 8982/633
f 9124/633 9125/633 8989/633
f 9124/633 8992/633 9125/633
f 8991/633 9126/633 9124/633
f 8991/633 9124/633 8989/633
f 8991/633 8979/633 9126/633
f 8992/633 9124/633 8981/633
f 8983/633 9125/633 8992/633
f 8993/634 9004/634 8994/634
f 8994/634 9004/634 8998/634
f 8998/634 9000/634 8996/634
f 9000/634 9007/634 8996/634
f 8996/634 9008/634 8997/634
f 8998/634 8997/634 8994/634
f 8999/634 9006/634 9000/634
f 9001/634 9008/634 8996/634
f 8995/634 8994/634 8997/634
f 8993/634 8999/634 8998/634
f 9005/634 9007/634 9000/634
f 9002/634 8996/634 9007/634
f 9003/634 8997/634 9008/634
f 9010/633 9013/633 9011/633
f 9012/633 9024/633 9013/633
f 9015/633 9127/633 9016/633
f 9011/633 9018/633 9017/633
f 9018/633 9065/633 9019/633
f 9020/633 9127/633 9015/633
f 9128/633 9025/633 9022/633
f 9128/633 9026/633 9025/633
f 9024/633 9129/633 9128/633
f 9024/633 9128/633 9022/633
f 9024/633 9012/633 9129/633
f 9026/633 9014/633 9016/633
f 9026/633 9128/633 9014/633
f 9028/634 9038/634 9029/634
f 9030/634 9038/634 9028/634
f 9032/634 9039/634 9030/634
f 9032/634 9041/634 9039/634
f 9031/634 9042/634 9032/634
f 9028/634 9031/634 9030/634
f 9030/634 9039/634 9034/634
f 9032/634 9042/634 9036/634
f 9031/634 9028/634 9027/634
f 9030/634 9033/634 9029/634
f 9039/634 9041/634 9040/634
f 9041/634 9032/634 9035/634
f 9042/634 9031/634 9037/634
f 9043/632 9047/632 9044/632
f 9043/632 9056/632 9046/632
f 9045/632 9044/632 9048/632
f 9051/632 9053/632 9052/632
f 9046/632 9056/632 9052/632
f 9048/632 9051/632 9050/632
f 9054/632 9130/632 9055/632
f 9055/632 9130/632 9057/632
f 9131/633 8986/633 9061/633
f 9061/633 9132/633 9059/633
f 9059/633 9133/633 9060/633
f 9133/633 9062/633 9060/633
f 9060/633 9131/633 9061/633
f 9062/633 9133/633 8987/633
f 8987/633 8988/633 9062/633
f 9134/633 9019/633 9065/633
f 9065/633 9135/633 9063/633
f 9063/633 9136/633 9064/633
f 9136/633 9066/633 9064/633
f 9064/633 9134/633 9065/633
f 9066/633 9136/633 9020/633
f 9020/633 9021/633 9066/633
f 9033/634 9037/634 9027/634
f 9035/634 9036/634 9037/634
f 9034/634 9040/634 9035/634
f 9035/634 9033/634 9034/634
f 9027/634 9029/634 9033/634
f 8993/634 8995/634 8999/634
f 8995/634 9003/634 8999/634
f 9003/634 9001/634 9002/634
f 9002/634 9005/634 9006/634
f 9006/634 8999/634 9002/634
f 9068/632 9070/632 9069/632
f 9071/632 9078/632 9069/632
f 9072/632 9077/632 9068/632
f 9073/632 9076/632 9074/632
f 9073/632 9078/632 9071/632
f 9075/632 9074/632 9077/632
f 9079/632 9137/632 9080/632
f 9082/632 9137/632 9079/632
f 9084/632 9138/632 9085/632
f 9087/632 9084/632 9083/632
f 9088/632 9093/632 9089/632
f 9085/632 9138/632 9091/632
f 9089/632 9087/632 9086/632
f 9092/632 9091/632 9093/632
f 9093/632 9091/632 9094/632
f 9097/632 9138/632 9084/632
f 9089/632 9093/632 9095/632
f 9091/632 9138/632 9097/632
f 9099/632 9087/632 9089/632
f 9096/632 9084/632 9087/632
f 9139/918 9140/918 9141/918
f 9142/918 9143/918 9144/918
f 9141/918 9145/918 9139/918
f 9143/918 9142/918 9146/918
f 9144/918 9143/918 9141/918
f 9144/918 9141/918 9140/918
f 9143/918 9146/918 9145/918
f 9143/918 9145/918 9141/918
f 9146/918 9142/918 9139/918
f 9146/918 9139/918 9145/918
f 9142/918 9144/918 9140/918
f 9142/918 9140/918 9139/918
f 9147/918 9148/918 9149/918
f 9150/918 9151/918 9152/918
f 9149/918 9153/918 9147/918
f 9151/918 9150/918 9154/918
f 9152/918 9151/918 9149/918
f 9152/918 9149/918 9148/918
f 9151/918 9154/918 9153/918
f 9151/918 9153/918 9149/918
f 9154/918 9150/918 9147/918
f 9154/918 9147/918 9153/918
f 9150/918 9152/918 9148/918
f 9150/918 9148/918 9147/918
f 9155/918 9156/918 9157/918
f 9158/918 9159/918 9160/918
f 9157/918 9161/918 9155/918
f 9159/918 9158/918 9162/918
f 9160/918 9159/918 9157/918
f 9160/918 9157/918 9156/918
f 9159/918 9162/918 9161/918
f 9159/918 9161/918 9157/918
f 9162/918 9158/918 9155/918
f 9162/918 9155/918 9161/918
f 9158/918 9160/918 9156/918
f 9158/918 9156/918 9155/918
f 9163/919 9164/919 9165/919
f 9166/919 9167/919 9168/919
f 9165/919 9169/919 9163/919
f 9167/919 9166/919 9170/919
f 9168/919 9167/919 9165/919
f 9168/919 9165/919 9164/919
f 9167/919 9170/919 9169/919
f 9167/919 9169/919 9165/919
f 9170/919 9166/919 9163/919
f 9170/919 9163/919 9169/919
f 9166/919 9168/919 9164/919
f 9166/919 9164/919 9163/919
f 9171/919 9172/919 9173/919
f 9174/919 9175/919 9176/919
f 9173/919 9177/919 9171/919
f 9175/919 9174/919 9178/919
f 9176/919 9175/919 9173/919
f 9176/919 9173/919 9172/919
f 9175/919 9178/919 9177/919
f 9175/919 9177/919 9173/919
f 9178/919 9174/919 9171/919
f 9178/919 9171/919 9177/919
f 9174/919 9176/919 9172/919
f 9174/919 9172/919 9171/919
f 9179/919 9180/919 9181/919
f 9182/919 9183/919 9184/919
f 9181/919 9185/919 9179/919
f 9183/919 9182/919 9186/919
f 9184/919 9183/919 9181/919
f 9184/919 9181/919 9180/919
f 9183/919 9186/919 9185/919
f 9183/919 9185/919 9181/919
f 9186/919 9182/919 9179/919
f 9186/919 9179/919 9185/919
f 9182/919 9184/919 9180/919
f 9182/919 9180/919 9179/919
f 9187/919 9188/919 9189/919
f 9190/919 9191/919 9192/919
f 9189/919 9193/919 9187/919
f 9191/919 9190/919 9194/919
f 9192/919 9191/919 9189/919
f 9192/919 9189/919 9188/919
f 9191/919 9194/919 9193/919
f 9191/919 9193/919 9189/919
f 9194/919 9190/919 9187/919
f 9194/919 9187/919 9193/919
f 9190/919 9192/919 9188/919
f 9190/919 9188/919 9187/919
f 9195/919 9196/919 9197/919
f 9198/919 9199/919 9200/919
f 9197/919 9201/919 9195/919
f 9199/919 9198/919 9202/919
f 9200/919 9199/919 9197/919
f 9200/919 9197/919 9196/919
f 9199/919 9202/919 9201/919
f 9199/919 9201/919 9197/919
f 9202/919 9198/919 9195/919
f 9202/919 9195/919 9201/919
f 9198/919 9200/919 9196/919
f 9198/919 9196/919 9195/919
f 9203/919 9204/919 9205/919
f 9206/919 9207/919 9208/919
f 9205/919 9209/919 9203/919
f 9207/919 9206/919 9210/919
f 9208/919 9207/919 9205/919
f 9208/919 9205/919 9204/919
f 9207/919 9210/919 9209/919
f 9207/919 9209/919 9205/919
f 9210/919 9206/919 9203/919
f 9210/919 9203/919 9209/919
f 9206/919 9208/919 9204/919
f 9206/919 9204/919 9203/919
f 9211/919 9212/919 9213/919
f 9214/919 9215/919 9216/919
f 9213/919 9217/919 9211/919
f 9215/919 9214/919 9218/919
f 9216/919 9215/919 9213/919
f 9216/919 9213/919 9212/919
f 9215/919 9218/919 9217/919
f 9215/919 9217/919 9213/919
f 9218/919 9214/919 9211/919
f 9218/919 9211/919 9217/919
f 9214/919 9216/919 9212/919
f 9214/919 9212/919 9211/919
f 9219/919 9220/919 9221/919
f 9222/919 9223/919 9224/919
f 9221/919 9225/919 9219/919
f 9223/919 9222/919 9226/919
f 9224/919 9223/919 9221/919
f 9224/919 9221/919 9220/919
f 9223/919 9226/919 9225/919
f 9223/919 9225/919 9221/919
f 9226/919 9222/919 9219/919
f 9226/919 9219/919 9225/919
f 9222/919 9224/919 9220/919
f 9222/919 9220/919 9219/919
f 9227/919 9228/919 9229/919
f 9230/919 9231/919 9232/919
f 9229/919 9233/919 9227/919
f 9231/919 9230/919 9234/919
f 9232/919 9231/919 9229/919
f 9232/919 9229/919 9228/919
f 9231/919 9234/919 9233/919
f 9231/919 9233/919 9229/919
f 9234/919 9230/919 9227/919
f 9234/919 9227/919 9233/919
f 9230/919 9232/919 9228/919
f 9230/919 9228/919 9227/919
f 9235/919 9236/919 9237/919
f 9238/919 9239/919 9240/919
f 9237/919 9241/919 9235/919
f 9239/919 9238/919 9242/919
f 9240/919 9239/919 9237/919
f 9240/919 9237/919 9236/919
f 9239/919 9242/919 9241/919
f 9239/919 9241/919 9237/919
f 9242/919 9238/919 9235/919
f 9242/919 9235/919 9241/919
f 9238/919 9240/919 9236/919
f 9238/919 9236/919 9235/919
f 9243/918 9244/918 9245/918
f 9246/918 9247/918 9248/918
f 9245/918 9249/918 9250/918
f 9247/918 9251/918 9252/918
f 9243/918 9245/918 9250/918
f 9246/918 9251/918 9247/918
f 9250/918 9253/918 9243/918
f 9251/918 9246/918 9254/918
f 9248/918 9247/918 9245/918
f 9248/918 9245/918 9244/918
f 9247/918 9252/918 9249/918
f 9247/918 9249/918 9245/918
f 9252/918 9251/918 9250/918
f 9252/918 9250/918 9249/918
f 9251/918 9254/918 9253/918
f 9251/918 9253/918 9250/918
f 9254/918 9246/918 9243/918
f 9254/918 9243/918 9253/918
f 9246/918 9248/918 9244/918
f 9246/918 9244/918 9243/918
f 9255/918 9256/918 9257/918
f 9258/918 9259/918 9260/918
f 9257/918 9261/918 9262/918
f 9259/918 9263/918 9264/918
f 9255/918 9257/918 9262/918
f 9258/918 9263/918 9259/918
f 9262/918 9265/918 9255/918
f 9263/918 9258/918 9266/918
f 9260/918 9259/918 9257/918
f 9260/918 9257/918 9256/918
f 9259/918 9264/918 9261/918
f 9259/918 9261/918 9257/918
f 9264/918 9263/918 9262/918
f 9264/918 9262/918 9261/918
f 9263/918 9266/918 9265/918
f 9263/918 9265/918 9262/918
f 9266/918 9258/918 9255/918
f 9266/918 9255/918 9265/918
f 9258/918 9260/918 9256/918
f 9258/918 9256/918 9255/918
g item_bladens
f 9267/3 9268/2 9269/1
f 9270/4 9271/3 9267/1
f 9268/7 9272/6 9269/5
f 9270/2 9273/8 9274/4
f 9272/6 9275/6 9273/6
f 9271/3 9276/4 9267/1
f 9274/4 9277/10 9278/9
f 9279/6 9280/6 9281/6
f 9277/6 9282/6 9283/6
f 9284/12 9285/3 9286/11
f 9287/15 9281/14 9288/13
f 9278/9 9283/17 9289/16
f 9273/6 9290/6 9277/6
f 9291/12 9292/3 9293/11
f 9276/4 9294/11 9295/12
f 9294/3 9278/12 9296/11
f 9279/6 9297/6 9298/6
f 9299/19 9279/18 9287/15
f 9300/6 9282/6 9297/6
f 9293/3 9287/12 9285/11
f 9292/3 9299/12 9293/11
f 9284/4 9301/11 9302/12
f 9302/4 9303/21 9304/20
f 9289/16 9300/22 9299/19
f 9281/14 9305/23 9288/13
f 9288/4 9301/11 9286/3
f 9306/6 9307/6 9308/6
f 9280/6 9308/6 9281/6
f 9309/12 9293/3 9285/11
f 9310/12 9294/3 9296/11
f 9296/3 9289/12 9292/11
f 9272/2 9267/3 9269/1
f 9311/12 9296/3 9292/11
f 9312/24 9313/25 9314/24
f 9313/25 9315/25 9316/25
f 9317/25 9313/25 9316/25
f 9314/25 9313/25 9317/25
f 9318/25 9314/25 9317/25
f 9319/28 9320/27 9321/26
f 9322/25 9315/25 9313/25
f 9323/31 9324/30 9325/29
f 9326/33 9327/32 9324/30
f 9328/34 9326/35 9323/34
f 9329/30 9328/31 9330/29
f 9331/38 9332/37 9333/36
f 9334/27 9333/38 9335/39
f 9336/36 9337/41 9338/40
f 9320/27 9339/38 9336/36
f 9315/25 9340/25 9316/25
f 9326/35 9341/42 9342/42
f 9329/45 9343/44 9344/43
f 9339/48 9345/47 9346/46
f 9346/46 9347/50 9348/49
f 9349/51 9350/47 9351/46
f 9352/50 9351/46 9353/49
f 9308/52 9354/12 9305/23
f 9355/28 9334/27 9335/39
f 9305/4 9303/11 9301/3
f 9285/3 9288/12 9286/11
f 9270/4 9294/11 9271/3
f 9280/14 9309/15 9284/13
f 9295/55 9290/54 9275/53
f 9282/58 9310/57 9311/56
f 9280/14 9302/60 9306/59
f 9297/22 9311/56 9291/19
f 9306/59 9304/12 9356/61
f 9298/18 9291/19 9309/15
f 9276/2 9275/53 9268/62
f 9357/64 9328/63 9358/63
f 9359/65 9352/66 9353/65
f 9327/67 9360/68 9361/67
f 9362/70 9345/69 9363/69
f 9364/71 9365/71 9366/71
f 9367/71 9368/71 9369/71
f 9370/71 9371/71 9372/71
f 9373/71 9374/71 9375/71
f 9376/71 9365/71 9377/71
f 9378/71 9379/71 9380/71
f 9381/71 9382/71 9370/71
f 9383/71 9384/71 9374/71
f 9385/71 9376/71 9386/71
f 9387/71 9388/71 9389/71
f 9390/71 9391/71 9392/71
f 9393/71 9394/71 9395/71
f 9396/71 9397/71 9387/71
f 9398/71 9399/71 9400/71
f 9401/71 9402/71 9396/71
f 9403/71 9404/71 9405/71
f 9406/71 9407/71 9408/71
f 9409/71 9410/71 9411/71
f 9412/71 9413/71 9414/71
f 9415/71 9416/71 9417/71
f 9418/71 9419/71 9420/71
f 9421/71 9422/71 9423/71
f 9367/71 9424/71 9425/71
f 9426/71 9375/71 9427/71
f 9428/71 9429/71 9430/71
f 9431/71 9432/71 9379/71
f 9433/71 9434/71 9384/71
f 9411/71 9435/71 9436/71
f 9437/71 9432/71 9438/71
f 9439/71 9434/71 9440/71
f 9413/71 9441/71 9442/71
f 9443/71 9444/71 9415/71
f 9445/71 9446/71 9389/71
f 9447/71 9448/71 9381/71
f 9449/71 9435/71 9450/71
f 9451/71 9452/71 9443/71
f 9453/71 9422/71 9454/71
f 9455/71 9412/71 9456/71
f 9457/71 9458/71 9451/71
f 9459/71 9460/71 9437/71
f 9407/71 9453/71 9461/71
f 9462/71 9463/71 9456/71
f 9457/71 9464/71 9465/71
f 9466/71 9467/71 9462/71
f 9468/71 9469/71 9464/71
f 9470/71 9471/71 9472/71
f 9473/71 9391/71 9474/71
f 9475/71 9476/71 9469/71
f 9471/71 9385/71 9477/71
f 9478/71 9479/71 9473/71
f 9480/71 9481/71 9482/71
f 9483/71 9484/71 9476/71
f 9404/71 9399/71 9485/71
f 9486/71 9487/71 9368/71
f 9488/71 9489/71 9490/71
f 9441/71 9491/71 9492/71
f 9493/71 9494/71 9484/71
f 9495/71 9494/71 9496/71
f 9497/71 9380/71 9487/71
f 9488/71 9498/71 9499/71
f 9500/71 9501/71 9502/71
f 9393/71 9503/71 9495/71
f 9504/71 9505/71 9506/71
f 9507/71 9508/71 9498/71
f 9449/71 9450/71 9466/71
f 9401/71 9416/71 9402/71
f 9509/71 9510/71 9508/71
f 9511/71 9512/71 9510/71
f 9513/71 9514/71 9512/71
f 9482/71 9515/71 9516/71
f 9517/71 9518/71 9439/71
f 9491/71 9501/71 9519/71
f 9446/71 9406/71 9520/71
f 9521/71 9470/71 9522/71
f 9447/71 9515/71 9448/71
f 9490/71 9523/71 9480/71
f 9524/71 9525/71 9526/71
f 9429/71 9403/71 9527/71
f 9400/71 9528/71 9517/71
f 9529/71 9514/71 9530/71
f 9390/71 9392/71 9524/71
f 9423/71 9531/71 9459/71
f 9418/71 9427/71 9532/71
f 9504/71 9533/71 9529/71
f 9425/71 9534/71 9478/71
f 9535/71 9428/71 9372/71
f 9420/71 9536/71 9409/71
f 9526/71 9537/71 9522/71
f 9538/71 9539/71 9417/71
f 9540/71 9541/71 9539/71
f 9542/71 9459/71 9437/71
f 9543/71 9544/71 9545/71
f 9543/71 9473/71 9474/71
f 9546/71 9473/71 9543/71
f 9547/71 9497/71 9486/71
f 9548/71 9378/71 9497/71
f 9549/71 9366/71 9504/71
f 9538/71 9417/71 9401/71
f 9550/71 9551/71 9436/71
f 9552/71 9553/71 9554/71
f 9555/71 9408/71 9556/71
f 9557/71 9490/71 9480/71
f 9558/71 9529/71 9530/71
f 9549/71 9504/71 9529/71
f 9559/71 9526/71 9522/71
f 9560/71 9561/71 9562/71
f 9563/71 9554/71 9564/71
f 9565/71 9566/71 9567/71
f 9568/71 9569/71 9570/71
f 9556/71 9461/71 9571/71
f 9560/71 9415/71 9417/71
f 9572/71 9425/71 9573/71
f 9574/71 9438/71 9431/71
f 9575/71 9437/71 9438/71
f 9576/71 9520/71 9555/71
f 9577/71 9570/71 9578/71
f 9579/71 9580/71 9581/71
f 9581/71 9582/71 9583/71
f 9584/71 9477/71 9585/71
f 9585/71 9386/71 9586/71
f 9587/71 9588/71 9589/71
f 9589/71 9590/71 9591/71
f 9591/71 9592/71 9593/71
f 9593/71 9594/71 9595/71
f 9595/71 9596/71 9597/71
f 9598/71 9599/71 9600/71
f 9601/71 9439/71 9602/71
f 9565/71 9603/71 9604/71
f 9601/71 9400/71 9517/71
f 9605/71 9606/71 9607/71
f 9608/71 9420/71 9409/71
f 9609/71 9383/71 9373/71
f 9610/71 9433/71 9383/71
f 9611/71 9502/71 9393/71
f 9612/71 9400/71 9601/71
f 9607/71 9613/71 9614/71
f 9614/71 9615/71 9616/71
f 9617/71 9474/71 9618/71
f 9619/71 9527/71 9620/71
f 9605/71 9411/71 9436/71
f 9621/71 9415/71 9560/71
f 9621/71 9451/71 9443/71
f 9622/71 9451/71 9623/71
f 9622/71 9468/71 9457/71
f 9624/71 9475/71 9468/71
f 9625/71 9483/71 9475/71
f 9626/71 9493/71 9483/71
f 9627/71 9496/71 9493/71
f 9628/71 9502/71 9611/71
f 9629/71 9630/71 9631/71
f 9631/71 9632/71 9633/71
f 9633/71 9634/71 9635/71
f 9636/71 9637/71 9638/71
f 9639/71 9640/71 9641/71
f 9620/71 9405/71 9642/71
f 9643/71 9426/71 9418/71
f 9644/71 9430/71 9619/71
f 9644/71 9370/71 9372/71
f 9645/71 9370/71 9646/71
f 9618/71 9474/71 9390/71
f 9647/71 9637/71 9648/71
f 9642/71 9485/71 9649/71
f 9650/71 9442/71 9651/71
f 9652/71 9653/71 9654/71
f 9655/71 9656/71 9657/71
f 9658/71 9657/71 9551/71
f 9651/71 9492/71 9659/71
f 9550/71 9436/71 9449/71
f 9660/71 9414/71 9650/71
f 9660/71 9462/71 9456/71
f 9661/71 9462/71 9662/71
f 9663/71 9664/71 9653/71
f 9665/71 9654/71 9656/71
f 9659/71 9519/71 9666/71
f 9667/71 9664/71 9668/71
f 9636/71 9596/71 9669/71
f 9670/71 9516/71 9671/71
f 9587/71 9516/71 9672/71
f 9673/71 9482/71 9516/71
f 9671/71 9516/71 9447/71
f 9674/71 9578/71 9541/71
f 9542/71 9423/71 9459/71
f 9546/71 9425/71 9478/71
f 9572/71 9486/71 9367/71
f 9675/71 9431/71 9378/71
f 9576/71 9387/71 9389/71
f 9676/71 9387/71 9677/71
f 9676/71 9401/71 9396/71
f 9678/71 9603/71 9569/71
f 9679/71 9423/71 9680/71
f 9545/71 9681/71 9682/71
f 9682/71 9683/71 9684/71
f 9684/71 9685/71 9579/71
f 9598/71 9582/71 9686/71
f 9687/71 9421/71 9679/71
f 9571/71 9454/71 9687/71
f 9688/71 9564/71 9689/71
f 9617/71 9689/71 9690/71
f 9557/71 9482/71 9673/71
f 9691/71 9490/71 9692/71
f 9691/71 9507/71 9488/71
f 9693/71 9509/71 9507/71
f 9694/71 9511/71 9509/71
f 9695/71 9513/71 9511/71
f 9696/71 9530/71 9513/71
f 9559/71 9472/71 9584/71
f 9697/71 9526/71 9698/71
f 9697/71 9390/71 9524/71
f 9699/71 9599/71 9553/71
f 9700/71 9366/71 9701/71
f 9702/71 9364/71 9700/71
f 9586/71 9377/71 9702/71
f 9703/71 9648/71 9704/71
f 9670/71 9641/71 9705/71
f 9608/71 9411/71 9605/71
f 9643/71 9420/71 9706/71
f 9707/71 9373/71 9426/71
f 9708/71 9440/71 9433/71
f 9709/71 9439/71 9440/71
f 9645/71 9447/71 9381/71
f 9710/71 9704/71 9640/71
f 9616/71 9711/71 9712/71
f 9712/71 9713/71 9714/71
f 9714/71 9715/71 9716/71
f 9667/71 9715/71 9717/71
f 9649/71 9398/71 9612/71
f 9718/71 9495/71 9496/71
f 9611/71 9495/71 9719/71
f 9661/71 9449/71 9466/71
f 9562/71 9720/71 9629/71
f 9635/71 9566/71 9721/71
f 9666/71 9500/71 9628/71
f 9722/71 9365/71 9723/71
f 9369/71 9368/71 9724/71
f 9725/71 9371/71 9726/71
f 9375/71 9374/71 9727/71
f 9728/71 9365/71 9376/71
f 9380/71 9379/71 9729/71
f 9726/71 9382/71 9730/71
f 9374/71 9384/71 9731/71
f 9732/71 9376/71 9385/71
f 9733/71 9388/71 9734/71
f 9392/71 9391/71 9735/71
f 9395/71 9394/71 9736/71
f 9734/71 9397/71 9737/71
f 9738/71 9399/71 9739/71
f 9737/71 9402/71 9740/71
f 9741/71 9404/71 9403/71
f 9742/71 9407/71 9406/71
f 9743/71 9410/71 9744/71
f 9745/71 9413/71 9412/71
f 9746/71 9416/71 9747/71
f 9748/71 9419/71 9749/71
f 9750/71 9422/71 9751/71
f 9752/71 9424/71 9724/71
f 9427/71 9375/71 9753/71
f 9754/71 9429/71 9428/71
f 9379/71 9432/71 9755/71
f 9384/71 9434/71 9756/71
f 9757/71 9435/71 9743/71
f 9758/71 9432/71 9759/71
f 9760/71 9434/71 9761/71
f 9762/71 9441/71 9413/71
f 9747/71 9444/71 9763/71
f 9733/71 9446/71 9445/71
f 9730/71 9448/71 9764/71
f 9450/71 9435/71 9765/71
f 9763/71 9452/71 9766/71
f 9767/71 9422/71 9453/71
f 9768/71 9412/71 9455/71
f 9766/71 9458/71 9769/71
f 9759/71 9460/71 9770/71
f 9771/71 9453/71 9407/71
f 9768/71 9463/71 9772/71
f 9465/71 9464/71 9769/71
f 9772/71 9467/71 9773/71
f 9464/71 9469/71 9774/71
f 9775/71 9471/71 9470/71
f 9776/71 9391/71 9777/71
f 9469/71 9476/71 9778/71
f 9779/71 9385/71 9471/71
f 9777/71 9479/71 9780/71
f 9781/71 9481/71 9782/71
f 9476/71 9484/71 9783/71
f 9784/71 9399/71 9404/71
f 9368/71 9487/71 9785/71
f 9786/71 9489/71 9787/71
f 9788/71 9491/71 9441/71
f 9484/71 9494/71 9789/71
f 9790/71 9494/71 9791/71
f 9487/71 9380/71 9792/71
f 9499/71 9498/71 9787/71
f 9793/71 9501/71 9794/71
f 9791/71 9503/71 9736/71
f 9506/71 9505/71 9795/71
f 9498/71 9508/71 9796/71
f 9773/71 9450/71 9765/71
f 9402/71 9416/71 9740/71
f 9508/71 9510/71 9797/71
f 9510/71 9512/71 9798/71
f 9512/71 9514/71 9799/71
f 9800/71 9515/71 9781/71
f 9761/71 9518/71 9801/71
f 9802/71 9501/71 9491/71
f 9803/71 9406/71 9446/71
f 9804/71 9470/71 9521/71
f 9448/71 9515/71 9764/71
f 9782/71 9523/71 9786/71
f 9805/71 9525/71 9806/71
f 9807/71 9403/71 9429/71
f 9801/71 9528/71 9738/71
f 9808/71 9514/71 9809/71
f 9806/71 9392/71 9735/71
f 9770/71 9531/71 9750/71
f 9532/71 9427/71 9749/71
f 9809/71 9533/71 9795/71
f 9780/71 9534/71 9752/71
f 9725/71 9428/71 9535/71
f 9744/71 9536/71 9748/71
f 9804/71 9537/71 9805/71
f 9746/71 9810/71 9811/71
f 9810/71 9812/71 9813/71
f 9759/71 9770/71 9814/71
f 9815/71 9816/71 9817/71
f 9776/71 9777/71 9817/71
f 9817/71 9777/71 9818/71
f 9785/71 9792/71 9819/71
f 9792/71 9729/71 9820/71
f 9795/71 9722/71 9821/71
f 9740/71 9746/71 9811/71
f 9757/71 9822/71 9823/71
f 9824/71 9825/71 9826/71
f 9827/71 9742/71 9828/71
f 9782/71 9786/71 9829/71
f 9808/71 9809/71 9830/71
f 9809/71 9795/71 9821/71
f 9804/71 9805/71 9831/71
f 9832/71 9833/71 9834/71
f 9835/71 9824/71 9836/71
f 9837/71 9838/71 9839/71
f 9840/71 9841/71 9842/71
f 9843/71 9771/71 9827/71
f 9746/71 9747/71 9834/71
f 9844/71 9752/71 9845/71
f 9755/71 9758/71 9846/71
f 9758/71 9759/71 9847/71
f 9828/71 9803/71 9848/71
f 9849/71 9840/71 9850/71
f 9851/71 9852/71 9853/71
f 9854/71 9855/71 9851/71
f 9856/71 9779/71 9857/71
f 9858/71 9732/71 9856/71
f 9859/71 9860/71 9861/71
f 9862/71 9863/71 9859/71
f 9864/71 9865/71 9862/71
f 9866/71 9867/71 9864/71
f 9868/71 9869/71 9866/71
f 9870/71 9871/71 9872/71
f 9761/71 9801/71 9873/71
f 9874/71 9875/71 9839/71
f 9801/71 9738/71 9873/71
f 9876/71 9757/71 9877/71
f 9744/71 9748/71 9878/71
f 9727/71 9731/71 9879/71
f 9731/71 9756/71 9880/71
f 9736/71 9793/71 9881/71
f 9873/71 9738/71 9882/71
f 9883/71 9884/71 9877/71
f 9885/71 9886/71 9883/71
f 9887/71 9776/71 9888/71
f 9889/71 9807/71 9890/71
f 9757/71 9743/71 9891/71
f 9834/71 9747/71 9892/71
f 9763/71 9766/71 9892/71
f 9893/71 9766/71 9894/71
f 9769/71 9774/71 9894/71
f 9774/71 9778/71 9895/71
f 9778/71 9783/71 9896/71
f 9783/71 9789/71 9897/71
f 9789/71 9790/71 9898/71
f 9881/71 9793/71 9899/71
f 9900/71 9901/71 9902/71
f 9903/71 9904/71 9900/71
f 9905/71 9906/71 9903/71
f 9907/71 9908/71 9909/71
f 9910/71 9911/71 9912/71
f 9913/71 9741/71 9889/71
f 9749/71 9753/71 9914/71
f 9890/71 9754/71 9915/71
f 9725/71 9726/71 9915/71
f 9916/71 9726/71 9917/71
f 9735/71 9776/71 9887/71
f 9918/71 9908/71 9919/71
f 9920/71 9784/71 9913/71
f 9921/71 9762/71 9922/71
f 9923/71 9924/71 9925/71
f 9926/71 9927/71 9928/71
f 9822/71 9926/71 9929/71
f 9930/71 9788/71 9921/71
f 9765/71 9757/71 9823/71
f 9922/71 9745/71 9931/71
f 9768/71 9772/71 9931/71
f 9932/71 9772/71 9933/71
f 9924/71 9934/71 9935/71
f 9927/71 9923/71 9936/71
f 9937/71 9802/71 9930/71
f 9938/71 9934/71 9939/71
f 9940/71 9869/71 9909/71
f 9941/71 9800/71 9942/71
f 9943/71 9800/71 9861/71
f 9800/71 9781/71 9944/71
f 9764/71 9800/71 9941/71
f 9812/71 9849/71 9945/71
f 9770/71 9750/71 9814/71
f 9780/71 9752/71 9818/71
f 9724/71 9785/71 9845/71
f 9729/71 9755/71 9946/71
f 9733/71 9734/71 9848/71
f 9947/71 9734/71 9948/71
f 9737/71 9740/71 9948/71
f 9841/71 9875/71 9949/71
f 9950/71 9750/71 9951/71
f 9952/71 9953/71 9815/71
f 9954/71 9955/71 9952/71
f 9853/71 9956/71 9954/71
f 9957/71 9855/71 9872/71
f 9951/71 9751/71 9958/71
f 9958/71 9767/71 9843/71
f 9959/71 9835/71 9960/71
f 9961/71 9959/71 9888/71
f 9944/71 9781/71 9829/71
f 9962/71 9786/71 9963/71
f 9787/71 9796/71 9963/71
f 9796/71 9797/71 9964/71
f 9797/71 9798/71 9965/71
f 9798/71 9799/71 9966/71
f 9799/71 9808/71 9967/71
f 9857/71 9775/71 9831/71
f 9968/71 9805/71 9969/71
f 9806/71 9735/71 9969/71
f 9825/71 9871/71 9970/71
f 9971/71 9722/71 9972/71
f 9972/71 9723/71 9973/71
f 9973/71 9728/71 9858/71
f 9974/71 9918/71 9975/71
f 9976/71 9910/71 9942/71
f 9891/71 9743/71 9878/71
f 9977/71 9748/71 9914/71
f 9753/71 9727/71 9978/71
f 9756/71 9760/71 9979/71
f 9760/71 9761/71 9980/71
f 9730/71 9764/71 9917/71
f 9911/71 9974/71 9981/71
f 9982/71 9983/71 9885/71
f 9984/71 9985/71 9982/71
f 9986/71 9987/71 9984/71
f 9988/71 9987/71 9939/71
f 9882/71 9739/71 9920/71
f 9790/71 9791/71 9989/71
f 9990/71 9791/71 9881/71
f 9773/71 9765/71 9933/71
f 9902/71 9991/71 9832/71
f 9992/71 9838/71 9905/71
f 9899/71 9794/71 9937/71
f 9681/72 9816/72 9953/72
f 9685/72 9852/72 9580/72
f 9580/72 9855/72 9582/72
f 9681/72 9955/72 9683/72
f 9686/72 9871/72 9599/72
f 9685/72 9955/72 9956/72
f 9582/72 9957/72 9686/72
f 9599/72 9825/72 9553/72
f 9564/72 9824/72 9835/72
f 9553/72 9824/72 9554/72
f 9564/72 9959/72 9689/72
f 9690/72 9776/72 9474/72
f 9689/72 9961/72 9690/72
f 9551/72 9926/72 9822/72
f 9551/72 9757/72 9436/72
f 9669/72 9908/72 9637/72
f 9704/72 9911/72 9640/72
f 9641/72 9911/72 9910/72
f 9541/72 9849/72 9812/72
f 9567/72 9875/72 9603/72
f 9711/72 9886/72 9983/72
f 9711/72 9985/72 9713/72
f 9417/72 9810/72 9746/72
f 9578/72 9840/72 9849/72
f 9715/72 9985/72 9987/72
f 9541/72 9810/72 9539/72
f 9715/72 9988/72 9717/72
f 9653/72 9934/72 9924/72
f 9648/72 9974/72 9704/72
f 9656/72 9923/72 9927/72
f 9641/72 9976/72 9705/72
f 9637/72 9918/72 9648/72
f 9588/72 9943/72 9860/72
f 9717/72 9934/72 9664/72
f 9567/72 9838/72 9837/72
f 9569/72 9875/72 9841/72
f 9590/72 9860/72 9863/72
f 9669/72 9869/72 9940/72
f 9569/72 9840/72 9570/72
f 9606/72 9884/72 9613/72
f 9720/72 9833/72 9991/72
f 9592/72 9863/72 9865/72
f 9630/72 9991/72 9901/72
f 9705/72 9800/72 9516/72
f 9615/72 9884/72 9886/72
f 9566/72 9906/72 9838/72
f 9653/72 9923/72 9654/72
f 9594/72 9865/72 9867/72
f 9632/72 9901/72 9904/72
f 9656/72 9926/72 9657/72
f 9596/72 9867/72 9869/72
f 9632/72 9906/72 9634/72
f 9757/72 9606/72 9436/72
f 9417/72 9833/72 9561/72
f 9474/72 9816/72 9544/72
f 9516/72 9943/72 9672/72
f 9363/69 9993/73 9319/73
f 9994/74 9353/65 9334/74
f 9353/49 9331/48 9334/75
f 9331/48 9350/47 9995/28
f 9339/48 9348/49 9337/75
f 9996/51 9345/47 9343/76
f 9997/77 9361/78 9362/77
f 9998/80 9330/79 9357/79
f 9999/33 9344/32 9341/81
f 9996/84 9330/83 9347/82
f 9324/45 9997/44 9349/84
f 9325/83 9349/84 9352/82
f 9639/87 9670/86 9646/85
f 9919/90 9980/89 9882/88
f 10000/93 9314/92 9318/91
f 9316/96 10001/95 9317/94
f 9317/94 10000/93 9318/91
f 9999/99 10002/98 10003/97
f 10004/100 9999/99 10003/97
f 9999/99 10005/102 10006/101
f 10002/98 9999/99 10006/101
f 10005/101 10007/103 10006/102
f 10003/97 9358/104 10004/100
f 10008/107 10003/106 10002/105
f 10008/107 10006/109 10007/108
f 10004/100 10009/111 10010/110
f 9999/99 10011/112 10005/102
f 10004/100 10012/113 9999/99
f 9360/103 10011/112 10013/114
f 10014/100 10015/113 10016/110
f 9360/103 10017/112 10018/102
f 10019/99 10017/112 10015/113
f 10014/100 10009/111 9358/104
f 10018/102 10019/99 10020/101
f 10008/107 10021/109 10022/108
f 10019/99 10014/100 10021/97
f 10007/104 10018/97 10020/100
f 10021/101 9358/103 10022/115
f 10019/99 10023/98 10020/101
f 10023/98 10019/99 10021/97
f 10008/107 10020/106 10023/105
f 10024/116 10025/116 10026/116
f 10027/116 10028/117 10029/117
f 10030/117 10031/116 10032/116
f 10033/118 10034/116 10024/116
f 10035/118 10036/116 10027/116
f 10033/118 10037/118 10038/118
f 10026/118 10039/118 10035/118
f 10032/116 10037/118 10040/118
f 9343/77 9361/78 9344/78
f 9995/73 9363/69 9319/73
f 9350/69 9362/70 9363/69
f 9344/67 9360/68 9341/68
f 9998/80 9325/79 9352/80
f 9348/65 9994/74 9337/74
f 9347/66 9359/65 9348/65
f 9357/64 9323/63 9325/64
f 9332/37 9319/75 9321/119
f 9337/37 9355/75 9338/120
f 10041/123 10042/122 10043/121
f 10044/123 10045/124 10046/121
f 10047/125 10043/121 10048/124
f 10049/126 10046/121 10050/122
f 9267/3 9276/4 9268/2
f 9270/2 9272/62 9273/8
f 9272/6 9268/7 9275/6
f 9274/4 9273/8 9277/10
f 9279/6 9298/6 9280/6
f 9277/6 9290/6 9282/6
f 9284/12 9309/4 9285/3
f 9287/15 9279/18 9281/14
f 9278/9 9277/10 9283/17
f 9273/6 9275/6 9290/6
f 9291/12 9311/4 9292/3
f 9276/4 9271/3 9294/11
f 9294/3 9274/4 9278/12
f 9279/6 9300/6 9297/6
f 9299/19 9300/22 9279/18
f 9300/6 9283/6 9282/6
f 9293/3 9299/4 9287/12
f 9292/3 9289/4 9299/12
f 9284/4 9286/3 9301/11
f 9302/4 9301/3 9303/21
f 9289/16 9283/17 9300/22
f 9281/14 9308/52 9305/23
f 9288/4 9305/12 9301/11
f 9306/6 9356/6 9307/6
f 9280/6 9306/6 9308/6
f 9309/12 9291/4 9293/3
f 9310/12 9295/4 9294/3
f 9296/3 9278/4 9289/12
f 9272/2 9270/4 9267/3
f 9311/12 9310/4 9296/3
f 9312/24 9322/25 9313/25
f 9319/28 9993/39 9320/27
f 9322/25 10051/25 9315/25
f 9323/31 9326/33 9324/30
f 9326/33 9342/81 9327/32
f 9328/34 9999/35 9326/35
f 9329/30 9999/33 9328/31
f 9331/38 9995/120 9332/37
f 9334/27 9331/36 9333/38
f 9336/36 9339/38 9337/41
f 9320/27 9993/39 9339/38
f 9315/25 10051/25 9340/25
f 9326/35 9999/35 9341/42
f 9329/45 9996/84 9343/44
f 9339/48 9993/28 9345/47
f 9346/46 9996/51 9347/50
f 9349/51 9997/76 9350/47
f 9352/50 9349/51 9351/46
f 9308/52 9307/61 9354/12
f 9355/28 9994/26 9334/27
f 9305/4 9354/12 9303/11
f 9285/3 9287/4 9288/12
f 9270/4 9274/12 9294/11
f 9280/14 9298/18 9309/15
f 9295/55 9310/57 9290/54
f 9282/58 9290/54 9310/57
f 9280/14 9284/13 9302/60
f 9297/22 9282/58 9311/56
f 9306/59 9302/60 9304/12
f 9298/18 9297/22 9291/19
f 9276/2 9295/55 9275/53
f 9357/64 9330/64 9328/63
f 9359/65 9998/66 9352/66
f 9327/67 9342/68 9360/68
f 9362/70 9343/70 9345/69
f 9365/71 9505/71 9366/71
f 9367/71 9486/71 9368/71
f 9371/71 9535/71 9372/71
f 9373/71 9383/71 9374/71
f 9365/71 9364/71 9377/71
f 9378/71 9431/71 9379/71
f 9382/71 9371/71 9370/71
f 9383/71 9433/71 9384/71
f 9376/71 9377/71 9386/71
f 9388/71 9445/71 9389/71
f 9390/71 9474/71 9391/71
f 9393/71 9502/71 9394/71
f 9397/71 9388/71 9387/71
f 9399/71 9528/71 9400/71
f 9402/71 9397/71 9396/71
f 9404/71 9485/71 9405/71
f 9407/71 9461/71 9408/71
f 9409/71 9536/71 9410/71
f 9413/71 9442/71 9414/71
f 9415/71 9444/71 9416/71
f 9418/71 9532/71 9419/71
f 9422/71 9531/71 9423/71
f 9367/71 9369/71 9424/71
f 9426/71 9373/71 9375/71
f 9429/71 9527/71 9430/71
f 9431/71 9438/71 9432/71
f 9433/71 9440/71 9434/71
f 9411/71 9410/71 9435/71
f 9437/71 9460/71 9432/71
f 9439/71 9518/71 9434/71
f 9441/71 9492/71 9442/71
f 9443/71 9452/71 9444/71
f 9446/71 9520/71 9389/71
f 9448/71 9382/71 9381/71
f 9449/71 9436/71 9435/71
f 9451/71 9458/71 9452/71
f 9422/71 9421/71 9454/71
f 9412/71 9414/71 9456/71
f 9457/71 9465/71 9458/71
f 9459/71 10052/71 9460/71
f 9453/71 9454/71 9461/71
f 9463/71 9455/71 9456/71
f 9457/71 9468/71 9464/71
f 9467/71 9463/71 9462/71
f 9468/71 9475/71 9469/71
f 9471/71 9477/71 9472/71
f 9473/71 9479/71 9391/71
f 9475/71 9483/71 9476/71
f 9385/71 9386/71 9477/71
f 9478/71 9534/71 9479/71
f 9480/71 9523/71 9481/71
f 9483/71 9493/71 9484/71
f 9399/71 9398/71 9485/71
f 9486/71 9497/71 9487/71
f 9488/71 9499/71 9489/71
f 9491/71 9519/71 9492/71
f 9493/71 9496/71 9494/71
f 9495/71 9503/71 9494/71
f 9497/71 9378/71 9380/71
f 9488/71 9507/71 9498/71
f 9501/71 9394/71 9502/71
f 9393/71 9395/71 9503/71
f 9504/71 9366/71 9505/71
f 9507/71 9509/71 9508/71
f 9450/71 9467/71 9466/71
f 9401/71 9417/71 9416/71
f 9509/71 9511/71 9510/71
f 9511/71 9513/71 9512/71
f 9513/71 9530/71 9514/71
f 9482/71 9481/71 9515/71
f 9517/71 10053/71 9518/71
f 9501/71 9500/71 9519/71
f 9406/71 9408/71 9520/71
f 9470/71 9472/71 9522/71
f 9447/71 9516/71 9515/71
f 9490/71 9489/71 9523/71
f 9525/71 9537/71 9526/71
f 9403/71 9405/71 9527/71
f 9528/71 10053/71 9517/71
f 9529/71 9533/71 9514/71
f 9392/71 9525/71 9524/71
f 9531/71 10052/71 9459/71
f 9418/71 9426/71 9427/71
f 9504/71 9506/71 9533/71
f 9425/71 9424/71 9534/71
f 9428/71 9430/71 9372/71
f 9420/71 9419/71 9536/71
f 9537/71 9521/71 9522/71
f 9538/71 9540/71 9539/71
f 9540/71 9674/71 9541/71
f 9543/71 9474/71 9544/71
f 9546/71 9478/71 9473/71
f 9547/71 9548/71 9497/71
f 9548/71 9675/71 9378/71
f 9549/71 9701/71 9366/71
f 9550/71 9658/71 9551/71
f 9552/71 9699/71 9553/71
f 9555/71 9520/71 9408/71
f 9557/71 9692/71 9490/71
f 9558/71 9549/71 9529/71
f 9559/71 9698/71 9526/71
f 9560/71 9417/71 9561/71
f 9563/71 9552/71 9554/71
f 9565/71 9721/71 9566/71
f 9568/71 9678/71 9569/71
f 9556/71 9408/71 9461/71
f 9572/71 9367/71 9425/71
f 9574/71 9575/71 9438/71
f 9575/71 9542/71 9437/71
f 9576/71 9389/71 9520/71
f 9577/71 9568/71 9570/71
f 9579/71 9685/71 9580/71
f 9581/71 9580/71 9582/71
f 9584/71 9472/71 9477/71
f 9585/71 9477/71 9386/71
f 9587/71 9672/71 9588/71
f 9589/71 9588/71 9590/71
f 9591/71 9590/71 9592/71
f 9593/71 9592/71 9594/71
f 9595/71 9594/71 9596/71
f 9598/71 9686/71 9599/71
f 9601/71 9517/71 9439/71
f 9565/71 9567/71 9603/71
f 9605/71 9436/71 9606/71
f 9608/71 9706/71 9420/71
f 9609/71 9610/71 9383/71
f 9610/71 9708/71 9433/71
f 9612/71 9398/71 9400/71
f 9607/71 9606/71 9613/71
f 9614/71 9613/71 9615/71
f 9617/71 9690/71 9474/71
f 9619/71 9430/71 9527/71
f 9621/71 9443/71 9415/71
f 9621/71 9623/71 9451/71
f 9622/71 9457/71 9451/71
f 9622/71 9624/71 9468/71
f 9624/71 9625/71 9475/71
f 9625/71 9626/71 9483/71
f 9626/71 9627/71 9493/71
f 9627/71 9718/71 9496/71
f 9628/71 9500/71 9502/71
f 9629/71 9720/71 9630/71
f 9631/71 9630/71 9632/71
f 9633/71 9632/71 9634/71
f 9636/71 9669/71 9637/71
f 9639/71 9710/71 9640/71
f 9620/71 9527/71 9405/71
f 9643/71 9707/71 9426/71
f 9644/71 9372/71 9430/71
f 9644/71 9646/71 9370/71
f 9645/71 9381/71 9370/71
f 9647/71 9638/71 9637/71
f 9642/71 9405/71 9485/71
f 9650/71 9414/71 9442/71
f 9652/71 9663/71 9653/71
f 9655/71 9665/71 9656/71
f 9658/71 9655/71 9657/71
f 9651/71 9442/71 9492/71
f 9660/71 9456/71 9414/71
f 9660/71 9662/71 9462/71
f 9661/71 9466/71 9462/71
f 9663/71 9668/71 9664/71
f 9665/71 9652/71 9654/71
f 9659/71 9492/71 9519/71
f 9667/71 9717/71 9664/71
f 9636/71 9597/71 9596/71
f 9670/71 9705/71 9516/71
f 9587/71 9673/71 9516/71
f 9674/71 9577/71 9578/71
f 9542/71 9680/71 9423/71
f 9546/71 9573/71 9425/71
f 9572/71 9547/71 9486/71
f 9675/71 9574/71 9431/71
f 9576/71 9677/71 9387/71
f 9676/71 9396/71 9387/71
f 9676/71 9538/71 9401/71
f 9678/71 9604/71 9603/71
f 9679/71 9421/71 9423/71
f 9545/71 9544/71 9681/71
f 9682/71 9681/71 9683/71
f 9684/71 9683/71 9685/71
f 9598/71 9583/71 9582/71
f 9687/71 9454/71 9421/71
f 9571/71 9461/71 9454/71
f 9688/71 9563/71 9564/71
f 9617/71 9688/71 9689/71
f 9557/71 9480/71 9482/71
f 9691/71 9488/71 9490/71
f 9691/71 9693/71 9507/71
f 9693/71 9694/71 9509/71
f 9694/71 9695/71 9511/71
f 9695/71 9696/71 9513/71
f 9696/71 9558/71 9530/71
f 9559/71 9522/71 9472/71
f 9697/71 9524/71 9526/71
f 9697/71 9618/71 9390/71
f 9699/71 9600/71 9599/71
f 9700/71 9364/71 9366/71
f 9702/71 9377/71 9364/71
f 9586/71 9386/71 9377/71
f 9703/71 9647/71 9648/71
f 9670/71 9639/71 9641/71
f 9608/71 9409/71 9411/71
f 9643/71 9418/71 9420/71
f 9707/71 9609/71 9373/71
f 9708/71 9709/71 9440/71
f 9709/71 9602/71 9439/71
f 9645/71 9671/71 9447/71
f 9710/71 9703/71 9704/71
f 9616/71 9615/71 9711/71
f 9712/71 9711/71 9713/71
f 9714/71 9713/71 9715/71
f 9667/71 9716/71 9715/71
f 9649/71 9485/71 9398/71
f 9718/71 9719/71 9495/71
f 9611/71 9393/71 9495/71
f 9661/71 9550/71 9449/71
f 9562/71 9561/71 9720/71
f 9635/71 9634/71 9566/71
f 9666/71 9519/71 9500/71
f 9722/71 9505/71 9365/71
f 9368/71 9785/71 9724/71
f 9725/71 9535/71 9371/71
f 9374/71 9731/71 9727/71
f 9728/71 9723/71 9365/71
f 9379/71 9755/71 9729/71
f 9726/71 9371/71 9382/71
f 9384/71 9756/71 9731/71
f 9732/71 9728/71 9376/71
f 9733/71 9445/71 9388/71
f 9391/71 9776/71 9735/71
f 9394/71 9793/71 9736/71
f 9734/71 9388/71 9397/71
f 9738/71 9528/71 9399/71
f 9737/71 9397/71 9402/71
f 9741/71 9784/71 9404/71
f 9742/71 9771/71 9407/71
f 9410/71 9536/71 9744/71
f 9745/71 9762/71 9413/71
f 9416/71 9444/71 9747/71
f 9419/71 9532/71 9749/71
f 9750/71 9531/71 9422/71
f 9424/71 9369/71 9724/71
f 9375/71 9727/71 9753/71
f 9754/71 9807/71 9429/71
f 9432/71 9758/71 9755/71
f 9434/71 9760/71 9756/71
f 9435/71 9410/71 9743/71
f 9432/71 9460/71 9759/71
f 9434/71 9518/71 9761/71
f 9762/71 9788/71 9441/71
f 9444/71 9452/71 9763/71
f 9733/71 9803/71 9446/71
f 9730/71 9382/71 9448/71
f 9435/71 9757/71 9765/71
f 9452/71 9458/71 9766/71
f 9767/71 9751/71 9422/71
f 9768/71 9745/71 9412/71
f 9458/71 9465/71 9769/71
f 9460/71 10052/71 9770/71
f 9771/71 9767/71 9453/71
f 9768/71 9455/71 9463/71
f 9464/71 9774/71 9769/71
f 9772/71 9463/71 9467/71
f 9469/71 9778/71 9774/71
f 9775/71 9779/71 9471/71
f 9391/71 9479/71 9777/71
f 9476/71 9783/71 9778/71
f 9779/71 9732/71 9385/71
f 9479/71 9534/71 9780/71
f 9481/71 9523/71 9782/71
f 9484/71 9789/71 9783/71
f 9784/71 9739/71 9399/71
f 9487/71 9792/71 9785/71
f 9489/71 9499/71 9787/71
f 9788/71 9802/71 9491/71
f 9494/71 9790/71 9789/71
f 9494/71 9503/71 9791/71
f 9380/71 9729/71 9792/71
f 9498/71 9796/71 9787/71
f 9793/71 9394/71 9501/71
f 9503/71 9395/71 9736/71
f 9505/71 9722/71 9795/71
f 9508/71 9797/71 9796/71
f 9773/71 9467/71 9450/71
f 9416/71 9746/71 9740/71
f 9510/71 9798/71 9797/71
f 9512/71 9799/71 9798/71
f 9514/71 9808/71 9799/71
f 9515/71 9481/71 9781/71
f 9518/71 10053/71 9801/71
f 9802/71 9794/71 9501/71
f 9803/71 9742/71 9406/71
f 9804/71 9775/71 9470/71
f 9515/71 9800/71 9764/71
f 9523/71 9489/71 9786/71
f 9805/71 9537/71 9525/71
f 9807/71 9741/71 9403/71
f 9801/71 10053/71 9528/71
f 9514/71 9533/71 9809/71
f 9806/71 9525/71 9392/71
f 9770/71 10052/71 9531/71
f 9427/71 9753/71 9749/71
f 9533/71 9506/71 9795/71
f 9534/71 9424/71 9752/71
f 9725/71 9754/71 9428/71
f 9536/71 9419/71 9748/71
f 9804/71 9521/71 9537/71
f 9810/71 9813/71 9811/71
f 9812/71 9945/71 9813/71
f 9816/71 9776/71 9817/71
f 9777/71 9780/71 9818/71
f 9792/71 9820/71 9819/71
f 9729/71 9946/71 9820/71
f 9722/71 9971/71 9821/71
f 9822/71 9929/71 9823/71
f 9825/71 9970/71 9826/71
f 9742/71 9803/71 9828/71
f 9786/71 9962/71 9829/71
f 9809/71 9821/71 9830/71
f 9805/71 9968/71 9831/71
f 9833/71 9746/71 9834/71
f 9824/71 9826/71 9836/71
f 9838/71 9992/71 9839/71
f 9841/71 9949/71 9842/71
f 9771/71 9742/71 9827/71
f 9752/71 9724/71 9845/71
f 9758/71 9847/71 9846/71
f 9759/71 9814/71 9847/71
f 9803/71 9733/71 9848/71
f 9840/71 9842/71 9850/71
f 9852/71 9956/71 9853/71
f 9855/71 9852/71 9851/71
f 9779/71 9775/71 9857/71
f 9732/71 9779/71 9856/71
f 9860/71 9943/71 9861/71
f 9863/71 9860/71 9859/71
f 9865/71 9863/71 9862/71
f 9867/71 9865/71 9864/71
f 9869/71 9867/71 9866/71
f 9871/71 9957/71 9872/71
f 9875/71 9837/71 9839/71
f 9757/71 9891/71 9877/71
f 9748/71 9977/71 9878/71
f 9731/71 9880/71 9879/71
f 9756/71 9979/71 9880/71
f 9738/71 9739/71 9882/71
f 9884/71 9876/71 9877/71
f 9886/71 9884/71 9883/71
f 9776/71 9961/71 9888/71
f 9807/71 9754/71 9890/71
f 9747/71 9763/71 9892/71
f 9766/71 9893/71 9892/71
f 9766/71 9769/71 9894/71
f 9774/71 9895/71 9894/71
f 9778/71 9896/71 9895/71
f 9783/71 9897/71 9896/71
f 9789/71 9898/71 9897/71
f 9790/71 9989/71 9898/71
f 9793/71 9794/71 9899/71
f 9901/71 9991/71 9902/71
f 9904/71 9901/71 9900/71
f 9906/71 9904/71 9903/71
f 9908/71 9940/71 9909/71
f 9911/71 9981/71 9912/71
f 9741/71 9807/71 9889/71
f 9753/71 9978/71 9914/71
f 9754/71 9725/71 9915/71
f 9726/71 9916/71 9915/71
f 9726/71 9730/71 9917/71
f 9908/71 9907/71 9919/71
f 9784/71 9741/71 9913/71
f 9762/71 9745/71 9922/71
f 9924/71 9935/71 9925/71
f 9927/71 9936/71 9928/71
f 9926/71 9928/71 9929/71
f 9788/71 9762/71 9921/71
f 9745/71 9768/71 9931/71
f 9772/71 9932/71 9931/71
f 9772/71 9773/71 9933/71
f 9934/71 9938/71 9935/71
f 9923/71 9925/71 9936/71
f 9802/71 9788/71 9930/71
f 9934/71 9988/71 9939/71
f 9869/71 9868/71 9909/71
f 9800/71 9976/71 9942/71
f 9800/71 9944/71 9861/71
f 9849/71 9850/71 9945/71
f 9750/71 9950/71 9814/71
f 9752/71 9844/71 9818/71
f 9785/71 9819/71 9845/71
f 9755/71 9846/71 9946/71
f 9734/71 9947/71 9848/71
f 9734/71 9737/71 9948/71
f 9740/71 9811/71 9948/71
f 9875/71 9874/71 9949/71
f 9750/71 9751/71 9951/71
f 9953/71 9816/71 9815/71
f 9955/71 9953/71 9952/71
f 9956/71 9955/71 9954/71
f 9855/71 9854/71 9872/71
f 9751/71 9767/71 9958/71
f 9767/71 9771/71 9843/71
f 9835/71 9836/71 9960/71
f 9959/71 9960/71 9888/71
f 9781/71 9782/71 9829/71
f 9786/71 9787/71 9963/71
f 9796/71 9964/71 9963/71
f 9797/71 9965/71 9964/71
f 9798/71 9966/71 9965/71
f 9799/71 9967/71 9966/71
f 9808/71 9830/71 9967/71
f 9775/71 9804/71 9831/71
f 9805/71 9806/71 9969/71
f 9735/71 9887/71 9969/71
f 9871/71 9870/71 9970/71
f 9722/71 9723/71 9972/71
f 9723/71 9728/71 9973/71
f 9728/71 9732/71 9858/71
f 9918/71 9919/71 9975/71
f 9910/71 9912/71 9942/71
f 9743/71 9744/71 9878/71
f 9748/71 9749/71 9914/71
f 9727/71 9879/71 9978/71
f 9760/71 9980/71 9979/71
f 9761/71 9873/71 9980/71
f 9764/71 9941/71 9917/71
f 9974/71 9975/71 9981/71
f 9983/71 9886/71 9885/71
f 9985/71 9983/71 9982/71
f 9987/71 9985/71 9984/71
f 9987/71 9986/71 9939/71
f 9739/71 9784/71 9920/71
f 9791/71 9990/71 9989/71
f 9791/71 9736/71 9881/71
f 9765/71 9823/71 9933/71
f 9991/71 9833/71 9832/71
f 9838/71 9906/71 9905/71
f 9794/71 9802/71 9937/71
f 9681/72 9544/72 9816/72
f 9685/72 9956/72 9852/72
f 9580/72 9852/72 9855/72
f 9681/72 9953/72 9955/72
f 9686/72 9957/72 9871/72
f 9685/72 9683/72 9955/72
f 9582/72 9855/72 9957/72
f 9599/72 9871/72 9825/72
f 9564/72 9554/72 9824/72
f 9553/72 9825/72 9824/72
f 9564/72 9835/72 9959/72
f 9690/72 9961/72 9776/72
f 9689/72 9959/72 9961/72
f 9551/72 9657/72 9926/72
f 9551/72 9822/72 9757/72
f 9669/72 9940/72 9908/72
f 9704/72 9974/72 9911/72
f 9641/72 9640/72 9911/72
f 9541/72 9578/72 9849/72
f 9567/72 9837/72 9875/72
f 9711/72 9615/72 9886/72
f 9711/72 9983/72 9985/72
f 9417/72 9539/72 9810/72
f 9578/72 9570/72 9840/72
f 9715/72 9713/72 9985/72
f 9541/72 9812/72 9810/72
f 9715/72 9987/72 9988/72
f 9653/72 9664/72 9934/72
f 9648/72 9918/72 9974/72
f 9656/72 9654/72 9923/72
f 9641/72 9910/72 9976/72
f 9637/72 9908/72 9918/72
f 9588/72 9672/72 9943/72
f 9717/72 9988/72 9934/72
f 9567/72 9566/72 9838/72
f 9569/72 9603/72 9875/72
f 9590/72 9588/72 9860/72
f 9669/72 9596/72 9869/72
f 9569/72 9841/72 9840/72
f 9606/72 9876/72 9884/72
f 9720/72 9561/72 9833/72
f 9592/72 9590/72 9863/72
f 9630/72 9720/72 9991/72
f 9705/72 9976/72 9800/72
f 9615/72 9613/72 9884/72
f 9566/72 9634/72 9906/72
f 9653/72 9924/72 9923/72
f 9594/72 9592/72 9865/72
f 9632/72 9630/72 9901/72
f 9656/72 9927/72 9926/72
f 9596/72 9594/72 9867/72
f 9632/72 9904/72 9906/72
f 9757/72 9876/72 9606/72
f 9417/72 9746/72 9833/72
f 9474/72 9776/72 9816/72
f 9516/72 9800/72 9943/72
f 9363/69 9345/69 9993/73
f 9994/74 9359/65 9353/65
f 9353/49 9351/46 9331/48
f 9331/48 9351/46 9350/47
f 9339/48 9346/46 9348/49
f 9996/51 9346/46 9345/47
f 9997/77 9327/78 9361/78
f 9998/80 9347/80 9330/79
f 9999/33 9329/30 9344/32
f 9996/84 9329/45 9330/83
f 9324/45 9327/43 9997/44
f 9325/83 9324/45 9349/84
f 9540/129 9538/128 9676/127
f 9676/127 9677/130 9540/129
f 9677/130 9576/132 9674/131
f 9576/132 9555/134 9577/133
f 9555/134 9556/135 9577/133
f 9556/135 9571/137 9568/136
f 9571/137 9687/138 9568/136
f 9679/141 9680/140 9542/139
f 9687/138 9679/141 9678/142
f 9568/136 9687/138 9678/142
f 9677/130 9674/131 9540/129
f 9577/133 9674/131 9576/132
f 9577/133 9556/135 9568/136
f 9679/141 9542/139 9575/143
f 9575/143 9574/145 9581/144
f 9574/145 9675/147 9579/146
f 9675/147 9548/148 9579/146
f 9548/148 9547/150 9684/149
f 9579/146 9548/148 9684/149
f 9547/150 9572/151 9684/149
f 9572/151 9573/153 9682/152
f 9684/149 9572/151 9682/152
f 9573/153 9546/155 9545/154
f 9546/155 9543/156 9545/154
f 9545/154 9682/152 9573/153
f 9679/141 9575/143 9581/144
f 9574/145 9579/146 9581/144
f 9678/142 9679/141 9581/144
f 9721/159 9565/158 9604/157
f 9604/157 9678/142 9581/144
f 9721/159 9604/157 9583/160
f 9604/157 9581/144 9583/160
f 9583/160 9598/162 9600/161
f 9635/164 9721/159 9668/163
f 9721/159 9583/160 9600/161
f 9721/159 9600/161 9668/163
f 9600/161 9699/166 9597/165
f 9635/164 9668/163 9663/167
f 9560/170 9562/169 9621/168
f 9562/169 9629/172 9623/171
f 9623/171 9621/168 9562/169
f 9624/175 9622/174 9631/173
f 9622/174 9623/171 9629/172
f 9626/178 9625/177 9633/176
f 9625/177 9624/175 9631/173
f 9633/176 9625/177 9631/173
f 9718/180 9627/179 9635/164
f 9627/179 9626/178 9633/176
f 9635/164 9627/179 9633/176
f 9611/182 9719/181 9718/180
f 9659/185 9666/184 9652/183
f 9666/184 9628/186 9663/167
f 9652/183 9666/184 9663/167
f 9628/186 9611/182 9718/180
f 9622/174 9629/172 9631/173
f 9628/186 9718/180 9635/164
f 9651/187 9659/185 9652/183
f 9660/190 9650/189 9665/188
f 9650/189 9651/187 9665/188
f 9661/193 9662/192 9658/191
f 9662/192 9660/190 9655/194
f 9658/191 9550/195 9661/193
f 9655/194 9658/191 9662/192
f 9651/187 9652/183 9665/188
f 9660/190 9665/188 9655/194
f 9628/186 9635/164 9663/167
f 9668/163 9600/161 9716/196
f 9699/166 9552/198 9702/197
f 9716/196 9667/199 9668/163
f 9716/196 9600/161 9597/165
f 9597/165 9699/166 9595/200
f 9714/202 9716/196 9638/201
f 9712/204 9714/202 9708/203
f 9595/200 9699/166 9700/205
f 9688/208 9617/207 9698/206
f 9617/207 9618/210 9697/209
f 9698/206 9617/207 9697/209
f 9698/206 9559/211 9688/208
f 9559/211 9584/213 9563/212
f 9688/208 9559/211 9563/212
f 9584/213 9585/214 9563/212
f 9585/214 9586/215 9552/198
f 9586/215 9702/197 9552/198
f 9702/197 9700/205 9699/166
f 9700/205 9701/217 9558/216
f 9701/217 9549/218 9558/216
f 9558/216 9696/219 9595/200
f 9696/219 9695/221 9593/220
f 9585/214 9552/198 9563/212
f 9700/205 9558/216 9595/200
f 9696/219 9593/220 9595/200
f 9695/221 9694/222 9593/220
f 9694/222 9693/224 9591/223
f 9693/224 9691/225 9591/223
f 9691/225 9692/227 9589/226
f 9692/227 9557/229 9587/228
f 9589/226 9692/227 9587/228
f 9557/229 9673/230 9587/228
f 9591/223 9691/225 9589/226
f 9716/196 9597/165 9638/201
f 9694/222 9591/223 9593/220
f 9597/165 9636/231 9638/201
f 9616/233 9712/204 9609/232
f 9714/202 9638/201 9647/234
f 9714/202 9647/234 9709/235
f 9605/238 9607/237 9608/236
f 9607/237 9614/240 9706/239
f 9608/236 9607/237 9706/239
f 9714/202 9709/235 9708/203
f 9647/234 9703/242 9649/241
f 9612/243 9647/234 9649/241
f 9614/240 9616/233 9643/244
f 9643/244 9706/239 9614/240
f 9609/232 9707/245 9616/233
f 9707/245 9643/244 9616/233
f 9708/203 9610/246 9712/204
f 9610/246 9609/232 9712/204
f 9601/248 9602/247 9709/235
f 9647/234 9612/243 9709/235
f 9703/242 9710/250 9620/249
f 9612/243 9601/248 9709/235
f 9642/251 9649/241 9703/242
f 9619/252 9620/249 9710/250
f 9620/249 9642/251 9703/242
f 9646/85 9644/253 9639/87
f 9644/253 9619/252 9710/250
f 9639/87 9644/253 9710/250
f 9671/255 9645/254 9670/86
f 9645/254 9646/85 9670/86
f 9948/258 9811/257 9813/256
f 9813/256 9947/259 9948/258
f 9945/261 9848/260 9947/259
f 9850/263 9828/262 9848/260
f 9850/263 9827/264 9828/262
f 9842/266 9843/265 9827/264
f 9842/266 9958/267 9843/265
f 9814/270 9950/269 9951/268
f 9949/271 9951/268 9958/267
f 9949/271 9958/267 9842/266
f 9813/256 9945/261 9947/259
f 9848/260 9945/261 9850/263
f 9842/266 9827/264 9850/263
f 9847/272 9814/270 9951/268
f 9851/274 9846/273 9847/272
f 9853/276 9946/275 9846/273
f 9853/276 9820/277 9946/275
f 9954/279 9819/278 9820/277
f 9954/279 9820/277 9853/276
f 9954/279 9845/280 9819/278
f 9952/282 9844/281 9845/280
f 9952/282 9845/280 9954/279
f 9815/284 9818/283 9844/281
f 9815/284 9817/285 9818/283
f 9844/281 9952/282 9815/284
f 9851/274 9847/272 9951/268
f 9851/274 9853/276 9846/273
f 9851/274 9951/268 9949/271
f 9874/288 9839/287 9992/286
f 9851/274 9949/271 9874/288
f 9854/289 9874/288 9992/286
f 9854/289 9851/274 9874/288
f 9870/291 9872/290 9854/289
f 9938/293 9992/286 9905/292
f 9870/291 9854/289 9992/286
f 9938/293 9870/291 9992/286
f 9868/295 9970/294 9870/291
f 9935/296 9938/293 9905/292
f 9892/299 9832/298 9834/297
f 9893/301 9902/300 9832/298
f 9832/298 9892/299 9893/301
f 9900/304 9894/303 9895/302
f 9902/300 9893/301 9894/303
f 9903/307 9896/306 9897/305
f 9900/304 9895/302 9896/306
f 9900/304 9896/306 9903/307
f 9905/292 9898/309 9989/308
f 9903/307 9897/305 9898/309
f 9903/307 9898/309 9905/292
f 9989/308 9990/311 9881/310
f 9925/314 9937/313 9930/312
f 9935/296 9899/315 9937/313
f 9935/296 9937/313 9925/314
f 9989/308 9881/310 9899/315
f 9900/304 9902/300 9894/303
f 9905/292 9989/308 9899/315
f 9925/314 9930/312 9921/316
f 9936/319 9922/318 9931/317
f 9936/319 9921/316 9922/318
f 9929/322 9932/321 9933/320
f 9928/323 9931/317 9932/321
f 9933/320 9823/324 9929/322
f 9932/321 9929/322 9928/323
f 9936/319 9925/314 9921/316
f 9928/323 9936/319 9931/317
f 9935/296 9905/292 9899/315
f 9986/325 9870/291 9938/293
f 9973/327 9826/326 9970/294
f 9938/293 9939/328 9986/325
f 9868/295 9870/291 9986/325
f 9866/329 9970/294 9868/295
f 9907/331 9986/325 9984/330
f 9979/333 9984/330 9982/332
f 9972/334 9970/294 9866/329
f 9968/337 9888/336 9960/335
f 9969/339 9887/338 9888/336
f 9969/339 9888/336 9968/337
f 9960/335 9831/340 9968/337
f 9836/342 9857/341 9831/340
f 9836/342 9831/340 9960/335
f 9836/342 9856/343 9857/341
f 9826/326 9858/344 9856/343
f 9826/326 9973/327 9858/344
f 9970/294 9972/334 9973/327
f 9830/345 9971/217 9972/334
f 9830/345 9821/346 9971/217
f 9866/329 9967/347 9830/345
f 9864/349 9966/348 9967/347
f 9836/342 9826/326 9856/343
f 9866/329 9830/345 9972/334
f 9866/329 9864/349 9967/347
f 9864/349 9965/350 9966/348
f 9862/352 9964/351 9965/350
f 9862/352 9963/353 9964/351
f 9859/355 9962/354 9963/353
f 9861/357 9829/356 9962/354
f 9861/357 9962/354 9859/355
f 9861/357 9944/358 9829/356
f 9859/355 9963/353 9862/352
f 9907/331 9868/295 9986/325
f 9864/349 9862/352 9965/350
f 9907/331 9909/359 9868/295
f 9879/361 9982/332 9885/360
f 9919/90 9907/331 9984/330
f 9980/89 9919/90 9984/330
f 9878/364 9877/363 9891/362
f 9977/366 9883/365 9877/363
f 9979/333 9980/89 9984/330
f 9878/364 9977/366 9877/363
f 9914/367 9885/360 9883/365
f 9914/367 9883/365 9977/366
f 9885/360 9914/367 9978/368
f 9982/332 9879/361 9880/369
f 9885/360 9978/368 9879/361
f 9982/332 9880/369 9979/333
f 9980/89 9873/370 9882/88
f 9975/373 9920/372 9913/371
f 9919/90 9882/88 9920/372
f 9919/90 9920/372 9975/373
f 9981/376 9889/375 9890/374
f 9975/373 9913/371 9889/375
f 9912/379 9915/378 9916/377
f 9981/376 9890/374 9915/378
f 9981/376 9915/378 9912/379
f 9942/382 9917/381 9941/380
f 9942/382 9916/377 9917/381
f 9916/377 9942/382 9912/379
f 9981/376 9975/373 9889/375
f 10000/93 9312/383 9314/92
f 9316/96 9340/384 10001/95
f 9317/94 10001/95 10000/93
f 10005/101 9360/115 10007/103
f 10003/97 10022/385 9358/104
f 10008/107 10022/386 10003/106
f 10008/107 10002/105 10006/109
f 10004/100 9358/104 10009/111
f 9999/99 10012/113 10011/112
f 10004/100 10010/110 10012/113
f 9360/103 10005/102 10011/112
f 10014/100 10019/99 10015/113
f 9360/103 10013/114 10017/112
f 10019/99 10018/102 10017/112
f 10014/100 10016/110 10009/111
f 10008/107 10023/105 10021/109
f 10007/104 9360/385 10018/97
f 10021/101 10014/102 9358/103
f 10008/107 10007/386 10020/106
f 10024/116 10034/116 10025/116
f 10027/116 10036/116 10028/117
f 10030/117 10054/117 10031/116
f 10033/118 10038/118 10034/116
f 10035/118 10039/118 10036/116
f 10033/118 10040/118 10037/118
f 10026/118 10025/118 10039/118
f 10032/116 10031/116 10037/118
f 9343/77 9362/77 9361/78
f 9995/73 9350/69 9363/69
f 9350/69 9997/70 9362/70
f 9344/67 9361/67 9360/68
f 9998/80 9357/79 9325/79
f 9348/65 9359/65 9994/74
f 9347/66 9998/66 9359/65
f 9357/64 9358/63 9323/63
f 9332/37 9995/120 9319/75
f 9337/37 9994/119 9355/75
f 10041/123 10055/126 10042/122
f 10044/123 10056/125 10045/124
f 10047/125 10041/123 10043/121
f 10049/126 10044/123 10046/121
f 10057/921 10058/921 10059/921
f 10060/921 10061/921 10062/921
f 10063/921 10064/921 10065/921
f 10066/921 10067/921 10068/921
f 10063/921 10065/921 10069/921
f 10066/921 10070/921 10067/921
f 10071/921 10063/921 10069/921
f 10072/921 10070/921 10066/921
f 10071/921 10069/921 10073/921
f 10072/921 10074/921 10070/921
f 10059/921 10071/921 10073/921
f 10061/921 10074/921 10072/921
f 10059/921 10073/921 10075/921
f 10061/921 10076/921 10074/921
f 10059/921 10075/921 10057/921
f 10061/921 10060/921 10076/921
f 10062/921 10061/921 10059/921
f 10062/921 10059/921 10058/921
f 10061/921 10072/921 10071/921
f 10061/921 10071/921 10059/921
f 10072/921 10066/921 10063/921
f 10072/921 10063/921 10071/921
f 10066/921 10068/921 10064/921
f 10066/921 10064/921 10063/921
f 10068/921 10067/921 10065/921
f 10068/921 10065/921 10064/921
f 10067/921 10070/921 10069/921
f 10067/921 10069/921 10065/921
f 10070/921 10074/921 10073/921
f 10070/921 10073/921 10069/921
f 10074/921 10076/921 10075/921
f 10074/921 10075/921 10073/921
f 10076/921 10060/921 10057/921
f 10076/921 10057/921 10075/921
f 10060/921 10062/921 10058/921
f 10060/921 10058/921 10057/921
f 10077/918 10078/918 10079/918
f 10080/918 10081/918 10082/918
f 10079/918 10083/918 10077/918
f 10081/918 10080/918 10084/918
f 10082/918 10081/918 10079/918
f 10082/918 10079/918 10078/918
f 10081/918 10084/918 10083/918
f 10081/918 10083/918 10079/918
f 10084/918 10080/918 10077/918
f 10084/918 10077/918 10083/918
f 10080/918 10082/918 10078/918
f 10080/918 10078/918 10077/918
f 10085/918 10086/918 10087/918
f 10088/918 10089/918 10090/918
f 10087/918 10091/918 10085/918
f 10089/918 10088/918 10092/918
f 10090/918 10089/918 10087/918
f 10090/918 10087/918 10086/918
f 10089/918 10092/918 10091/918
f 10089/918 10091/918 10087/918
f 10092/918 10088/918 10085/918
f 10092/918 10085/918 10091/918
f 10088/918 10090/918 10086/918
f 10088/918 10086/918 10085/918
f 10093/918 10094/918 10095/918
f 10093/918 10095/918 10096/918
f 10097/918 10098/918 10099/918
f 10097/918 10099/918 10100/918
f 10094/918 10097/918 10100/918
f 10094/918 10100/918 10095/918
f 10098/918 10093/918 10096/918
f 10098/918 10096/918 10099/918
f 10096/918 10095/918 10101/918
f 10096/918 10101/918 10102/918
f 10100/918 10099/918 10103/918
f 10100/918 10103/918 10104/918
f 10095/918 10100/918 10104/918
f 10095/918 10104/918 10101/918
f 10099/918 10096/918 10102/918
f 10099/918 10102/918 10103/918
f 10102/918 10101/918 10105/918
f 10102/918 10105/918 10106/918
f 10104/918 10103/918 10107/918
f 10104/918 10107/918 10108/918
f 10101/918 10104/918 10108/918
f 10101/918 10108/918 10105/918
f 10103/918 10102/918 10106/918
f 10103/918 10106/918 10107/918
f 10106/918 10105/918 10109/918
f 10106/918 10109/918 10110/918
f 10108/918 10107/918 10111/918
f 10108/918 10111/918 10112/918
f 10105/918 10108/918 10112/918
f 10105/918 10112/918 10109/918
f 10107/918 10106/918 10110/918
f 10107/918 10110/918 10111/918
f 10110/918 10109/918 10113/918
f 10110/918 10113/918 10114/918
f 10112/918 10111/918 10115/918
f 10112/918 10115/918 10116/918
f 10109/918 10112/918 10116/918
f 10109/918 10116/918 10113/918
f 10111/918 10110/918 10114/918
f 10111/918 10114/918 10115/918
f 10114/918 10113/918 10117/918
f 10114/918 10117/918 10118/918
f 10116/918 10115/918 10119/918
f 10116/918 10119/918 10120/918
f 10113/918 10116/918 10120/918
f 10113/918 10120/918 10117/918
f 10115/918 10114/918 10118/918
f 10115/918 10118/918 10119/918
f 10118/918 10117/918 10121/918
f 10118/918 10121/918 10122/918
f 10120/918 10119/918 10123/918
f 10120/918 10123/918 10124/918
f 10117/918 10120/918 10124/918
f 10117/918 10124/918 10121/918
f 10119/918 10118/918 10122/918
f 10119/918 10122/918 10123/918
f 10122/918 10121/918 10125/918
f 10122/918 10125/918 10126/918
f 10124/918 10123/918 10127/918
f 10124/918 10127/918 10128/918
f 10121/918 10124/918 10128/918
f 10121/918 10128/918 10125/918
f 10123/918 10122/918 10126/918
f 10123/918 10126/918 10127/918
f 10126/918 10125/918 10129/918
f 10126/918 10129/918 10130/918
f 10128/918 10127/918 10131/918
f 10128/918 10131/918 10132/918
f 10125/918 10128/918 10132/918
f 10125/918 10132/918 10129/918
f 10127/918 10126/918 10130/918
f 10127/918 10130/918 10131/918
f 10130/918 10129/918 10133/918
f 10130/918 10133/918 10134/918
f 10132/918 10131/918 10135/918
f 10132/918 10135/918 10136/918
f 10129/918 10132/918 10136/918
f 10129/918 10136/918 10133/918
f 10131/918 10130/918 10134/918
f 10131/918 10134/918 10135/918
f 10134/918 10133/918 10137/918
f 10134/918 10137/918 10138/918
f 10136/918 10135/918 10139/918
f 10136/918 10139/918 10140/918
f 10133/918 10136/918 10140/918
f 10133/918 10140/918 10137/918
f 10135/918 10134/918 10138/918
f 10135/918 10138/918 10139/918
f 10138/918 10137/918 10094/918
f 10138/918 10094/918 10093/918
f 10140/918 10139/918 10098/918
f 10140/918 10098/918 10097/918
f 10137/918 10140/918 10097/918
f 10137/918 10097/918 10094/918
f 10139/918 10138/918 10093/918
f 10139/918 10093/918 10098/918
f 10141/918 10142/918 10143/918
f 10141/918 10143/918 10144/918
f 10145/918 10146/918 10147/918
f 10145/918 10147/918 10148/918
f 10142/918 10145/918 10148/918
f 10142/918 10148/918 10143/918
f 10146/918 10141/918 10144/918
f 10146/918 10144/918 10147/918
f 10144/918 10143/918 10149/918
f 10144/918 10149/918 10150/918
f 10148/918 10147/918 10151/918
f 10148/918 10151/918 10152/918
f 10143/918 10148/918 10152/918
f 10143/918 10152/918 10149/918
f 10147/918 10144/918 10150/918
f 10147/918 10150/918 10151/918
f 10150/918 10149/918 10153/918
f 10150/918 10153/918 10154/918
f 10152/918 10151/918 10155/918
f 10152/918 10155/918 10156/918
f 10149/918 10152/918 10156/918
f 10149/918 10156/918 10153/918
f 10151/918 10150/918 10154/918
f 10151/918 10154/918 10155/918
f 10154/918 10153/918 10157/918
f 10154/918 10157/918 10158/918
f 10156/918 10155/918 10159/918
f 10156/918 10159/918 10160/918
f 10153/918 10156/918 10160/918
f 10153/918 10160/918 10157/918
f 10155/918 10154/918 10158/918
f 10155/918 10158/918 10159/918
f 10158/918 10157/918 10161/918
f 10158/918 10161/918 10162/918
f 10160/918 10159/918 10163/918
f 10160/918 10163/918 10164/918
f 10157/918 10160/918 10164/918
f 10157/918 10164/918 10161/918
f 10159/918 10158/918 10162/918
f 10159/918 10162/918 10163/918
f 10162/918 10161/918 10165/918
f 10162/918 10165/918 10166/918
f 10164/918 10163/918 10167/918
f 10164/918 10167/918 10168/918
f 10161/918 10164/918 10168/918
f 10161/918 10168/918 10165/918
f 10163/918 10162/918 10166/918
f 10163/918 10166/918 10167/918
f 10166/918 10165/918 10169/918
f 10166/918 10169/918 10170/918
f 10168/918 10167/918 10171/918
f 10168/918 10171/918 10172/918
f 10165/918 10168/918 10172/918
f 10165/918 10172/918 10169/918
f 10167/918 10166/918 10170/918
f 10167/918 10170/918 10171/918
f 10170/918 10169/918 10173/918
f 10170/918 10173/918 10174/918
f 10172/918 10171/918 10175/918
f 10172/918 10175/918 10176/918
f 10169/918 10172/918 10176/918
f 10169/918 10176/918 10173/918
f 10171/918 10170/918 10174/918
f 10171/918 10174/918 10175/918
f 10174/918 10173/918 10177/918
f 10174/918 10177/918 10178/918
f 10176/918 10175/918 10179/918
f 10176/918 10179/918 10180/918
f 10173/918 10176/918 10180/918
f 10173/918 10180/918 10177/918
f 10175/918 10174/918 10178/918
f 10175/918 10178/918 10179/918
f 10178/918 10177/918 10181/918
f 10178/918 10181/918 10182/918
f 10180/918 10179/918 10183/918
f 10180/918 10183/918 10184/918
f 10177/918 10180/918 10184/918
f 10177/918 10184/918 10181/918
f 10179/918 10178/918 10182/918
f 10179/918 10182/918 10183/918
f 10182/918 10181/918 10185/918
f 10182/918 10185/918 10186/918
f 10184/918 10183/918 10187/918
f 10184/918 10187/918 10188/918
f 10181/918 10184/918 10188/918
f 10181/918 10188/918 10185/918
f 10183/918 10182/918 10186/918
f 10183/918 10186/918 10187/918
f 10186/918 10185/918 10142/918
f 10186/918 10142/918 10141/918
f 10188/918 10187/918 10146/918
f 10188/918 10146/918 10145/918
f 10185/918 10188/918 10145/918
f 10185/918 10145/918 10142/918
f 10187/918 10186/918 10141/918
f 10187/918 10141/918 10146/918
f 10189/918 10190/918 10191/918
f 10189/918 10191/918 10192/918
f 10193/918 10194/918 10195/918
f 10193/918 10195/918 10196/918
f 10190/918 10193/918 10196/918
f 10190/918 10196/918 10191/918
f 10194/918 10189/918 10192/918
f 10194/918 10192/918 10195/918
f 10192/918 10191/918 10197/918
f 10192/918 10197/918 10198/918
f 10196/918 10195/918 10199/918
f 10196/918 10199/918 10200/918
f 10191/918 10196/918 10200/918
f 10191/918 10200/918 10197/918
f 10195/918 10192/918 10198/918
f 10195/918 10198/918 10199/918
f 10198/918 10197/918 10201/918
f 10198/918 10201/918 10202/918
f 10200/918 10199/918 10203/918
f 10200/918 10203/918 10204/918
f 10197/918 10200/918 10204/918
f 10197/918 10204/918 10201/918
f 10199/918 10198/918 10202/918
f 10199/918 10202/918 10203/918
f 10202/918 10201/918 10205/918
f 10202/918 10205/918 10206/918
f 10204/918 10203/918 10207/918
f 10204/918 10207/918 10208/918
f 10201/918 10204/918 10208/918
f 10201/918 10208/918 10205/918
f 10203/918 10202/918 10206/918
f 10203/918 10206/918 10207/918
f 10206/918 10205/918 10209/918
f 10206/918 10209/918 10210/918
f 10208/918 10207/918 10211/918
f 10208/918 10211/918 10212/918
f 10205/918 10208/918 10212/918
f 10205/918 10212/918 10209/918
f 10207/918 10206/918 10210/918
f 10207/918 10210/918 10211/918
f 10210/918 10209/918 10213/918
f 10210/918 10213/918 10214/918
f 10212/918 10211/918 10215/918
f 10212/918 10215/918 10216/918
f 10209/918 10212/918 10216/918
f 10209/918 10216/918 10213/918
f 10211/918 10210/918 10214/918
f 10211/918 10214/918 10215/918
f 10214/918 10213/918 10217/918
f 10214/918 10217/918 10218/918
f 10216/918 10215/918 10219/918
f 10216/918 10219/918 10220/918
f 10213/918 10216/918 10220/918
f 10213/918 10220/918 10217/918
f 10215/918 10214/918 10218/918
f 10215/918 10218/918 10219/918
f 10218/918 10217/918 10221/918
f 10218/918 10221/918 10222/918
f 10220/918 10219/918 10223/918
f 10220/918 10223/918 10224/918
f 10217/918 10220/918 10224/918
f 10217/918 10224/918 10221/918
f 10219/918 10218/918 10222/918
f 10219/918 10222/918 10223/918
f 10222/918 10221/918 10225/918
f 10222/918 10225/918 10226/918
f 10224/918 10223/918 10227/918
f 10224/918 10227/918 10228/918
f 10221/918 10224/918 10228/918
f 10221/918 10228/918 10225/918
f 10223/918 10222/918 10226/918
f 10223/918 10226/918 10227/918
f 10226/918 10225/918 10229/918
f 10226/918 10229/918 10230/918
f 10228/918 10227/918 10231/918
f 10228/918 10231/918 10232/918
f 10225/918 10228/918 10232/918
f 10225/918 10232/918 10229/918
f 10227/918 10226/918 10230/918
f 10227/918 10230/918 10231/918
f 10230/918 10229/918 10233/918
f 10230/918 10233/918 10234/918
f 10232/918 10231/918 10235/918
f 10232/918 10235/918 10236/918
f 10229/918 10232/918 10236/918
f 10229/918 10236/918 10233/918
f 10231/918 10230/918 10234/918
f 10231/918 10234/918 10235/918
f 10234/918 10233/918 10190/918
f 10234/918 10190/918 10189/918
f 10236/918 10235/918 10194/918
f 10236/918 10194/918 10193/918
f 10233/918 10236/918 10193/918
f 10233/918 10193/918 10190/918
f 10235/918 10234/918 10189/918
f 10235/918 10189/918 10194/918
f 10237/918 10238/918 10239/918
f 10237/918 10239/918 10240/918
f 10241/918 10242/918 10243/918
f 10241/918 10243/918 10244/918
f 10238/918 10241/918 10244/918
f 10238/918 10244/918 10239/918
f 10242/918 10237/918 10240/918
f 10242/918 10240/918 10243/918
f 10240/918 10239/918 10245/918
f 10240/918 10245/918 10246/918
f 10244/918 10243/918 10247/918
f 10244/918 10247/918 10248/918
f 10239/918 10244/918 10248/918
f 10239/918 10248/918 10245/918
f 10243/918 10240/918 10246/918
f 10243/918 10246/918 10247/918
f 10246/918 10245/918 10249/918
f 10246/918 10249/918 10250/918
f 10248/918 10247/918 10251/918
f 10248/918 10251/918 10252/918
f 10245/918 10248/918 10252/918
f 10245/918 10252/918 10249/918
f 10247/918 10246/918 10250/918
f 10247/918 10250/918 10251/918
f 10250/918 10249/918 10253/918
f 10250/918 10253/918 10254/918
f 10252/918 10251/918 10255/918
f 10252/918 10255/918 10256/918
f 10249/918 10252/918 10256/918
f 10249/918 10256/918 10253/918
f 10251/918 10250/918 10254/918
f 10251/918 10254/918 10255/918
f 10254/918 10253/918 10257/918
f 10254/918 10257/918 10258/918
f 10256/918 10255/918 10259/918
f 10256/918 10259/918 10260/918
f 10253/918 10256/918 10260/918
f 10253/918 10260/918 10257/918
f 10255/918 10254/918 10258/918
f 10255/918 10258/918 10259/918
f 10258/918 10257/918 10261/918
f 10258/918 10261/918 10262/918
f 10260/918 10259/918 10263/918
f 10260/918 10263/918 10264/918
f 10257/918 10260/918 10264/918
f 10257/918 10264/918 10261/918
f 10259/918 10258/918 10262/918
f 10259/918 10262/918 10263/918
f 10262/918 10261/918 10265/918
f 10262/918 10265/918 10266/918
f 10264/918 10263/918 10267/918
f 10264/918 10267/918 10268/918
f 10261/918 10264/918 10268/918
f 10261/918 10268/918 10265/918
f 10263/918 10262/918 10266/918
f 10263/918 10266/918 10267/918
f 10266/918 10265/918 10269/918
f 10266/918 10269/918 10270/918
f 10268/918 10267/918 10271/918
f 10268/918 10271/918 10272/918
f 10265/918 10268/918 10272/918
f 10265/918 10272/918 10269/918
f 10267/918 10266/918 10270/918
f 10267/918 10270/918 10271/918
f 10270/918 10269/918 10273/918
f 10270/918 10273/918 10274/918
f 10272/918 10271/918 10275/918
f 10272/918 10275/918 10276/918
f 10269/918 10272/918 10276/918
f 10269/918 10276/918 10273/918
f 10271/918 10270/918 10274/918
f 10271/918 10274/918 10275/918
f 10274/918 10273/918 10277/918
f 10274/918 10277/918 10278/918
f 10276/918 10275/918 10279/918
f 10276/918 10279/918 10280/918
f 10273/918 10276/918 10280/918
f 10273/918 10280/918 10277/918
f 10275/918 10274/918 10278/918
f 10275/918 10278/918 10279/918
f 10278/918 10277/918 10281/918
f 10278/918 10281/918 10282/918
f 10280/918 10279/918 10283/918
f 10280/918 10283/918 10284/918
f 10277/918 10280/918 10284/918
f 10277/918 10284/918 10281/918
f 10279/918 10278/918 10282/918
f 10279/918 10282/918 10283/918
f 10282/918 10281/918 10238/918
f 10282/918 10238/918 10237/918
f 10284/918 10283/918 10242/918
f 10284/918 10242/918 10241/918
f 10281/918 10284/918 10241/918
f 10281/918 10241/918 10238/918
f 10283/918 10282/918 10237/918
f 10283/918 10237/918 10242/918
f 10285/918 10286/918 10287/918
f 10288/918 10289/918 10290/918
f 10287/918 10291/918 10285/918
f 10289/918 10288/918 10292/918
f 10290/918 10289/918 10287/918
f 10290/918 10287/918 10286/918
f 10289/918 10292/918 10291/918
f 10289/918 10291/918 10287/918
f 10292/918 10288/918 10285/918
f 10292/918 10285/918 10291/918
f 10288/918 10290/918 10286/918
f 10288/918 10286/918 10285/918
f 10293/920 10294/920 10295/920
f 10296/920 10297/920 10298/920
f 10296/920 10298/920 10294/920
f 10296/920 10294/920 10293/920
f 10298/920 10297/920 10295/920
f 10298/920 10295/920 10294/920
f 10297/920 10296/920 10293/920
f 10297/920 10293/920 10295/920
f 10299/918 10300/918 10301/918
f 10302/918 10303/918 10304/918
f 10301/918 10305/918 10299/918
f 10303/918 10302/918 10306/918
f 10304/918 10303/918 10301/918
f 10304/918 10301/918 10300/918
f 10303/918 10306/918 10305/918
f 10303/918 10305/918 10301/918
f 10306/918 10302/918 10299/918
f 10306/918 10299/918 10305/918
f 10302/918 10304/918 10300/918
f 10302/918 10300/918 10299/918
f 10307/920 10308/920 10309/920
f 10310/920 10311/920 10312/920
f 10310/920 10312/920 10308/920
f 10310/920 10308/920 10307/920
f 10312/920 10311/920 10309/920
f 10312/920 10309/920 10308/920
f 10311/920 10310/920 10307/920
f 10311/920 10307/920 10309/920
f 10313/918 10314/918 10315/918
f 10316/918 10317/918 10318/918
f 10315/918 10319/918 10313/918
f 10317/918 10316/918 10320/918
f 10318/918 10317/918 10315/918
f 10318/918 10315/918 10314/918
f 10317/918 10320/918 10319/918
f 10317/918 10319/918 10315/918
f 10320/918 10316/918 10313/918
f 10320/918 10313/918 10319/918
f 10316/918 10318/918 10314/918
f 10316/918 10314/918 10313/918
f 10321/918 10322/918 10323/918
f 10324/918 10325/918 10326/918
f 10323/918 10327/918 10321/918
f 10325/918 10324/918 10328/918
f 10326/918 10325/918 10323/918
f 10326/918 10323/918 10322/918
f 10325/918 10328/918 10327/918
f 10325/918 10327/918 10323/918
f 10328/918 10324/918 10321/918
f 10328/918 10321/918 10327/918
f 10324/918 10326/918 10322/918
f 10324/918 10322/918 10321/918
f 10329/918 10330/918 10331/918
f 10332/918 10333/918 10334/918
f 10331/918 10335/918 10329/918
f 10333/918 10332/918 10336/918
f 10334/918 10333/918 10331/918
f 10334/918 10331/918 10330/918
f 10333/918 10336/918 10335/918
f 10333/918 10335/918 10331/918
f 10336/918 10332/918 10329/918
f 10336/918 10329/918 10335/918
f 10332/918 10334/918 10330/918
f 10332/918 10330/918 10329/918
f 10337/918 10338/918 10339/918
f 10340/918 10341/918 10342/918
f 10339/918 10343/918 10337/918
f 10341/918 10340/918 10344/918
f 10342/918 10341/918 10339/918
f 10342/918 10339/918 10338/918
f 10341/918 10344/918 10343/918
f 10341/918 10343/918 10339/918
f 10344/918 10340/918 10337/918
f 10344/918 10337/918 10343/918
f 10340/918 10342/918 10338/918
f 10340/918 10338/918 10337/918
f 10345/919 10346/919 10347/919
f 10345/919 10347/919 10348/919
f 10349/919 10350/919 10351/919
f 10349/919 10351/919 10352/919
f 10346/919 10349/919 10352/919
f 10346/919 10352/919 10347/919
f 10350/919 10345/919 10348/919
f 10350/919 10348/919 10351/919
f 10348/919 10347/919 10353/919
f 10348/919 10353/919 10354/919
f 10352/919 10351/919 10355/919
f 10352/919 10355/919 10356/919
f 10347/919 10352/919 10356/919
f 10347/919 10356/919 10353/919
f 10351/919 10348/919 10354/919
f 10351/919 10354/919 10355/919
f 10354/919 10353/919 10357/919
f 10354/919 10357/919 10358/919
f 10356/919 10355/919 10359/919
f 10356/919 10359/919 10360/919
f 10353/919 10356/919 10360/919
f 10353/919 10360/919 10357/919
f 10355/919 10354/919 10358/919
f 10355/919 10358/919 10359/919
f 10358/919 10357/919 10361/919
f 10358/919 10361/919 10362/919
f 10360/919 10359/919 10363/919
f 10360/919 10363/919 10364/919
f 10357/919 10360/919 10364/919
f 10357/919 10364/919 10361/919
f 10359/919 10358/919 10362/919
f 10359/919 10362/919 10363/919
f 10362/919 10361/919 10365/919
f 10362/919 10365/919 10366/919
f 10364/919 10363/919 10367/919
f 10364/919 10367/919 10368/919
f 10361/919 10364/919 10368/919
f 10361/919 10368/919 10365/919
f 10363/919 10362/919 10366/919
f 10363/919 10366/919 10367/919
f 10366/919 10365/919 10369/919
f 10366/919 10369/919 10370/919
f 10368/919 10367/919 10371/919
f 10368/919 10371/919 10372/919
f 10365/919 10368/919 10372/919
f 10365/919 10372/919 10369/919
f 10367/919 10366/919 10370/919
f 10367/919 10370/919 10371/919
f 10370/919 10369/919 10373/919
f 10370/919 10373/919 10374/919
f 10372/919 10371/919 10375/919
f 10372/919 10375/919 10376/919
f 10369/919 10372/919 10376/919
f 10369/919 10376/919 10373/919
f 10371/919 10370/919 10374/919
f 10371/919 10374/919 10375/919
f 10374/919 10373/919 10377/919
f 10374/919 10377/919 10378/919
f 10376/919 10375/919 10379/919
f 10376/919 10379/919 10380/919
f 10373/919 10376/919 10380/919
f 10373/919 10380/919 10377/919
f 10375/919 10374/919 10378/919
f 10375/919 10378/919 10379/919
f 10378/919 10377/919 10381/919
f 10378/919 10381/919 10382/919
f 10380/919 10379/919 10383/919
f 10380/919 10383/919 10384/919
f 10377/919 10380/919 10384/919
f 10377/919 10384/919 10381/919
f 10379/919 10378/919 10382/919
f 10379/919 10382/919 10383/919
f 10382/919 10381/919 10385/919
f 10382/919 10385/919 10386/919
f 10384/919 10383/919 10387/919
f 10384/919 10387/919 10388/919
f 10381/919 10384/919 10388/919
f 10381/919 10388/919 10385/919
f 10383/919 10382/919 10386/919
f 10383/919 10386/919 10387/919
f 10386/919 10385/919 10389/919
f 10386/919 10389/919 10390/919
f 10388/919 10387/919 10391/919
f 10388/919 10391/919 10392/919
f 10385/919 10388/919 10392/919
f 10385/919 10392/919 10389/919
f 10387/919 10386/919 10390/919
f 10387/919 10390/919 10391/919
f 10390/919 10389/919 10346/919
f 10390/919 10346/919 10345/919
f 10392/919 10391/919 10350/919
f 10392/919 10350/919 10349/919
f 10389/919 10392/919 10349/919
f 10389/919 10349/919 10346/919
f 10391/919 10390/919 10345/919
f 10391/919 10345/919 10350/919
f 10393/919 10394/919 10395/919
f 10393/919 10395/919 10396/919
f 10397/919 10398/919 10399/919
f 10397/919 10399/919 10400/919
f 10394/919 10397/919 10400/919
f 10394/919 10400/919 10395/919
f 10398/919 10393/919 10396/919
f 10398/919 10396/919 10399/919
f 10396/919 10395/919 10401/919
f 10396/919 10401/919 10402/919
f 10400/919 10399/919 10403/919
f 10400/919 10403/919 10404/919
f 10395/919 10400/919 10404/919
f 10395/919 10404/919 10401/919
f 10399/919 10396/919 10402/919
f 10399/919 10402/919 10403/919
f 10402/919 10401/919 10405/919
f 10402/919 10405/919 10406/919
f 10404/919 10403/919 10407/919
f 10404/919 10407/919 10408/919
f 10401/919 10404/919 10408/919
f 10401/919 10408/919 10405/919
f 10403/919 10402/919 10406/919
f 10403/919 10406/919 10407/919
f 10406/919 10405/919 10409/919
f 10406/919 10409/919 10410/919
f 10408/919 10407/919 10411/919
f 10408/919 10411/919 10412/919
f 10405/919 10408/919 10412/919
f 10405/919 10412/919 10409/919
f 10407/919 10406/919 10410/919
f 10407/919 10410/919 10411/919
f 10410/919 10409/919 10413/919
f 10410/919 10413/919 10414/919
f 10412/919 10411/919 10415/919
f 10412/919 10415/919 10416/919
f 10409/919 10412/919 10416/919
f 10409/919 10416/919 10413/919
f 10411/919 10410/919 10414/919
f 10411/919 10414/919 10415/919
f 10414/919 10413/919 10417/919
f 10414/919 10417/919 10418/919
f 10416/919 10415/919 10419/919
f 10416/919 10419/919 10420/919
f 10413/919 10416/919 10420/919
f 10413/919 10420/919 10417/919
f 10415/919 10414/919 10418/919
f 10415/919 10418/919 10419/919
f 10418/919 10417/919 10421/919
f 10418/919 10421/919 10422/919
f 10420/919 10419/919 10423/919
f 10420/919 10423/919 10424/919
f 10417/919 10420/919 10424/919
f 10417/919 10424/919 10421/919
f 10419/919 10418/919 10422/919
f 10419/919 10422/919 10423/919
f 10422/919 10421/919 10425/919
f 10422/919 10425/919 10426/919
f 10424/919 10423/919 10427/919
f 10424/919 10427/919 10428/919
f 10421/919 10424/919 10428/919
f 10421/919 10428/919 10425/919
f 10423/919 10422/919 10426/919
f 10423/919 10426/919 10427/919
f 10426/919 10425/919 10429/919
f 10426/919 10429/919 10430/919
f 10428/919 10427/919 10431/919
f 10428/919 10431/919 10432/919
f 10425/919 10428/919 10432/919
f 10425/919 10432/919 10429/919
f 10427/919 10426/919 10430/919
f 10427/919 10430/919 10431/919
f 10430/919 10429/919 10433/919
f 10430/919 10433/919 10434/919
f 10432/919 10431/919 10435/919
f 10432/919 10435/919 10436/919
f 10429/919 10432/919 10436/919
f 10429/919 10436/919 10433/919
f 10431/919 10430/919 10434/919
f 10431/919 10434/919 10435/919
f 10434/919 10433/919 10437/919
f 10434/919 10437/919 10438/919
f 10436/919 10435/919 10439/919
f 10436/919 10439/919 10440/919
f 10433/919 10436/919 10440/919
f 10433/919 10440/919 10437/919
f 10435/919 10434/919 10438/919
f 10435/919 10438/919 10439/919
f 10438/919 10437/919 10394/919
f 10438/919 10394/919 10393/919
f 10440/919 10439/919 10398/919
f 10440/919 10398/919 10397/919
f 10437/919 10440/919 10397/919
f 10437/919 10397/919 10394/919
f 10439/919 10438/919 10393/919
f 10439/919 10393/919 10398/919
f 10441/919 10442/919 10443/919
f 10441/919 10443/919 10444/919
f 10445/919 10446/919 10447/919
f 10445/919 10447/919 10448/919
f 10442/919 10445/919 10448/919
f 10442/919 10448/919 10443/919
f 10446/919 10441/919 10444/919
f 10446/919 10444/919 10447/919
f 10444/919 10443/919 10449/919
f 10444/919 10449/919 10450/919
f 10448/919 10447/919 10451/919
f 10448/919 10451/919 10452/919
f 10443/919 10448/919 10452/919
f 10443/919 10452/919 10449/919
f 10447/919 10444/919 10450/919
f 10447/919 10450/919 10451/919
f 10450/919 10449/919 10453/919
f 10450/919 10453/919 10454/919
f 10452/919 10451/919 10455/919
f 10452/919 10455/919 10456/919
f 10449/919 10452/919 10456/919
f 10449/919 10456/919 10453/919
f 10451/919 10450/919 10454/919
f 10451/919 10454/919 10455/919
f 10454/919 10453/919 10457/919
f 10454/919 10457/919 10458/919
f 10456/919 10455/919 10459/919
f 10456/919 10459/919 10460/919
f 10453/919 10456/919 10460/919
f 10453/919 10460/919 10457/919
f 10455/919 10454/919 10458/919
f 10455/919 10458/919 10459/919
f 10458/919 10457/919 10461/919
f 10458/919 10461/919 10462/919
f 10460/919 10459/919 10463/919
f 10460/919 10463/919 10464/919
f 10457/919 10460/919 10464/919
f 10457/919 10464/919 10461/919
f 10459/919 10458/919 10462/919
f 10459/919 10462/919 10463/919
f 10462/919 10461/919 10465/919
f 10462/919 10465/919 10466/919
f 10464/919 10463/919 10467/919
f 10464/919 10467/919 10468/919
f 10461/919 10464/919 10468/919
f 10461/919 10468/919 10465/919
f 10463/919 10462/919 10466/919
f 10463/919 10466/919 10467/919
f 10466/919 10465/919 10469/919
f 10466/919 10469/919 10470/919
f 10468/919 10467/919 10471/919
f 10468/919 10471/919 10472/919
f 10465/919 10468/919 10472/919
f 10465/919 10472/919 10469/919
f 10467/919 10466/919 10470/919
f 10467/919 10470/919 10471/919
f 10470/919 10469/919 10473/919
f 10470/919 10473/919 10474/919
f 10472/919 10471/919 10475/919
f 10472/919 10475/919 10476/919
f 10469/919 10472/919 10476/919
f 10469/919 10476/919 10473/919
f 10471/919 10470/919 10474/919
f 10471/919 10474/919 10475/919
f 10474/919 10473/919 10477/919
f 10474/919 10477/919 10478/919
f 10476/919 10475/919 10479/919
f 10476/919 10479/919 10480/919
f 10473/919 10476/919 10480/919
f 10473/919 10480/919 10477/919
f 10475/919 10474/919 10478/919
f 10475/919 10478/919 10479/919
f 10478/919 10477/919 10481/919
f 10478/919 10481/919 10482/919
f 10480/919 10479/919 10483/919
f 10480/919 10483/919 10484/919
f 10477/919 10480/919 10484/919
f 10477/919 10484/919 10481/919
f 10479/919 10478/919 10482/919
f 10479/919 10482/919 10483/919
f 10482/919 10481/919 10485/919
f 10482/919 10485/919 10486/919
f 10484/919 10483/919 10487/919
f 10484/919 10487/919 10488/919
f 10481/919 10484/919 10488/919
f 10481/919 10488/919 10485/919
f 10483/919 10482/919 10486/919
f 10483/919 10486/919 10487/919
f 10486/919 10485/919 10442/919
f 10486/919 10442/919 10441/919
f 10488/919 10487/919 10446/919
f 10488/919 10446/919 10445/919
f 10485/919 10488/919 10445/919
f 10485/919 10445/919 10442/919
f 10487/919 10486/919 10441/919
f 10487/919 10441/919 10446/919
f 10489/919 10490/919 10491/919
f 10489/919 10491/919 10492/919
f 10493/919 10494/919 10495/919
f 10493/919 10495/919 10496/919
f 10490/919 10493/919 10496/919
f 10490/919 10496/919 10491/919
f 10494/919 10489/919 10492/919
f 10494/919 10492/919 10495/919
f 10492/919 10491/919 10497/919
f 10492/919 10497/919 10498/919
f 10496/919 10495/919 10499/919
f 10496/919 10499/919 10500/919
f 10491/919 10496/919 10500/919
f 10491/919 10500/919 10497/919
f 10495/919 10492/919 10498/919
f 10495/919 10498/919 10499/919
f 10498/919 10497/919 10501/919
f 10498/919 10501/919 10502/919
f 10500/919 10499/919 10503/919
f 10500/919 10503/919 10504/919
f 10497/919 10500/919 10504/919
f 10497/919 10504/919 10501/919
f 10499/919 10498/919 10502/919
f 10499/919 10502/919 10503/919
f 10502/919 10501/919 10505/919
f 10502/919 10505/919 10506/919
f 10504/919 10503/919 10507/919
f 10504/919 10507/919 10508/919
f 10501/919 10504/919 10508/919
f 10501/919 10508/919 10505/919
f 10503/919 10502/919 10506/919
f 10503/919 10506/919 10507/919
f 10506/919 10505/919 10509/919
f 10506/919 10509/919 10510/919
f 10508/919 10507/919 10511/919
f 10508/919 10511/919 10512/919
f 10505/919 10508/919 10512/919
f 10505/919 10512/919 10509/919
f 10507/919 10506/919 10510/919
f 10507/919 10510/919 10511/919
f 10510/919 10509/919 10513/919
f 10510/919 10513/919 10514/919
f 10512/919 10511/919 10515/919
f 10512/919 10515/919 10516/919
f 10509/919 10512/919 10516/919
f 10509/919 10516/919 10513/919
f 10511/919 10510/919 10514/919
f 10511/919 10514/919 10515/919
f 10514/919 10513/919 10517/919
f 10514/919 10517/919 10518/919
f 10516/919 10515/919 10519/919
f 10516/919 10519/919 10520/919
f 10513/919 10516/919 10520/919
f 10513/919 10520/919 10517/919
f 10515/919 10514/919 10518/919
f 10515/919 10518/919 10519/919
f 10518/919 10517/919 10521/919
f 10518/919 10521/919 10522/919
f 10520/919 10519/919 10523/919
f 10520/919 10523/919 10524/919
f 10517/919 10520/919 10524/919
f 10517/919 10524/919 10521/919
f 10519/919 10518/919 10522/919
f 10519/919 10522/919 10523/919
f 10522/919 10521/919 10525/919
f 10522/919 10525/919 10526/919
f 10524/919 10523/919 10527/919
f 10524/919 10527/919 10528/919
f 10521/919 10524/919 10528/919
f 10521/919 10528/919 10525/919
f 10523/919 10522/919 10526/919
f 10523/919 10526/919 10527/919
f 10526/919 10525/919 10529/919
f 10526/919 10529/919 10530/919
f 10528/919 10527/919 10531/919
f 10528/919 10531/919 10532/919
f 10525/919 10528/919 10532/919
f 10525/919 10532/919 10529/919
f 10527/919 10526/919 10530/919
f 10527/919 10530/919 10531/919
f 10530/919 10529/919 10533/919
f 10530/919 10533/919 10534/919
f 10532/919 10531/919 10535/919
f 10532/919 10535/919 10536/919
f 10529/919 10532/919 10536/919
f 10529/919 10536/919 10533/919
f 10531/919 10530/919 10534/919
f 10531/919 10534/919 10535/919
f 10534/919 10533/919 10490/919
f 10534/919 10490/919 10489/919
f 10536/919 10535/919 10494/919
f 10536/919 10494/919 10493/919
f 10533/919 10536/919 10493/919
f 10533/919 10493/919 10490/919
f 10535/919 10534/919 10489/919
f 10535/919 10489/919 10494/919
f 10537/919 10538/919 10539/919
f 10537/919 10539/919 10540/919
f 10541/919 10542/919 10543/919
f 10541/919 10543/919 10544/919
f 10538/919 10541/919 10544/919
f 10538/919 10544/919 10539/919
f 10542/919 10537/919 10540/919
f 10542/919 10540/919 10543/919
f 10540/919 10539/919 10545/919
f 10540/919 10545/919 10546/919
f 10544/919 10543/919 10547/919
f 10544/919 10547/919 10548/919
f 10539/919 10544/919 10548/919
f 10539/919 10548/919 10545/919
f 10543/919 10540/919 10546/919
f 10543/919 10546/919 10547/919
f 10546/919 10545/919 10549/919
f 10546/919 10549/919 10550/919
f 10548/919 10547/919 10551/919
f 10548/919 10551/919 10552/919
f 10545/919 10548/919 10552/919
f 10545/919 10552/919 10549/919
f 10547/919 10546/919 10550/919
f 10547/919 10550/919 10551/919
f 10550/919 10549/919 10553/919
f 10550/919 10553/919 10554/919
f 10552/919 10551/919 10555/919
f 10552/919 10555/919 10556/919
f 10549/919 10552/919 10556/919
f 10549/919 10556/919 10553/919
f 10551/919 10550/919 10554/919
f 10551/919 10554/919 10555/919
f 10554/919 10553/919 10557/919
f 10554/919 10557/919 10558/919
f 10556/919 10555/919 10559/919
f 10556/919 10559/919 10560/919
f 10553/919 10556/919 10560/919
f 10553/919 10560/919 10557/919
f 10555/919 10554/919 10558/919
f 10555/919 10558/919 10559/919
f 10558/919 10557/919 10561/919
f 10558/919 10561/919 10562/919
f 10560/919 10559/919 10563/919
f 10560/919 10563/919 10564/919
f 10557/919 10560/919 10564/919
f 10557/919 10564/919 10561/919
f 10559/919 10558/919 10562/919
f 10559/919 10562/919 10563/919
f 10562/919 10561/919 10565/919
f 10562/919 10565/919 10566/919
f 10564/919 10563/919 10567/919
f 10564/919 10567/919 10568/919
f 10561/919 10564/919 10568/919
f 10561/919 10568/919 10565/919
f 10563/919 10562/919 10566/919
f 10563/919 10566/919 10567/919
f 10566/919 10565/919 10569/919
f 10566/919 10569/919 10570/919
f 10568/919 10567/919 10571/919
f 10568/919 10571/919 10572/919
f 10565/919 10568/919 10572/919
f 10565/919 10572/919 10569/919
f 10567/919 10566/919 10570/919
f 10567/919 10570/919 10571/919
f 10570/919 10569/919 10573/919
f 10570/919 10573/919 10574/919
f 10572/919 10571/919 10575/919
f 10572/919 10575/919 10576/919
f 10569/919 10572/919 10576/919
f 10569/919 10576/919 10573/919
f 10571/919 10570/919 10574/919
f 10571/919 10574/919 10575/919
f 10574/919 10573/919 10577/919
f 10574/919 10577/919 10578/919
f 10576/919 10575/919 10579/919
f 10576/919 10579/919 10580/919
f 10573/919 10576/919 10580/919
f 10573/919 10580/919 10577/919
f 10575/919 10574/919 10578/919
f 10575/919 10578/919 10579/919
f 10578/919 10577/919 10581/919
f 10578/919 10581/919 10582/919
f 10580/919 10579/919 10583/919
f 10580/919 10583/919 10584/919
f 10577/919 10580/919 10584/919
f 10577/919 10584/919 10581/919
f 10579/919 10578/919 10582/919
f 10579/919 10582/919 10583/919
f 10582/919 10581/919 10538/919
f 10582/919 10538/919 10537/919
f 10584/919 10583/919 10542/919
f 10584/919 10542/919 10541/919
f 10581/919 10584/919 10541/919
f 10581/919 10541/919 10538/919
f 10583/919 10582/919 10537/919
f 10583/919 10537/919 10542/919
f 10585/918 10586/918 10587/918
f 10588/918 10589/918 10590/918
f 10587/918 10591/918 10585/918
f 10589/918 10588/918 10592/918
f 10590/918 10589/918 10587/918
f 10590/918 10587/918 10586/918
f 10589/918 10592/918 10591/918
f 10589/918 10591/918 10587/918
f 10592/918 10588/918 10585/918
f 10592/918 10585/918 10591/918
f 10588/918 10590/918 10586/918
f 10588/918 10586/918 10585/918
f 10593/918 10594/918 10595/918
f 10596/918 10597/918 10598/918
f 10595/918 10599/918 10593/918
f 10597/918 10596/918 10600/918
f 10598/918 10597/918 10595/918
f 10598/918 10595/918 10594/918
f 10597/918 10600/918 10599/918
f 10597/918 10599/918 10595/918
f 10600/918 10596/918 10593/918
f 10600/918 10593/918 10599/918
f 10596/918 10598/918 10594/918
f 10596/918 10594/918 10593/918
f 10601/918 10602/918 10603/918
f 10604/918 10605/918 10606/918
f 10603/918 10607/918 10601/918
f 10605/918 10604/918 10608/918
f 10606/918 10605/918 10603/918
f 10606/918 10603/918 10602/918
f 10605/918 10608/918 10607/918
f 10605/918 10607/918 10603/918
f 10608/918 10604/918 10601/918
f 10608/918 10601/918 10607/918
f 10604/918 10606/918 10602/918
f 10604/918 10602/918 10601/918
f 10609/918 10610/918 10611/918
f 10612/918 10613/918 10614/918
f 10611/918 10615/918 10609/918
f 10613/918 10612/918 10616/918
f 10614/918 10613/918 10611/918
f 10614/918 10611/918 10610/918
f 10613/918 10616/918 10615/918
f 10613/918 10615/918 10611/918
f 10616/918 10612/918 10609/918
f 10616/918 10609/918 10615/918
f 10612/918 10614/918 10610/918
f 10612/918 10610/918 10609/918
f 10617/918 10618/918 10619/918
f 10620/918 10621/918 10622/918
f 10619/918 10623/918 10617/918
f 10621/918 10620/918 10624/918
f 10622/918 10621/918 10619/918
f 10622/918 10619/918 10618/918
f 10621/918 10624/918 10623/918
f 10621/918 10623/918 10619/918
f 10624/918 10620/918 10617/918
f 10624/918 10617/918 10623/918
f 10620/918 10622/918 10618/918
f 10620/918 10618/918 10617/918
f 10625/918 10626/918 10627/918
f 10628/918 10629/918 10630/918
f 10627/918 10631/918 10625/918
f 10629/918 10628/918 10632/918
f 10630/918 10629/918 10627/918
f 10630/918 10627/918 10626/918
f 10629/918 10632/918 10631/918
f 10629/918 10631/918 10627/918
f 10632/918 10628/918 10625/918
f 10632/918 10625/918 10631/918
f 10628/918 10630/918 10626/918
f 10628/918 10626/918 10625/918
f 10633/918 10634/918 10635/918
f 10636/918 10637/918 10638/918
f 10635/918 10639/918 10633/918
f 10637/918 10636/918 10640/918
f 10638/918 10637/918 10635/918
f 10638/918 10635/918 10634/918
f 10637/918 10640/918 10639/918
f 10637/918 10639/918 10635/918
f 10640/918 10636/918 10633/918
f 10640/918 10633/918 10639/918
f 10636/918 10638/918 10634/918
f 10636/918 10634/918 10633/918
f 10641/918 10642/918 10643/918
f 10644/918 10645/918 10646/918
f 10643/918 10647/918 10641/918
f 10645/918 10644/918 10648/918
f 10646/918 10645/918 10643/918
f 10646/918 10643/918 10642/918
f 10645/918 10648/918 10647/918
f 10645/918 10647/918 10643/918
f 10648/918 10644/918 10641/918
f 10648/918 10641/918 10647/918
f 10644/918 10646/918 10642/918
f 10644/918 10642/918 10641/918
f 10649/918 10650/918 10651/918
f 10652/918 10653/918 10654/918
f 10651/918 10655/918 10649/918
f 10653/918 10652/918 10656/918
f 10654/918 10653/918 10651/918
f 10654/918 10651/918 10650/918
f 10653/918 10656/918 10655/918
f 10653/918 10655/918 10651/918
f 10656/918 10652/918 10649/918
f 10656/918 10649/918 10655/918
f 10652/918 10654/918 10650/918
f 10652/918 10650/918 10649/918
f 10657/919 10658/919 10659/919
f 10660/919 10661/919 10662/919
f 10659/919 10663/919 10657/919
f 10661/919 10660/919 10664/919
f 10662/919 10661/919 10659/919
f 10662/919 10659/919 10658/919
f 10661/919 10664/919 10663/919
f 10661/919 10663/919 10659/919
f 10664/919 10660/919 10657/919
f 10664/919 10657/919 10663/919
f 10660/919 10662/919 10658/919
f 10660/919 10658/919 10657/919
f 10665/919 10666/919 10667/919
f 10668/919 10669/919 10670/919
f 10667/919 10671/919 10665/919
f 10669/919 10668/919 10672/919
f 10670/919 10669/919 10667/919
f 10670/919 10667/919 10666/919
f 10669/919 10672/919 10671/919
f 10669/919 10671/919 10667/919
f 10672/919 10668/919 10665/919
f 10672/919 10665/919 10671/919
f 10668/919 10670/919 10666/919
f 10668/919 10666/919 10665/919
f 10673/919 10674/919 10675/919
f 10676/919 10677/919 10678/919
f 10675/919 10679/919 10673/919
f 10677/919 10676/919 10680/919
f 10678/919 10677/919 10675/919
f 10678/919 10675/919 10674/919
f 10677/919 10680/919 10679/919
f 10677/919 10679/919 10675/919
f 10680/919 10676/919 10673/919
f 10680/919 10673/919 10679/919
f 10676/919 10678/919 10674/919
f 10676/919 10674/919 10673/919
f 10681/919 10682/919 10683/919
f 10684/919 10685/919 10686/919
f 10683/919 10687/919 10681/919
f 10685/919 10684/919 10688/919
f 10686/919 10685/919 10683/919
f 10686/919 10683/919 10682/919
f 10685/919 10688/919 10687/919
f 10685/919 10687/919 10683/919
f 10688/919 10684/919 10681/919
f 10688/919 10681/919 10687/919
f 10684/919 10686/919 10682/919
f 10684/919 10682/919 10681/919
f 10689/919 10690/919 10691/919
f 10692/919 10693/919 10694/919
f 10691/919 10695/919 10689/919
f 10693/919 10692/919 10696/919
f 10694/919 10693/919 10691/919
f 10694/919 10691/919 10690/919
f 10693/919 10696/919 10695/919
f 10693/919 10695/919 10691/919
f 10696/919 10692/919 10689/919
f 10696/919 10689/919 10695/919
f 10692/919 10694/919 10690/919
f 10692/919 10690/919 10689/919
f 10697/919 10698/919 10699/919
f 10700/919 10701/919 10702/919
f 10699/919 10703/919 10697/919
f 10701/919 10700/919 10704/919
f 10702/919 10701/919 10699/919
f 10702/919 10699/919 10698/919
f 10701/919 10704/919 10703/919
f 10701/919 10703/919 10699/919
f 10704/919 10700/919 10697/919
f 10704/919 10697/919 10703/919
f 10700/919 10702/919 10698/919
f 10700/919 10698/919 10697/919
f 10705/918 10706/918 10707/918
f 10708/918 10709/918 10710/918
f 10707/918 10711/918 10712/918
f 10709/918 10713/918 10714/918
f 10707/918 10712/918 10715/918
f 10709/918 10716/918 10713/918
f 10707/918 10715/918 10705/918
f 10709/918 10708/918 10716/918
f 10710/918 10709/918 10707/918
f 10710/918 10707/918 10706/918
f 10709/918 10714/918 10711/918
f 10709/918 10711/918 10707/918
f 10714/918 10713/918 10712/918
f 10714/918 10712/918 10711/918
f 10713/918 10716/918 10715/918
f 10713/918 10715/918 10712/918
f 10716/918 10708/918 10705/918
f 10716/918 10705/918 10715/918
f 10708/918 10710/918 10706/918
f 10708/918 10706/918 10705/918
f 10717/919 10718/919 10719/919
f 10720/919 10721/919 10722/919
f 10719/919 10723/919 10717/919
f 10721/919 10720/919 10724/919
f 10722/919 10721/919 10719/919
f 10722/919 10719/919 10718/919
f 10721/919 10724/919 10723/919
f 10721/919 10723/919 10719/919
f 10724/919 10720/919 10717/919
f 10724/919 10717/919 10723/919
f 10720/919 10722/919 10718/919
f 10720/919 10718/919 10717/919
f 10725/918 10726/918 10727/918
f 10728/918 10729/918 10730/918
f 10725/918 10727/918 10731/918
f 10728/918 10732/918 10729/918
f 10728/918 10730/918 10726/918
f 10728/918 10726/918 10725/918
f 10730/918 10729/918 10727/918
f 10730/918 10727/918 10726/918
f 10729/918 10732/918 10731/918
f 10729/918 10731/918 10727/918
f 10732/918 10728/918 10725/918
f 10732/918 10725/918 10731/918
f 10733/918 10734/918 10735/918
f 10736/918 10737/918 10738/918
f 10735/918 10739/918 10733/918
f 10737/918 10736/918 10740/918
f 10738/918 10737/918 10735/918
f 10738/918 10735/918 10734/918
f 10737/918 10740/918 10739/918
f 10737/918 10739/918 10735/918
f 10740/918 10736/918 10733/918
f 10740/918 10733/918 10739/918
f 10736/918 10738/918 10734/918
f 10736/918 10734/918 10733/918
f 10741/918 10742/918 10743/918
f 10744/918 10745/918 10746/918
f 10743/918 10747/918 10741/918
f 10745/918 10744/918 10748/918
f 10746/918 10745/918 10743/918
f 10746/918 10743/918 10742/918
f 10745/918 10748/918 10747/918
f 10745/918 10747/918 10743/918
f 10748/918 10744/918 10741/918
f 10748/918 10741/918 10747/918
f 10744/918 10746/918 10742/918
f 10744/918 10742/918 10741/918
f 10749/918 10750/918 10751/918
f 10752/918 10753/918 10754/918
f 10751/918 10755/918 10749/918
f 10753/918 10752/918 10756/918
f 10754/918 10753/918 10751/918
f 10754/918 10751/918 10750/918
f 10753/918 10756/918 10755/918
f 10753/918 10755/918 10751/918
f 10756/918 10752/918 10749/918
f 10756/918 10749/918 10755/918
f 10752/918 10754/918 10750/918
f 10752/918 10750/918 10749/918
f 10757/918 10758/918 10759/918
f 10760/918 10761/918 10762/918
f 10759/918 10763/918 10757/918
f 10761/918 10760/918 10764/918
f 10762/918 10761/918 10759/918
f 10762/918 10759/918 10758/918
f 10761/918 10764/918 10763/918
f 10761/918 10763/918 10759/918
f 10764/918 10760/918 10757/918
f 10764/918 10757/918 10763/918
f 10760/918 10762/918 10758/918
f 10760/918 10758/918 10757/918
f 10765/918 10766/918 10767/918
f 10768/918 10769/918 10770/918
f 10767/918 10771/918 10765/918
f 10769/918 10768/918 10772/918
f 10770/918 10769/918 10767/918
f 10770/918 10767/918 10766/918
f 10769/918 10772/918 10771/918
f 10769/918 10771/918 10767/918
f 10772/918 10768/918 10765/918
f 10772/918 10765/918 10771/918
f 10768/918 10770/918 10766/918
f 10768/918 10766/918 10765/918
f 10773/918 10774/918 10775/918
f 10776/918 10777/918 10778/918
f 10775/918 10779/918 10773/918
f 10777/918 10776/918 10780/918
f 10778/918 10777/918 10775/918
f 10778/918 10775/918 10774/918
f 10777/918 10780/918 10779/918
f 10777/918 10779/918 10775/918
f 10780/918 10776/918 10773/918
f 10780/918 10773/918 10779/918
f 10776/918 10778/918 10774/918
f 10776/918 10774/918 10773/918
g item_damaged
f 10781/3 10782/12 10783/4
f 10782/4 10784/21 10785/20
f 10786/13 10787/52 10788/23
f 10781/3 10788/12 10789/11
f 10790/6 10791/6 10787/6
f 10792/6 10787/6 10793/6
f 10794/24 10795/25 10796/24
f 10795/25 10797/25 10798/25
f 10799/25 10795/25 10798/25
f 10796/25 10795/25 10799/25
f 10800/25 10796/25 10799/25
f 10801/28 10802/27 10803/26
f 10804/25 10797/25 10795/25
f 10805/31 10806/30 10807/29
f 10808/33 10809/32 10806/30
f 10810/34 10808/35 10805/34
f 10811/30 10810/31 10812/29
f 10813/38 10814/37 10815/36
f 10816/27 10815/38 10817/39
f 10818/36 10819/41 10820/40
f 10802/27 10821/38 10818/36
f 10797/25 10822/25 10798/25
f 10808/35 10823/42 10824/42
f 10811/45 10825/44 10826/43
f 10821/48 10827/47 10828/46
f 10828/46 10829/50 10830/49
f 10831/51 10832/47 10833/46
f 10834/50 10833/46 10835/49
f 10787/52 10836/12 10788/23
f 10837/28 10816/27 10817/39
f 10788/4 10784/11 10789/3
f 10783/13 10790/59 10792/14
f 10790/59 10785/12 10838/61
f 10839/64 10810/63 10840/63
f 10841/65 10834/66 10835/65
f 10809/67 10842/68 10843/67
f 10844/70 10827/69 10845/69
f 10846/71 10847/71 10848/71
f 10849/71 10850/71 10851/71
f 10852/71 10853/71 10854/71
f 10855/71 10856/71 10857/71
f 10858/71 10847/71 10859/71
f 10860/71 10861/71 10862/71
f 10863/71 10864/71 10852/71
f 10865/71 10866/71 10856/71
f 10867/71 10858/71 10868/71
f 10869/71 10870/71 10871/71
f 10872/71 10873/71 10874/71
f 10875/71 10876/71 10877/71
f 10878/71 10879/71 10869/71
f 10880/71 10881/71 10882/71
f 10883/71 10884/71 10878/71
f 10885/71 10886/71 10887/71
f 10888/71 10889/71 10890/71
f 10891/71 10892/71 10893/71
f 10894/71 10895/71 10896/71
f 10897/71 10898/71 10899/71
f 10900/71 10901/71 10902/71
f 10903/71 10904/71 10905/71
f 10849/71 10906/71 10907/71
f 10908/71 10857/71 10909/71
f 10910/71 10911/71 10912/71
f 10913/71 10914/71 10861/71
f 10915/71 10916/71 10866/71
f 10893/71 10917/71 10918/71
f 10919/71 10914/71 10920/71
f 10921/71 10916/71 10922/71
f 10895/71 10923/71 10924/71
f 10925/71 10926/71 10897/71
f 10927/71 10928/71 10871/71
f 10929/71 10930/71 10863/71
f 10931/71 10917/71 10932/71
f 10933/71 10934/71 10925/71
f 10935/71 10904/71 10936/71
f 10937/71 10894/71 10938/71
f 10939/71 10940/71 10933/71
f 10941/71 10942/71 10919/71
f 10889/71 10935/71 10943/71
f 10944/71 10945/71 10938/71
f 10939/71 10946/71 10947/71
f 10948/71 10949/71 10944/71
f 10950/71 10951/71 10946/71
f 10952/71 10953/71 10954/71
f 10955/71 10873/71 10956/71
f 10957/71 10958/71 10951/71
f 10953/71 10867/71 10959/71
f 10960/71 10961/71 10955/71
f 10962/71 10963/71 10964/71
f 10965/71 10966/71 10958/71
f 10886/71 10881/71 10967/71
f 10968/71 10969/71 10850/71
f 10970/71 10971/71 10972/71
f 10923/71 10973/71 10974/71
f 10975/71 10976/71 10966/71
f 10977/71 10976/71 10978/71
f 10979/71 10862/71 10969/71
f 10970/71 10980/71 10981/71
f 10982/71 10983/71 10984/71
f 10875/71 10985/71 10977/71
f 10986/71 10987/71 10988/71
f 10989/71 10990/71 10980/71
f 10931/71 10932/71 10948/71
f 10883/71 10898/71 10884/71
f 10991/71 10992/71 10990/71
f 10993/71 10994/71 10992/71
f 10995/71 10996/71 10994/71
f 10964/71 10997/71 10998/71
f 10999/71 11000/71 10921/71
f 10973/71 10983/71 11001/71
f 10928/71 10888/71 11002/71
f 11003/71 10952/71 11004/71
f 10929/71 10997/71 10930/71
f 10972/71 11005/71 10962/71
f 11006/71 11007/71 11008/71
f 10911/71 10885/71 11009/71
f 10882/71 11010/71 10999/71
f 11011/71 10996/71 11012/71
f 10872/71 10874/71 11006/71
f 10905/71 11013/71 10941/71
f 10900/71 10909/71 11014/71
f 10986/71 11015/71 11011/71
f 10907/71 11016/71 10960/71
f 11017/71 10910/71 10854/71
f 10902/71 11018/71 10891/71
f 11008/71 11019/71 11004/71
f 11020/71 11021/71 10899/71
f 11022/71 11023/71 11021/71
f 11024/71 10941/71 10919/71
f 11025/71 11026/71 11027/71
f 11025/71 10955/71 10956/71
f 11028/71 10955/71 11025/71
f 11029/71 10979/71 10968/71
f 11030/71 10860/71 10979/71
f 11031/71 10848/71 10986/71
f 11020/71 10899/71 10883/71
f 11032/71 11033/71 10918/71
f 11034/71 11035/71 11036/71
f 11037/71 10890/71 11038/71
f 11039/71 10972/71 10962/71
f 11040/71 11011/71 11012/71
f 11031/71 10986/71 11011/71
f 11041/71 11008/71 11004/71
f 11042/71 11043/71 11044/71
f 11045/71 11036/71 11046/71
f 11047/71 11048/71 11049/71
f 11050/71 11051/71 11052/71
f 11038/71 10943/71 11053/71
f 11042/71 10897/71 10899/71
f 11054/71 10907/71 11055/71
f 11056/71 10920/71 10913/71
f 11057/71 10919/71 10920/71
f 11058/71 11002/71 11037/71
f 11059/71 11052/71 11060/71
f 11061/71 11062/71 11063/71
f 11063/71 11064/71 11065/71
f 11066/71 10959/71 11067/71
f 11067/71 10868/71 11068/71
f 11069/71 11070/71 11071/71
f 11071/71 11072/71 11073/71
f 11073/71 11074/71 11075/71
f 11075/71 11076/71 11077/71
f 11077/71 11078/71 11079/71
f 11080/71 11081/71 11082/71
f 11083/71 10921/71 11084/71
f 11047/71 11085/71 11086/71
f 11083/71 10882/71 10999/71
f 11087/71 11088/71 11089/71
f 11090/71 10902/71 10891/71
f 11091/71 10865/71 10855/71
f 11092/71 10915/71 10865/71
f 11093/71 10984/71 10875/71
f 11094/71 10882/71 11083/71
f 11089/71 11095/71 11096/71
f 11096/71 11097/71 11098/71
f 11099/71 10956/71 11100/71
f 11101/71 11009/71 11102/71
f 11087/71 10893/71 10918/71
f 11103/71 10897/71 11042/71
f 11103/71 10933/71 10925/71
f 11104/71 10933/71 11105/71
f 11104/71 10950/71 10939/71
f 11106/71 10957/71 10950/71
f 11107/71 10965/71 10957/71
f 11108/71 10975/71 10965/71
f 11109/71 10978/71 10975/71
f 11110/71 10984/71 11093/71
f 11111/71 11112/71 11113/71
f 11113/71 11114/71 11115/71
f 11115/71 11116/71 11117/71
f 11118/71 11119/71 11120/71
f 11121/71 11122/71 11123/71
f 11102/71 10887/71 11124/71
f 11125/71 10908/71 10900/71
f 11126/71 10912/71 11101/71
f 11126/71 10852/71 10854/71
f 11127/71 10852/71 11128/71
f 11100/71 10956/71 10872/71
f 11129/71 11119/71 11130/71
f 11124/71 10967/71 11131/71
f 11132/71 10924/71 11133/71
f 11134/71 11135/71 11136/71
f 11137/71 11138/71 11139/71
f 11140/71 11139/71 11033/71
f 11133/71 10974/71 11141/71
f 11032/71 10918/71 10931/71
f 11142/71 10896/71 11132/71
f 11142/71 10944/71 10938/71
f 11143/71 10944/71 11144/71
f 11145/71 11146/71 11135/71
f 11147/71 11136/71 11138/71
f 11141/71 11001/71 11148/71
f 11149/71 11146/71 11150/71
f 11118/71 11078/71 11151/71
f 11152/71 10998/71 11153/71
f 11069/71 10998/71 11154/71
f 11155/71 10964/71 10998/71
f 11153/71 10998/71 10929/71
f 11156/71 11060/71 11023/71
f 11024/71 10905/71 10941/71
f 11028/71 10907/71 10960/71
f 11054/71 10968/71 10849/71
f 11157/71 10913/71 10860/71
f 11058/71 10869/71 10871/71
f 11158/71 10869/71 11159/71
f 11158/71 10883/71 10878/71
f 11160/71 11085/71 11051/71
f 11161/71 10905/71 11162/71
f 11027/71 11163/71 11164/71
f 11164/71 11165/71 11166/71
f 11166/71 11167/71 11061/71
f 11080/71 11064/71 11168/71
f 11169/71 10903/71 11161/71
f 11053/71 10936/71 11169/71
f 11170/71 11046/71 11171/71
f 11099/71 11171/71 11172/71
f 11039/71 10964/71 11155/71
f 11173/71 10972/71 11174/71
f 11173/71 10989/71 10970/71
f 11175/71 10991/71 10989/71
f 11176/71 10993/71 10991/71
f 11177/71 10995/71 10993/71
f 11178/71 11012/71 10995/71
f 11041/71 10954/71 11066/71
f 11179/71 11008/71 11180/71
f 11179/71 10872/71 11006/71
f 11181/71 11081/71 11035/71
f 11182/71 10848/71 11183/71
f 11184/71 10846/71 11182/71
f 11068/71 10859/71 11184/71
f 11185/71 11130/71 11186/71
f 11152/71 11123/71 11187/71
f 11090/71 10893/71 11087/71
f 11125/71 10902/71 11188/71
f 11189/71 10855/71 10908/71
f 11190/71 10922/71 10915/71
f 11191/71 10921/71 10922/71
f 11127/71 10929/71 10863/71
f 11192/71 11186/71 11122/71
f 11098/71 11193/71 11194/71
f 11194/71 11195/71 11196/71
f 11196/71 11197/71 11198/71
f 11149/71 11197/71 11199/71
f 11131/71 10880/71 11094/71
f 11200/71 10977/71 10978/71
f 11093/71 10977/71 11201/71
f 11143/71 10931/71 10948/71
f 11044/71 11202/71 11111/71
f 11117/71 11048/71 11203/71
f 11148/71 10982/71 11110/71
f 11204/71 10847/71 11205/71
f 10851/71 10850/71 11206/71
f 11207/71 10853/71 11208/71
f 10857/71 10856/71 11209/71
f 11210/71 10847/71 10858/71
f 10862/71 10861/71 11211/71
f 11208/71 10864/71 11212/71
f 10856/71 10866/71 11213/71
f 11214/71 10858/71 10867/71
f 11215/71 10870/71 11216/71
f 10874/71 10873/71 11217/71
f 10877/71 10876/71 11218/71
f 11216/71 10879/71 11219/71
f 11220/71 10881/71 11221/71
f 11219/71 10884/71 11222/71
f 11223/71 10886/71 10885/71
f 11224/71 10889/71 10888/71
f 11225/71 10892/71 11226/71
f 11227/71 10895/71 10894/71
f 11228/71 10898/71 11229/71
f 11230/71 10901/71 11231/71
f 11232/71 10904/71 11233/71
f 11234/71 10906/71 11206/71
f 10909/71 10857/71 11235/71
f 11236/71 10911/71 10910/71
f 10861/71 10914/71 11237/71
f 10866/71 10916/71 11238/71
f 11239/71 10917/71 11225/71
f 11240/71 10914/71 11241/71
f 11242/71 10916/71 11243/71
f 11244/71 10923/71 10895/71
f 11229/71 10926/71 11245/71
f 11215/71 10928/71 10927/71
f 11212/71 10930/71 11246/71
f 10932/71 10917/71 11247/71
f 11245/71 10934/71 11248/71
f 11249/71 10904/71 10935/71
f 11250/71 10894/71 10937/71
f 11248/71 10940/71 11251/71
f 11241/71 10942/71 11252/71
f 11253/71 10935/71 10889/71
f 11250/71 10945/71 11254/71
f 10947/71 10946/71 11251/71
f 11254/71 10949/71 11255/71
f 10946/71 10951/71 11256/71
f 11257/71 10953/71 10952/71
f 11258/71 10873/71 11259/71
f 10951/71 10958/71 11260/71
f 11261/71 10867/71 10953/71
f 11259/71 10961/71 11262/71
f 11263/71 10963/71 11264/71
f 10958/71 10966/71 11265/71
f 11266/71 10881/71 10886/71
f 10850/71 10969/71 11267/71
f 11268/71 10971/71 11269/71
f 11270/71 10973/71 10923/71
f 10966/71 10976/71 11271/71
f 11272/71 10976/71 11273/71
f 10969/71 10862/71 11274/71
f 10981/71 10980/71 11269/71
f 11275/71 10983/71 11276/71
f 11273/71 10985/71 11218/71
f 10988/71 10987/71 11277/71
f 10980/71 10990/71 11278/71
f 11255/71 10932/71 11247/71
f 10884/71 10898/71 11222/71
f 10990/71 10992/71 11279/71
f 10992/71 10994/71 11280/71
f 10994/71 10996/71 11281/71
f 11282/71 10997/71 11263/71
f 11243/71 11000/71 11283/71
f 11284/71 10983/71 10973/71
f 11285/71 10888/71 10928/71
f 11286/71 10952/71 11003/71
f 10930/71 10997/71 11246/71
f 11264/71 11005/71 11268/71
f 11287/71 11007/71 11288/71
f 11289/71 10885/71 10911/71
f 11283/71 11010/71 11220/71
f 11290/71 10996/71 11291/71
f 11288/71 10874/71 11217/71
f 11252/71 11013/71 11232/71
f 11014/71 10909/71 11231/71
f 11291/71 11015/71 11277/71
f 11262/71 11016/71 11234/71
f 11207/71 10910/71 11017/71
f 11226/71 11018/71 11230/71
f 11286/71 11019/71 11287/71
f 11228/71 11292/71 11293/71
f 11292/71 11294/71 11295/71
f 11241/71 11252/71 11296/71
f 11297/71 11298/71 11299/71
f 11258/71 11259/71 11299/71
f 11299/71 11259/71 11300/71
f 11267/71 11274/71 11301/71
f 11274/71 11211/71 11302/71
f 11277/71 11204/71 11303/71
f 11222/71 11228/71 11293/71
f 11239/71 11304/71 11305/71
f 11306/71 11307/71 11308/71
f 11309/71 11224/71 11310/71
f 11264/71 11268/71 11311/71
f 11290/71 11291/71 11312/71
f 11291/71 11277/71 11303/71
f 11286/71 11287/71 11313/71
f 11314/71 11315/71 11316/71
f 11317/71 11306/71 11318/71
f 11319/71 11320/71 11321/71
f 11322/71 11323/71 11324/71
f 11325/71 11253/71 11309/71
f 11228/71 11229/71 11316/71
f 11326/71 11234/71 11327/71
f 11237/71 11240/71 11328/71
f 11240/71 11241/71 11329/71
f 11310/71 11285/71 11330/71
f 11331/71 11322/71 11332/71
f 11333/71 11334/71 11335/71
f 11336/71 11337/71 11333/71
f 11338/71 11261/71 11339/71
f 11340/71 11214/71 11338/71
f 11341/71 11342/71 11343/71
f 11344/71 11345/71 11341/71
f 11346/71 11347/71 11344/71
f 11348/71 11349/71 11346/71
f 11350/71 11351/71 11348/71
f 11352/71 11353/71 11354/71
f 11243/71 11283/71 11355/71
f 11356/71 11357/71 11321/71
f 11283/71 11220/71 11355/71
f 11358/71 11239/71 11359/71
f 11226/71 11230/71 11360/71
f 11209/71 11213/71 11361/71
f 11213/71 11238/71 11362/71
f 11218/71 11275/71 11363/71
f 11355/71 11220/71 11364/71
f 11365/71 11366/71 11359/71
f 11367/71 11368/71 11365/71
f 11369/71 11258/71 11370/71
f 11371/71 11289/71 11372/71
f 11239/71 11225/71 11373/71
f 11316/71 11229/71 11374/71
f 11245/71 11248/71 11374/71
f 11375/71 11248/71 11376/71
f 11251/71 11256/71 11376/71
f 11256/71 11260/71 11377/71
f 11260/71 11265/71 11378/71
f 11265/71 11271/71 11379/71
f 11271/71 11272/71 11380/71
f 11363/71 11275/71 11381/71
f 11382/71 11383/71 11384/71
f 11385/71 11386/71 11382/71
f 11387/71 11388/71 11385/71
f 11389/71 11390/71 11391/71
f 11392/71 11393/71 11394/71
f 11395/71 11223/71 11371/71
f 11231/71 11235/71 11396/71
f 11372/71 11236/71 11397/71
f 11207/71 11208/71 11397/71
f 11398/71 11208/71 11399/71
f 11217/71 11258/71 11369/71
f 11400/71 11390/71 11401/71
f 11402/71 11266/71 11395/71
f 11403/71 11244/71 11404/71
f 11405/71 11406/71 11407/71
f 11408/71 11409/71 11410/71
f 11304/71 11408/71 11411/71
f 11412/71 11270/71 11403/71
f 11247/71 11239/71 11305/71
f 11404/71 11227/71 11413/71
f 11250/71 11254/71 11413/71
f 11414/71 11254/71 11415/71
f 11406/71 11416/71 11417/71
f 11409/71 11405/71 11418/71
f 11419/71 11284/71 11412/71
f 11420/71 11416/71 11421/71
f 11422/71 11351/71 11391/71
f 11423/71 11282/71 11424/71
f 11425/71 11282/71 11343/71
f 11282/71 11263/71 11426/71
f 11246/71 11282/71 11423/71
f 11294/71 11331/71 11427/71
f 11252/71 11232/71 11296/71
f 11262/71 11234/71 11300/71
f 11206/71 11267/71 11327/71
f 11211/71 11237/71 11428/71
f 11215/71 11216/71 11330/71
f 11429/71 11216/71 11430/71
f 11219/71 11222/71 11430/71
f 11323/71 11357/71 11431/71
f 11432/71 11232/71 11433/71
f 11434/71 11435/71 11297/71
f 11436/71 11437/71 11434/71
f 11335/71 11438/71 11436/71
f 11439/71 11337/71 11354/71
f 11433/71 11233/71 11440/71
f 11440/71 11249/71 11325/71
f 11441/71 11317/71 11442/71
f 11443/71 11441/71 11370/71
f 11426/71 11263/71 11311/71
f 11444/71 11268/71 11445/71
f 11269/71 11278/71 11445/71
f 11278/71 11279/71 11446/71
f 11279/71 11280/71 11447/71
f 11280/71 11281/71 11448/71
f 11281/71 11290/71 11449/71
f 11339/71 11257/71 11313/71
f 11450/71 11287/71 11451/71
f 11288/71 11217/71 11451/71
f 11307/71 11353/71 11452/71
f 11453/71 11204/71 11454/71
f 11454/71 11205/71 11455/71
f 11455/71 11210/71 11340/71
f 11456/71 11400/71 11457/71
f 11458/71 11392/71 11424/71
f 11373/71 11225/71 11360/71
f 11459/71 11230/71 11396/71
f 11235/71 11209/71 11460/71
f 11238/71 11242/71 11461/71
f 11242/71 11243/71 11462/71
f 11212/71 11246/71 11399/71
f 11393/71 11456/71 11463/71
f 11464/71 11465/71 11367/71
f 11466/71 11467/71 11464/71
f 11468/71 11469/71 11466/71
f 11470/71 11469/71 11421/71
f 11364/71 11221/71 11402/71
f 11272/71 11273/71 11471/71
f 11472/71 11273/71 11363/71
f 11255/71 11247/71 11415/71
f 11384/71 11473/71 11314/71
f 11474/71 11320/71 11387/71
f 11381/71 11276/71 11419/71
f 11163/72 11298/72 11435/72
f 11167/72 11334/72 11062/72
f 11062/72 11337/72 11064/72
f 11163/72 11437/72 11165/72
f 11168/72 11353/72 11081/72
f 11167/72 11437/72 11438/72
f 11064/72 11439/72 11168/72
f 11081/72 11307/72 11035/72
f 11046/72 11306/72 11317/72
f 11035/72 11306/72 11036/72
f 11046/72 11441/72 11171/72
f 11172/72 11258/72 10956/72
f 11171/72 11443/72 11172/72
f 11033/72 11408/72 11304/72
f 11033/72 11239/72 10918/72
f 11151/72 11390/72 11119/72
f 11186/72 11393/72 11122/72
f 11123/72 11393/72 11392/72
f 11023/72 11331/72 11294/72
f 11049/72 11357/72 11085/72
f 11193/72 11368/72 11465/72
f 11193/72 11467/72 11195/72
f 10899/72 11292/72 11228/72
f 11060/72 11322/72 11331/72
f 11197/72 11467/72 11469/72
f 11023/72 11292/72 11021/72
f 11197/72 11470/72 11199/72
f 11135/72 11416/72 11406/72
f 11130/72 11456/72 11186/72
f 11138/72 11405/72 11409/72
f 11123/72 11458/72 11187/72
f 11119/72 11400/72 11130/72
f 11070/72 11425/72 11342/72
f 11199/72 11416/72 11146/72
f 11049/72 11320/72 11319/72
f 11051/72 11357/72 11323/72
f 11072/72 11342/72 11345/72
f 11151/72 11351/72 11422/72
f 11051/72 11322/72 11052/72
f 11088/72 11366/72 11095/72
f 11202/72 11315/72 11473/72
f 11074/72 11345/72 11347/72
f 11112/72 11473/72 11383/72
f 11187/72 11282/72 10998/72
f 11097/72 11366/72 11368/72
f 11048/72 11388/72 11320/72
f 11135/72 11405/72 11136/72
f 11076/72 11347/72 11349/72
f 11114/72 11383/72 11386/72
f 11138/72 11408/72 11139/72
f 11078/72 11349/72 11351/72
f 11114/72 11388/72 11116/72
f 11239/72 11088/72 10918/72
f 10899/72 11315/72 11043/72
f 10956/72 11298/72 11026/72
f 10998/72 11425/72 11154/72
f 10845/69 11475/73 10801/73
f 11476/74 10835/65 10816/74
f 10835/49 10813/48 10816/75
f 10813/48 10832/47 11477/28
f 10821/48 10830/49 10819/75
f 11478/51 10827/47 10825/76
f 11479/77 10843/78 10844/77
f 11480/80 10812/79 10839/79
f 11481/33 10826/32 10823/81
f 11478/84 10812/83 10829/82
f 10806/45 11479/44 10831/84
f 10807/83 10831/84 10834/82
f 11121/87 11152/86 11128/85
f 11401/90 11462/89 11364/88
f 11482/93 10796/92 10800/91
f 10798/96 11483/95 10799/94
f 10799/94 11482/93 10800/91
f 11481/99 11484/98 11485/97
f 11486/100 11481/99 11485/97
f 11481/99 11487/102 11488/101
f 11484/98 11481/99 11488/101
f 11487/101 11489/103 11488/102
f 11485/97 10840/104 11486/100
f 11490/107 11485/106 11484/105
f 11490/107 11488/109 11489/108
f 11486/100 11491/111 11492/110
f 11481/99 11493/112 11487/102
f 11486/100 11494/113 11481/99
f 10842/103 11493/112 11495/114
f 11496/100 11497/113 11498/110
f 10842/103 11499/112 11500/102
f 11501/99 11499/112 11497/113
f 11496/100 11491/111 10840/104
f 11500/102 11501/99 11502/101
f 11490/107 11503/109 11504/108
f 11501/99 11496/100 11503/97
f 11489/104 11500/97 11502/100
f 11503/101 10840/103 11504/115
f 11501/99 11505/98 11502/101
f 11505/98 11501/99 11503/97
f 11490/107 11502/106 11505/105
f 11506/116 11507/116 11508/116
f 11509/116 11510/117 11511/117
f 11512/117 11513/116 11514/116
f 11515/118 11516/116 11506/116
f 11517/118 11518/116 11509/116
f 11515/118 11519/118 11520/118
f 11508/118 11521/118 11517/118
f 11514/116 11519/118 11522/118
f 10825/77 10843/78 10826/78
f 11477/73 10845/69 10801/73
f 10832/69 10844/70 10845/69
f 10826/67 10842/68 10823/68
f 11480/80 10807/79 10834/80
f 10830/65 11476/74 10819/74
f 10829/66 10841/65 10830/65
f 10839/64 10805/63 10807/64
f 10814/37 10801/75 10803/119
f 10819/37 10837/75 10820/120
f 11523/123 11524/122 11525/121
f 11526/123 11527/124 11528/121
f 11529/125 11525/121 11530/124
f 11531/126 11528/121 11532/122
f 10781/3 10789/11 10782/12
f 10782/4 10789/3 10784/21
f 10786/13 10793/14 10787/52
f 10781/3 10786/4 10788/12
f 10790/6 10838/6 10791/6
f 10792/6 10790/6 10787/6
f 10794/24 10804/25 10795/25
f 10801/28 11475/39 10802/27
f 10804/25 11533/25 10797/25
f 10805/31 10808/33 10806/30
f 10808/33 10824/81 10809/32
f 10810/34 11481/35 10808/35
f 10811/30 11481/33 10810/31
f 10813/38 11477/120 10814/37
f 10816/27 10813/36 10815/38
f 10818/36 10821/38 10819/41
f 10802/27 11475/39 10821/38
f 10797/25 11533/25 10822/25
f 10808/35 11481/35 10823/42
f 10811/45 11478/84 10825/44
f 10821/48 11475/28 10827/47
f 10828/46 11478/51 10829/50
f 10831/51 11479/76 10832/47
f 10834/50 10831/51 10833/46
f 10787/52 10791/61 10836/12
f 10837/28 11476/26 10816/27
f 10788/4 10836/12 10784/11
f 10783/13 10782/60 10790/59
f 10790/59 10782/60 10785/12
f 10839/64 10812/64 10810/63
f 10841/65 11480/66 10834/66
f 10809/67 10824/68 10842/68
f 10844/70 10825/70 10827/69
f 10847/71 10987/71 10848/71
f 10849/71 10968/71 10850/71
f 10853/71 11017/71 10854/71
f 10855/71 10865/71 10856/71
f 10847/71 10846/71 10859/71
f 10860/71 10913/71 10861/71
f 10864/71 10853/71 10852/71
f 10865/71 10915/71 10866/71
f 10858/71 10859/71 10868/71
f 10870/71 10927/71 10871/71
f 10872/71 10956/71 10873/71
f 10875/71 10984/71 10876/71
f 10879/71 10870/71 10869/71
f 10881/71 11010/71 10882/71
f 10884/71 10879/71 10878/71
f 10886/71 10967/71 10887/71
f 10889/71 10943/71 10890/71
f 10891/71 11018/71 10892/71
f 10895/71 10924/71 10896/71
f 10897/71 10926/71 10898/71
f 10900/71 11014/71 10901/71
f 10904/71 11013/71 10905/71
f 10849/71 10851/71 10906/71
f 10908/71 10855/71 10857/71
f 10911/71 11009/71 10912/71
f 10913/71 10920/71 10914/71
f 10915/71 10922/71 10916/71
f 10893/71 10892/71 10917/71
f 10919/71 10942/71 10914/71
f 10921/71 11000/71 10916/71
f 10923/71 10974/71 10924/71
f 10925/71 10934/71 10926/71
f 10928/71 11002/71 10871/71
f 10930/71 10864/71 10863/71
f 10931/71 10918/71 10917/71
f 10933/71 10940/71 10934/71
f 10904/71 10903/71 10936/71
f 10894/71 10896/71 10938/71
f 10939/71 10947/71 10940/71
f 10941/71 11534/71 10942/71
f 10935/71 10936/71 10943/71
f 10945/71 10937/71 10938/71
f 10939/71 10950/71 10946/71
f 10949/71 10945/71 10944/71
f 10950/71 10957/71 10951/71
f 10953/71 10959/71 10954/71
f 10955/71 10961/71 10873/71
f 10957/71 10965/71 10958/71
f 10867/71 10868/71 10959/71
f 10960/71 11016/71 10961/71
f 10962/71 11005/71 10963/71
f 10965/71 10975/71 10966/71
f 10881/71 10880/71 10967/71
f 10968/71 10979/71 10969/71
f 10970/71 10981/71 10971/71
f 10973/71 11001/71 10974/71
f 10975/71 10978/71 10976/71
f 10977/71 10985/71 10976/71
f 10979/71 10860/71 10862/71
f 10970/71 10989/71 10980/71
f 10983/71 10876/71 10984/71
f 10875/71 10877/71 10985/71
f 10986/71 10848/71 10987/71
f 10989/71 10991/71 10990/71
f 10932/71 10949/71 10948/71
f 10883/71 10899/71 10898/71
f 10991/71 10993/71 10992/71
f 10993/71 10995/71 10994/71
f 10995/71 11012/71 10996/71
f 10964/71 10963/71 10997/71
f 10999/71 11535/71 11000/71
f 10983/71 10982/71 11001/71
f 10888/71 10890/71 11002/71
f 10952/71 10954/71 11004/71
f 10929/71 10998/71 10997/71
f 10972/71 10971/71 11005/71
f 11007/71 11019/71 11008/71
f 10885/71 10887/71 11009/71
f 11010/71 11535/71 10999/71
f 11011/71 11015/71 10996/71
f 10874/71 11007/71 11006/71
f 11013/71 11534/71 10941/71
f 10900/71 10908/71 10909/71
f 10986/71 10988/71 11015/71
f 10907/71 10906/71 11016/71
f 10910/71 10912/71 10854/71
f 10902/71 10901/71 11018/71
f 11019/71 11003/71 11004/71
f 11020/71 11022/71 11021/71
f 11022/71 11156/71 11023/71
f 11025/71 10956/71 11026/71
f 11028/71 10960/71 10955/71
f 11029/71 11030/71 10979/71
f 11030/71 11157/71 10860/71
f 11031/71 11183/71 10848/71
f 11032/71 11140/71 11033/71
f 11034/71 11181/71 11035/71
f 11037/71 11002/71 10890/71
f 11039/71 11174/71 10972/71
f 11040/71 11031/71 11011/71
f 11041/71 11180/71 11008/71
f 11042/71 10899/71 11043/71
f 11045/71 11034/71 11036/71
f 11047/71 11203/71 11048/71
f 11050/71 11160/71 11051/71
f 11038/71 10890/71 10943/71
f 11054/71 10849/71 10907/71
f 11056/71 11057/71 10920/71
f 11057/71 11024/71 10919/71
f 11058/71 10871/71 11002/71
f 11059/71 11050/71 11052/71
f 11061/71 11167/71 11062/71
f 11063/71 11062/71 11064/71
f 11066/71 10954/71 10959/71
f 11067/71 10959/71 10868/71
f 11069/71 11154/71 11070/71
f 11071/71 11070/71 11072/71
f 11073/71 11072/71 11074/71
f 11075/71 11074/71 11076/71
f 11077/71 11076/71 11078/71
f 11080/71 11168/71 11081/71
f 11083/71 10999/71 10921/71
f 11047/71 11049/71 11085/71
f 11087/71 10918/71 11088/71
f 11090/71 11188/71 10902/71
f 11091/71 11092/71 10865/71
f 11092/71 11190/71 10915/71
f 11094/71 10880/71 10882/71
f 11089/71 11088/71 11095/71
f 11096/71 11095/71 11097/71
f 11099/71 11172/71 10956/71
f 11101/71 10912/71 11009/71
f 11103/71 10925/71 10897/71
f 11103/71 11105/71 10933/71
f 11104/71 10939/71 10933/71
f 11104/71 11106/71 10950/71
f 11106/71 11107/71 10957/71
f 11107/71 11108/71 10965/71
f 11108/71 11109/71 10975/71
f 11109/71 11200/71 10978/71
f 11110/71 10982/71 10984/71
f 11111/71 11202/71 11112/71
f 11113/71 11112/71 11114/71
f 11115/71 11114/71 11116/71
f 11118/71 11151/71 11119/71
f 11121/71 11192/71 11122/71
f 11102/71 11009/71 10887/71
f 11125/71 11189/71 10908/71
f 11126/71 10854/71 10912/71
f 11126/71 11128/71 10852/71
f 11127/71 10863/71 10852/71
f 11129/71 11120/71 11119/71
f 11124/71 10887/71 10967/71
f 11132/71 10896/71 10924/71
f 11134/71 11145/71 11135/71
f 11137/71 11147/71 11138/71
f 11140/71 11137/71 11139/71
f 11133/71 10924/71 10974/71
f 11142/71 10938/71 10896/71
f 11142/71 11144/71 10944/71
f 11143/71 10948/71 10944/71
f 11145/71 11150/71 11146/71
f 11147/71 11134/71 11136/71
f 11141/71 10974/71 11001/71
f 11149/71 11199/71 11146/71
f 11118/71 11079/71 11078/71
f 11152/71 11187/71 10998/71
f 11069/71 11155/71 10998/71
f 11156/71 11059/71 11060/71
f 11024/71 11162/71 10905/71
f 11028/71 11055/71 10907/71
f 11054/71 11029/71 10968/71
f 11157/71 11056/71 10913/71
f 11058/71 11159/71 10869/71
f 11158/71 10878/71 10869/71
f 11158/71 11020/71 10883/71
f 11160/71 11086/71 11085/71
f 11161/71 10903/71 10905/71
f 11027/71 11026/71 11163/71
f 11164/71 11163/71 11165/71
f 11166/71 11165/71 11167/71
f 11080/71 11065/71 11064/71
f 11169/71 10936/71 10903/71
f 11053/71 10943/71 10936/71
f 11170/71 11045/71 11046/71
f 11099/71 11170/71 11171/71
f 11039/71 10962/71 10964/71
f 11173/71 10970/71 10972/71
f 11173/71 11175/71 10989/71
f 11175/71 11176/71 10991/71
f 11176/71 11177/71 10993/71
f 11177/71 11178/71 10995/71
f 11178/71 11040/71 11012/71
f 11041/71 11004/71 10954/71
f 11179/71 11006/71 11008/71
f 11179/71 11100/71 10872/71
f 11181/71 11082/71 11081/71
f 11182/71 10846/71 10848/71
f 11184/71 10859/71 10846/71
f 11068/71 10868/71 10859/71
f 11185/71 11129/71 11130/71
f 11152/71 11121/71 11123/71
f 11090/71 10891/71 10893/71
f 11125/71 10900/71 10902/71
f 11189/71 11091/71 10855/71
f 11190/71 11191/71 10922/71
f 11191/71 11084/71 10921/71
f 11127/71 11153/71 10929/71
f 11192/71 11185/71 11186/71
f 11098/71 11097/71 11193/71
f 11194/71 11193/71 11195/71
f 11196/71 11195/71 11197/71
f 11149/71 11198/71 11197/71
f 11131/71 10967/71 10880/71
f 11200/71 11201/71 10977/71
f 11093/71 10875/71 10977/71
f 11143/71 11032/71 10931/71
f 11044/71 11043/71 11202/71
f 11117/71 11116/71 11048/71
f 11148/71 11001/71 10982/71
f 11204/71 10987/71 10847/71
f 10850/71 11267/71 11206/71
f 11207/71 11017/71 10853/71
f 10856/71 11213/71 11209/71
f 11210/71 11205/71 10847/71
f 10861/71 11237/71 11211/71
f 11208/71 10853/71 10864/71
f 10866/71 11238/71 11213/71
f 11214/71 11210/71 10858/71
f 11215/71 10927/71 10870/71
f 10873/71 11258/71 11217/71
f 10876/71 11275/71 11218/71
f 11216/71 10870/71 10879/71
f 11220/71 11010/71 10881/71
f 11219/71 10879/71 10884/71
f 11223/71 11266/71 10886/71
f 11224/71 11253/71 10889/71
f 10892/71 11018/71 11226/71
f 11227/71 11244/71 10895/71
f 10898/71 10926/71 11229/71
f 10901/71 11014/71 11231/71
f 11232/71 11013/71 10904/71
f 10906/71 10851/71 11206/71
f 10857/71 11209/71 11235/71
f 11236/71 11289/71 10911/71
f 10914/71 11240/71 11237/71
f 10916/71 11242/71 11238/71
f 10917/71 10892/71 11225/71
f 10914/71 10942/71 11241/71
f 10916/71 11000/71 11243/71
f 11244/71 11270/71 10923/71
f 10926/71 10934/71 11245/71
f 11215/71 11285/71 10928/71
f 11212/71 10864/71 10930/71
f 10917/71 11239/71 11247/71
f 10934/71 10940/71 11248/71
f 11249/71 11233/71 10904/71
f 11250/71 11227/71 10894/71
f 10940/71 10947/71 11251/71
f 10942/71 11534/71 11252/71
f 11253/71 11249/71 10935/71
f 11250/71 10937/71 10945/71
f 10946/71 11256/71 11251/71
f 11254/71 10945/71 10949/71
f 10951/71 11260/71 11256/71
f 11257/71 11261/71 10953/71
f 10873/71 10961/71 11259/71
f 10958/71 11265/71 11260/71
f 11261/71 11214/71 10867/71
f 10961/71 11016/71 11262/71
f 10963/71 11005/71 11264/71
f 10966/71 11271/71 11265/71
f 11266/71 11221/71 10881/71
f 10969/71 11274/71 11267/71
f 10971/71 10981/71 11269/71
f 11270/71 11284/71 10973/71
f 10976/71 11272/71 11271/71
f 10976/71 10985/71 11273/71
f 10862/71 11211/71 11274/71
f 10980/71 11278/71 11269/71
f 11275/71 10876/71 10983/71
f 10985/71 10877/71 11218/71
f 10987/71 11204/71 11277/71
f 10990/71 11279/71 11278/71
f 11255/71 10949/71 10932/71
f 10898/71 11228/71 11222/71
f 10992/71 11280/71 11279/71
f 10994/71 11281/71 11280/71
f 10996/71 11290/71 11281/71
f 10997/71 10963/71 11263/71
f 11000/71 11535/71 11283/71
f 11284/71 11276/71 10983/71
f 11285/71 11224/71 10888/71
f 11286/71 11257/71 10952/71
f 10997/71 11282/71 11246/71
f 11005/71 10971/71 11268/71
f 11287/71 11019/71 11007/71
f 11289/71 11223/71 10885/71
f 11283/71 11535/71 11010/71
f 10996/71 11015/71 11291/71
f 11288/71 11007/71 10874/71
f 11252/71 11534/71 11013/71
f 10909/71 11235/71 11231/71
f 11015/71 10988/71 11277/71
f 11016/71 10906/71 11234/71
f 11207/71 11236/71 10910/71
f 11018/71 10901/71 11230/71
f 11286/71 11003/71 11019/71
f 11292/71 11295/71 11293/71
f 11294/71 11427/71 11295/71
f 11298/71 11258/71 11299/71
f 11259/71 11262/71 11300/71
f 11274/71 11302/71 11301/71
f 11211/71 11428/71 11302/71
f 11204/71 11453/71 11303/71
f 11304/71 11411/71 11305/71
f 11307/71 11452/71 11308/71
f 11224/71 11285/71 11310/71
f 11268/71 11444/71 11311/71
f 11291/71 11303/71 11312/71
f 11287/71 11450/71 11313/71
f 11315/71 11228/71 11316/71
f 11306/71 11308/71 11318/71
f 11320/71 11474/71 11321/71
f 11323/71 11431/71 11324/71
f 11253/71 11224/71 11309/71
f 11234/71 11206/71 11327/71
f 11240/71 11329/71 11328/71
f 11241/71 11296/71 11329/71
f 11285/71 11215/71 11330/71
f 11322/71 11324/71 11332/71
f 11334/71 11438/71 11335/71
f 11337/71 11334/71 11333/71
f 11261/71 11257/71 11339/71
f 11214/71 11261/71 11338/71
f 11342/71 11425/71 11343/71
f 11345/71 11342/71 11341/71
f 11347/71 11345/71 11344/71
f 11349/71 11347/71 11346/71
f 11351/71 11349/71 11348/71
f 11353/71 11439/71 11354/71
f 11357/71 11319/71 11321/71
f 11239/71 11373/71 11359/71
f 11230/71 11459/71 11360/71
f 11213/71 11362/71 11361/71
f 11238/71 11461/71 11362/71
f 11220/71 11221/71 11364/71
f 11366/71 11358/71 11359/71
f 11368/71 11366/71 11365/71
f 11258/71 11443/71 11370/71
f 11289/71 11236/71 11372/71
f 11229/71 11245/71 11374/71
f 11248/71 11375/71 11374/71
f 11248/71 11251/71 11376/71
f 11256/71 11377/71 11376/71
f 11260/71 11378/71 11377/71
f 11265/71 11379/71 11378/71
f 11271/71 11380/71 11379/71
f 11272/71 11471/71 11380/71
f 11275/71 11276/71 11381/71
f 11383/71 11473/71 11384/71
f 11386/71 11383/71 11382/71
f 11388/71 11386/71 11385/71
f 11390/71 11422/71 11391/71
f 11393/71 11463/71 11394/71
f 11223/71 11289/71 11371/71
f 11235/71 11460/71 11396/71
f 11236/71 11207/71 11397/71
f 11208/71 11398/71 11397/71
f 11208/71 11212/71 11399/71
f 11390/71 11389/71 11401/71
f 11266/71 11223/71 11395/71
f 11244/71 11227/71 11404/71
f 11406/71 11417/71 11407/71
f 11409/71 11418/71 11410/71
f 11408/71 11410/71 11411/71
f 11270/71 11244/71 11403/71
f 11227/71 11250/71 11413/71
f 11254/71 11414/71 11413/71
f 11254/71 11255/71 11415/71
f 11416/71 11420/71 11417/71
f 11405/71 11407/71 11418/71
f 11284/71 11270/71 11412/71
f 11416/71 11470/71 11421/71
f 11351/71 11350/71 11391/71
f 11282/71 11458/71 11424/71
f 11282/71 11426/71 11343/71
f 11331/71 11332/71 11427/71
f 11232/71 11432/71 11296/71
f 11234/71 11326/71 11300/71
f 11267/71 11301/71 11327/71
f 11237/71 11328/71 11428/71
f 11216/71 11429/71 11330/71
f 11216/71 11219/71 11430/71
f 11222/71 11293/71 11430/71
f 11357/71 11356/71 11431/71
f 11232/71 11233/71 11433/71
f 11435/71 11298/71 11297/71
f 11437/71 11435/71 11434/71
f 11438/71 11437/71 11436/71
f 11337/71 11336/71 11354/71
f 11233/71 11249/71 11440/71
f 11249/71 11253/71 11325/71
f 11317/71 11318/71 11442/71
f 11441/71 11442/71 11370/71
f 11263/71 11264/71 11311/71
f 11268/71 11269/71 11445/71
f 11278/71 11446/71 11445/71
f 11279/71 11447/71 11446/71
f 11280/71 11448/71 11447/71
f 11281/71 11449/71 11448/71
f 11290/71 11312/71 11449/71
f 11257/71 11286/71 11313/71
f 11287/71 11288/71 11451/71
f 11217/71 11369/71 11451/71
f 11353/71 11352/71 11452/71
f 11204/71 11205/71 11454/71
f 11205/71 11210/71 11455/71
f 11210/71 11214/71 11340/71
f 11400/71 11401/71 11457/71
f 11392/71 11394/71 11424/71
f 11225/71 11226/71 11360/71
f 11230/71 11231/71 11396/71
f 11209/71 11361/71 11460/71
f 11242/71 11462/71 11461/71
f 11243/71 11355/71 11462/71
f 11246/71 11423/71 11399/71
f 11456/71 11457/71 11463/71
f 11465/71 11368/71 11367/71
f 11467/71 11465/71 11464/71
f 11469/71 11467/71 11466/71
f 11469/71 11468/71 11421/71
f 11221/71 11266/71 11402/71
f 11273/71 11472/71 11471/71
f 11273/71 11218/71 11363/71
f 11247/71 11305/71 11415/71
f 11473/71 11315/71 11314/71
f 11320/71 11388/71 11387/71
f 11276/71 11284/71 11419/71
f 11163/72 11026/72 11298/72
f 11167/72 11438/72 11334/72
f 11062/72 11334/72 11337/72
f 11163/72 11435/72 11437/72
f 11168/72 11439/72 11353/72
f 11167/72 11165/72 11437/72
f 11064/72 11337/72 11439/72
f 11081/72 11353/72 11307/72
f 11046/72 11036/72 11306/72
f 11035/72 11307/72 11306/72
f 11046/72 11317/72 11441/72
f 11172/72 11443/72 11258/72
f 11171/72 11441/72 11443/72
f 11033/72 11139/72 11408/72
f 11033/72 11304/72 11239/72
f 11151/72 11422/72 11390/72
f 11186/72 11456/72 11393/72
f 11123/72 11122/72 11393/72
f 11023/72 11060/72 11331/72
f 11049/72 11319/72 11357/72
f 11193/72 11097/72 11368/72
f 11193/72 11465/72 11467/72
f 10899/72 11021/72 11292/72
f 11060/72 11052/72 11322/72
f 11197/72 11195/72 11467/72
f 11023/72 11294/72 11292/72
f 11197/72 11469/72 11470/72
f 11135/72 11146/72 11416/72
f 11130/72 11400/72 11456/72
f 11138/72 11136/72 11405/72
f 11123/72 11392/72 11458/72
f 11119/72 11390/72 11400/72
f 11070/72 11154/72 11425/72
f 11199/72 11470/72 11416/72
f 11049/72 11048/72 11320/72
f 11051/72 11085/72 11357/72
f 11072/72 11070/72 11342/72
f 11151/72 11078/72 11351/72
f 11051/72 11323/72 11322/72
f 11088/72 11358/72 11366/72
f 11202/72 11043/72 11315/72
f 11074/72 11072/72 11345/72
f 11112/72 11202/72 11473/72
f 11187/72 11458/72 11282/72
f 11097/72 11095/72 11366/72
f 11048/72 11116/72 11388/72
f 11135/72 11406/72 11405/72
f 11076/72 11074/72 11347/72
f 11114/72 11112/72 11383/72
f 11138/72 11409/72 11408/72
f 11078/72 11076/72 11349/72
f 11114/72 11386/72 11388/72
f 11239/72 11358/72 11088/72
f 10899/72 11228/72 11315/72
f 10956/72 11258/72 11298/72
f 10998/72 11282/72 11425/72
f 10845/69 10827/69 11475/73
f 11476/74 10841/65 10835/65
f 10835/49 10833/46 10813/48
f 10813/48 10833/46 10832/47
f 10821/48 10828/46 10830/49
f 11478/51 10828/46 10827/47
f 11479/77 10809/78 10843/78
f 11480/80 10829/80 10812/79
f 11481/33 10811/30 10826/32
f 11478/84 10811/45 10812/83
f 10806/45 10809/43 11479/44
f 10807/83 10806/45 10831/84
f 11022/129 11020/128 11158/127
f 11158/127 11159/130 11022/129
f 11159/130 11058/132 11156/131
f 11058/132 11037/134 11059/133
f 11037/134 11038/135 11059/133
f 11038/135 11053/137 11050/136
f 11053/137 11169/138 11050/136
f 11161/141 11162/140 11024/139
f 11169/138 11161/141 11160/142
f 11050/136 11169/138 11160/142
f 11159/130 11156/131 11022/129
f 11059/133 11156/131 11058/132
f 11059/133 11038/135 11050/136
f 11161/141 11024/139 11057/143
f 11057/143 11056/145 11063/144
f 11056/145 11157/147 11061/146
f 11157/147 11030/148 11061/146
f 11030/148 11029/150 11166/149
f 11061/146 11030/148 11166/149
f 11029/150 11054/151 11166/149
f 11054/151 11055/153 11164/152
f 11166/149 11054/151 11164/152
f 11055/153 11028/155 11027/154
f 11028/155 11025/156 11027/154
f 11027/154 11164/152 11055/153
f 11161/141 11057/143 11063/144
f 11056/145 11061/146 11063/144
f 11160/142 11161/141 11063/144
f 11203/159 11047/158 11086/157
f 11086/157 11160/142 11063/144
f 11203/159 11086/157 11065/160
f 11086/157 11063/144 11065/160
f 11065/160 11080/162 11082/161
f 11117/164 11203/159 11150/163
f 11203/159 11065/160 11082/161
f 11203/159 11082/161 11150/163
f 11082/161 11181/166 11079/165
f 11117/164 11150/163 11145/167
f 11042/170 11044/169 11103/168
f 11044/169 11111/172 11105/171
f 11105/171 11103/168 11044/169
f 11106/175 11104/174 11113/173
f 11104/174 11105/171 11111/172
f 11108/178 11107/177 11115/176
f 11107/177 11106/175 11113/173
f 11115/176 11107/177 11113/173
f 11200/180 11109/179 11117/164
f 11109/179 11108/178 11115/176
f 11117/164 11109/179 11115/176
f 11093/182 11201/181 11200/180
f 11141/185 11148/184 11134/183
f 11148/184 11110/186 11145/167
f 11134/183 11148/184 11145/167
f 11110/186 11093/182 11200/180
f 11104/174 11111/172 11113/173
f 11110/186 11200/180 11117/164
f 11133/187 11141/185 11134/183
f 11142/190 11132/189 11147/188
f 11132/189 11133/187 11147/188
f 11143/193 11144/192 11140/191
f 11144/192 11142/190 11137/194
f 11140/191 11032/195 11143/193
f 11137/194 11140/191 11144/192
f 11133/187 11134/183 11147/188
f 11142/190 11147/188 11137/194
f 11110/186 11117/164 11145/167
f 11150/163 11082/161 11198/196
f 11181/166 11034/198 11184/197
f 11198/196 11149/199 11150/163
f 11198/196 11082/161 11079/165
f 11079/165 11181/166 11077/200
f 11196/202 11198/196 11120/201
f 11194/204 11196/202 11190/203
f 11077/200 11181/166 11182/205
f 11170/208 11099/207 11180/206
f 11099/207 11100/210 11179/209
f 11180/206 11099/207 11179/209
f 11180/206 11041/211 11170/208
f 11041/211 11066/213 11045/212
f 11170/208 11041/211 11045/212
f 11066/213 11067/214 11045/212
f 11067/214 11068/215 11034/198
f 11068/215 11184/197 11034/198
f 11184/197 11182/205 11181/166
f 11182/205 11183/217 11040/216
f 11183/217 11031/218 11040/216
f 11040/216 11178/219 11077/200
f 11178/219 11177/221 11075/220
f 11067/214 11034/198 11045/212
f 11182/205 11040/216 11077/200
f 11178/219 11075/220 11077/200
f 11177/221 11176/222 11075/220
f 11176/222 11175/224 11073/223
f 11175/224 11173/225 11073/223
f 11173/225 11174/227 11071/226
f 11174/227 11039/229 11069/228
f 11071/226 11174/227 11069/228
f 11039/229 11155/230 11069/228
f 11073/223 11173/225 11071/226
f 11198/196 11079/165 11120/201
f 11176/222 11073/223 11075/220
f 11079/165 11118/231 11120/201
f 11098/233 11194/204 11091/232
f 11196/202 11120/201 11129/234
f 11196/202 11129/234 11191/235
f 11087/238 11089/237 11090/236
f 11089/237 11096/240 11188/239
f 11090/236 11089/237 11188/239
f 11196/202 11191/235 11190/203
f 11129/234 11185/242 11131/241
f 11094/243 11129/234 11131/241
f 11096/240 11098/233 11125/244
f 11125/244 11188/239 11096/240
f 11091/232 11189/245 11098/233
f 11189/245 11125/244 11098/233
f 11190/203 11092/246 11194/204
f 11092/246 11091/232 11194/204
f 11083/248 11084/247 11191/235
f 11129/234 11094/243 11191/235
f 11185/242 11192/250 11102/249
f 11094/243 11083/248 11191/235
f 11124/251 11131/241 11185/242
f 11101/252 11102/249 11192/250
f 11102/249 11124/251 11185/242
f 11128/85 11126/253 11121/87
f 11126/253 11101/252 11192/250
f 11121/87 11126/253 11192/250
f 11153/255 11127/254 11152/86
f 11127/254 11128/85 11152/86
f 11430/258 11293/257 11295/256
f 11295/256 11429/259 11430/258
f 11427/261 11330/260 11429/259
f 11332/263 11310/262 11330/260
f 11332/263 11309/264 11310/262
f 11324/266 11325/265 11309/264
f 11324/266 11440/267 11325/265
f 11296/270 11432/269 11433/268
f 11431/271 11433/268 11440/267
f 11431/271 11440/267 11324/266
f 11295/256 11427/261 11429/259
f 11330/260 11427/261 11332/263
f 11324/266 11309/264 11332/263
f 11329/272 11296/270 11433/268
f 11333/274 11328/273 11329/272
f 11335/276 11428/275 11328/273
f 11335/276 11302/277 11428/275
f 11436/279 11301/278 11302/277
f 11436/279 11302/277 11335/276
f 11436/279 11327/280 11301/278
f 11434/282 11326/281 11327/280
f 11434/282 11327/280 11436/279
f 11297/284 11300/283 11326/281
f 11297/284 11299/285 11300/283
f 11326/281 11434/282 11297/284
f 11333/274 11329/272 11433/268
f 11333/274 11335/276 11328/273
f 11333/274 11433/268 11431/271
f 11356/288 11321/287 11474/286
f 11333/274 11431/271 11356/288
f 11336/289 11356/288 11474/286
f 11336/289 11333/274 11356/288
f 11352/291 11354/290 11336/289
f 11420/293 11474/286 11387/292
f 11352/291 11336/289 11474/286
f 11420/293 11352/291 11474/286
f 11350/295 11452/294 11352/291
f 11417/296 11420/293 11387/292
f 11374/299 11314/298 11316/297
f 11375/301 11384/300 11314/298
f 11314/298 11374/299 11375/301
f 11382/304 11376/303 11377/302
f 11384/300 11375/301 11376/303
f 11385/307 11378/306 11379/305
f 11382/304 11377/302 11378/306
f 11382/304 11378/306 11385/307
f 11387/292 11380/309 11471/308
f 11385/307 11379/305 11380/309
f 11385/307 11380/309 11387/292
f 11471/308 11472/311 11363/310
f 11407/314 11419/313 11412/312
f 11417/296 11381/315 11419/313
f 11417/296 11419/313 11407/314
f 11471/308 11363/310 11381/315
f 11382/304 11384/300 11376/303
f 11387/292 11471/308 11381/315
f 11407/314 11412/312 11403/316
f 11418/319 11404/318 11413/317
f 11418/319 11403/316 11404/318
f 11411/322 11414/321 11415/320
f 11410/323 11413/317 11414/321
f 11415/320 11305/324 11411/322
f 11414/321 11411/322 11410/323
f 11418/319 11407/314 11403/316
f 11410/323 11418/319 11413/317
f 11417/296 11387/292 11381/315
f 11468/325 11352/291 11420/293
f 11455/327 11308/326 11452/294
f 11420/293 11421/328 11468/325
f 11350/295 11352/291 11468/325
f 11348/329 11452/294 11350/295
f 11389/331 11468/325 11466/330
f 11461/333 11466/330 11464/332
f 11454/334 11452/294 11348/329
f 11450/337 11370/336 11442/335
f 11451/339 11369/338 11370/336
f 11451/339 11370/336 11450/337
f 11442/335 11313/340 11450/337
f 11318/342 11339/341 11313/340
f 11318/342 11313/340 11442/335
f 11318/342 11338/343 11339/341
f 11308/326 11340/344 11338/343
f 11308/326 11455/327 11340/344
f 11452/294 11454/334 11455/327
f 11312/345 11453/217 11454/334
f 11312/345 11303/346 11453/217
f 11348/329 11449/347 11312/345
f 11346/349 11448/348 11449/347
f 11318/342 11308/326 11338/343
f 11348/329 11312/345 11454/334
f 11348/329 11346/349 11449/347
f 11346/349 11447/350 11448/348
f 11344/352 11446/351 11447/350
f 11344/352 11445/353 11446/351
f 11341/355 11444/354 11445/353
f 11343/357 11311/356 11444/354
f 11343/357 11444/354 11341/355
f 11343/357 11426/358 11311/356
f 11341/355 11445/353 11344/352
f 11389/331 11350/295 11468/325
f 11346/349 11344/352 11447/350
f 11389/331 11391/359 11350/295
f 11361/361 11464/332 11367/360
f 11401/90 11389/331 11466/330
f 11462/89 11401/90 11466/330
f 11360/364 11359/363 11373/362
f 11459/366 11365/365 11359/363
f 11461/333 11462/89 11466/330
f 11360/364 11459/366 11359/363
f 11396/367 11367/360 11365/365
f 11396/367 11365/365 11459/366
f 11367/360 11396/367 11460/368
f 11464/332 11361/361 11362/369
f 11367/360 11460/368 11361/361
f 11464/332 11362/369 11461/333
f 11462/89 11355/370 11364/88
f 11457/373 11402/372 11395/371
f 11401/90 11364/88 11402/372
f 11401/90 11402/372 11457/373
f 11463/376 11371/375 11372/374
f 11457/373 11395/371 11371/375
f 11394/379 11397/378 11398/377
f 11463/376 11372/374 11397/378
f 11463/376 11397/378 11394/379
f 11424/382 11399/381 11423/380
f 11424/382 11398/377 11399/381
f 11398/377 11424/382 11394/379
f 11463/376 11457/373 11371/375
f 11482/93 10794/383 10796/92
f 10798/96 10822/384 11483/95
f 10799/94 11483/95 11482/93
f 11487/101 10842/115 11489/103
f 11485/97 11504/385 10840/104
f 11490/107 11504/386 11485/106
f 11490/107 11484/105 11488/109
f 11486/100 10840/104 11491/111
f 11481/99 11494/113 11493/112
f 11486/100 11492/110 11494/113
f 10842/103 11487/102 11493/112
f 11496/100 11501/99 11497/113
f 10842/103 11495/114 11499/112
f 11501/99 11500/102 11499/112
f 11496/100 11498/110 11491/111
f 11490/107 11505/105 11503/109
f 11489/104 10842/385 11500/97
f 11503/101 11496/102 10840/103
f 11490/107 11489/386 11502/106
f 11506/116 11516/116 11507/116
f 11509/116 11518/116 11510/117
f 11512/117 11536/117 11513/116
f 11515/118 11520/118 11516/116
f 11517/118 11521/118 11518/116
f 11515/118 11522/118 11519/118
f 11508/118 11507/118 11521/118
f 11514/116 11513/116 11519/118
f 10825/77 10844/77 10843/78
f 11477/73 10832/69 10845/69
f 10832/69 11479/70 10844/70
f 10826/67 10843/67 10842/68
f 11480/80 10839/79 10807/79
f 10830/65 10841/65 11476/74
f 10829/66 11480/66 10841/65
f 10839/64 10840/63 10805/63
f 10814/37 11477/120 10801/75
f 10819/37 11476/119 10837/75
f 11523/123 11537/126 11524/122
f 11526/123 11538/125 11527/124
f 11529/125 11523/123 11525/121
f 11531/126 11526/123 11528/121
f 11539/918 11540/918 11541/918
f 11542/918 11543/918 11544/918
f 11541/918 11545/918 11539/918
f 11543/918 11542/918 11546/918
f 11544/918 11543/918 11541/918
f 11544/918 11541/918 11540/918
f 11543/918 11546/918 11545/918
f 11543/918 11545/918 11541/918
f 11546/918 11542/918 11539/918
f 11546/918 11539/918 11545/918
f 11542/918 11544/918 11540/918
f 11542/918 11540/918 11539/918
f 11547/918 11548/918 11549/918
f 11550/918 11551/918 11552/918
f 11549/918 11553/918 11547/918
f 11551/918 11550/918 11554/918
f 11552/918 11551/918 11549/918
f 11552/918 11549/918 11548/918
f 11551/918 11554/918 11553/918
f 11551/918 11553/918 11549/918
f 11554/918 11550/918 11547/918
f 11554/918 11547/918 11553/918
f 11550/918 11552/918 11548/918
f 11550/918 11548/918 11547/918
f 11555/918 11556/918 11557/918
f 11555/918 11557/918 11558/918
f 11559/918 11560/918 11561/918
f 11559/918 11561/918 11562/918
f 11556/918 11559/918 11562/918
f 11556/918 11562/918 11557/918
f 11560/918 11555/918 11558/918
f 11560/918 11558/918 11561/918
f 11558/918 11557/918 11563/918
f 11558/918 11563/918 11564/918
f 11562/918 11561/918 11565/918
f 11562/918 11565/918 11566/918
f 11557/918 11562/918 11566/918
f 11557/918 11566/918 11563/918
f 11561/918 11558/918 11564/918
f 11561/918 11564/918 11565/918
f 11564/918 11563/918 11567/918
f 11564/918 11567/918 11568/918
f 11566/918 11565/918 11569/918
f 11566/918 11569/918 11570/918
f 11563/918 11566/918 11570/918
f 11563/918 11570/918 11567/918
f 11565/918 11564/918 11568/918
f 11565/918 11568/918 11569/918
f 11568/918 11567/918 11571/918
f 11568/918 11571/918 11572/918
f 11570/918 11569/918 11573/918
f 11570/918 11573/918 11574/918
f 11567/918 11570/918 11574/918
f 11567/918 11574/918 11571/918
f 11569/918 11568/918 11572/918
f 11569/918 11572/918 11573/918
f 11572/918 11571/918 11575/918
f 11572/918 11575/918 11576/918
f 11574/918 11573/918 11577/918
f 11574/918 11577/918 11578/918
f 11571/918 11574/918 11578/918
f 11571/918 11578/918 11575/918
f 11573/918 11572/918 11576/918
f 11573/918 11576/918 11577/918
f 11576/918 11575/918 11579/918
f 11576/918 11579/918 11580/918
f 11578/918 11577/918 11581/918
f 11578/918 11581/918 11582/918
f 11575/918 11578/918 11582/918
f 11575/918 11582/918 11579/918
f 11577/918 11576/918 11580/918
f 11577/918 11580/918 11581/918
f 11580/918 11579/918 11583/918
f 11580/918 11583/918 11584/918
f 11582/918 11581/918 11585/918
f 11582/918 11585/918 11586/918
f 11579/918 11582/918 11586/918
f 11579/918 11586/918 11583/918
f 11581/918 11580/918 11584/918
f 11581/918 11584/918 11585/918
f 11584/918 11583/918 11587/918
f 11584/918 11587/918 11588/918
f 11586/918 11585/918 11589/918
f 11586/918 11589/918 11590/918
f 11583/918 11586/918 11590/918
f 11583/918 11590/918 11587/918
f 11585/918 11584/918 11588/918
f 11585/918 11588/918 11589/918
f 11588/918 11587/918 11591/918
f 11588/918 11591/918 11592/918
f 11590/918 11589/918 11593/918
f 11590/918 11593/918 11594/918
f 11587/918 11590/918 11594/918
f 11587/918 11594/918 11591/918
f 11589/918 11588/918 11592/918
f 11589/918 11592/918 11593/918
f 11592/918 11591/918 11595/918
f 11592/918 11595/918 11596/918
f 11594/918 11593/918 11597/918
f 11594/918 11597/918 11598/918
f 11591/918 11594/918 11598/918
f 11591/918 11598/918 11595/918
f 11593/918 11592/918 11596/918
f 11593/918 11596/918 11597/918
f 11596/918 11595/918 11599/918
f 11596/918 11599/918 11600/918
f 11598/918 11597/918 11601/918
f 11598/918 11601/918 11602/918
f 11595/918 11598/918 11602/918
f 11595/918 11602/918 11599/918
f 11597/918 11596/918 11600/918
f 11597/918 11600/918 11601/918
f 11600/918 11599/918 11556/918
f 11600/918 11556/918 11555/918
f 11602/918 11601/918 11560/918
f 11602/918 11560/918 11559/918
f 11599/918 11602/918 11559/918
f 11599/918 11559/918 11556/918
f 11601/918 11600/918 11555/918
f 11601/918 11555/918 11560/918
f 11603/918 11604/918 11605/918
f 11603/918 11605/918 11606/918
f 11607/918 11608/918 11609/918
f 11607/918 11609/918 11610/918
f 11604/918 11607/918 11610/918
f 11604/918 11610/918 11605/918
f 11608/918 11603/918 11606/918
f 11608/918 11606/918 11609/918
f 11606/918 11605/918 11611/918
f 11606/918 11611/918 11612/918
f 11610/918 11609/918 11613/918
f 11610/918 11613/918 11614/918
f 11605/918 11610/918 11614/918
f 11605/918 11614/918 11611/918
f 11609/918 11606/918 11612/918
f 11609/918 11612/918 11613/918
f 11612/918 11611/918 11615/918
f 11612/918 11615/918 11616/918
f 11614/918 11613/918 11617/918
f 11614/918 11617/918 11618/918
f 11611/918 11614/918 11618/918
f 11611/918 11618/918 11615/918
f 11613/918 11612/918 11616/918
f 11613/918 11616/918 11617/918
f 11616/918 11615/918 11619/918
f 11616/918 11619/918 11620/918
f 11618/918 11617/918 11621/918
f 11618/918 11621/918 11622/918
f 11615/918 11618/918 11622/918
f 11615/918 11622/918 11619/918
f 11617/918 11616/918 11620/918
f 11617/918 11620/918 11621/918
f 11620/918 11619/918 11623/918
f 11620/918 11623/918 11624/918
f 11622/918 11621/918 11625/918
f 11622/918 11625/918 11626/918
f 11619/918 11622/918 11626/918
f 11619/918 11626/918 11623/918
f 11621/918 11620/918 11624/918
f 11621/918 11624/918 11625/918
f 11624/918 11623/918 11627/918
f 11624/918 11627/918 11628/918
f 11626/918 11625/918 11629/918
f 11626/918 11629/918 11630/918
f 11623/918 11626/918 11630/918
f 11623/918 11630/918 11627/918
f 11625/918 11624/918 11628/918
f 11625/918 11628/918 11629/918
f 11628/918 11627/918 11631/918
f 11628/918 11631/918 11632/918
f 11630/918 11629/918 11633/918
f 11630/918 11633/918 11634/918
f 11627/918 11630/918 11634/918
f 11627/918 11634/918 11631/918
f 11629/918 11628/918 11632/918
f 11629/918 11632/918 11633/918
f 11632/918 11631/918 11635/918
f 11632/918 11635/918 11636/918
f 11634/918 11633/918 11637/918
f 11634/918 11637/918 11638/918
f 11631/918 11634/918 11638/918
f 11631/918 11638/918 11635/918
f 11633/918 11632/918 11636/918
f 11633/918 11636/918 11637/918
f 11636/918 11635/918 11639/918
f 11636/918 11639/918 11640/918
f 11638/918 11637/918 11641/918
f 11638/918 11641/918 11642/918
f 11635/918 11638/918 11642/918
f 11635/918 11642/918 11639/918
f 11637/918 11636/918 11640/918
f 11637/918 11640/918 11641/918
f 11640/918 11639/918 11643/918
f 11640/918 11643/918 11644/918
f 11642/918 11641/918 11645/918
f 11642/918 11645/918 11646/918
f 11639/918 11642/918 11646/918
f 11639/918 11646/918 11643/918
f 11641/918 11640/918 11644/918
f 11641/918 11644/918 11645/918
f 11644/918 11643/918 11647/918
f 11644/918 11647/918 11648/918
f 11646/918 11645/918 11649/918
f 11646/918 11649/918 11650/918
f 11643/918 11646/918 11650/918
f 11643/918 11650/918 11647/918
f 11645/918 11644/918 11648/918
f 11645/918 11648/918 11649/918
f 11648/918 11647/918 11604/918
f 11648/918 11604/918 11603/918
f 11650/918 11649/918 11608/918
f 11650/918 11608/918 11607/918
f 11647/918 11650/918 11607/918
f 11647/918 11607/918 11604/918
f 11649/918 11648/918 11603/918
f 11649/918 11603/918 11608/918
f 11651/918 11652/918 11653/918
f 11651/918 11653/918 11654/918
f 11655/918 11656/918 11657/918
f 11655/918 11657/918 11658/918
f 11652/918 11655/918 11658/918
f 11652/918 11658/918 11653/918
f 11656/918 11651/918 11654/918
f 11656/918 11654/918 11657/918
f 11654/918 11653/918 11659/918
f 11654/918 11659/918 11660/918
f 11658/918 11657/918 11661/918
f 11658/918 11661/918 11662/918
f 11653/918 11658/918 11662/918
f 11653/918 11662/918 11659/918
f 11657/918 11654/918 11660/918
f 11657/918 11660/918 11661/918
f 11660/918 11659/918 11663/918
f 11660/918 11663/918 11664/918
f 11662/918 11661/918 11665/918
f 11662/918 11665/918 11666/918
f 11659/918 11662/918 11666/918
f 11659/918 11666/918 11663/918
f 11661/918 11660/918 11664/918
f 11661/918 11664/918 11665/918
f 11664/918 11663/918 11667/918
f 11664/918 11667/918 11668/918
f 11666/918 11665/918 11669/918
f 11666/918 11669/918 11670/918
f 11663/918 11666/918 11670/918
f 11663/918 11670/918 11667/918
f 11665/918 11664/918 11668/918
f 11665/918 11668/918 11669/918
f 11668/918 11667/918 11671/918
f 11668/918 11671/918 11672/918
f 11670/918 11669/918 11673/918
f 11670/918 11673/918 11674/918
f 11667/918 11670/918 11674/918
f 11667/918 11674/918 11671/918
f 11669/918 11668/918 11672/918
f 11669/918 11672/918 11673/918
f 11672/918 11671/918 11675/918
f 11672/918 11675/918 11676/918
f 11674/918 11673/918 11677/918
f 11674/918 11677/918 11678/918
f 11671/918 11674/918 11678/918
f 11671/918 11678/918 11675/918
f 11673/918 11672/918 11676/918
f 11673/918 11676/918 11677/918
f 11676/918 11675/918 11679/918
f 11676/918 11679/918 11680/918
f 11678/918 11677/918 11681/918
f 11678/918 11681/918 11682/918
f 11675/918 11678/918 11682/918
f 11675/918 11682/918 11679/918
f 11677/918 11676/918 11680/918
f 11677/918 11680/918 11681/918
f 11680/918 11679/918 11683/918
f 11680/918 11683/918 11684/918
f 11682/918 11681/918 11685/918
f 11682/918 11685/918 11686/918
f 11679/918 11682/918 11686/918
f 11679/918 11686/918 11683/918
f 11681/918 11680/918 11684/918
f 11681/918 11684/918 11685/918
f 11684/918 11683/918 11687/918
f 11684/918 11687/918 11688/918
f 11686/918 11685/918 11689/918
f 11686/918 11689/918 11690/918
f 11683/918 11686/918 11690/918
f 11683/918 11690/918 11687/918
f 11685/918 11684/918 11688/918
f 11685/918 11688/918 11689/918
f 11688/918 11687/918 11691/918
f 11688/918 11691/918 11692/918
f 11690/918 11689/918 11693/918
f 11690/918 11693/918 11694/918
f 11687/918 11690/918 11694/918
f 11687/918 11694/918 11691/918
f 11689/918 11688/918 11692/918
f 11689/918 11692/918 11693/918
f 11692/918 11691/918 11695/918
f 11692/918 11695/918 11696/918
f 11694/918 11693/918 11697/918
f 11694/918 11697/918 11698/918
f 11691/918 11694/918 11698/918
f 11691/918 11698/918 11695/918
f 11693/918 11692/918 11696/918
f 11693/918 11696/918 11697/918
f 11696/918 11695/918 11652/918
f 11696/918 11652/918 11651/918
f 11698/918 11697/918 11656/918
f 11698/918 11656/918 11655/918
f 11695/918 11698/918 11655/918
f 11695/918 11655/918 11652/918
f 11697/918 11696/918 11651/918
f 11697/918 11651/918 11656/918
f 11699/918 11700/918 11701/918
f 11699/918 11701/918 11702/918
f 11703/918 11704/918 11705/918
f 11703/918 11705/918 11706/918
f 11700/918 11703/918 11706/918
f 11700/918 11706/918 11701/918
f 11704/918 11699/918 11702/918
f 11704/918 11702/918 11705/918
f 11702/918 11701/918 11707/918
f 11702/918 11707/918 11708/918
f 11706/918 11705/918 11709/918
f 11706/918 11709/918 11710/918
f 11701/918 11706/918 11710/918
f 11701/918 11710/918 11707/918
f 11705/918 11702/918 11708/918
f 11705/918 11708/918 11709/918
f 11708/918 11707/918 11711/918
f 11708/918 11711/918 11712/918
f 11710/918 11709/918 11713/918
f 11710/918 11713/918 11714/918
f 11707/918 11710/918 11714/918
f 11707/918 11714/918 11711/918
f 11709/918 11708/918 11712/918
f 11709/918 11712/918 11713/918
f 11712/918 11711/918 11715/918
f 11712/918 11715/918 11716/918
f 11714/918 11713/918 11717/918
f 11714/918 11717/918 11718/918
f 11711/918 11714/918 11718/918
f 11711/918 11718/918 11715/918
f 11713/918 11712/918 11716/918
f 11713/918 11716/918 11717/918
f 11716/918 11715/918 11719/918
f 11716/918 11719/918 11720/918
f 11718/918 11717/918 11721/918
f 11718/918 11721/918 11722/918
f 11715/918 11718/918 11722/918
f 11715/918 11722/918 11719/918
f 11717/918 11716/918 11720/918
f 11717/918 11720/918 11721/918
f 11720/918 11719/918 11723/918
f 11720/918 11723/918 11724/918
f 11722/918 11721/918 11725/918
f 11722/918 11725/918 11726/918
f 11719/918 11722/918 11726/918
f 11719/918 11726/918 11723/918
f 11721/918 11720/918 11724/918
f 11721/918 11724/918 11725/918
f 11724/918 11723/918 11727/918
f 11724/918 11727/918 11728/918
f 11726/918 11725/918 11729/918
f 11726/918 11729/918 11730/918
f 11723/918 11726/918 11730/918
f 11723/918 11730/918 11727/918
f 11725/918 11724/918 11728/918
f 11725/918 11728/918 11729/918
f 11728/918 11727/918 11731/918
f 11728/918 11731/918 11732/918
f 11730/918 11729/918 11733/918
f 11730/918 11733/918 11734/918
f 11727/918 11730/918 11734/918
f 11727/918 11734/918 11731/918
f 11729/918 11728/918 11732/918
f 11729/918 11732/918 11733/918
f 11732/918 11731/918 11735/918
f 11732/918 11735/918 11736/918
f 11734/918 11733/918 11737/918
f 11734/918 11737/918 11738/918
f 11731/918 11734/918 11738/918
f 11731/918 11738/918 11735/918
f 11733/918 11732/918 11736/918
f 11733/918 11736/918 11737/918
f 11736/918 11735/918 11739/918
f 11736/918 11739/918 11740/918
f 11738/918 11737/918 11741/918
f 11738/918 11741/918 11742/918
f 11735/918 11738/918 11742/918
f 11735/918 11742/918 11739/918
f 11737/918 11736/918 11740/918
f 11737/918 11740/918 11741/918
f 11740/918 11739/918 11743/918
f 11740/918 11743/918 11744/918
f 11742/918 11741/918 11745/918
f 11742/918 11745/918 11746/918
f 11739/918 11742/918 11746/918
f 11739/918 11746/918 11743/918
f 11741/918 11740/918 11744/918
f 11741/918 11744/918 11745/918
f 11744/918 11743/918 11700/918
f 11744/918 11700/918 11699/918
f 11746/918 11745/918 11704/918
f 11746/918 11704/918 11703/918
f 11743/918 11746/918 11703/918
f 11743/918 11703/918 11700/918
f 11745/918 11744/918 11699/918
f 11745/918 11699/918 11704/918
f 11747/918 11748/918 11749/918
f 11750/918 11751/918 11752/918
f 11749/918 11753/918 11747/918
f 11751/918 11750/918 11754/918
f 11752/918 11751/918 11749/918
f 11752/918 11749/918 11748/918
f 11751/918 11754/918 11753/918
f 11751/918 11753/918 11749/918
f 11754/918 11750/918 11747/918
f 11754/918 11747/918 11753/918
f 11750/918 11752/918 11748/918
f 11750/918 11748/918 11747/918
f 11755/920 11756/920 11757/920
f 11758/920 11759/920 11760/920
f 11758/920 11760/920 11756/920
f 11758/920 11756/920 11755/920
f 11760/920 11759/920 11757/920
f 11760/920 11757/920 11756/920
f 11759/920 11758/920 11755/920
f 11759/920 11755/920 11757/920
f 11761/918 11762/918 11763/918
f 11764/918 11765/918 11766/918
f 11763/918 11767/918 11761/918
f 11765/918 11764/918 11768/918
f 11766/918 11765/918 11763/918
f 11766/918 11763/918 11762/918
f 11765/918 11768/918 11767/918
f 11765/918 11767/918 11763/918
f 11768/918 11764/918 11761/918
f 11768/918 11761/918 11767/918
f 11764/918 11766/918 11762/918
f 11764/918 11762/918 11761/918
f 11769/920 11770/920 11771/920
f 11772/920 11773/920 11774/920
f 11772/920 11774/920 11770/920
f 11772/920 11770/920 11769/920
f 11774/920 11773/920 11771/920
f 11774/920 11771/920 11770/920
f 11773/920 11772/920 11769/920
f 11773/920 11769/920 11771/920
f 11775/919 11776/919 11777/919
f 11775/919 11777/919 11778/919
f 11779/919 11780/919 11781/919
f 11779/919 11781/919 11782/919
f 11776/919 11779/919 11782/919
f 11776/919 11782/919 11777/919
f 11780/919 11775/919 11778/919
f 11780/919 11778/919 11781/919
f 11778/919 11777/919 11783/919
f 11778/919 11783/919 11784/919
f 11782/919 11781/919 11785/919
f 11782/919 11785/919 11786/919
f 11777/919 11782/919 11786/919
f 11777/919 11786/919 11783/919
f 11781/919 11778/919 11784/919
f 11781/919 11784/919 11785/919
f 11784/919 11783/919 11787/919
f 11784/919 11787/919 11788/919
f 11786/919 11785/919 11789/919
f 11786/919 11789/919 11790/919
f 11783/919 11786/919 11790/919
f 11783/919 11790/919 11787/919
f 11785/919 11784/919 11788/919
f 11785/919 11788/919 11789/919
f 11788/919 11787/919 11791/919
f 11788/919 11791/919 11792/919
f 11790/919 11789/919 11793/919
f 11790/919 11793/919 11794/919
f 11787/919 11790/919 11794/919
f 11787/919 11794/919 11791/919
f 11789/919 11788/919 11792/919
f 11789/919 11792/919 11793/919
f 11792/919 11791/919 11795/919
f 11792/919 11795/919 11796/919
f 11794/919 11793/919 11797/919
f 11794/919 11797/919 11798/919
f 11791/919 11794/919 11798/919
f 11791/919 11798/919 11795/919
f 11793/919 11792/919 11796/919
f 11793/919 11796/919 11797/919
f 11796/919 11795/919 11799/919
f 11796/919 11799/919 11800/919
f 11798/919 11797/919 11801/919
f 11798/919 11801/919 11802/919
f 11795/919 11798/919 11802/919
f 11795/919 11802/919 11799/919
f 11797/919 11796/919 11800/919
f 11797/919 11800/919 11801/919
f 11800/919 11799/919 11803/919
f 11800/919 11803/919 11804/919
f 11802/919 11801/919 11805/919
f 11802/919 11805/919 11806/919
f 11799/919 11802/919 11806/919
f 11799/919 11806/919 11803/919
f 11801/919 11800/919 11804/919
f 11801/919 11804/919 11805/919
f 11804/919 11803/919 11807/919
f 11804/919 11807/919 11808/919
f 11806/919 11805/919 11809/919
f 11806/919 11809/919 11810/919
f 11803/919 11806/919 11810/919
f 11803/919 11810/919 11807/919
f 11805/919 11804/919 11808/919
f 11805/919 11808/919 11809/919
f 11808/919 11807/919 11811/919
f 11808/919 11811/919 11812/919
f 11810/919 11809/919 11813/919
f 11810/919 11813/919 11814/919
f 11807/919 11810/919 11814/919
f 11807/919 11814/919 11811/919
f 11809/919 11808/919 11812/919
f 11809/919 11812/919 11813/919
f 11812/919 11811/919 11815/919
f 11812/919 11815/919 11816/919
f 11814/919 11813/919 11817/919
f 11814/919 11817/919 11818/919
f 11811/919 11814/919 11818/919
f 11811/919 11818/919 11815/919
f 11813/919 11812/919 11816/919
f 11813/919 11816/919 11817/919
f 11816/919 11815/919 11819/919
f 11816/919 11819/919 11820/919
f 11818/919 11817/919 11821/919
f 11818/919 11821/919 11822/919
f 11815/919 11818/919 11822/919
f 11815/919 11822/919 11819/919
f 11817/919 11816/919 11820/919
f 11817/919 11820/919 11821/919
f 11820/919 11819/919 11776/919
f 11820/919 11776/919 11775/919
f 11822/919 11821/919 11780/919
f 11822/919 11780/919 11779/919
f 11819/919 11822/919 11779/919
f 11819/919 11779/919 11776/919
f 11821/919 11820/919 11775/919
f 11821/919 11775/919 11780/919
f 11823/919 11824/919 11825/919
f 11823/919 11825/919 11826/919
f 11827/919 11828/919 11829/919
f 11827/919 11829/919 11830/919
f 11824/919 11827/919 11830/919
f 11824/919 11830/919 11825/919
f 11828/919 11823/919 11826/919
f 11828/919 11826/919 11829/919
f 11826/919 11825/919 11831/919
f 11826/919 11831/919 11832/919
f 11830/919 11829/919 11833/919
f 11830/919 11833/919 11834/919
f 11825/919 11830/919 11834/919
f 11825/919 11834/919 11831/919
f 11829/919 11826/919 11832/919
f 11829/919 11832/919 11833/919
f 11832/919 11831/919 11835/919
f 11832/919 11835/919 11836/919
f 11834/919 11833/919 11837/919
f 11834/919 11837/919 11838/919
f 11831/919 11834/919 11838/919
f 11831/919 11838/919 11835/919
f 11833/919 11832/919 11836/919
f 11833/919 11836/919 11837/919
f 11836/919 11835/919 11839/919
f 11836/919 11839/919 11840/919
f 11838/919 11837/919 11841/919
f 11838/919 11841/919 11842/919
f 11835/919 11838/919 11842/919
f 11835/919 11842/919 11839/919
f 11837/919 11836/919 11840/919
f 11837/919 11840/919 11841/919
f 11840/919 11839/919 11843/919
f 11840/919 11843/919 11844/919
f 11842/919 11841/919 11845/919
f 11842/919 11845/919 11846/919
f 11839/919 11842/919 11846/919
f 11839/919 11846/919 11843/919
f 11841/919 11840/919 11844/919
f 11841/919 11844/919 11845/919
f 11844/919 11843/919 11847/919
f 11844/919 11847/919 11848/919
f 11846/919 11845/919 11849/919
f 11846/919 11849/919 11850/919
f 11843/919 11846/919 11850/919
f 11843/919 11850/919 11847/919
f 11845/919 11844/919 11848/919
f 11845/919 11848/919 11849/919
f 11848/919 11847/919 11851/919
f 11848/919 11851/919 11852/919
f 11850/919 11849/919 11853/919
f 11850/919 11853/919 11854/919
f 11847/919 11850/919 11854/919
f 11847/919 11854/919 11851/919
f 11849/919 11848/919 11852/919
f 11849/919 11852/919 11853/919
f 11852/919 11851/919 11855/919
f 11852/919 11855/919 11856/919
f 11854/919 11853/919 11857/919
f 11854/919 11857/919 11858/919
f 11851/919 11854/919 11858/919
f 11851/919 11858/919 11855/919
f 11853/919 11852/919 11856/919
f 11853/919 11856/919 11857/919
f 11856/919 11855/919 11859/919
f 11856/919 11859/919 11860/919
f 11858/919 11857/919 11861/919
f 11858/919 11861/919 11862/919
f 11855/919 11858/919 11862/919
f 11855/919 11862/919 11859/919
f 11857/919 11856/919 11860/919
f 11857/919 11860/919 11861/919
f 11860/919 11859/919 11863/919
f 11860/919 11863/919 11864/919
f 11862/919 11861/919 11865/919
f 11862/919 11865/919 11866/919
f 11859/919 11862/919 11866/919
f 11859/919 11866/919 11863/919
f 11861/919 11860/919 11864/919
f 11861/919 11864/919 11865/919
f 11864/919 11863/919 11867/919
f 11864/919 11867/919 11868/919
f 11866/919 11865/919 11869/919
f 11866/919 11869/919 11870/919
f 11863/919 11866/919 11870/919
f 11863/919 11870/919 11867/919
f 11865/919 11864/919 11868/919
f 11865/919 11868/919 11869/919
f 11868/919 11867/919 11824/919
f 11868/919 11824/919 11823/919
f 11870/919 11869/919 11828/919
f 11870/919 11828/919 11827/919
f 11867/919 11870/919 11827/919
f 11867/919 11827/919 11824/919
f 11869/919 11868/919 11823/919
f 11869/919 11823/919 11828/919
f 11871/919 11872/919 11873/919
f 11871/919 11873/919 11874/919
f 11875/919 11876/919 11877/919
f 11875/919 11877/919 11878/919
f 11872/919 11875/919 11878/919
f 11872/919 11878/919 11873/919
f 11876/919 11871/919 11874/919
f 11876/919 11874/919 11877/919
f 11874/919 11873/919 11879/919
f 11874/919 11879/919 11880/919
f 11878/919 11877/919 11881/919
f 11878/919 11881/919 11882/919
f 11873/919 11878/919 11882/919
f 11873/919 11882/919 11879/919
f 11877/919 11874/919 11880/919
f 11877/919 11880/919 11881/919
f 11880/919 11879/919 11883/919
f 11880/919 11883/919 11884/919
f 11882/919 11881/919 11885/919
f 11882/919 11885/919 11886/919
f 11879/919 11882/919 11886/919
f 11879/919 11886/919 11883/919
f 11881/919 11880/919 11884/919
f 11881/919 11884/919 11885/919
f 11884/919 11883/919 11887/919
f 11884/919 11887/919 11888/919
f 11886/919 11885/919 11889/919
f 11886/919 11889/919 11890/919
f 11883/919 11886/919 11890/919
f 11883/919 11890/919 11887/919
f 11885/919 11884/919 11888/919
f 11885/919 11888/919 11889/919
f 11888/919 11887/919 11891/919
f 11888/919 11891/919 11892/919
f 11890/919 11889/919 11893/919
f 11890/919 11893/919 11894/919
f 11887/919 11890/919 11894/919
f 11887/919 11894/919 11891/919
f 11889/919 11888/919 11892/919
f 11889/919 11892/919 11893/919
f 11892/919 11891/919 11895/919
f 11892/919 11895/919 11896/919
f 11894/919 11893/919 11897/919
f 11894/919 11897/919 11898/919
f 11891/919 11894/919 11898/919
f 11891/919 11898/919 11895/919
f 11893/919 11892/919 11896/919
f 11893/919 11896/919 11897/919
f 11896/919 11895/919 11899/919
f 11896/919 11899/919 11900/919
f 11898/919 11897/919 11901/919
f 11898/919 11901/919 11902/919
f 11895/919 11898/919 11902/919
f 11895/919 11902/919 11899/919
f 11897/919 11896/919 11900/919
f 11897/919 11900/919 11901/919
f 11900/919 11899/919 11903/919
f 11900/919 11903/919 11904/919
f 11902/919 11901/919 11905/919
f 11902/919 11905/919 11906/919
f 11899/919 11902/919 11906/919
f 11899/919 11906/919 11903/919
f 11901/919 11900/919 11904/919
f 11901/919 11904/919 11905/919
f 11904/919 11903/919 11907/919
f 11904/919 11907/919 11908/919
f 11906/919 11905/919 11909/919
f 11906/919 11909/919 11910/919
f 11903/919 11906/919 11910/919
f 11903/919 11910/919 11907/919
f 11905/919 11904/919 11908/919
f 11905/919 11908/919 11909/919
f 11908/919 11907/919 11911/919
f 11908/919 11911/919 11912/919
f 11910/919 11909/919 11913/919
f 11910/919 11913/919 11914/919
f 11907/919 11910/919 11914/919
f 11907/919 11914/919 11911/919
f 11909/919 11908/919 11912/919
f 11909/919 11912/919 11913/919
f 11912/919 11911/919 11915/919
f 11912/919 11915/919 11916/919
f 11914/919 11913/919 11917/919
f 11914/919 11917/919 11918/919
f 11911/919 11914/919 11918/919
f 11911/919 11918/919 11915/919
f 11913/919 11912/919 11916/919
f 11913/919 11916/919 11917/919
f 11916/919 11915/919 11872/919
f 11916/919 11872/919 11871/919
f 11918/919 11917/919 11876/919
f 11918/919 11876/919 11875/919
f 11915/919 11918/919 11875/919
f 11915/919 11875/919 11872/919
f 11917/919 11916/919 11871/919
f 11917/919 11871/919 11876/919
f 11919/919 11920/919 11921/919
f 11919/919 11921/919 11922/919
f 11923/919 11924/919 11925/919
f 11923/919 11925/919 11926/919
f 11920/919 11923/919 11926/919
f 11920/919 11926/919 11921/919
f 11924/919 11919/919 11922/919
f 11924/919 11922/919 11925/919
f 11922/919 11921/919 11927/919
f 11922/919 11927/919 11928/919
f 11926/919 11925/919 11929/919
f 11926/919 11929/919 11930/919
f 11921/919 11926/919 11930/919
f 11921/919 11930/919 11927/919
f 11925/919 11922/919 11928/919
f 11925/919 11928/919 11929/919
f 11928/919 11927/919 11931/919
f 11928/919 11931/919 11932/919
f 11930/919 11929/919 11933/919
f 11930/919 11933/919 11934/919
f 11927/919 11930/919 11934/919
f 11927/919 11934/919 11931/919
f 11929/919 11928/919 11932/919
f 11929/919 11932/919 11933/919
f 11932/919 11931/919 11935/919
f 11932/919 11935/919 11936/919
f 11934/919 11933/919 11937/919
f 11934/919 11937/919 11938/919
f 11931/919 11934/919 11938/919
f 11931/919 11938/919 11935/919
f 11933/919 11932/919 11936/919
f 11933/919 11936/919 11937/919
f 11936/919 11935/919 11939/919
f 11936/919 11939/919 11940/919
f 11938/919 11937/919 11941/919
f 11938/919 11941/919 11942/919
f 11935/919 11938/919 11942/919
f 11935/919 11942/919 11939/919
f 11937/919 11936/919 11940/919
f 11937/919 11940/919 11941/919
f 11940/919 11939/919 11943/919
f 11940/919 11943/919 11944/919
f 11942/919 11941/919 11945/919
f 11942/919 11945/919 11946/919
f 11939/919 11942/919 11946/919
f 11939/919 11946/919 11943/919
f 11941/919 11940/919 11944/919
f 11941/919 11944/919 11945/919
f 11944/919 11943/919 11947/919
f 11944/919 11947/919 11948/919
f 11946/919 11945/919 11949/919
f 11946/919 11949/919 11950/919
f 11943/919 11946/919 11950/919
f 11943/919 11950/919 11947/919
f 11945/919 11944/919 11948/919
f 11945/919 11948/919 11949/919
f 11948/919 11947/919 11951/919
f 11948/919 11951/919 11952/919
f 11950/919 11949/919 11953/919
f 11950/919 11953/919 11954/919
f 11947/919 11950/919 11954/919
f 11947/919 11954/919 11951/919
f 11949/919 11948/919 11952/919
f 11949/919 11952/919 11953/919
f 11952/919 11951/919 11955/919
f 11952/919 11955/919 11956/919
f 11954/919 11953/919 11957/919
f 11954/919 11957/919 11958/919
f 11951/919 11954/919 11958/919
f 11951/919 11958/919 11955/919
f 11953/919 11952/919 11956/919
f 11953/919 11956/919 11957/919
f 11956/919 11955/919 11959/919
f 11956/919 11959/919 11960/919
f 11958/919 11957/919 11961/919
f 11958/919 11961/919 11962/919
f 11955/919 11958/919 11962/919
f 11955/919 11962/919 11959/919
f 11957/919 11956/919 11960/919
f 11957/919 11960/919 11961/919
f 11960/919 11959/919 11963/919
f 11960/919 11963/919 11964/919
f 11962/919 11961/919 11965/919
f 11962/919 11965/919 11966/919
f 11959/919 11962/919 11966/919
f 11959/919 11966/919 11963/919
f 11961/919 11960/919 11964/919
f 11961/919 11964/919 11965/919
f 11964/919 11963/919 11920/919
f 11964/919 11920/919 11919/919
f 11966/919 11965/919 11924/919
f 11966/919 11924/919 11923/919
f 11963/919 11966/919 11923/919
f 11963/919 11923/919 11920/919
f 11965/919 11964/919 11919/919
f 11965/919 11919/919 11924/919
f 11967/919 11968/919 11969/919
f 11967/919 11969/919 11970/919
f 11971/919 11972/919 11973/919
f 11971/919 11973/919 11974/919
f 11968/919 11971/919 11974/919
f 11968/919 11974/919 11969/919
f 11972/919 11967/919 11970/919
f 11972/919 11970/919 11973/919
f 11970/919 11969/919 11975/919
f 11970/919 11975/919 11976/919
f 11974/919 11973/919 11977/919
f 11974/919 11977/919 11978/919
f 11969/919 11974/919 11978/919
f 11969/919 11978/919 11975/919
f 11973/919 11970/919 11976/919
f 11973/919 11976/919 11977/919
f 11976/919 11975/919 11979/919
f 11976/919 11979/919 11980/919
f 11978/919 11977/919 11981/919
f 11978/919 11981/919 11982/919
f 11975/919 11978/919 11982/919
f 11975/919 11982/919 11979/919
f 11977/919 11976/919 11980/919
f 11977/919 11980/919 11981/919
f 11980/919 11979/919 11983/919
f 11980/919 11983/919 11984/919
f 11982/919 11981/919 11985/919
f 11982/919 11985/919 11986/919
f 11979/919 11982/919 11986/919
f 11979/919 11986/919 11983/919
f 11981/919 11980/919 11984/919
f 11981/919 11984/919 11985/919
f 11984/919 11983/919 11987/919
f 11984/919 11987/919 11988/919
f 11986/919 11985/919 11989/919
f 11986/919 11989/919 11990/919
f 11983/919 11986/919 11990/919
f 11983/919 11990/919 11987/919
f 11985/919 11984/919 11988/919
f 11985/919 11988/919 11989/919
f 11988/919 11987/919 11991/919
f 11988/919 11991/919 11992/919
f 11990/919 11989/919 11993/919
f 11990/919 11993/919 11994/919
f 11987/919 11990/919 11994/919
f 11987/919 11994/919 11991/919
f 11989/919 11988/919 11992/919
f 11989/919 11992/919 11993/919
f 11992/919 11991/919 11995/919
f 11992/919 11995/919 11996/919
f 11994/919 11993/919 11997/919
f 11994/919 11997/919 11998/919
f 11991/919 11994/919 11998/919
f 11991/919 11998/919 11995/919
f 11993/919 11992/919 11996/919
f 11993/919 11996/919 11997/919
f 11996/919 11995/919 11999/919
f 11996/919 11999/919 12000/919
f 11998/919 11997/919 12001/919
f 11998/919 12001/919 12002/919
f 11995/919 11998/919 12002/919
f 11995/919 12002/919 11999/919
f 11997/919 11996/919 12000/919
f 11997/919 12000/919 12001/919
f 12000/919 11999/919 12003/919
f 12000/919 12003/919 12004/919
f 12002/919 12001/919 12005/919
f 12002/919 12005/919 12006/919
f 11999/919 12002/919 12006/919
f 11999/919 12006/919 12003/919
f 12001/919 12000/919 12004/919
f 12001/919 12004/919 12005/919
f 12004/919 12003/919 12007/919
f 12004/919 12007/919 12008/919
f 12006/919 12005/919 12009/919
f 12006/919 12009/919 12010/919
f 12003/919 12006/919 12010/919
f 12003/919 12010/919 12007/919
f 12005/919 12004/919 12008/919
f 12005/919 12008/919 12009/919
f 12008/919 12007/919 12011/919
f 12008/919 12011/919 12012/919
f 12010/919 12009/919 12013/919
f 12010/919 12013/919 12014/919
f 12007/919 12010/919 12014/919
f 12007/919 12014/919 12011/919
f 12009/919 12008/919 12012/919
f 12009/919 12012/919 12013/919
f 12012/919 12011/919 11968/919
f 12012/919 11968/919 11967/919
f 12014/919 12013/919 11972/919
f 12014/919 11972/919 11971/919
f 12011/919 12014/919 11971/919
f 12011/919 11971/919 11968/919
f 12013/919 12012/919 11967/919
f 12013/919 11967/919 11972/919
f 12015/918 12016/918 12017/918
f 12018/918 12019/918 12020/918
f 12017/918 12021/918 12015/918
f 12019/918 12018/918 12022/918
f 12020/918 12019/918 12017/918
f 12020/918 12017/918 12016/918
f 12019/918 12022/918 12021/918
f 12019/918 12021/918 12017/918
f 12022/918 12018/918 12015/918
f 12022/918 12015/918 12021/918
f 12018/918 12020/918 12016/918
f 12018/918 12016/918 12015/918
f 12023/918 12024/918 12025/918
f 12026/918 12027/918 12028/918
f 12025/918 12029/918 12023/918
f 12027/918 12026/918 12030/918
f 12028/918 12027/918 12025/918
f 12028/918 12025/918 12024/918
f 12027/918 12030/918 12029/918
f 12027/918 12029/918 12025/918
f 12030/918 12026/918 12023/918
f 12030/918 12023/918 12029/918
f 12026/918 12028/918 12024/918
f 12026/918 12024/918 12023/918
f 12031/918 12032/918 12033/918
f 12034/918 12035/918 12036/918
f 12033/918 12037/918 12031/918
f 12035/918 12034/918 12038/918
f 12036/918 12035/918 12033/918
f 12036/918 12033/918 12032/918
f 12035/918 12038/918 12037/918
f 12035/918 12037/918 12033/918
f 12038/918 12034/918 12031/918
f 12038/918 12031/918 12037/918
f 12034/918 12036/918 12032/918
f 12034/918 12032/918 12031/918
f 12039/919 12040/919 12041/919
f 12042/919 12043/919 12044/919
f 12041/919 12045/919 12039/919
f 12043/919 12042/919 12046/919
f 12044/919 12043/919 12041/919
f 12044/919 12041/919 12040/919
f 12043/919 12046/919 12045/919
f 12043/919 12045/919 12041/919
f 12046/919 12042/919 12039/919
f 12046/919 12039/919 12045/919
f 12042/919 12044/919 12040/919
f 12042/919 12040/919 12039/919
f 12047/919 12048/919 12049/919
f 12050/919 12051/919 12052/919
f 12049/919 12053/919 12047/919
f 12051/919 12050/919 12054/919
f 12052/919 12051/919 12049/919
f 12052/919 12049/919 12048/919
f 12051/919 12054/919 12053/919
f 12051/919 12053/919 12049/919
f 12054/919 12050/919 12047/919
f 12054/919 12047/919 12053/919
f 12050/919 12052/919 12048/919
f 12050/919 12048/919 12047/919
f 12055/918 12056/918 12057/918
f 12058/918 12059/918 12060/918
f 12057/918 12061/918 12062/918
f 12059/918 12063/918 12064/918
f 12057/918 12062/918 12065/918
f 12059/918 12066/918 12063/918
f 12057/918 12065/918 12055/918
f 12059/918 12058/918 12066/918
f 12060/918 12059/918 12057/918
f 12060/918 12057/918 12056/918
f 12059/918 12064/918 12061/918
f 12059/918 12061/918 12057/918
f 12064/918 12063/918 12062/918
f 12064/918 12062/918 12061/918
f 12063/918 12066/918 12065/918
f 12063/918 12065/918 12062/918
f 12066/918 12058/918 12055/918
f 12066/918 12055/918 12065/918
f 12058/918 12060/918 12056/918
f 12058/918 12056/918 12055/918
f 12067/919 12068/919 12069/919
f 12070/919 12071/919 12072/919
f 12069/919 12073/919 12067/919
f 12071/919 12070/919 12074/919
f 12072/919 12071/919 12069/919
f 12072/919 12069/919 12068/919
f 12071/919 12074/919 12073/919
f 12071/919 12073/919 12069/919
f 12074/919 12070/919 12067/919
f 12074/919 12067/919 12073/919
f 12070/919 12072/919 12068/919
f 12070/919 12068/919 12067/919
f 12075/918 12076/918 12077/918
f 12078/918 12079/918 12080/918
f 12075/918 12077/918 12081/918
f 12078/918 12082/918 12079/918
f 12078/918 12080/918 12076/918
f 12078/918 12076/918 12075/918
f 12080/918 12079/918 12077/918
f 12080/918 12077/918 12076/918
f 12079/918 12082/918 12081/918
f 12079/918 12081/918 12077/918
f 12082/918 12078/918 12075/918
f 12082/918 12075/918 12081/918
f 12083/918 12084/918 12085/918
f 12086/918 12087/918 12088/918
f 12085/918 12089/918 12083/918
f 12087/918 12086/918 12090/918
f 12088/918 12087/918 12085/918
f 12088/918 12085/918 12084/918
f 12087/918 12090/918 12089/918
f 12087/918 12089/918 12085/918
f 12090/918 12086/918 12083/918
f 12090/918 12083/918 12089/918
f 12086/918 12088/918 12084/918
f 12086/918 12084/918 12083/918
g sheath
f 3856/421 3855/420 3854/419
f 3859/421 3858/420 3857/422
f 3862/425 3861/424 3860/423
f 3854/419 3863/426 3856/421
f 3866/429 3865/428 3864/427
f 3869/432 3868/431 3867/430
f 3857/422 3870/433 3866/429
f 3863/426 3871/419 3859/421
f 3874/422 3873/435 3872/429
f 3877/438 3876/437 3875/436
f 3879/424 3878/439 3867/430
f 3855/447 3880/440 3854/442
f 3882/441 3881/443 3878/439
f 3885/430 3884/451 3883/439
f 3888/482 3887/425 3886/445
f 3854/442 3890/450 3889/446
f 3860/423 3892/441 3891/440
f 3883/439 3861/424 3885/430
f 3891/440 3858/447 3871/442
f 3895/431 3894/449 3893/448
f 3897/477 3880/440 3896/423
f 3867/430 3884/451 3869/432
f 3883/439 3865/452 3870/443
f 3865/452 3878/439 3881/443
f 3900/455 3899/454 3898/453
f 3903/455 3902/454 3901/456
f 3901/456 3905/458 3904/457
f 3908/460 3907/453 3906/459
f 3904/457 3910/462 3909/461
f 3875/436 3905/458 3877/438
f 3912/459 3911/463 3898/453
f 3915/464 3914/460 3913/438
f 3918/458 3917/456 3916/457
f 3913/438 3899/454 3918/458
f 3898/453 3914/460 3912/459
f 3916/457 3910/462 3918/458
f 3898/453 3919/465 3900/455
f 3870/443 3892/441 3883/439
f 3906/459 3911/463 3920/466
f 3923/469 3922/468 3921/467
f 3924/470 3923/469 3921/467
f 3923/469 3926/471 3925/468
f 3922/468 3923/469 3925/468
f 3901/456 3927/471 3903/455
f 3928/470 3901/456 3904/457
f 3930/473 3927/471 3929/468
f 3926/471 3930/473 3925/468
f 3916/457 3931/474 3909/461
f 3933/469 3932/468 3929/468
f 3927/471 3933/469 3929/468
f 3933/469 3928/470 3934/467
f 3932/468 3933/469 3934/467
f 3917/456 3924/470 3916/457
f 3935/467 3924/470 3921/467
f 3900/455 3936/472 3926/471
f 3904/457 3931/474 3928/470
f 3937/468 3921/467 3922/468
f 3937/468 3925/468 3930/473
f 3937/468 3934/467 3935/467
f 3896/423 3882/441 3879/424
f 3879/424 3887/425 3896/423
f 3867/430 3938/475 3879/424
f 3940/449 3868/431 3939/448
f 3893/448 3941/476 3915/464
f 3939/448 3942/476 3940/449
f 3908/460 3943/464 3877/438
f 3906/459 3942/476 3908/460
f 3891/440 3897/477 3860/423
f 3896/423 3944/444 3897/477
f 3895/431 3869/432 3885/430
f 3893/448 3945/478 3895/431
f 3946/479 3943/464 3939/448
f 3949/445 3948/481 3947/480
f 3913/438 3876/437 3915/464
f 3920/466 3950/480 3906/459
f 3886/445 3938/475 3940/449
f 3915/464 3946/479 3893/448
f 3885/430 3951/475 3895/431
f 3949/445 3951/475 3862/425
f 3877/438 3902/454 3908/460
f 3947/480 3894/449 3949/445
f 3903/455 3936/472 3919/465
f 3941/476 3912/459 3914/460
f 3862/425 3888/482 3949/445
f 3860/423 3944/444 3862/425
f 3871/442 3890/450 3891/440
f 3939/448 3945/478 3946/479
f 3918/458 3875/436 3913/438
f 3886/445 3948/481 3888/482
f 3919/465 3907/453 3903/455
f 3947/480 3920/466 3912/459
f 3954/483 3953/483 3952/483
f 3957/483 3956/483 3955/484
f 3881/433 3874/422 3872/429
f 3958/435 3857/422 3866/429
f 3958/435 3960/485 3959/435
f 3961/486 3958/435 3959/435
f 3959/435 3960/485 3873/435
f 3962/486 3959/435 3873/435
f 3872/429 3865/428 3881/433
f 3872/429 3960/485 3864/427
f 3954/483 3962/486 3873/435
f 3859/421 3957/483 3955/484
f 3856/421 3954/483 3874/422
f 3965/484 3964/487 3963/484
f 3953/483 3965/484 3963/484
f 3963/484 3964/487 3955/484
f 3956/483 3963/484 3955/484
f 3866/429 3960/485 3958/435
f 3955/484 3863/426 3859/421
f 3966/490 3952/489 3953/488
f 3963/491 3966/490 3953/488
f 3966/490 3959/493 3962/492
f 3952/489 3966/490 3962/492
f 3966/490 3967/489 3961/492
f 3959/493 3966/490 3961/492
f 3966/490 3963/491 3956/488
f 3967/489 3966/490 3956/488
f 3957/483 3961/486 3967/483
f 3928/470 3935/467 3934/467
f 3940/449 3950/480 3886/445
f 3926/471 3917/456 3900/455
f 3937/468 3929/468 3932/468
f 3863/426 3965/484 3856/421
f 3879/494 3885/494 3867/494
f 3887/494 3944/494 3862/494
f 3908/494 3877/494 3913/494
f 3970/99 3969/98 3968/97
f 3971/100 3970/99 3968/97
f 3970/99 3973/102 3972/101
f 3969/98 3970/99 3972/101
f 3972/102 3975/115 3974/103
f 3968/97 3976/104 3971/100
f 3977/107 3968/106 3969/105
f 3977/107 3972/109 3974/108
f 3976/104 3978/110 3971/100
f 3973/102 3980/113 3979/112
f 3970/99 3978/110 3980/113
f 3973/102 3981/114 3975/103
f 3984/99 3983/110 3982/100
f 3986/102 3981/114 3985/112
f 3986/102 3987/113 3984/99
f 3976/104 3983/110 3988/111
f 3986/102 3984/99 3989/101
f 3977/107 3991/109 3990/108
f 3984/99 3982/100 3991/97
f 3989/100 3975/385 3986/97
f 3991/101 3976/103 3990/115
f 3984/99 3992/98 3989/101
f 3992/98 3984/99 3991/97
f 3977/107 3989/106 3992/105
f 3995/497 3994/496 3993/495
f 3998/506 3997/498 3996/500
f 4001/503 4000/502 3999/501
f 3999/501 4003/505 4002/504
f 4005/498 3998/506 4004/500
f 3996/500 4006/507 4001/503
f 4004/500 4007/507 4005/498
f 4007/516 4008/508 4005/509
f 4010/497 4009/510 3994/495
f 4013/495 4012/518 4011/496
f 4005/509 4015/520 4014/512
f 4018/515 4017/514 4016/513
f 4011/496 4019/497 4013/495
f 4016/508 4006/516 3997/509
f 4021/520 4008/513 4020/515
f 3993/495 4012/518 4022/511
f 4011/495 4003/519 4000/510
f 4003/519 3994/495 4009/510
f 4000/510 4017/497 4011/495
f 4020/515 4010/514 3995/497
f 4016/513 4021/520 4018/515
f 3997/509 4015/520 4016/508
f 4009/502 4024/503 4023/501
f 4023/501 4003/505 4009/502
f 4027/523 4026/522 4025/521
f 4030/524 4029/529 4028/525
f 4033/526 4032/521 4031/523
f 4036/643 4035/527 4034/114
f 4027/523 4025/521 4037/526
f 4030/524 4028/525 4033/526
f 4032/521 4038/522 4031/523
f 4035/527 4026/522 4034/114
f 4041/533 4040/531 4039/532
f 4044/533 4043/531 4042/532
f 4039/533 4046/531 4045/532
f 4048/531 4047/534 4045/533
f 4051/531 4050/534 4049/533
f 4047/531 4053/534 4052/533
f 4055/531 4051/534 4054/533
f 4057/533 4050/531 4056/532
f 4059/533 4053/531 4058/532
f 4056/533 4060/531 4041/532
f 4058/533 4061/531 4044/532
f 4062/531 4055/534 4042/533
f 4046/533 4063/535 4048/532
f 4065/535 4064/536 4061/533
f 4067/535 4066/536 4062/533
f 4069/535 4068/536 4047/533
f 4064/535 4067/536 4043/533
f 4068/535 4065/536 4053/533
f 4040/533 4070/535 4046/532
f 4066/535 4071/536 4055/533
f 4050/533 4072/535 4060/532
f 4051/533 4071/535 4050/532
f 4060/533 4073/535 4040/532
f 4048/533 4074/535 4047/532
f 4064/538 4075/531 4067/537
f 4077/531 4076/534 4073/538
f 4079/531 4078/534 4071/538
f 4076/531 4080/534 4070/538
f 4080/531 4081/534 4063/538
f 4078/531 4077/534 4072/538
f 4067/538 4082/531 4066/537
f 4068/538 4083/531 4065/537
f 4065/538 4084/531 4064/537
f 4081/531 4085/534 4074/538
f 4066/538 4086/531 4071/537
f 4069/538 4085/531 4068/537
f 4075/535 4087/539 4082/536
f 4089/539 4088/540 4077/535
f 4091/539 4090/540 4079/535
f 4088/539 4092/540 4076/535
f 4092/539 4093/540 4080/535
f 4090/539 4089/540 4078/535
f 4082/535 4094/539 4086/536
f 4083/535 4095/539 4084/536
f 4084/535 4096/539 4075/536
f 4093/539 4097/540 4081/535
f 4086/535 4098/539 4079/536
f 4085/535 4097/539 4083/536
f 4101/541 4100/542 4099/543
f 4104/609 4103/654 4102/544
f 4107/547 4106/661 4105/663
f 4110/611 4109/550 4108/552
f 4113/710 4112/553 4111/555
f 4116/712 4115/711 4114/558
f 4118/556 4117/557 4114/558
f 4121/559 4120/560 4119/561
f 4123/615 4120/613 4122/713
f 4101/563 4117/557 4124/575
f 4126/568 4121/714 4125/669
f 4128/566 4127/564 4111/681
f 4100/569 4129/567 4125/669
f 4131/571 4130/570 4128/566
f 4133/573 4132/576 4122/572
f 4134/562 4129/567 4124/575
f 4132/576 4135/670 4104/574
f 4136/580 4112/578 4116/671
f 4138/583 4137/581 4102/672
f 4139/715 4112/553 4113/710
f 4141/717 4115/711 4140/716
f 4107/719 4142/585 4102/718
f 4145/720 4144/616 4143/618
f 4147/617 4146/721 4143/618
f 4141/717 4117/557 4118/556
f 4149/584 4142/585 4148/586
f 4150/722 4120/560 4121/559
f 4152/724 4120/613 4151/723
f 4153/726 4117/557 4108/725
f 4155/589 4154/587 4145/674
f 4156/727 4121/714 4126/568
f 4158/591 4157/675 4131/592
f 4139/593 4127/564 4159/594
f 4137/676 4138/596 4103/595
f 4156/727 4129/567 4109/728
f 4159/594 4130/570 4157/729
f 4160/598 4146/599 4099/600
f 4152/619 4132/576 4133/573
f 4163/601 4162/602 4161/603
f 4153/726 4129/567 4134/562
f 4105/730 4135/670 4132/576
f 4148/586 4164/673 4163/731
f 4166/605 4154/679 4165/604
f 4140/733 4112/578 4167/732
f 4099/735 4110/734 4165/604
f 4170/523 4169/522 4168/521
f 4173/524 4172/529 4171/525
f 4176/526 4175/521 4174/523
f 4179/643 4178/527 4177/114
f 4170/523 4168/521 4180/526
f 4176/526 4171/525 4173/524
f 4175/521 4181/522 4174/523
f 4178/527 4169/522 4177/114
f 4184/533 4183/531 4182/532
f 4187/533 4186/531 4185/532
f 4189/531 4188/534 4182/533
f 4188/531 4191/534 4190/533
f 4194/531 4193/534 4192/533
f 4196/533 4191/531 4195/532
f 4198/533 4197/531 4192/532
f 4200/533 4193/531 4199/532
f 4195/533 4202/531 4201/532
f 4199/533 4203/531 4184/532
f 4201/533 4204/531 4187/532
f 4185/533 4205/531 4198/532
f 4189/533 4206/535 4188/532
f 4208/535 4207/536 4204/533
f 4210/535 4209/536 4205/533
f 4212/535 4211/536 4191/533
f 4207/535 4210/536 4186/533
f 4211/535 4208/536 4202/533
f 4183/533 4213/535 4189/532
f 4209/535 4214/536 4197/533
f 4193/533 4215/535 4203/532
f 4194/533 4214/535 4193/532
f 4203/533 4216/535 4183/532
f 4188/533 4217/535 4191/532
f 4207/538 4218/531 4210/537
f 4220/531 4219/534 4216/538
f 4222/531 4221/534 4214/538
f 4219/531 4223/534 4213/538
f 4223/531 4224/534 4206/538
f 4221/531 4220/534 4215/538
f 4210/538 4225/531 4209/537
f 4211/538 4226/531 4208/537
f 4208/538 4227/531 4207/537
f 4224/531 4228/534 4217/538
f 4209/538 4229/531 4214/537
f 4212/538 4228/531 4211/537
f 4218/535 4230/539 4225/536
f 4232/539 4231/540 4220/535
f 4234/539 4233/540 4222/535
f 4231/539 4235/540 4219/535
f 4235/539 4236/540 4223/535
f 4233/539 4232/540 4221/535
f 4225/535 4237/539 4229/536
f 4226/535 4238/539 4227/536
f 4227/535 4239/539 4218/536
f 4236/539 4240/540 4224/535
f 4229/535 4241/539 4222/536
f 4228/535 4240/539 4226/536
f 4244/541 4243/542 4242/543
f 4247/609 4246/654 4245/544
f 4250/547 4249/661 4248/663
f 4253/611 4252/550 4251/552
f 4256/710 4255/553 4254/555
f 4259/712 4258/711 4257/558
f 4261/556 4260/557 4257/558
f 4264/559 4263/560 4262/561
f 4266/615 4263/613 4265/713
f 4244/563 4260/557 4267/575
f 4269/568 4264/714 4268/669
f 4271/566 4270/564 4254/681
f 4243/569 4272/567 4268/669
f 4274/571 4273/570 4271/566
f 4276/573 4275/576 4265/572
f 4277/562 4272/567 4267/575
f 4275/576 4278/670 4247/574
f 4279/580 4255/578 4259/671
f 4281/581 4250/582 4280/583
f 4282/715 4255/553 4256/710
f 4284/717 4258/711 4283/716
f 4250/719 4285/585 4245/718
f 4288/720 4287/616 4286/618
f 4290/617 4289/721 4286/618
f 4284/717 4260/557 4261/556
f 4292/584 4285/585 4291/586
f 4293/722 4263/560 4264/559
f 4295/724 4263/613 4294/723
f 4296/726 4260/557 4251/725
f 4298/589 4297/587 4288/674
f 4299/727 4264/714 4269/568
f 4301/591 4300/675 4274/592
f 4282/593 4270/564 4302/594
f 4281/676 4280/596 4246/595
f 4299/727 4272/567 4252/728
f 4302/594 4273/570 4300/729
f 4303/598 4289/599 4242/600
f 4295/619 4275/576 4276/573
f 4306/601 4305/602 4304/603
f 4296/726 4272/567 4277/562
f 4248/730 4278/670 4275/576
f 4291/586 4307/673 4306/731
f 4309/605 4297/679 4308/604
f 4283/733 4255/578 4310/732
f 4242/735 4253/734 4308/604
f 4313/622 4312/620 4311/631
f 4316/624 4315/40 4314/627
f 4319/626 4318/623 4317/625
f 4322/628 4321/621 4320/26
f 4313/622 4323/623 4312/620
f 4324/627 4315/40 4316/624
f 4325/631 4319/629 4317/630
f 4320/26 4326/621 4322/628
f 4329/632 4328/632 4327/632
f 4332/632 4331/632 4330/632
f 4335/632 4334/632 4333/632
f 4338/632 4337/632 4336/632
f 4339/632 4329/632 4327/632
f 4335/632 4340/632 4333/632
f 4338/632 4336/632 4341/632
f 4342/632 4331/632 4332/632
f 4345/632 4344/632 4343/632
f 4348/632 4347/632 4346/632
f 4351/632 4350/632 4349/632
f 4354/632 4353/632 4352/632
f 4355/632 4345/632 4343/632
f 4351/632 4356/632 4349/632
f 4354/632 4352/632 4357/632
f 4358/632 4347/632 4348/632
f 4361/632 4360/632 4359/632
f 4364/632 4363/632 4362/632
f 4367/632 4366/632 4365/632
f 4370/632 4369/632 4368/632
f 4371/632 4361/632 4359/632
f 4367/632 4372/632 4365/632
f 4370/632 4368/632 4373/632
f 4374/632 4363/632 4364/632
f 4377/632 4376/632 4375/632
f 4380/632 4379/632 4378/632
f 4383/632 4382/632 4381/632
f 4386/632 4385/632 4384/632
f 4377/632 4375/632 4387/632
f 4383/632 4388/632 4381/632
f 4389/632 4386/632 4384/632
f 4378/632 4379/632 4390/632
f 4393/632 4392/632 4391/632
f 4396/632 4395/632 4394/632
f 4399/632 4398/632 4397/632
f 4402/632 4401/632 4400/632
f 4393/632 4391/632 4403/632
f 4399/632 4404/632 4397/632
f 4405/632 4402/632 4400/632
f 4394/632 4395/632 4406/632
f 4409/632 4408/632 4407/632
f 4412/632 4411/632 4410/632
f 4415/632 4414/632 4413/632
f 4418/632 4417/632 4416/632
f 4409/632 4407/632 4419/632
f 4415/632 4420/632 4413/632
f 4421/632 4418/632 4416/632
f 4410/632 4411/632 4422/632
f 4425/632 4424/632 4423/632
f 4427/632 4424/632 4426/632
f 4430/632 4429/632 4428/632
f 4432/632 4423/632 4431/632
f 4433/632 4426/632 4429/632
f 4436/632 4435/632 4434/632
f 4438/632 4435/632 4437/632
f 4441/632 4440/632 4439/632
f 4443/632 4434/632 4442/632
f 4444/632 4437/632 4440/632
f 4447/632 4446/632 4445/632
f 4449/632 4446/632 4448/632
f 4452/632 4451/632 4450/632
f 4454/632 4445/632 4453/632
f 4455/632 4448/632 4451/632
f 4458/632 4457/632 4456/632
f 4460/632 4457/632 4459/632
f 4463/632 4462/632 4461/632
f 4465/632 4456/632 4464/632
f 4466/632 4459/632 4462/632
f 4469/632 4468/632 4467/632
f 4471/632 4468/632 4470/632
f 4474/632 4473/632 4472/632
f 4476/632 4469/632 4475/632
f 4477/632 4470/632 4473/632
f 4480/632 4479/632 4478/632
f 4482/632 4479/632 4481/632
f 4485/632 4484/632 4483/632
f 4487/632 4480/632 4486/632
f 4488/632 4481/632 4484/632
f 4491/632 4490/632 4489/632
f 4493/632 4490/632 4492/632
f 4496/632 4495/632 4494/632
f 4498/632 4489/632 4497/632
f 4495/632 4493/632 4499/632
f 4502/632 4501/632 4500/632
f 4504/632 4501/632 4503/632
f 4507/632 4506/632 4505/632
f 4509/632 4500/632 4508/632
f 4506/632 4504/632 4510/632
f 4513/632 4512/632 4511/632
f 4515/632 4512/632 4514/632
f 4518/632 4517/632 4516/632
f 4520/632 4511/632 4519/632
f 4517/632 4515/632 4521/632
f 4524/632 4523/632 4522/632
f 4526/632 4523/632 4525/632
f 4529/632 4528/632 4527/632
f 4531/632 4522/632 4530/632
f 4528/632 4526/632 4532/632
f 4535/632 4534/632 4533/632
f 4537/632 4534/632 4536/632
f 4540/632 4539/632 4538/632
f 4542/632 4533/632 4541/632
f 4543/632 4536/632 4539/632
f 4546/632 4545/632 4544/632
f 4548/632 4545/632 4547/632
f 4551/632 4550/632 4549/632
f 4553/632 4544/632 4552/632
f 4554/632 4547/632 4550/632
f 4557/632 4556/632 4555/632
f 4560/632 4559/632 4558/632
f 4563/632 4562/632 4561/632
f 4557/632 4565/632 4564/632
f 4567/632 4566/632 4560/632
f 4564/632 4569/632 4568/632
f 4567/632 4571/632 4570/632
f 4573/632 4569/632 4572/632
f 4575/632 4571/632 4574/632
f 4573/632 4577/632 4576/632
f 4579/632 4578/632 4575/632
f 4576/632 4581/632 4580/632
f 4583/632 4582/632 4579/632
f 4580/632 4585/632 4584/632
f 4583/632 4587/632 4586/632
f 4589/632 4585/632 4588/632
f 4591/632 4587/632 4590/632
f 4593/632 4588/632 4592/632
f 4595/632 4594/632 4591/632
f 4593/632 4597/632 4596/632
f 4599/632 4598/632 4595/632
f 4602/632 4601/632 4600/632
f 4596/632 4604/632 4603/632
f 4606/632 4605/632 4601/632
f 4603/632 4608/632 4607/632
f 4602/632 4610/632 4609/632
f 4612/632 4611/632 4605/632
f 4614/632 4608/632 4613/632
f 4615/632 4610/632 4556/632
f 4616/632 4559/632 4611/632
f 4617/632 4613/632 4562/632
f 4620/632 4619/632 4618/632
f 4623/632 4622/632 4621/632
f 4624/632 4621/632 4619/632
f 4627/632 4626/632 4625/632
f 4625/632 4629/632 4628/632
f 4632/632 4631/632 4630/632
f 4635/632 4634/632 4633/632
f 4636/632 4633/632 4631/632
f 4639/632 4638/632 4637/632
f 4637/632 4641/632 4640/632
f 4644/632 4643/632 4642/632
f 4647/632 4646/632 4645/632
f 4648/632 4645/632 4643/632
f 4651/632 4650/632 4649/632
f 4649/632 4653/632 4652/632
f 4656/632 4655/632 4654/632
f 4659/632 4658/632 4657/632
f 4660/632 4657/632 4655/632
f 4663/632 4662/632 4661/632
f 4661/632 4665/632 4664/632
f 4668/632 4667/632 4666/632
f 4671/632 4670/632 4669/632
f 4672/632 4669/632 4667/632
f 4675/632 4674/632 4673/632
f 4673/632 4677/632 4676/632
f 4680/632 4679/632 4678/632
f 4683/632 4682/632 4681/632
f 4684/632 4681/632 4679/632
f 4687/632 4686/632 4685/632
f 4685/632 4689/632 4688/632
f 4680/632 4690/632 4687/632
f 4668/632 4691/632 4675/632
f 4656/632 4692/632 4663/632
f 4644/632 4693/632 4651/632
f 4632/632 4694/632 4639/632
f 4620/632 4695/632 4627/632
f 4698/633 4697/633 4696/633
f 4697/633 4700/633 4699/633
f 4703/633 4702/633 4701/633
f 4696/633 4704/633 4698/633
f 4706/633 4705/633 4704/633
f 4708/633 4702/633 4707/633
f 4711/633 4710/633 4709/633
f 4703/633 4701/633 4712/633
f 4715/634 4714/634 4713/634
f 4718/634 4717/634 4716/634
f 4720/634 4719/634 4716/634
f 4722/634 4718/634 4721/634
f 4713/634 4717/634 4723/634
f 4715/634 4716/634 4724/634
f 4726/634 4719/634 4725/634
f 4721/634 4727/634 4726/634
f 4723/634 4728/634 4722/634
f 4731/633 4730/633 4729/633
f 4730/633 4733/633 4732/633
f 4736/633 4735/633 4734/633
f 4729/633 4737/633 4731/633
f 4739/633 4738/633 4737/633
f 4741/633 4735/633 4740/633
f 4744/633 4743/633 4742/633
f 4734/633 4746/633 4745/633
f 4749/634 4748/634 4747/634
f 4752/634 4751/634 4750/634
f 4754/634 4752/634 4753/634
f 4756/634 4750/634 4755/634
f 4757/634 4751/634 4749/634
f 4758/634 4752/634 4747/634
f 4753/634 4760/634 4759/634
f 4759/634 4761/634 4756/634
f 4755/634 4762/634 4757/634
f 4765/632 4764/632 4763/632
f 4765/632 4767/632 4766/632
f 4763/632 4769/632 4768/632
f 4772/632 4771/632 4770/632
f 4773/632 4767/632 4770/632
f 4768/632 4769/632 4772/632
f 4776/632 4775/632 4774/632
f 4775/632 4778/632 4777/632
f 4781/633 4780/633 4779/633
f 4707/633 4780/633 4782/633
f 4785/633 4784/633 4783/633
f 4740/633 4784/633 4786/633
f 4754/634 4756/634 4757/634
f 4721/634 4720/634 4723/634
f 4789/632 4788/632 4787/632
f 4791/632 4790/632 4787/632
f 4789/632 4792/632 4788/632
f 4795/632 4794/632 4793/632
f 4795/632 4790/632 4796/632
f 4793/632 4797/632 4792/632
f 4800/632 4799/632 4798/632
f 4802/632 4801/632 4799/632
f 4805/632 4804/632 4803/632
f 4807/632 4806/632 4805/632
f 4810/632 4809/632 4808/632
f 4803/632 4812/632 4811/632
f 4808/632 4809/632 4807/632
f 4811/632 4813/632 4810/632
f 4813/632 4815/632 4814/632
f 4817/632 4816/632 4804/632
f 4809/632 4814/632 4818/632
f 4812/632 4816/632 4815/632
f 4818/632 4819/632 4809/632
f 4819/632 4817/632 4806/632
f 3856/421 3874/422 3855/420
f 3859/421 3871/419 3858/420
f 3862/425 3951/475 3861/424
f 3854/419 3889/434 3863/426
f 3866/429 3870/433 3865/428
f 3869/432 3945/478 3868/431
f 3857/422 3858/420 3870/433
f 3863/426 3889/434 3871/419
f 3874/422 3954/483 3873/435
f 3877/438 3943/464 3876/437
f 3879/424 3882/441 3878/439
f 3855/447 3882/441 3880/440
f 3882/441 3855/447 3881/443
f 3885/430 3869/432 3884/451
f 3888/482 3944/444 3887/425
f 3854/442 3880/440 3890/450
f 3860/423 3861/424 3892/441
f 3883/439 3892/441 3861/424
f 3891/440 3892/441 3858/447
f 3895/431 3951/475 3894/449
f 3897/477 3890/450 3880/440
f 3867/430 3878/439 3884/451
f 3883/439 3884/451 3865/452
f 3865/452 3884/451 3878/439
f 3900/455 3917/456 3899/454
f 3903/455 3907/453 3902/454
f 3901/456 3902/454 3905/458
f 3908/460 3902/454 3907/453
f 3904/457 3905/458 3910/462
f 3875/436 3910/462 3905/458
f 3912/459 3920/466 3911/463
f 3915/464 3941/476 3914/460
f 3918/458 3899/454 3917/456
f 3913/438 3914/460 3899/454
f 3898/453 3899/454 3914/460
f 3916/457 3909/461 3910/462
f 3898/453 3911/463 3919/465
f 3870/443 3858/447 3892/441
f 3906/459 3907/453 3911/463
f 3901/456 3933/469 3927/471
f 3928/470 3933/469 3901/456
f 3930/473 3936/472 3927/471
f 3926/471 3936/472 3930/473
f 3916/457 3924/470 3931/474
f 3917/456 3923/469 3924/470
f 3935/467 3931/474 3924/470
f 3900/455 3919/465 3936/472
f 3904/457 3909/461 3931/474
f 3937/468 3935/467 3921/467
f 3937/468 3922/468 3925/468
f 3937/468 3932/468 3934/467
f 3896/423 3880/440 3882/441
f 3879/424 3938/475 3887/425
f 3867/430 3868/431 3938/475
f 3940/449 3938/475 3868/431
f 3893/448 3894/449 3941/476
f 3939/448 3943/464 3942/476
f 3908/460 3942/476 3943/464
f 3906/459 3950/480 3942/476
f 3891/440 3890/450 3897/477
f 3896/423 3887/425 3944/444
f 3895/431 3945/478 3869/432
f 3893/448 3946/479 3945/478
f 3946/479 3876/437 3943/464
f 3949/445 3888/482 3948/481
f 3913/438 3875/436 3876/437
f 3920/466 3948/481 3950/480
f 3886/445 3887/425 3938/475
f 3915/464 3876/437 3946/479
f 3885/430 3861/424 3951/475
f 3949/445 3894/449 3951/475
f 3877/438 3905/458 3902/454
f 3947/480 3941/476 3894/449
f 3903/455 3927/471 3936/472
f 3941/476 3947/480 3912/459
f 3862/425 3944/444 3888/482
f 3860/423 3897/477 3944/444
f 3871/442 3889/446 3890/450
f 3939/448 3868/431 3945/478
f 3918/458 3910/462 3875/436
f 3886/445 3950/480 3948/481
f 3919/465 3911/463 3907/453
f 3947/480 3948/481 3920/466
f 3954/483 3965/484 3953/483
f 3957/483 3967/483 3956/483
f 3881/433 3855/420 3874/422
f 3958/435 3957/483 3857/422
f 3872/429 3864/427 3865/428
f 3872/429 3873/435 3960/485
f 3954/483 3952/483 3962/486
f 3859/421 3857/422 3957/483
f 3856/421 3965/484 3954/483
f 3866/429 3864/427 3960/485
f 3955/484 3964/487 3863/426
f 3957/483 3958/435 3961/486
f 3928/470 3931/474 3935/467
f 3940/449 3942/476 3950/480
f 3926/471 3923/469 3917/456
f 3937/468 3930/473 3929/468
f 3863/426 3964/487 3965/484
f 3879/494 3896/494 3860/494
f 3896/494 3897/494 3860/494
f 3860/494 3861/494 3879/494
f 3861/494 3885/494 3879/494
f 3885/494 3869/494 3867/494
f 3862/494 3951/494 3938/494
f 3951/494 3895/494 3868/494
f 3895/494 3945/494 3868/494
f 3868/494 3938/494 3951/494
f 3938/494 3887/494 3862/494
f 3875/494 3913/494 3877/494
f 3913/494 3914/494 3908/494
f 3914/494 3912/494 3908/494
f 3912/494 3920/494 3906/494
f 3908/494 3912/494 3906/494
f 3972/102 3973/101 3975/115
f 3968/97 3990/385 3976/104
f 3977/107 3990/386 3968/106
f 3977/107 3969/105 3972/109
f 3976/104 3988/111 3978/110
f 3973/102 3970/99 3980/113
f 3970/99 3971/100 3978/110
f 3973/102 3979/112 3981/114
f 3984/99 3987/113 3983/110
f 3986/102 3975/103 3981/114
f 3986/102 3985/112 3987/113
f 3976/104 3982/100 3983/110
f 3977/107 3992/105 3991/109
f 3989/100 3974/104 3975/385
f 3991/101 3982/102 3976/103
f 3977/107 3974/386 3989/106
f 3995/497 4010/514 3994/496
f 3998/506 4014/499 3997/498
f 4001/503 4006/507 4000/502
f 3999/501 4000/502 4003/505
f 4005/498 4014/499 3998/506
f 3996/500 3997/498 4006/507
f 4004/500 4024/503 4007/507
f 4007/516 4010/497 4008/508
f 4010/497 4007/516 4009/510
f 4013/495 4022/511 4012/518
f 4005/509 4008/508 4015/520
f 4018/515 4019/497 4017/514
f 4011/496 4017/514 4019/497
f 4016/508 4017/497 4006/516
f 4021/520 4015/517 4008/513
f 3993/495 3994/496 4012/518
f 4011/495 4012/511 4003/519
f 4003/519 4012/511 3994/495
f 4000/510 4006/516 4017/497
f 4020/515 4008/513 4010/514
f 4016/513 4015/517 4021/520
f 3997/509 4014/512 4015/520
f 4009/502 4007/507 4024/503
f 4023/501 4002/504 4003/505
f 4027/523 4820/530 4026/522
f 4030/524 4037/526 4029/529
f 4033/526 4821/529 4032/521
f 4036/643 4038/528 4035/527
f 4025/521 4029/529 4037/526
f 4028/525 4821/529 4033/526
f 4038/522 4036/530 4031/523
f 4026/522 4820/530 4034/114
f 4040/531 4046/534 4039/532
f 4043/531 4062/534 4042/532
f 4046/531 4048/534 4045/532
f 4047/534 4052/532 4045/533
f 4050/534 4057/532 4049/533
f 4053/534 4059/532 4052/533
f 4051/534 4049/532 4054/533
f 4050/531 4060/534 4056/532
f 4053/531 4061/534 4058/532
f 4060/531 4040/534 4041/532
f 4061/531 4043/534 4044/532
f 4055/534 4054/532 4042/533
f 4063/535 4074/536 4048/532
f 4064/536 4043/532 4061/533
f 4066/536 4055/532 4062/533
f 4068/536 4053/532 4047/533
f 4067/536 4062/532 4043/533
f 4065/536 4061/532 4053/533
f 4070/535 4063/536 4046/532
f 4071/536 4051/532 4055/533
f 4072/535 4073/536 4060/532
f 4071/535 4072/536 4050/532
f 4073/535 4070/536 4040/532
f 4074/535 4069/536 4047/532
f 4075/531 4082/534 4067/537
f 4076/534 4070/537 4073/538
f 4078/534 4072/537 4071/538
f 4080/534 4063/537 4070/538
f 4081/534 4074/537 4063/538
f 4077/534 4073/537 4072/538
f 4082/531 4086/534 4066/537
f 4083/531 4084/534 4065/537
f 4084/531 4075/534 4064/537
f 4085/534 4069/537 4074/538
f 4086/531 4079/534 4071/537
f 4085/531 4083/534 4068/537
f 4087/539 4094/540 4082/536
f 4088/540 4076/536 4077/535
f 4090/540 4078/536 4079/535
f 4092/540 4080/536 4076/535
f 4093/540 4081/536 4080/535
f 4089/540 4077/536 4078/535
f 4094/539 4098/540 4086/536
f 4095/539 4096/540 4084/536
f 4096/539 4087/540 4075/536
f 4097/540 4085/536 4081/535
f 4098/539 4091/540 4079/536
f 4097/539 4095/540 4083/536
f 4116/647 4165/649 4136/648
f 4114/736 4099/543 4165/649
f 4114/736 4165/649 4116/647
f 4125/645 4143/644 4160/737
f 4119/738 4123/608 4143/644
f 4125/645 4119/738 4143/644
f 4100/542 4160/737 4099/543
f 4099/543 4114/736 4101/541
f 4101/541 4124/646 4100/542
f 4160/737 4100/542 4125/645
f 4148/545 4165/649 4155/546
f 4148/545 4136/648 4165/649
f 4128/650 4111/651 4136/648
f 4163/739 4131/652 4128/650
f 4163/739 4161/653 4131/652
f 4163/739 4128/650 4136/648
f 4163/739 4136/648 4148/545
f 4149/740 4143/644 4123/608
f 4149/740 4145/607 4143/644
f 4148/545 4155/546 4145/607
f 4145/607 4149/740 4148/545
f 4104/609 4123/608 4122/680
f 4149/740 4123/608 4102/544
f 4103/654 4138/655 4102/544
f 4104/609 4102/544 4123/608
f 4154/549 4166/657 4164/548
f 4166/657 4167/666 4164/548
f 4167/666 4139/656 4159/658
f 4159/658 4157/659 4162/741
f 4157/659 4158/660 4162/741
f 4167/666 4159/658 4162/741
f 4164/548 4167/666 4162/741
f 4151/664 4147/551 4142/742
f 4147/551 4144/610 4142/742
f 4144/610 4154/549 4164/548
f 4164/548 4142/742 4144/610
f 4152/743 4151/664 4105/663
f 4107/547 4151/664 4142/742
f 4107/547 4137/662 4106/661
f 4151/664 4107/547 4105/663
f 4167/666 4166/657 4140/665
f 4166/657 4110/611 4141/744
f 4140/665 4166/657 4141/744
f 4146/745 4147/551 4156/667
f 4147/551 4151/664 4150/746
f 4147/551 4150/746 4156/667
f 4110/611 4146/745 4109/550
f 4108/552 4141/744 4110/611
f 4109/550 4153/668 4108/552
f 4156/667 4109/550 4146/745
f 4112/553 4136/554 4111/555
f 4115/711 4118/556 4114/558
f 4117/557 4101/563 4114/558
f 4120/560 4123/612 4119/561
f 4120/613 4133/614 4122/713
f 4117/557 4134/562 4124/575
f 4121/714 4119/747 4125/669
f 4127/564 4113/565 4111/681
f 4129/567 4126/568 4125/669
f 4130/570 4127/564 4128/566
f 4132/576 4104/574 4122/572
f 4129/567 4100/569 4124/575
f 4135/670 4103/577 4104/574
f 4112/578 4115/579 4116/671
f 4137/581 4107/582 4102/672
f 4139/715 4167/748 4112/553
f 4141/717 4118/556 4115/711
f 4142/585 4149/584 4102/718
f 4144/616 4147/617 4143/618
f 4146/721 4160/749 4143/618
f 4141/717 4108/725 4117/557
f 4142/585 4164/673 4148/586
f 4150/722 4151/750 4120/560
f 4152/724 4133/614 4120/613
f 4153/726 4134/562 4117/557
f 4154/587 4144/588 4145/674
f 4156/727 4150/751 4121/714
f 4131/592 4161/590 4158/591
f 4157/675 4130/752 4131/592
f 4139/593 4113/565 4127/564
f 4135/753 4106/597 4103/595
f 4106/597 4137/676 4103/595
f 4156/727 4126/568 4129/567
f 4159/594 4127/564 4130/570
f 4146/599 4110/677 4099/600
f 4152/619 4105/730 4132/576
f 4162/602 4158/678 4161/603
f 4153/726 4109/728 4129/567
f 4105/730 4106/754 4135/670
f 4164/673 4162/755 4163/731
f 4154/679 4155/606 4165/604
f 4140/733 4115/579 4112/578
f 4110/734 4166/605 4165/604
f 4170/523 4822/530 4169/522
f 4173/524 4180/526 4172/529
f 4176/526 4823/529 4175/521
f 4179/643 4181/528 4178/527
f 4168/521 4172/529 4180/526
f 4176/526 4823/529 4171/525
f 4181/522 4179/530 4174/523
f 4169/522 4822/530 4177/114
f 4183/531 4189/534 4182/532
f 4186/531 4205/534 4185/532
f 4188/534 4190/532 4182/533
f 4191/534 4196/532 4190/533
f 4193/534 4200/532 4192/533
f 4191/531 4202/534 4195/532
f 4197/531 4194/534 4192/532
f 4193/531 4203/534 4199/532
f 4202/531 4204/534 4201/532
f 4203/531 4183/534 4184/532
f 4204/531 4186/534 4187/532
f 4205/531 4197/534 4198/532
f 4206/535 4217/536 4188/532
f 4207/536 4186/532 4204/533
f 4209/536 4197/532 4205/533
f 4211/536 4202/532 4191/533
f 4210/536 4205/532 4186/533
f 4208/536 4204/532 4202/533
f 4213/535 4206/536 4189/532
f 4214/536 4194/532 4197/533
f 4215/535 4216/536 4203/532
f 4214/535 4215/536 4193/532
f 4216/535 4213/536 4183/532
f 4217/535 4212/536 4191/532
f 4218/531 4225/534 4210/537
f 4219/534 4213/537 4216/538
f 4221/534 4215/537 4214/538
f 4223/534 4206/537 4213/538
f 4224/534 4217/537 4206/538
f 4220/534 4216/537 4215/538
f 4225/531 4229/534 4209/537
f 4226/531 4227/534 4208/537
f 4227/531 4218/534 4207/537
f 4228/534 4212/537 4217/538
f 4229/531 4222/534 4214/537
f 4228/531 4226/534 4211/537
f 4230/539 4237/540 4225/536
f 4231/540 4219/536 4220/535
f 4233/540 4221/536 4222/535
f 4235/540 4223/536 4219/535
f 4236/540 4224/536 4223/535
f 4232/540 4220/536 4221/535
f 4237/539 4241/540 4229/536
f 4238/539 4239/540 4227/536
f 4239/539 4230/540 4218/536
f 4240/540 4228/536 4224/535
f 4241/539 4234/540 4222/536
f 4240/539 4238/540 4226/536
f 4259/647 4308/649 4279/648
f 4257/736 4242/543 4308/649
f 4257/736 4308/649 4259/647
f 4268/645 4286/644 4303/737
f 4262/738 4266/608 4286/644
f 4268/645 4262/738 4286/644
f 4243/542 4303/737 4242/543
f 4242/543 4257/736 4244/541
f 4244/541 4267/646 4243/542
f 4303/737 4243/542 4268/645
f 4291/545 4308/649 4298/546
f 4291/545 4279/648 4308/649
f 4271/650 4254/651 4279/648
f 4306/739 4274/652 4271/650
f 4306/739 4304/653 4274/652
f 4306/739 4271/650 4279/648
f 4306/739 4279/648 4291/545
f 4292/740 4286/644 4266/608
f 4292/740 4288/607 4286/644
f 4291/545 4298/546 4288/607
f 4288/607 4292/740 4291/545
f 4247/609 4266/608 4265/680
f 4292/740 4266/608 4245/544
f 4246/654 4280/655 4245/544
f 4247/609 4245/544 4266/608
f 4297/549 4309/657 4307/548
f 4309/657 4310/666 4307/548
f 4310/666 4282/656 4302/658
f 4302/658 4300/659 4305/741
f 4300/659 4301/660 4305/741
f 4310/666 4302/658 4305/741
f 4307/548 4310/666 4305/741
f 4294/664 4290/551 4285/742
f 4290/551 4287/610 4285/742
f 4287/610 4297/549 4307/548
f 4307/548 4285/742 4287/610
f 4295/743 4294/664 4248/663
f 4250/547 4294/664 4285/742
f 4250/547 4281/662 4249/661
f 4294/664 4250/547 4248/663
f 4310/666 4309/657 4283/665
f 4309/657 4253/611 4284/744
f 4283/665 4309/657 4284/744
f 4289/745 4290/551 4299/667
f 4290/551 4294/664 4293/746
f 4290/551 4293/746 4299/667
f 4253/611 4289/745 4252/550
f 4251/552 4284/744 4253/611
f 4252/550 4296/668 4251/552
f 4299/667 4252/550 4289/745
f 4255/553 4279/554 4254/555
f 4258/711 4261/556 4257/558
f 4260/557 4244/563 4257/558
f 4263/560 4266/612 4262/561
f 4263/613 4276/614 4265/713
f 4260/557 4277/562 4267/575
f 4264/714 4262/747 4268/669
f 4270/564 4256/565 4254/681
f 4272/567 4269/568 4268/669
f 4273/570 4270/564 4271/566
f 4275/576 4247/574 4265/572
f 4272/567 4243/569 4267/575
f 4278/670 4246/577 4247/574
f 4255/578 4258/579 4259/671
f 4250/582 4245/672 4280/583
f 4282/715 4310/748 4255/553
f 4284/717 4261/556 4258/711
f 4285/585 4292/584 4245/718
f 4287/616 4290/617 4286/618
f 4289/721 4303/749 4286/618
f 4284/717 4251/725 4260/557
f 4285/585 4307/673 4291/586
f 4293/722 4294/750 4263/560
f 4295/724 4276/614 4263/613
f 4296/726 4277/562 4260/557
f 4297/587 4287/588 4288/674
f 4299/727 4293/751 4264/714
f 4274/592 4304/590 4301/591
f 4300/675 4273/752 4274/592
f 4282/593 4256/565 4270/564
f 4278/753 4249/597 4246/595
f 4249/597 4281/676 4246/595
f 4299/727 4269/568 4272/567
f 4302/594 4270/564 4273/570
f 4289/599 4253/677 4242/600
f 4295/619 4248/730 4275/576
f 4305/602 4301/678 4304/603
f 4296/726 4252/728 4272/567
f 4248/730 4249/754 4278/670
f 4307/673 4305/755 4306/731
f 4297/679 4298/606 4308/604
f 4283/733 4258/579 4255/578
f 4253/734 4309/605 4308/604
f 4312/620 4321/621 4311/631
f 4315/40 4323/623 4314/627
f 4318/623 4324/627 4317/625
f 4322/628 4311/631 4321/621
f 4313/622 4314/627 4323/623
f 4324/627 4318/623 4315/40
f 4325/631 4326/621 4319/629
f 4326/621 4325/631 4322/628
f 4328/632 4342/632 4327/632
f 4331/632 4337/632 4330/632
f 4335/632 4341/632 4334/632
f 4338/632 4330/632 4337/632
f 4339/632 4340/632 4329/632
f 4335/632 4339/632 4340/632
f 4336/632 4334/632 4341/632
f 4342/632 4328/632 4331/632
f 4344/632 4358/632 4343/632
f 4347/632 4353/632 4346/632
f 4351/632 4357/632 4350/632
f 4354/632 4346/632 4353/632
f 4355/632 4356/632 4345/632
f 4351/632 4355/632 4356/632
f 4352/632 4350/632 4357/632
f 4358/632 4344/632 4347/632
f 4360/632 4374/632 4359/632
f 4363/632 4369/632 4362/632
f 4367/632 4373/632 4366/632
f 4370/632 4362/632 4369/632
f 4371/632 4372/632 4361/632
f 4367/632 4371/632 4372/632
f 4368/632 4366/632 4373/632
f 4374/632 4360/632 4363/632
f 4377/632 4390/632 4376/632
f 4380/632 4385/632 4379/632
f 4383/632 4389/632 4382/632
f 4385/632 4380/632 4384/632
f 4375/632 4388/632 4387/632
f 4383/632 4387/632 4388/632
f 4389/632 4382/632 4386/632
f 4379/632 4376/632 4390/632
f 4393/632 4406/632 4392/632
f 4396/632 4401/632 4395/632
f 4399/632 4405/632 4398/632
f 4401/632 4396/632 4400/632
f 4391/632 4404/632 4403/632
f 4399/632 4403/632 4404/632
f 4405/632 4398/632 4402/632
f 4395/632 4392/632 4406/632
f 4409/632 4422/632 4408/632
f 4412/632 4417/632 4411/632
f 4415/632 4421/632 4414/632
f 4417/632 4412/632 4416/632
f 4407/632 4420/632 4419/632
f 4415/632 4419/632 4420/632
f 4421/632 4414/632 4418/632
f 4411/632 4408/632 4422/632
f 4425/632 4824/632 4424/632
f 4427/632 4824/632 4424/632
f 4430/632 4433/632 4429/632
f 4432/632 4425/632 4423/632
f 4433/632 4427/632 4426/632
f 4436/632 4825/632 4435/632
f 4438/632 4825/632 4435/632
f 4441/632 4444/632 4440/632
f 4443/632 4436/632 4434/632
f 4444/632 4438/632 4437/632
f 4447/632 4826/632 4446/632
f 4449/632 4826/632 4446/632
f 4452/632 4455/632 4451/632
f 4454/632 4447/632 4445/632
f 4455/632 4449/632 4448/632
f 4458/632 4827/632 4457/632
f 4460/632 4827/632 4457/632
f 4463/632 4466/632 4462/632
f 4465/632 4458/632 4456/632
f 4466/632 4460/632 4459/632
f 4468/632 4828/632 4467/632
f 4471/632 4828/632 4468/632
f 4474/632 4477/632 4473/632
f 4469/632 4467/632 4475/632
f 4477/632 4471/632 4470/632
f 4479/632 4829/632 4478/632
f 4482/632 4829/632 4479/632
f 4485/632 4488/632 4484/632
f 4480/632 4478/632 4486/632
f 4488/632 4482/632 4481/632
f 4491/632 4830/632 4490/632
f 4490/632 4830/632 4492/632
f 4495/632 4499/632 4494/632
f 4498/632 4491/632 4489/632
f 4493/632 4492/632 4499/632
f 4502/632 4831/632 4501/632
f 4501/632 4831/632 4503/632
f 4506/632 4510/632 4505/632
f 4509/632 4502/632 4500/632
f 4504/632 4503/632 4510/632
f 4513/632 4832/632 4512/632
f 4512/632 4832/632 4514/632
f 4517/632 4521/632 4516/632
f 4520/632 4513/632 4511/632
f 4515/632 4514/632 4521/632
f 4524/632 4833/632 4523/632
f 4523/632 4833/632 4525/632
f 4528/632 4532/632 4527/632
f 4531/632 4524/632 4522/632
f 4526/632 4525/632 4532/632
f 4535/632 4834/632 4534/632
f 4537/632 4834/632 4534/632
f 4540/632 4543/632 4539/632
f 4542/632 4535/632 4533/632
f 4543/632 4537/632 4536/632
f 4546/632 4835/632 4545/632
f 4548/632 4835/632 4545/632
f 4551/632 4554/632 4550/632
f 4553/632 4546/632 4544/632
f 4554/632 4548/632 4547/632
f 4557/632 4615/632 4556/632
f 4560/632 4566/632 4559/632
f 4563/632 4617/632 4562/632
f 4557/632 4555/632 4565/632
f 4567/632 4570/632 4566/632
f 4564/632 4565/632 4569/632
f 4567/632 4574/632 4571/632
f 4573/632 4568/632 4569/632
f 4575/632 4578/632 4571/632
f 4573/632 4572/632 4577/632
f 4579/632 4582/632 4578/632
f 4576/632 4577/632 4581/632
f 4583/632 4586/632 4582/632
f 4580/632 4581/632 4585/632
f 4583/632 4590/632 4587/632
f 4589/632 4584/632 4585/632
f 4591/632 4594/632 4587/632
f 4593/632 4589/632 4588/632
f 4595/632 4598/632 4594/632
f 4593/632 4592/632 4597/632
f 4599/632 4836/632 4598/632
f 4602/632 4606/632 4601/632
f 4596/632 4597/632 4604/632
f 4606/632 4612/632 4605/632
f 4603/632 4604/632 4608/632
f 4602/632 4600/632 4610/632
f 4612/632 4616/632 4611/632
f 4614/632 4607/632 4608/632
f 4615/632 4609/632 4610/632
f 4616/632 4558/632 4559/632
f 4617/632 4614/632 4613/632
f 4620/632 4624/632 4619/632
f 4623/632 4837/632 4622/632
f 4624/632 4623/632 4621/632
f 4627/632 4695/632 4626/632
f 4625/632 4626/632 4629/632
f 4632/632 4636/632 4631/632
f 4635/632 4838/632 4634/632
f 4636/632 4635/632 4633/632
f 4639/632 4694/632 4638/632
f 4637/632 4638/632 4641/632
f 4644/632 4648/632 4643/632
f 4647/632 4839/632 4646/632
f 4648/632 4647/632 4645/632
f 4651/632 4693/632 4650/632
f 4649/632 4650/632 4653/632
f 4656/632 4660/632 4655/632
f 4659/632 4840/632 4658/632
f 4660/632 4659/632 4657/632
f 4663/632 4692/632 4662/632
f 4661/632 4662/632 4665/632
f 4668/632 4672/632 4667/632
f 4671/632 4841/632 4670/632
f 4672/632 4671/632 4669/632
f 4675/632 4691/632 4674/632
f 4673/632 4674/632 4677/632
f 4680/632 4684/632 4679/632
f 4683/632 4842/632 4682/632
f 4684/632 4683/632 4681/632
f 4687/632 4690/632 4686/632
f 4685/632 4686/632 4689/632
f 4680/632 4678/632 4690/632
f 4668/632 4666/632 4691/632
f 4656/632 4654/632 4692/632
f 4644/632 4642/632 4693/632
f 4632/632 4630/632 4694/632
f 4620/632 4618/632 4695/632
f 4697/633 4699/633 4696/633
f 4700/633 4709/633 4699/633
f 4702/633 4843/633 4701/633
f 4696/633 4706/633 4704/633
f 4706/633 4779/633 4705/633
f 4708/633 4843/633 4702/633
f 4845/633 4844/633 4711/633
f 4845/633 4712/633 4844/633
f 4709/633 4846/633 4845/633
f 4709/633 4845/633 4711/633
f 4709/633 4700/633 4846/633
f 4712/633 4845/633 4703/633
f 4701/633 4844/633 4712/633
f 4715/634 4724/634 4714/634
f 4714/634 4724/634 4716/634
f 4716/634 4719/634 4718/634
f 4719/634 4727/634 4718/634
f 4718/634 4728/634 4717/634
f 4716/634 4717/634 4714/634
f 4720/634 4725/634 4719/634
f 4722/634 4728/634 4718/634
f 4713/634 4714/634 4717/634
f 4715/634 4720/634 4716/634
f 4726/634 4727/634 4719/634
f 4721/634 4718/634 4727/634
f 4723/634 4717/634 4728/634
f 4730/633 4732/633 4729/633
f 4733/633 4742/633 4732/633
f 4735/633 4847/633 4734/633
f 4729/633 4739/633 4737/633
f 4739/633 4783/633 4738/633
f 4741/633 4847/633 4735/633
f 4848/633 4746/633 4744/633
f 4848/633 4745/633 4746/633
f 4742/633 4849/633 4848/633
f 4742/633 4848/633 4744/633
f 4742/633 4733/633 4849/633
f 4745/633 4736/633 4734/633
f 4745/633 4848/633 4736/633
f 4748/634 4758/634 4747/634
f 4752/634 4758/634 4748/634
f 4750/634 4760/634 4752/634
f 4750/634 4761/634 4760/634
f 4751/634 4762/634 4750/634
f 4748/634 4751/634 4752/634
f 4752/634 4760/634 4753/634
f 4750/634 4762/634 4755/634
f 4751/634 4748/634 4749/634
f 4752/634 4754/634 4747/634
f 4760/634 4761/634 4759/634
f 4761/634 4750/634 4756/634
f 4762/634 4751/634 4757/634
f 4765/632 4766/632 4764/632
f 4765/632 4774/632 4767/632
f 4763/632 4764/632 4769/632
f 4771/632 4773/632 4770/632
f 4767/632 4774/632 4770/632
f 4769/632 4771/632 4772/632
f 4776/632 4850/632 4775/632
f 4775/632 4850/632 4778/632
f 4851/633 4705/633 4779/633
f 4779/633 4852/633 4781/633
f 4781/633 4853/633 4780/633
f 4853/633 4782/633 4780/633
f 4780/633 4851/633 4779/633
f 4782/633 4853/633 4708/633
f 4708/633 4707/633 4782/633
f 4854/633 4738/633 4783/633
f 4783/633 4855/633 4785/633
f 4785/633 4856/633 4784/633
f 4856/633 4786/633 4784/633
f 4784/633 4854/633 4783/633
f 4786/633 4856/633 4741/633
f 4741/633 4740/633 4786/633
f 4754/634 4757/634 4749/634
f 4756/634 4755/634 4757/634
f 4753/634 4759/634 4756/634
f 4756/634 4754/634 4753/634
f 4749/634 4747/634 4754/634
f 4715/634 4713/634 4720/634
f 4713/634 4723/634 4720/634
f 4723/634 4722/634 4721/634
f 4721/634 4726/634 4725/634
f 4725/634 4720/634 4721/634
f 4788/632 4791/632 4787/632
f 4790/632 4800/632 4787/632
f 4792/632 4797/632 4788/632
f 4795/632 4796/632 4794/632
f 4795/632 4800/632 4790/632
f 4793/632 4794/632 4797/632
f 4799/632 4857/632 4798/632
f 4801/632 4857/632 4799/632
f 4804/632 4858/632 4803/632
f 4806/632 4804/632 4805/632
f 4810/632 4813/632 4809/632
f 4803/632 4858/632 4812/632
f 4809/632 4806/632 4807/632
f 4811/632 4812/632 4813/632
f 4813/632 4812/632 4815/632
f 4816/632 4858/632 4804/632
f 4809/632 4813/632 4814/632
f 4812/632 4858/632 4816/632
f 4819/632 4806/632 4809/632
f 4817/632 4804/632 4806/632
f 6003/918 6000/918 6001/918
f 5999/918 5997/918 5996/918
f 6001/918 6002/918 6003/918
f 5997/918 5999/918 5998/918
f 5996/918 5997/918 6001/918
f 5996/918 6001/918 6000/918
f 5997/918 5998/918 6002/918
f 5997/918 6002/918 6001/918
f 5998/918 5999/918 6003/918
f 5998/918 6003/918 6002/918
f 5999/918 5996/918 6000/918
f 5999/918 6000/918 6003/918
f 6011/918 6008/918 6009/918
f 6007/918 6005/918 6004/918
f 6009/918 6010/918 6011/918
f 6005/918 6007/918 6006/918
f 6004/918 6005/918 6009/918
f 6004/918 6009/918 6008/918
f 6005/918 6006/918 6010/918
f 6005/918 6010/918 6009/918
f 6006/918 6007/918 6011/918
f 6006/918 6011/918 6010/918
f 6007/918 6004/918 6008/918
f 6007/918 6008/918 6011/918
f 6019/918 6016/918 6017/918
f 6015/918 6013/918 6012/918
f 6017/918 6018/918 6019/918
f 6013/918 6015/918 6014/918
f 6012/918 6013/918 6017/918
f 6012/918 6017/918 6016/918
f 6013/918 6014/918 6018/918
f 6013/918 6018/918 6017/918
f 6014/918 6015/918 6019/918
f 6014/918 6019/918 6018/918
f 6015/918 6012/918 6016/918
f 6015/918 6016/918 6019/918
f 6027/919 6024/919 6025/919
f 6023/919 6021/919 6020/919
f 6025/919 6026/919 6027/919
f 6021/919 6023/919 6022/919
f 6020/919 6021/919 6025/919
f 6020/919 6025/919 6024/919
f 6021/919 6022/919 6026/919
f 6021/919 6026/919 6025/919
f 6022/919 6023/919 6027/919
f 6022/919 6027/919 6026/919
f 6023/919 6020/919 6024/919
f 6023/919 6024/919 6027/919
f 6035/919 6032/919 6033/919
f 6031/919 6029/919 6028/919
f 6033/919 6034/919 6035/919
f 6029/919 6031/919 6030/919
f 6028/919 6029/919 6033/919
f 6028/919 6033/919 6032/919
f 6029/919 6030/919 6034/919
f 6029/919 6034/919 6033/919
f 6030/919 6031/919 6035/919
f 6030/919 6035/919 6034/919
f 6031/919 6028/919 6032/919
f 6031/919 6032/919 6035/919
f 6043/919 6040/919 6041/919
f 6039/919 6037/919 6036/919
f 6041/919 6042/919 6043/919
f 6037/919 6039/919 6038/919
f 6036/919 6037/919 6041/919
f 6036/919 6041/919 6040/919
f 6037/919 6038/919 6042/919
f 6037/919 6042/919 6041/919
f 6038/919 6039/919 6043/919
f 6038/919 6043/919 6042/919
f 6039/919 6036/919 6040/919
f 6039/919 6040/919 6043/919
f 6051/919 6048/919 6049/919
f 6047/919 6045/919 6044/919
f 6049/919 6050/919 6051/919
f 6045/919 6047/919 6046/919
f 6044/919 6045/919 6049/919
f 6044/919 6049/919 6048/919
f 6045/919 6046/919 6050/919
f 6045/919 6050/919 6049/919
f 6046/919 6047/919 6051/919
f 6046/919 6051/919 6050/919
f 6047/919 6044/919 6048/919
f 6047/919 6048/919 6051/919
f 6059/919 6056/919 6057/919
f 6055/919 6053/919 6052/919
f 6057/919 6058/919 6059/919
f 6053/919 6055/919 6054/919
f 6052/919 6053/919 6057/919
f 6052/919 6057/919 6056/919
f 6053/919 6054/919 6058/919
f 6053/919 6058/919 6057/919
f 6054/919 6055/919 6059/919
f 6054/919 6059/919 6058/919
f 6055/919 6052/919 6056/919
f 6055/919 6056/919 6059/919
f 6067/919 6064/919 6065/919
f 6063/919 6061/919 6060/919
f 6065/919 6066/919 6067/919
f 6061/919 6063/919 6062/919
f 6060/919 6061/919 6065/919
f 6060/919 6065/919 6064/919
f 6061/919 6062/919 6066/919
f 6061/919 6066/919 6065/919
f 6062/919 6063/919 6067/919
f 6062/919 6067/919 6066/919
f 6063/919 6060/919 6064/919
f 6063/919 6064/919 6067/919
f 6075/919 6072/919 6073/919
f 6071/919 6069/919 6068/919
f 6073/919 6074/919 6075/919
f 6069/919 6071/919 6070/919
f 6068/919 6069/919 6073/919
f 6068/919 6073/919 6072/919
f 6069/919 6070/919 6074/919
f 6069/919 6074/919 6073/919
f 6070/919 6071/919 6075/919
f 6070/919 6075/919 6074/919
f 6071/919 6068/919 6072/919
f 6071/919 6072/919 6075/919
f 6083/919 6080/919 6081/919
f 6079/919 6077/919 6076/919
f 6081/919 6082/919 6083/919
f 6077/919 6079/919 6078/919
f 6076/919 6077/919 6081/919
f 6076/919 6081/919 6080/919
f 6077/919 6078/919 6082/919
f 6077/919 6082/919 6081/919
f 6078/919 6079/919 6083/919
f 6078/919 6083/919 6082/919
f 6079/919 6076/919 6080/919
f 6079/919 6080/919 6083/919
f 6091/919 6088/919 6089/919
f 6087/919 6085/919 6084/919
f 6089/919 6090/919 6091/919
f 6085/919 6087/919 6086/919
f 6084/919 6085/919 6089/919
f 6084/919 6089/919 6088/919
f 6085/919 6086/919 6090/919
f 6085/919 6090/919 6089/919
f 6086/919 6087/919 6091/919
f 6086/919 6091/919 6090/919
f 6087/919 6084/919 6088/919
f 6087/919 6088/919 6091/919
f 6099/919 6096/919 6097/919
f 6095/919 6093/919 6092/919
f 6097/919 6098/919 6099/919
f 6093/919 6095/919 6094/919
f 6092/919 6093/919 6097/919
f 6092/919 6097/919 6096/919
f 6093/919 6094/919 6098/919
f 6093/919 6098/919 6097/919
f 6094/919 6095/919 6099/919
f 6094/919 6099/919 6098/919
f 6095/919 6092/919 6096/919
f 6095/919 6096/919 6099/919
f 6111/918 6106/918 6107/918
f 6105/918 6101/918 6100/918
f 6107/918 6108/918 6109/918
f 6101/918 6103/918 6102/918
f 6111/918 6107/918 6109/918
f 6105/918 6103/918 6101/918
f 6109/918 6110/918 6111/918
f 6103/918 6105/918 6104/918
f 6100/918 6101/918 6107/918
f 6100/918 6107/918 6106/918
f 6101/918 6102/918 6108/918
f 6101/918 6108/918 6107/918
f 6102/918 6103/918 6109/918
f 6102/918 6109/918 6108/918
f 6103/918 6104/918 6110/918
f 6103/918 6110/918 6109/918
f 6104/918 6105/918 6111/918
f 6104/918 6111/918 6110/918
f 6105/918 6100/918 6106/918
f 6105/918 6106/918 6111/918
f 6123/918 6118/918 6119/918
f 6117/918 6113/918 6112/918
f 6119/918 6120/918 6121/918
f 6113/918 6115/918 6114/918
f 6123/918 6119/918 6121/918
f 6117/918 6115/918 6113/918
f 6121/918 6122/918 6123/918
f 6115/918 6117/918 6116/918
f 6112/918 6113/918 6119/918
f 6112/918 6119/918 6118/918
f 6113/918 6114/918 6120/918
f 6113/918 6120/918 6119/918
f 6114/918 6115/918 6121/918
f 6114/918 6121/918 6120/918
f 6115/918 6116/918 6122/918
f 6115/918 6122/918 6121/918
f 6116/918 6117/918 6123/918
f 6116/918 6123/918 6122/918
f 6117/918 6112/918 6118/918
f 6117/918 6118/918 6123/918
g blade_damaged
f 4861/3 4860/12 4859/4
f 4860/4 4863/21 4862/20
f 4866/13 4865/52 4864/23
f 4861/3 4864/12 4867/11
f 4869/6 4868/6 4865/6
f 4871/6 4865/6 4870/6
f 4874/24 4873/25 4872/24
f 4873/25 4876/25 4875/25
f 4877/25 4873/25 4875/25
f 4872/25 4873/25 4877/25
f 4878/25 4872/25 4877/25
f 4881/28 4880/27 4879/26
f 4882/25 4876/25 4873/25
f 4885/31 4884/30 4883/29
f 4887/33 4886/32 4884/30
f 4888/34 4887/35 4885/34
f 4890/30 4888/31 4889/29
f 4893/38 4892/37 4891/36
f 4895/27 4891/38 4894/39
f 4898/36 4897/41 4896/40
f 4880/27 4899/38 4898/36
f 4876/25 4900/25 4875/25
f 4887/35 4902/42 4901/42
f 4890/45 4904/44 4903/43
f 4899/48 4906/47 4905/46
f 4905/46 4908/50 4907/49
f 4911/51 4910/47 4909/46
f 4913/50 4909/46 4912/49
f 4865/52 4914/12 4864/23
f 4915/28 4895/27 4894/39
f 4864/4 4863/11 4867/3
f 4859/13 4869/59 4871/14
f 4869/59 4862/12 4916/61
f 4918/64 4888/63 4917/63
f 4919/65 4913/66 4912/65
f 4886/67 4921/68 4920/67
f 4923/70 4906/69 4922/69
f 4926/71 4925/71 4924/71
f 4929/71 4928/71 4927/71
f 4932/71 4931/71 4930/71
f 4935/71 4934/71 4933/71
f 4937/71 4925/71 4936/71
f 4940/71 4939/71 4938/71
f 4942/71 4941/71 4932/71
f 4944/71 4943/71 4934/71
f 4946/71 4937/71 4945/71
f 4949/71 4948/71 4947/71
f 4952/71 4951/71 4950/71
f 4955/71 4954/71 4953/71
f 4957/71 4956/71 4949/71
f 4960/71 4959/71 4958/71
f 4962/71 4961/71 4957/71
f 4965/71 4964/71 4963/71
f 4968/71 4967/71 4966/71
f 4971/71 4970/71 4969/71
f 4974/71 4973/71 4972/71
f 4977/71 4976/71 4975/71
f 4980/71 4979/71 4978/71
f 4983/71 4982/71 4981/71
f 4929/71 4985/71 4984/71
f 4987/71 4933/71 4986/71
f 4990/71 4989/71 4988/71
f 4992/71 4991/71 4939/71
f 4994/71 4993/71 4943/71
f 4969/71 4996/71 4995/71
f 4998/71 4991/71 4997/71
f 5000/71 4993/71 4999/71
f 4973/71 5002/71 5001/71
f 5004/71 5003/71 4977/71
f 5006/71 5005/71 4947/71
f 5008/71 5007/71 4942/71
f 5010/71 4996/71 5009/71
f 5012/71 5011/71 5004/71
f 5014/71 4982/71 5013/71
f 5016/71 4974/71 5015/71
f 5018/71 5017/71 5012/71
f 5020/71 5019/71 4998/71
f 4967/71 5014/71 5021/71
f 5023/71 5022/71 5015/71
f 5018/71 5025/71 5024/71
f 5027/71 5026/71 5023/71
f 5029/71 5028/71 5025/71
f 5032/71 5031/71 5030/71
f 5034/71 4951/71 5033/71
f 5036/71 5035/71 5028/71
f 5031/71 4946/71 5037/71
f 5039/71 5038/71 5034/71
f 5042/71 5041/71 5040/71
f 5044/71 5043/71 5035/71
f 4964/71 4959/71 5045/71
f 5047/71 5046/71 4928/71
f 5050/71 5049/71 5048/71
f 5002/71 5052/71 5051/71
f 5054/71 5053/71 5043/71
f 5056/71 5053/71 5055/71
f 5057/71 4938/71 5046/71
f 5050/71 5059/71 5058/71
f 5062/71 5061/71 5060/71
f 4955/71 5063/71 5056/71
f 5066/71 5065/71 5064/71
f 5068/71 5067/71 5059/71
f 5010/71 5009/71 5027/71
f 4962/71 4976/71 4961/71
f 5070/71 5069/71 5067/71
f 5072/71 5071/71 5069/71
f 5074/71 5073/71 5071/71
f 5040/71 5076/71 5075/71
f 5078/71 5077/71 5000/71
f 5052/71 5061/71 5079/71
f 5005/71 4968/71 5080/71
f 5082/71 5032/71 5081/71
f 5008/71 5076/71 5007/71
f 5048/71 5083/71 5042/71
f 5086/71 5085/71 5084/71
f 4989/71 4965/71 5087/71
f 4958/71 5088/71 5078/71
f 5090/71 5073/71 5089/71
f 4952/71 4950/71 5086/71
f 4981/71 5091/71 5020/71
f 4980/71 4986/71 5092/71
f 5066/71 5093/71 5090/71
f 4984/71 5094/71 5039/71
f 5095/71 4990/71 4930/71
f 4978/71 5096/71 4971/71
f 5084/71 5097/71 5081/71
f 5099/71 5098/71 4975/71
f 5101/71 5100/71 5098/71
f 5102/71 5020/71 4998/71
f 5105/71 5104/71 5103/71
f 5105/71 5034/71 5033/71
f 5106/71 5034/71 5105/71
f 5107/71 5057/71 5047/71
f 5108/71 4940/71 5057/71
f 5109/71 4924/71 5066/71
f 5099/71 4975/71 4962/71
f 5111/71 5110/71 4995/71
f 5114/71 5113/71 5112/71
f 5116/71 4966/71 5115/71
f 5117/71 5048/71 5042/71
f 5118/71 5090/71 5089/71
f 5109/71 5066/71 5090/71
f 5119/71 5084/71 5081/71
f 5122/71 5121/71 5120/71
f 5124/71 5112/71 5123/71
f 5127/71 5126/71 5125/71
f 5130/71 5129/71 5128/71
f 5115/71 5021/71 5131/71
f 5122/71 4977/71 4975/71
f 5133/71 4984/71 5132/71
f 5134/71 4997/71 4992/71
f 5135/71 4998/71 4997/71
f 5136/71 5080/71 5116/71
f 5138/71 5128/71 5137/71
f 5141/71 5140/71 5139/71
f 5139/71 5143/71 5142/71
f 5145/71 5037/71 5144/71
f 5144/71 4945/71 5146/71
f 5149/71 5148/71 5147/71
f 5147/71 5151/71 5150/71
f 5150/71 5153/71 5152/71
f 5152/71 5155/71 5154/71
f 5154/71 5157/71 5156/71
f 5160/71 5159/71 5158/71
f 5162/71 5000/71 5161/71
f 5127/71 5164/71 5163/71
f 5162/71 4958/71 5078/71
f 5167/71 5166/71 5165/71
f 5168/71 4978/71 4971/71
f 5169/71 4944/71 4935/71
f 5170/71 4994/71 4944/71
f 5171/71 5060/71 4955/71
f 5172/71 4958/71 5162/71
f 5165/71 5174/71 5173/71
f 5173/71 5176/71 5175/71
f 5178/71 5033/71 5177/71
f 5180/71 5087/71 5179/71
f 5167/71 4969/71 4995/71
f 5181/71 4977/71 5122/71
f 5181/71 5012/71 5004/71
f 5183/71 5012/71 5182/71
f 5183/71 5029/71 5018/71
f 5184/71 5036/71 5029/71
f 5185/71 5044/71 5036/71
f 5186/71 5054/71 5044/71
f 5187/71 5055/71 5054/71
f 5188/71 5060/71 5171/71
f 5191/71 5190/71 5189/71
f 5189/71 5193/71 5192/71
f 5192/71 5195/71 5194/71
f 5198/71 5197/71 5196/71
f 5201/71 5200/71 5199/71
f 5179/71 4963/71 5202/71
f 5203/71 4987/71 4980/71
f 5204/71 4988/71 5180/71
f 5204/71 4932/71 4930/71
f 5206/71 4932/71 5205/71
f 5177/71 5033/71 4952/71
f 5208/71 5197/71 5207/71
f 5202/71 5045/71 5209/71
f 5211/71 5001/71 5210/71
f 5214/71 5213/71 5212/71
f 5217/71 5216/71 5215/71
f 5218/71 5215/71 5110/71
f 5210/71 5051/71 5219/71
f 5111/71 4995/71 5010/71
f 5220/71 4972/71 5211/71
f 5220/71 5023/71 5015/71
f 5222/71 5023/71 5221/71
f 5224/71 5223/71 5213/71
f 5225/71 5212/71 5216/71
f 5219/71 5079/71 5226/71
f 5228/71 5223/71 5227/71
f 5198/71 5157/71 5229/71
f 5231/71 5075/71 5230/71
f 5149/71 5075/71 5232/71
f 5233/71 5040/71 5075/71
f 5230/71 5075/71 5008/71
f 5234/71 5137/71 5100/71
f 5102/71 4981/71 5020/71
f 5106/71 4984/71 5039/71
f 5133/71 5047/71 4929/71
f 5235/71 4992/71 4940/71
f 5136/71 4949/71 4947/71
f 5237/71 4949/71 5236/71
f 5237/71 4962/71 4957/71
f 5238/71 5164/71 5129/71
f 5240/71 4981/71 5239/71
f 5103/71 5242/71 5241/71
f 5241/71 5244/71 5243/71
f 5243/71 5245/71 5141/71
f 5160/71 5143/71 5246/71
f 5247/71 4983/71 5240/71
f 5131/71 5013/71 5247/71
f 5249/71 5123/71 5248/71
f 5178/71 5248/71 5250/71
f 5117/71 5040/71 5233/71
f 5252/71 5048/71 5251/71
f 5252/71 5068/71 5050/71
f 5253/71 5070/71 5068/71
f 5254/71 5072/71 5070/71
f 5255/71 5074/71 5072/71
f 5256/71 5089/71 5074/71
f 5119/71 5030/71 5145/71
f 5258/71 5084/71 5257/71
f 5258/71 4952/71 5086/71
f 5259/71 5159/71 5113/71
f 5261/71 4924/71 5260/71
f 5262/71 4926/71 5261/71
f 5146/71 4936/71 5262/71
f 5264/71 5207/71 5263/71
f 5231/71 5199/71 5265/71
f 5168/71 4969/71 5167/71
f 5203/71 4978/71 5266/71
f 5267/71 4935/71 4987/71
f 5268/71 4999/71 4994/71
f 5269/71 5000/71 4999/71
f 5206/71 5008/71 4942/71
f 5270/71 5263/71 5200/71
f 5175/71 5272/71 5271/71
f 5271/71 5274/71 5273/71
f 5273/71 5276/71 5275/71
f 5228/71 5276/71 5277/71
f 5209/71 4960/71 5172/71
f 5278/71 5056/71 5055/71
f 5171/71 5056/71 5279/71
f 5222/71 5010/71 5027/71
f 5120/71 5280/71 5191/71
f 5194/71 5126/71 5281/71
f 5226/71 5062/71 5188/71
f 5283/71 4925/71 5282/71
f 4927/71 4928/71 5284/71
f 5286/71 4931/71 5285/71
f 4933/71 4934/71 5287/71
f 5288/71 4925/71 4937/71
f 4938/71 4939/71 5289/71
f 5285/71 4941/71 5290/71
f 4934/71 4943/71 5291/71
f 5292/71 4937/71 4946/71
f 5294/71 4948/71 5293/71
f 4950/71 4951/71 5295/71
f 4953/71 4954/71 5296/71
f 5293/71 4956/71 5297/71
f 5299/71 4959/71 5298/71
f 5297/71 4961/71 5300/71
f 5301/71 4964/71 4965/71
f 5302/71 4967/71 4968/71
f 5304/71 4970/71 5303/71
f 5305/71 4973/71 4974/71
f 5307/71 4976/71 5306/71
f 5309/71 4979/71 5308/71
f 5311/71 4982/71 5310/71
f 5312/71 4985/71 5284/71
f 4986/71 4933/71 5313/71
f 5314/71 4989/71 4990/71
f 4939/71 4991/71 5315/71
f 4943/71 4993/71 5316/71
f 5317/71 4996/71 5304/71
f 5319/71 4991/71 5318/71
f 5321/71 4993/71 5320/71
f 5322/71 5002/71 4973/71
f 5306/71 5003/71 5323/71
f 5294/71 5005/71 5006/71
f 5290/71 5007/71 5324/71
f 5009/71 4996/71 5325/71
f 5323/71 5011/71 5326/71
f 5327/71 4982/71 5014/71
f 5328/71 4974/71 5016/71
f 5326/71 5017/71 5329/71
f 5318/71 5019/71 5330/71
f 5331/71 5014/71 4967/71
f 5328/71 5022/71 5332/71
f 5024/71 5025/71 5329/71
f 5332/71 5026/71 5333/71
f 5025/71 5028/71 5334/71
f 5335/71 5031/71 5032/71
f 5337/71 4951/71 5336/71
f 5028/71 5035/71 5338/71
f 5339/71 4946/71 5031/71
f 5336/71 5038/71 5340/71
f 5342/71 5041/71 5341/71
f 5035/71 5043/71 5343/71
f 5344/71 4959/71 4964/71
f 4928/71 5046/71 5345/71
f 5347/71 5049/71 5346/71
f 5348/71 5052/71 5002/71
f 5043/71 5053/71 5349/71
f 5351/71 5053/71 5350/71
f 5046/71 4938/71 5352/71
f 5058/71 5059/71 5346/71
f 5354/71 5061/71 5353/71
f 5350/71 5063/71 5296/71
f 5064/71 5065/71 5355/71
f 5059/71 5067/71 5356/71
f 5333/71 5009/71 5325/71
f 4961/71 4976/71 5300/71
f 5067/71 5069/71 5357/71
f 5069/71 5071/71 5358/71
f 5071/71 5073/71 5359/71
f 5360/71 5076/71 5342/71
f 5320/71 5077/71 5361/71
f 5362/71 5061/71 5052/71
f 5363/71 4968/71 5005/71
f 5364/71 5032/71 5082/71
f 5007/71 5076/71 5324/71
f 5341/71 5083/71 5347/71
f 5366/71 5085/71 5365/71
f 5367/71 4965/71 4989/71
f 5361/71 5088/71 5299/71
f 5369/71 5073/71 5368/71
f 5365/71 4950/71 5295/71
f 5330/71 5091/71 5311/71
f 5092/71 4986/71 5308/71
f 5368/71 5093/71 5355/71
f 5340/71 5094/71 5312/71
f 5286/71 4990/71 5095/71
f 5303/71 5096/71 5309/71
f 5364/71 5097/71 5366/71
f 5307/71 5371/71 5370/71
f 5371/71 5373/71 5372/71
f 5318/71 5330/71 5374/71
f 5377/71 5376/71 5375/71
f 5337/71 5336/71 5375/71
f 5375/71 5336/71 5378/71
f 5345/71 5352/71 5379/71
f 5352/71 5289/71 5380/71
f 5355/71 5283/71 5381/71
f 5300/71 5307/71 5370/71
f 5317/71 5383/71 5382/71
f 5386/71 5385/71 5384/71
f 5388/71 5302/71 5387/71
f 5341/71 5347/71 5389/71
f 5369/71 5368/71 5390/71
f 5368/71 5355/71 5381/71
f 5364/71 5366/71 5391/71
f 5394/71 5393/71 5392/71
f 5396/71 5386/71 5395/71
f 5399/71 5398/71 5397/71
f 5402/71 5401/71 5400/71
f 5403/71 5331/71 5388/71
f 5307/71 5306/71 5392/71
f 5405/71 5312/71 5404/71
f 5315/71 5319/71 5406/71
f 5319/71 5318/71 5407/71
f 5387/71 5363/71 5408/71
f 5410/71 5402/71 5409/71
f 5413/71 5412/71 5411/71
f 5415/71 5414/71 5413/71
f 5417/71 5339/71 5416/71
f 5418/71 5292/71 5417/71
f 5421/71 5420/71 5419/71
f 5423/71 5422/71 5421/71
f 5425/71 5424/71 5423/71
f 5427/71 5426/71 5425/71
f 5429/71 5428/71 5427/71
f 5432/71 5431/71 5430/71
f 5320/71 5361/71 5433/71
f 5435/71 5434/71 5397/71
f 5361/71 5299/71 5433/71
f 5437/71 5317/71 5436/71
f 5303/71 5309/71 5438/71
f 5287/71 5291/71 5439/71
f 5291/71 5316/71 5440/71
f 5296/71 5354/71 5441/71
f 5433/71 5299/71 5442/71
f 5444/71 5443/71 5436/71
f 5446/71 5445/71 5444/71
f 5448/71 5337/71 5447/71
f 5450/71 5367/71 5449/71
f 5317/71 5304/71 5451/71
f 5392/71 5306/71 5452/71
f 5323/71 5326/71 5452/71
f 5454/71 5326/71 5453/71
f 5329/71 5334/71 5453/71
f 5334/71 5338/71 5455/71
f 5338/71 5343/71 5456/71
f 5343/71 5349/71 5457/71
f 5349/71 5351/71 5458/71
f 5441/71 5354/71 5459/71
f 5462/71 5461/71 5460/71
f 5464/71 5463/71 5462/71
f 5466/71 5465/71 5464/71
f 5469/71 5468/71 5467/71
f 5472/71 5471/71 5470/71
f 5473/71 5301/71 5450/71
f 5308/71 5313/71 5474/71
f 5449/71 5314/71 5475/71
f 5286/71 5285/71 5475/71
f 5477/71 5285/71 5476/71
f 5295/71 5337/71 5448/71
f 5479/71 5468/71 5478/71
f 5480/71 5344/71 5473/71
f 5482/71 5322/71 5481/71
f 5485/71 5484/71 5483/71
f 5488/71 5487/71 5486/71
f 5383/71 5488/71 5489/71
f 5490/71 5348/71 5482/71
f 5325/71 5317/71 5382/71
f 5481/71 5305/71 5491/71
f 5328/71 5332/71 5491/71
f 5493/71 5332/71 5492/71
f 5484/71 5495/71 5494/71
f 5487/71 5485/71 5496/71
f 5497/71 5362/71 5490/71
f 5499/71 5495/71 5498/71
f 5500/71 5428/71 5467/71
f 5502/71 5360/71 5501/71
f 5503/71 5360/71 5419/71
f 5360/71 5342/71 5504/71
f 5324/71 5360/71 5502/71
f 5373/71 5410/71 5505/71
f 5330/71 5311/71 5374/71
f 5340/71 5312/71 5378/71
f 5284/71 5345/71 5404/71
f 5289/71 5315/71 5506/71
f 5294/71 5293/71 5408/71
f 5508/71 5293/71 5507/71
f 5297/71 5300/71 5507/71
f 5401/71 5434/71 5509/71
f 5511/71 5311/71 5510/71
f 5513/71 5512/71 5377/71
f 5515/71 5514/71 5513/71
f 5411/71 5516/71 5515/71
f 5517/71 5414/71 5430/71
f 5510/71 5310/71 5518/71
f 5518/71 5327/71 5403/71
f 5520/71 5396/71 5519/71
f 5521/71 5520/71 5447/71
f 5504/71 5342/71 5389/71
f 5523/71 5347/71 5522/71
f 5346/71 5356/71 5522/71
f 5356/71 5357/71 5524/71
f 5357/71 5358/71 5525/71
f 5358/71 5359/71 5526/71
f 5359/71 5369/71 5527/71
f 5416/71 5335/71 5391/71
f 5529/71 5366/71 5528/71
f 5365/71 5295/71 5528/71
f 5385/71 5431/71 5530/71
f 5532/71 5283/71 5531/71
f 5531/71 5282/71 5533/71
f 5533/71 5288/71 5418/71
f 5535/71 5479/71 5534/71
f 5536/71 5472/71 5501/71
f 5451/71 5304/71 5438/71
f 5537/71 5309/71 5474/71
f 5313/71 5287/71 5538/71
f 5316/71 5321/71 5539/71
f 5321/71 5320/71 5540/71
f 5290/71 5324/71 5476/71
f 5471/71 5535/71 5541/71
f 5543/71 5542/71 5446/71
f 5545/71 5544/71 5543/71
f 5547/71 5546/71 5545/71
f 5548/71 5546/71 5498/71
f 5442/71 5298/71 5480/71
f 5351/71 5350/71 5549/71
f 5550/71 5350/71 5441/71
f 5333/71 5325/71 5492/71
f 5460/71 5551/71 5394/71
f 5552/71 5398/71 5466/71
f 5459/71 5353/71 5497/71
f 5242/72 5376/72 5512/72
f 5245/72 5412/72 5140/72
f 5140/72 5414/72 5143/72
f 5242/72 5514/72 5244/72
f 5246/72 5431/72 5159/72
f 5245/72 5514/72 5516/72
f 5143/72 5517/72 5246/72
f 5159/72 5385/72 5113/72
f 5123/72 5386/72 5396/72
f 5113/72 5386/72 5112/72
f 5123/72 5520/72 5248/72
f 5250/72 5337/72 5033/72
f 5248/72 5521/72 5250/72
f 5110/72 5488/72 5383/72
f 5110/72 5317/72 4995/72
f 5229/72 5468/72 5197/72
f 5263/72 5471/72 5200/72
f 5199/72 5471/72 5472/72
f 5100/72 5410/72 5373/72
f 5125/72 5434/72 5164/72
f 5272/72 5445/72 5542/72
f 5272/72 5544/72 5274/72
f 4975/72 5371/72 5307/72
f 5137/72 5402/72 5410/72
f 5276/72 5544/72 5546/72
f 5100/72 5371/72 5098/72
f 5276/72 5548/72 5277/72
f 5213/72 5495/72 5484/72
f 5207/72 5535/72 5263/72
f 5216/72 5485/72 5487/72
f 5199/72 5536/72 5265/72
f 5197/72 5479/72 5207/72
f 5148/72 5503/72 5420/72
f 5277/72 5495/72 5223/72
f 5125/72 5398/72 5399/72
f 5129/72 5434/72 5401/72
f 5151/72 5420/72 5422/72
f 5229/72 5428/72 5500/72
f 5129/72 5402/72 5128/72
f 5166/72 5443/72 5174/72
f 5280/72 5393/72 5551/72
f 5153/72 5422/72 5424/72
f 5190/72 5551/72 5461/72
f 5265/72 5360/72 5075/72
f 5176/72 5443/72 5445/72
f 5126/72 5465/72 5398/72
f 5213/72 5485/72 5212/72
f 5155/72 5424/72 5426/72
f 5193/72 5461/72 5463/72
f 5216/72 5488/72 5215/72
f 5157/72 5426/72 5428/72
f 5193/72 5465/72 5195/72
f 5317/72 5166/72 4995/72
f 4975/72 5393/72 5121/72
f 5033/72 5376/72 5104/72
f 5075/72 5503/72 5232/72
f 4922/69 5553/73 4881/73
f 5554/74 4912/65 4895/74
f 4912/49 4893/48 4895/75
f 4893/48 4910/47 5555/28
f 4899/48 4907/49 4897/75
f 5556/51 4906/47 4904/76
f 5557/77 4920/78 4923/77
f 5558/80 4889/79 4918/79
f 5559/33 4903/32 4902/81
f 5556/84 4889/83 4908/82
f 4884/45 5557/44 4911/84
f 4883/83 4911/84 4913/82
f 5201/87 5231/86 5205/85
f 5478/90 5540/89 5442/88
f 5560/93 4872/92 4878/91
f 4875/96 5561/95 4877/94
f 4877/94 5560/93 4878/91
f 5559/99 5563/98 5562/97
f 5564/100 5559/99 5562/97
f 5559/99 5566/102 5565/101
f 5563/98 5559/99 5565/101
f 5566/101 5567/103 5565/102
f 5562/97 4917/104 5564/100
f 5568/107 5562/106 5563/105
f 5568/107 5565/109 5567/108
f 5564/100 5570/111 5569/110
f 5559/99 5571/112 5566/102
f 5564/100 5572/113 5559/99
f 4921/103 5571/112 5573/114
f 5576/100 5575/113 5574/110
f 4921/103 5578/112 5577/102
f 5579/99 5578/112 5575/113
f 5576/100 5570/111 4917/104
f 5577/102 5579/99 5580/101
f 5568/107 5582/109 5581/108
f 5579/99 5576/100 5582/97
f 5567/104 5577/97 5580/100
f 5582/101 4917/103 5581/115
f 5579/99 5583/98 5580/101
f 5583/98 5579/99 5582/97
f 5568/107 5580/106 5583/105
f 5586/116 5585/116 5584/116
f 5589/116 5588/117 5587/117
f 5592/117 5591/116 5590/116
f 5594/118 5593/116 5586/116
f 5596/118 5595/116 5589/116
f 5594/118 5598/118 5597/118
f 5584/118 5599/118 5596/118
f 5590/116 5598/118 5600/118
f 4904/77 4920/78 4903/78
f 5555/73 4922/69 4881/73
f 4910/69 4923/70 4922/69
f 4903/67 4921/68 4902/68
f 5558/80 4883/79 4913/80
f 4907/65 5554/74 4897/74
f 4908/66 4919/65 4907/65
f 4918/64 4885/63 4883/64
f 4892/37 4881/75 4879/119
f 4897/37 4915/75 4896/120
f 5603/123 5602/122 5601/121
f 5606/123 5605/124 5604/121
f 5608/125 5601/121 5607/124
f 5610/126 5604/121 5609/122
f 4861/3 4867/11 4860/12
f 4860/4 4867/3 4863/21
f 4866/13 4870/14 4865/52
f 4861/3 4866/4 4864/12
f 4869/6 4916/6 4868/6
f 4871/6 4869/6 4865/6
f 4874/24 4882/25 4873/25
f 4881/28 5553/39 4880/27
f 4882/25 5611/25 4876/25
f 4885/31 4887/33 4884/30
f 4887/33 4901/81 4886/32
f 4888/34 5559/35 4887/35
f 4890/30 5559/33 4888/31
f 4893/38 5555/120 4892/37
f 4895/27 4893/36 4891/38
f 4898/36 4899/38 4897/41
f 4880/27 5553/39 4899/38
f 4876/25 5611/25 4900/25
f 4887/35 5559/35 4902/42
f 4890/45 5556/84 4904/44
f 4899/48 5553/28 4906/47
f 4905/46 5556/51 4908/50
f 4911/51 5557/76 4910/47
f 4913/50 4911/51 4909/46
f 4865/52 4868/61 4914/12
f 4915/28 5554/26 4895/27
f 4864/4 4914/12 4863/11
f 4859/13 4860/60 4869/59
f 4869/59 4860/60 4862/12
f 4918/64 4889/64 4888/63
f 4919/65 5558/66 4913/66
f 4886/67 4901/68 4921/68
f 4923/70 4904/70 4906/69
f 4925/71 5065/71 4924/71
f 4929/71 5047/71 4928/71
f 4931/71 5095/71 4930/71
f 4935/71 4944/71 4934/71
f 4925/71 4926/71 4936/71
f 4940/71 4992/71 4939/71
f 4941/71 4931/71 4932/71
f 4944/71 4994/71 4943/71
f 4937/71 4936/71 4945/71
f 4948/71 5006/71 4947/71
f 4952/71 5033/71 4951/71
f 4955/71 5060/71 4954/71
f 4956/71 4948/71 4949/71
f 4959/71 5088/71 4958/71
f 4961/71 4956/71 4957/71
f 4964/71 5045/71 4963/71
f 4967/71 5021/71 4966/71
f 4971/71 5096/71 4970/71
f 4973/71 5001/71 4972/71
f 4977/71 5003/71 4976/71
f 4980/71 5092/71 4979/71
f 4982/71 5091/71 4981/71
f 4929/71 4927/71 4985/71
f 4987/71 4935/71 4933/71
f 4989/71 5087/71 4988/71
f 4992/71 4997/71 4991/71
f 4994/71 4999/71 4993/71
f 4969/71 4970/71 4996/71
f 4998/71 5019/71 4991/71
f 5000/71 5077/71 4993/71
f 5002/71 5051/71 5001/71
f 5004/71 5011/71 5003/71
f 5005/71 5080/71 4947/71
f 5007/71 4941/71 4942/71
f 5010/71 4995/71 4996/71
f 5012/71 5017/71 5011/71
f 4982/71 4983/71 5013/71
f 4974/71 4972/71 5015/71
f 5018/71 5024/71 5017/71
f 5020/71 5612/71 5019/71
f 5014/71 5013/71 5021/71
f 5022/71 5016/71 5015/71
f 5018/71 5029/71 5025/71
f 5026/71 5022/71 5023/71
f 5029/71 5036/71 5028/71
f 5031/71 5037/71 5030/71
f 5034/71 5038/71 4951/71
f 5036/71 5044/71 5035/71
f 4946/71 4945/71 5037/71
f 5039/71 5094/71 5038/71
f 5042/71 5083/71 5041/71
f 5044/71 5054/71 5043/71
f 4959/71 4960/71 5045/71
f 5047/71 5057/71 5046/71
f 5050/71 5058/71 5049/71
f 5052/71 5079/71 5051/71
f 5054/71 5055/71 5053/71
f 5056/71 5063/71 5053/71
f 5057/71 4940/71 4938/71
f 5050/71 5068/71 5059/71
f 5061/71 4954/71 5060/71
f 4955/71 4953/71 5063/71
f 5066/71 4924/71 5065/71
f 5068/71 5070/71 5067/71
f 5009/71 5026/71 5027/71
f 4962/71 4975/71 4976/71
f 5070/71 5072/71 5069/71
f 5072/71 5074/71 5071/71
f 5074/71 5089/71 5073/71
f 5040/71 5041/71 5076/71
f 5078/71 5613/71 5077/71
f 5061/71 5062/71 5079/71
f 4968/71 4966/71 5080/71
f 5032/71 5030/71 5081/71
f 5008/71 5075/71 5076/71
f 5048/71 5049/71 5083/71
f 5085/71 5097/71 5084/71
f 4965/71 4963/71 5087/71
f 5088/71 5613/71 5078/71
f 5090/71 5093/71 5073/71
f 4950/71 5085/71 5086/71
f 5091/71 5612/71 5020/71
f 4980/71 4987/71 4986/71
f 5066/71 5064/71 5093/71
f 4984/71 4985/71 5094/71
f 4990/71 4988/71 4930/71
f 4978/71 4979/71 5096/71
f 5097/71 5082/71 5081/71
f 5099/71 5101/71 5098/71
f 5101/71 5234/71 5100/71
f 5105/71 5033/71 5104/71
f 5106/71 5039/71 5034/71
f 5107/71 5108/71 5057/71
f 5108/71 5235/71 4940/71
f 5109/71 5260/71 4924/71
f 5111/71 5218/71 5110/71
f 5114/71 5259/71 5113/71
f 5116/71 5080/71 4966/71
f 5117/71 5251/71 5048/71
f 5118/71 5109/71 5090/71
f 5119/71 5257/71 5084/71
f 5122/71 4975/71 5121/71
f 5124/71 5114/71 5112/71
f 5127/71 5281/71 5126/71
f 5130/71 5238/71 5129/71
f 5115/71 4966/71 5021/71
f 5133/71 4929/71 4984/71
f 5134/71 5135/71 4997/71
f 5135/71 5102/71 4998/71
f 5136/71 4947/71 5080/71
f 5138/71 5130/71 5128/71
f 5141/71 5245/71 5140/71
f 5139/71 5140/71 5143/71
f 5145/71 5030/71 5037/71
f 5144/71 5037/71 4945/71
f 5149/71 5232/71 5148/71
f 5147/71 5148/71 5151/71
f 5150/71 5151/71 5153/71
f 5152/71 5153/71 5155/71
f 5154/71 5155/71 5157/71
f 5160/71 5246/71 5159/71
f 5162/71 5078/71 5000/71
f 5127/71 5125/71 5164/71
f 5167/71 4995/71 5166/71
f 5168/71 5266/71 4978/71
f 5169/71 5170/71 4944/71
f 5170/71 5268/71 4994/71
f 5172/71 4960/71 4958/71
f 5165/71 5166/71 5174/71
f 5173/71 5174/71 5176/71
f 5178/71 5250/71 5033/71
f 5180/71 4988/71 5087/71
f 5181/71 5004/71 4977/71
f 5181/71 5182/71 5012/71
f 5183/71 5018/71 5012/71
f 5183/71 5184/71 5029/71
f 5184/71 5185/71 5036/71
f 5185/71 5186/71 5044/71
f 5186/71 5187/71 5054/71
f 5187/71 5278/71 5055/71
f 5188/71 5062/71 5060/71
f 5191/71 5280/71 5190/71
f 5189/71 5190/71 5193/71
f 5192/71 5193/71 5195/71
f 5198/71 5229/71 5197/71
f 5201/71 5270/71 5200/71
f 5179/71 5087/71 4963/71
f 5203/71 5267/71 4987/71
f 5204/71 4930/71 4988/71
f 5204/71 5205/71 4932/71
f 5206/71 4942/71 4932/71
f 5208/71 5196/71 5197/71
f 5202/71 4963/71 5045/71
f 5211/71 4972/71 5001/71
f 5214/71 5224/71 5213/71
f 5217/71 5225/71 5216/71
f 5218/71 5217/71 5215/71
f 5210/71 5001/71 5051/71
f 5220/71 5015/71 4972/71
f 5220/71 5221/71 5023/71
f 5222/71 5027/71 5023/71
f 5224/71 5227/71 5223/71
f 5225/71 5214/71 5212/71
f 5219/71 5051/71 5079/71
f 5228/71 5277/71 5223/71
f 5198/71 5156/71 5157/71
f 5231/71 5265/71 5075/71
f 5149/71 5233/71 5075/71
f 5234/71 5138/71 5137/71
f 5102/71 5239/71 4981/71
f 5106/71 5132/71 4984/71
f 5133/71 5107/71 5047/71
f 5235/71 5134/71 4992/71
f 5136/71 5236/71 4949/71
f 5237/71 4957/71 4949/71
f 5237/71 5099/71 4962/71
f 5238/71 5163/71 5164/71
f 5240/71 4983/71 4981/71
f 5103/71 5104/71 5242/71
f 5241/71 5242/71 5244/71
f 5243/71 5244/71 5245/71
f 5160/71 5142/71 5143/71
f 5247/71 5013/71 4983/71
f 5131/71 5021/71 5013/71
f 5249/71 5124/71 5123/71
f 5178/71 5249/71 5248/71
f 5117/71 5042/71 5040/71
f 5252/71 5050/71 5048/71
f 5252/71 5253/71 5068/71
f 5253/71 5254/71 5070/71
f 5254/71 5255/71 5072/71
f 5255/71 5256/71 5074/71
f 5256/71 5118/71 5089/71
f 5119/71 5081/71 5030/71
f 5258/71 5086/71 5084/71
f 5258/71 5177/71 4952/71
f 5259/71 5158/71 5159/71
f 5261/71 4926/71 4924/71
f 5262/71 4936/71 4926/71
f 5146/71 4945/71 4936/71
f 5264/71 5208/71 5207/71
f 5231/71 5201/71 5199/71
f 5168/71 4971/71 4969/71
f 5203/71 4980/71 4978/71
f 5267/71 5169/71 4935/71
f 5268/71 5269/71 4999/71
f 5269/71 5161/71 5000/71
f 5206/71 5230/71 5008/71
f 5270/71 5264/71 5263/71
f 5175/71 5176/71 5272/71
f 5271/71 5272/71 5274/71
f 5273/71 5274/71 5276/71
f 5228/71 5275/71 5276/71
f 5209/71 5045/71 4960/71
f 5278/71 5279/71 5056/71
f 5171/71 4955/71 5056/71
f 5222/71 5111/71 5010/71
f 5120/71 5121/71 5280/71
f 5194/71 5195/71 5126/71
f 5226/71 5079/71 5062/71
f 5283/71 5065/71 4925/71
f 4928/71 5345/71 5284/71
f 5286/71 5095/71 4931/71
f 4934/71 5291/71 5287/71
f 5288/71 5282/71 4925/71
f 4939/71 5315/71 5289/71
f 5285/71 4931/71 4941/71
f 4943/71 5316/71 5291/71
f 5292/71 5288/71 4937/71
f 5294/71 5006/71 4948/71
f 4951/71 5337/71 5295/71
f 4954/71 5354/71 5296/71
f 5293/71 4948/71 4956/71
f 5299/71 5088/71 4959/71
f 5297/71 4956/71 4961/71
f 5301/71 5344/71 4964/71
f 5302/71 5331/71 4967/71
f 4970/71 5096/71 5303/71
f 5305/71 5322/71 4973/71
f 4976/71 5003/71 5306/71
f 4979/71 5092/71 5308/71
f 5311/71 5091/71 4982/71
f 4985/71 4927/71 5284/71
f 4933/71 5287/71 5313/71
f 5314/71 5367/71 4989/71
f 4991/71 5319/71 5315/71
f 4993/71 5321/71 5316/71
f 4996/71 4970/71 5304/71
f 4991/71 5019/71 5318/71
f 4993/71 5077/71 5320/71
f 5322/71 5348/71 5002/71
f 5003/71 5011/71 5323/71
f 5294/71 5363/71 5005/71
f 5290/71 4941/71 5007/71
f 4996/71 5317/71 5325/71
f 5011/71 5017/71 5326/71
f 5327/71 5310/71 4982/71
f 5328/71 5305/71 4974/71
f 5017/71 5024/71 5329/71
f 5019/71 5612/71 5330/71
f 5331/71 5327/71 5014/71
f 5328/71 5016/71 5022/71
f 5025/71 5334/71 5329/71
f 5332/71 5022/71 5026/71
f 5028/71 5338/71 5334/71
f 5335/71 5339/71 5031/71
f 4951/71 5038/71 5336/71
f 5035/71 5343/71 5338/71
f 5339/71 5292/71 4946/71
f 5038/71 5094/71 5340/71
f 5041/71 5083/71 5341/71
f 5043/71 5349/71 5343/71
f 5344/71 5298/71 4959/71
f 5046/71 5352/71 5345/71
f 5049/71 5058/71 5346/71
f 5348/71 5362/71 5052/71
f 5053/71 5351/71 5349/71
f 5053/71 5063/71 5350/71
f 4938/71 5289/71 5352/71
f 5059/71 5356/71 5346/71
f 5354/71 4954/71 5061/71
f 5063/71 4953/71 5296/71
f 5065/71 5283/71 5355/71
f 5067/71 5357/71 5356/71
f 5333/71 5026/71 5009/71
f 4976/71 5307/71 5300/71
f 5069/71 5358/71 5357/71
f 5071/71 5359/71 5358/71
f 5073/71 5369/71 5359/71
f 5076/71 5041/71 5342/71
f 5077/71 5613/71 5361/71
f 5362/71 5353/71 5061/71
f 5363/71 5302/71 4968/71
f 5364/71 5335/71 5032/71
f 5076/71 5360/71 5324/71
f 5083/71 5049/71 5347/71
f 5366/71 5097/71 5085/71
f 5367/71 5301/71 4965/71
f 5361/71 5613/71 5088/71
f 5073/71 5093/71 5368/71
f 5365/71 5085/71 4950/71
f 5330/71 5612/71 5091/71
f 4986/71 5313/71 5308/71
f 5093/71 5064/71 5355/71
f 5094/71 4985/71 5312/71
f 5286/71 5314/71 4990/71
f 5096/71 4979/71 5309/71
f 5364/71 5082/71 5097/71
f 5371/71 5372/71 5370/71
f 5373/71 5505/71 5372/71
f 5376/71 5337/71 5375/71
f 5336/71 5340/71 5378/71
f 5352/71 5380/71 5379/71
f 5289/71 5506/71 5380/71
f 5283/71 5532/71 5381/71
f 5383/71 5489/71 5382/71
f 5385/71 5530/71 5384/71
f 5302/71 5363/71 5387/71
f 5347/71 5523/71 5389/71
f 5368/71 5381/71 5390/71
f 5366/71 5529/71 5391/71
f 5393/71 5307/71 5392/71
f 5386/71 5384/71 5395/71
f 5398/71 5552/71 5397/71
f 5401/71 5509/71 5400/71
f 5331/71 5302/71 5388/71
f 5312/71 5284/71 5404/71
f 5319/71 5407/71 5406/71
f 5318/71 5374/71 5407/71
f 5363/71 5294/71 5408/71
f 5402/71 5400/71 5409/71
f 5412/71 5516/71 5411/71
f 5414/71 5412/71 5413/71
f 5339/71 5335/71 5416/71
f 5292/71 5339/71 5417/71
f 5420/71 5503/71 5419/71
f 5422/71 5420/71 5421/71
f 5424/71 5422/71 5423/71
f 5426/71 5424/71 5425/71
f 5428/71 5426/71 5427/71
f 5431/71 5517/71 5430/71
f 5434/71 5399/71 5397/71
f 5317/71 5451/71 5436/71
f 5309/71 5537/71 5438/71
f 5291/71 5440/71 5439/71
f 5316/71 5539/71 5440/71
f 5299/71 5298/71 5442/71
f 5443/71 5437/71 5436/71
f 5445/71 5443/71 5444/71
f 5337/71 5521/71 5447/71
f 5367/71 5314/71 5449/71
f 5306/71 5323/71 5452/71
f 5326/71 5454/71 5452/71
f 5326/71 5329/71 5453/71
f 5334/71 5455/71 5453/71
f 5338/71 5456/71 5455/71
f 5343/71 5457/71 5456/71
f 5349/71 5458/71 5457/71
f 5351/71 5549/71 5458/71
f 5354/71 5353/71 5459/71
f 5461/71 5551/71 5460/71
f 5463/71 5461/71 5462/71
f 5465/71 5463/71 5464/71
f 5468/71 5500/71 5467/71
f 5471/71 5541/71 5470/71
f 5301/71 5367/71 5450/71
f 5313/71 5538/71 5474/71
f 5314/71 5286/71 5475/71
f 5285/71 5477/71 5475/71
f 5285/71 5290/71 5476/71
f 5468/71 5469/71 5478/71
f 5344/71 5301/71 5473/71
f 5322/71 5305/71 5481/71
f 5484/71 5494/71 5483/71
f 5487/71 5496/71 5486/71
f 5488/71 5486/71 5489/71
f 5348/71 5322/71 5482/71
f 5305/71 5328/71 5491/71
f 5332/71 5493/71 5491/71
f 5332/71 5333/71 5492/71
f 5495/71 5499/71 5494/71
f 5485/71 5483/71 5496/71
f 5362/71 5348/71 5490/71
f 5495/71 5548/71 5498/71
f 5428/71 5429/71 5467/71
f 5360/71 5536/71 5501/71
f 5360/71 5504/71 5419/71
f 5410/71 5409/71 5505/71
f 5311/71 5511/71 5374/71
f 5312/71 5405/71 5378/71
f 5345/71 5379/71 5404/71
f 5315/71 5406/71 5506/71
f 5293/71 5508/71 5408/71
f 5293/71 5297/71 5507/71
f 5300/71 5370/71 5507/71
f 5434/71 5435/71 5509/71
f 5311/71 5310/71 5510/71
f 5512/71 5376/71 5377/71
f 5514/71 5512/71 5513/71
f 5516/71 5514/71 5515/71
f 5414/71 5415/71 5430/71
f 5310/71 5327/71 5518/71
f 5327/71 5331/71 5403/71
f 5396/71 5395/71 5519/71
f 5520/71 5519/71 5447/71
f 5342/71 5341/71 5389/71
f 5347/71 5346/71 5522/71
f 5356/71 5524/71 5522/71
f 5357/71 5525/71 5524/71
f 5358/71 5526/71 5525/71
f 5359/71 5527/71 5526/71
f 5369/71 5390/71 5527/71
f 5335/71 5364/71 5391/71
f 5366/71 5365/71 5528/71
f 5295/71 5448/71 5528/71
f 5431/71 5432/71 5530/71
f 5283/71 5282/71 5531/71
f 5282/71 5288/71 5533/71
f 5288/71 5292/71 5418/71
f 5479/71 5478/71 5534/71
f 5472/71 5470/71 5501/71
f 5304/71 5303/71 5438/71
f 5309/71 5308/71 5474/71
f 5287/71 5439/71 5538/71
f 5321/71 5540/71 5539/71
f 5320/71 5433/71 5540/71
f 5324/71 5502/71 5476/71
f 5535/71 5534/71 5541/71
f 5542/71 5445/71 5446/71
f 5544/71 5542/71 5543/71
f 5546/71 5544/71 5545/71
f 5546/71 5547/71 5498/71
f 5298/71 5344/71 5480/71
f 5350/71 5550/71 5549/71
f 5350/71 5296/71 5441/71
f 5325/71 5382/71 5492/71
f 5551/71 5393/71 5394/71
f 5398/71 5465/71 5466/71
f 5353/71 5362/71 5497/71
f 5242/72 5104/72 5376/72
f 5245/72 5516/72 5412/72
f 5140/72 5412/72 5414/72
f 5242/72 5512/72 5514/72
f 5246/72 5517/72 5431/72
f 5245/72 5244/72 5514/72
f 5143/72 5414/72 5517/72
f 5159/72 5431/72 5385/72
f 5123/72 5112/72 5386/72
f 5113/72 5385/72 5386/72
f 5123/72 5396/72 5520/72
f 5250/72 5521/72 5337/72
f 5248/72 5520/72 5521/72
f 5110/72 5215/72 5488/72
f 5110/72 5383/72 5317/72
f 5229/72 5500/72 5468/72
f 5263/72 5535/72 5471/72
f 5199/72 5200/72 5471/72
f 5100/72 5137/72 5410/72
f 5125/72 5399/72 5434/72
f 5272/72 5176/72 5445/72
f 5272/72 5542/72 5544/72
f 4975/72 5098/72 5371/72
f 5137/72 5128/72 5402/72
f 5276/72 5274/72 5544/72
f 5100/72 5373/72 5371/72
f 5276/72 5546/72 5548/72
f 5213/72 5223/72 5495/72
f 5207/72 5479/72 5535/72
f 5216/72 5212/72 5485/72
f 5199/72 5472/72 5536/72
f 5197/72 5468/72 5479/72
f 5148/72 5232/72 5503/72
f 5277/72 5548/72 5495/72
f 5125/72 5126/72 5398/72
f 5129/72 5164/72 5434/72
f 5151/72 5148/72 5420/72
f 5229/72 5157/72 5428/72
f 5129/72 5401/72 5402/72
f 5166/72 5437/72 5443/72
f 5280/72 5121/72 5393/72
f 5153/72 5151/72 5422/72
f 5190/72 5280/72 5551/72
f 5265/72 5536/72 5360/72
f 5176/72 5174/72 5443/72
f 5126/72 5195/72 5465/72
f 5213/72 5484/72 5485/72
f 5155/72 5153/72 5424/72
f 5193/72 5190/72 5461/72
f 5216/72 5487/72 5488/72
f 5157/72 5155/72 5426/72
f 5193/72 5463/72 5465/72
f 5317/72 5437/72 5166/72
f 4975/72 5307/72 5393/72
f 5033/72 5337/72 5376/72
f 5075/72 5360/72 5503/72
f 4922/69 4906/69 5553/73
f 5554/74 4919/65 4912/65
f 4912/49 4909/46 4893/48
f 4893/48 4909/46 4910/47
f 4899/48 4905/46 4907/49
f 5556/51 4905/46 4906/47
f 5557/77 4886/78 4920/78
f 5558/80 4908/80 4889/79
f 5559/33 4890/30 4903/32
f 5556/84 4890/45 4889/83
f 4884/45 4886/43 5557/44
f 4883/83 4884/45 4911/84
f 5101/129 5099/128 5237/127
f 5237/127 5236/130 5101/129
f 5236/130 5136/132 5234/131
f 5136/132 5116/134 5138/133
f 5116/134 5115/135 5138/133
f 5115/135 5131/137 5130/136
f 5131/137 5247/138 5130/136
f 5240/141 5239/140 5102/139
f 5247/138 5240/141 5238/142
f 5130/136 5247/138 5238/142
f 5236/130 5234/131 5101/129
f 5138/133 5234/131 5136/132
f 5138/133 5115/135 5130/136
f 5240/141 5102/139 5135/143
f 5135/143 5134/145 5139/144
f 5134/145 5235/147 5141/146
f 5235/147 5108/148 5141/146
f 5108/148 5107/150 5243/149
f 5141/146 5108/148 5243/149
f 5107/150 5133/151 5243/149
f 5133/151 5132/153 5241/152
f 5243/149 5133/151 5241/152
f 5132/153 5106/155 5103/154
f 5106/155 5105/156 5103/154
f 5103/154 5241/152 5132/153
f 5240/141 5135/143 5139/144
f 5134/145 5141/146 5139/144
f 5238/142 5240/141 5139/144
f 5281/159 5127/158 5163/157
f 5163/157 5238/142 5139/144
f 5281/159 5163/157 5142/160
f 5163/157 5139/144 5142/160
f 5142/160 5160/162 5158/161
f 5194/164 5281/159 5227/163
f 5281/159 5142/160 5158/161
f 5281/159 5158/161 5227/163
f 5158/161 5259/166 5156/165
f 5194/164 5227/163 5224/167
f 5122/170 5120/169 5181/168
f 5120/169 5191/172 5182/171
f 5182/171 5181/168 5120/169
f 5184/175 5183/174 5189/173
f 5183/174 5182/171 5191/172
f 5186/178 5185/177 5192/176
f 5185/177 5184/175 5189/173
f 5192/176 5185/177 5189/173
f 5278/180 5187/179 5194/164
f 5187/179 5186/178 5192/176
f 5194/164 5187/179 5192/176
f 5171/182 5279/181 5278/180
f 5219/185 5226/184 5214/183
f 5226/184 5188/186 5224/167
f 5214/183 5226/184 5224/167
f 5188/186 5171/182 5278/180
f 5183/174 5191/172 5189/173
f 5188/186 5278/180 5194/164
f 5210/187 5219/185 5214/183
f 5220/190 5211/189 5225/188
f 5211/189 5210/187 5225/188
f 5222/193 5221/192 5218/191
f 5221/192 5220/190 5217/194
f 5218/191 5111/195 5222/193
f 5217/194 5218/191 5221/192
f 5210/187 5214/183 5225/188
f 5220/190 5225/188 5217/194
f 5188/186 5194/164 5224/167
f 5227/163 5158/161 5275/196
f 5259/166 5114/198 5262/197
f 5275/196 5228/199 5227/163
f 5275/196 5158/161 5156/165
f 5156/165 5259/166 5154/200
f 5273/202 5275/196 5196/201
f 5271/204 5273/202 5268/203
f 5154/200 5259/166 5261/205
f 5249/208 5178/207 5257/206
f 5178/207 5177/210 5258/209
f 5257/206 5178/207 5258/209
f 5257/206 5119/211 5249/208
f 5119/211 5145/213 5124/212
f 5249/208 5119/211 5124/212
f 5145/213 5144/214 5124/212
f 5144/214 5146/215 5114/198
f 5146/215 5262/197 5114/198
f 5262/197 5261/205 5259/166
f 5261/205 5260/217 5118/216
f 5260/217 5109/218 5118/216
f 5118/216 5256/219 5154/200
f 5256/219 5255/221 5152/220
f 5144/214 5114/198 5124/212
f 5261/205 5118/216 5154/200
f 5256/219 5152/220 5154/200
f 5255/221 5254/222 5152/220
f 5254/222 5253/224 5150/223
f 5253/224 5252/225 5150/223
f 5252/225 5251/227 5147/226
f 5251/227 5117/229 5149/228
f 5147/226 5251/227 5149/228
f 5117/229 5233/230 5149/228
f 5150/223 5252/225 5147/226
f 5275/196 5156/165 5196/201
f 5254/222 5150/223 5152/220
f 5156/165 5198/231 5196/201
f 5175/233 5271/204 5169/232
f 5273/202 5196/201 5208/234
f 5273/202 5208/234 5269/235
f 5167/238 5165/237 5168/236
f 5165/237 5173/240 5266/239
f 5168/236 5165/237 5266/239
f 5273/202 5269/235 5268/203
f 5208/234 5264/242 5209/241
f 5172/243 5208/234 5209/241
f 5173/240 5175/233 5203/244
f 5203/244 5266/239 5173/240
f 5169/232 5267/245 5175/233
f 5267/245 5203/244 5175/233
f 5268/203 5170/246 5271/204
f 5170/246 5169/232 5271/204
f 5162/248 5161/247 5269/235
f 5208/234 5172/243 5269/235
f 5264/242 5270/250 5179/249
f 5172/243 5162/248 5269/235
f 5202/251 5209/241 5264/242
f 5180/252 5179/249 5270/250
f 5179/249 5202/251 5264/242
f 5205/85 5204/253 5201/87
f 5204/253 5180/252 5270/250
f 5201/87 5204/253 5270/250
f 5230/255 5206/254 5231/86
f 5206/254 5205/85 5231/86
f 5507/258 5370/257 5372/256
f 5372/256 5508/259 5507/258
f 5505/261 5408/260 5508/259
f 5409/263 5387/262 5408/260
f 5409/263 5388/264 5387/262
f 5400/266 5403/265 5388/264
f 5400/266 5518/267 5403/265
f 5374/270 5511/269 5510/268
f 5509/271 5510/268 5518/267
f 5509/271 5518/267 5400/266
f 5372/256 5505/261 5508/259
f 5408/260 5505/261 5409/263
f 5400/266 5388/264 5409/263
f 5407/272 5374/270 5510/268
f 5413/274 5406/273 5407/272
f 5411/276 5506/275 5406/273
f 5411/276 5380/277 5506/275
f 5515/279 5379/278 5380/277
f 5515/279 5380/277 5411/276
f 5515/279 5404/280 5379/278
f 5513/282 5405/281 5404/280
f 5513/282 5404/280 5515/279
f 5377/284 5378/283 5405/281
f 5377/284 5375/285 5378/283
f 5405/281 5513/282 5377/284
f 5413/274 5407/272 5510/268
f 5413/274 5411/276 5406/273
f 5413/274 5510/268 5509/271
f 5435/288 5397/287 5552/286
f 5413/274 5509/271 5435/288
f 5415/289 5435/288 5552/286
f 5415/289 5413/274 5435/288
f 5432/291 5430/290 5415/289
f 5499/293 5552/286 5466/292
f 5432/291 5415/289 5552/286
f 5499/293 5432/291 5552/286
f 5429/295 5530/294 5432/291
f 5494/296 5499/293 5466/292
f 5452/299 5394/298 5392/297
f 5454/301 5460/300 5394/298
f 5394/298 5452/299 5454/301
f 5462/304 5453/303 5455/302
f 5460/300 5454/301 5453/303
f 5464/307 5456/306 5457/305
f 5462/304 5455/302 5456/306
f 5462/304 5456/306 5464/307
f 5466/292 5458/309 5549/308
f 5464/307 5457/305 5458/309
f 5464/307 5458/309 5466/292
f 5549/308 5550/311 5441/310
f 5483/314 5497/313 5490/312
f 5494/296 5459/315 5497/313
f 5494/296 5497/313 5483/314
f 5549/308 5441/310 5459/315
f 5462/304 5460/300 5453/303
f 5466/292 5549/308 5459/315
f 5483/314 5490/312 5482/316
f 5496/319 5481/318 5491/317
f 5496/319 5482/316 5481/318
f 5489/322 5493/321 5492/320
f 5486/323 5491/317 5493/321
f 5492/320 5382/324 5489/322
f 5493/321 5489/322 5486/323
f 5496/319 5483/314 5482/316
f 5486/323 5496/319 5491/317
f 5494/296 5466/292 5459/315
f 5547/325 5432/291 5499/293
f 5533/327 5384/326 5530/294
f 5499/293 5498/328 5547/325
f 5429/295 5432/291 5547/325
f 5427/329 5530/294 5429/295
f 5469/331 5547/325 5545/330
f 5539/333 5545/330 5543/332
f 5531/334 5530/294 5427/329
f 5529/337 5447/336 5519/335
f 5528/339 5448/338 5447/336
f 5528/339 5447/336 5529/337
f 5519/335 5391/340 5529/337
f 5395/342 5416/341 5391/340
f 5395/342 5391/340 5519/335
f 5395/342 5417/343 5416/341
f 5384/326 5418/344 5417/343
f 5384/326 5533/327 5418/344
f 5530/294 5531/334 5533/327
f 5390/345 5532/217 5531/334
f 5390/345 5381/346 5532/217
f 5427/329 5527/347 5390/345
f 5425/349 5526/348 5527/347
f 5395/342 5384/326 5417/343
f 5427/329 5390/345 5531/334
f 5427/329 5425/349 5527/347
f 5425/349 5525/350 5526/348
f 5423/352 5524/351 5525/350
f 5423/352 5522/353 5524/351
f 5421/355 5523/354 5522/353
f 5419/357 5389/356 5523/354
f 5419/357 5523/354 5421/355
f 5419/357 5504/358 5389/356
f 5421/355 5522/353 5423/352
f 5469/331 5429/295 5547/325
f 5425/349 5423/352 5525/350
f 5469/331 5467/359 5429/295
f 5439/361 5543/332 5446/360
f 5478/90 5469/331 5545/330
f 5540/89 5478/90 5545/330
f 5438/364 5436/363 5451/362
f 5537/366 5444/365 5436/363
f 5539/333 5540/89 5545/330
f 5438/364 5537/366 5436/363
f 5474/367 5446/360 5444/365
f 5474/367 5444/365 5537/366
f 5446/360 5474/367 5538/368
f 5543/332 5439/361 5440/369
f 5446/360 5538/368 5439/361
f 5543/332 5440/369 5539/333
f 5540/89 5433/370 5442/88
f 5534/373 5480/372 5473/371
f 5478/90 5442/88 5480/372
f 5478/90 5480/372 5534/373
f 5541/376 5450/375 5449/374
f 5534/373 5473/371 5450/375
f 5470/379 5475/378 5477/377
f 5541/376 5449/374 5475/378
f 5541/376 5475/378 5470/379
f 5501/382 5476/381 5502/380
f 5501/382 5477/377 5476/381
f 5477/377 5501/382 5470/379
f 5541/376 5534/373 5450/375
f 5560/93 4874/383 4872/92
f 4875/96 4900/384 5561/95
f 4877/94 5561/95 5560/93
f 5566/101 4921/115 5567/103
f 5562/97 5581/385 4917/104
f 5568/107 5581/386 5562/106
f 5568/107 5563/105 5565/109
f 5564/100 4917/104 5570/111
f 5559/99 5572/113 5571/112
f 5564/100 5569/110 5572/113
f 4921/103 5566/102 5571/112
f 5576/100 5579/99 5575/113
f 4921/103 5573/114 5578/112
f 5579/99 5577/102 5578/112
f 5576/100 5574/110 5570/111
f 5568/107 5583/105 5582/109
f 5567/104 4921/385 5577/97
f 5582/101 5576/102 4917/103
f 5568/107 5567/386 5580/106
f 5586/116 5593/116 5585/116
f 5589/116 5595/116 5588/117
f 5592/117 5614/117 5591/116
f 5594/118 5597/118 5593/116
f 5596/118 5599/118 5595/116
f 5594/118 5600/118 5598/118
f 5584/118 5585/118 5599/118
f 5590/116 5591/116 5598/118
f 4904/77 4923/77 4920/78
f 5555/73 4910/69 4922/69
f 4910/69 5557/70 4923/70
f 4903/67 4920/67 4921/68
f 5558/80 4918/79 4883/79
f 4907/65 4919/65 5554/74
f 4908/66 5558/66 4919/65
f 4918/64 4917/63 4885/63
f 4892/37 5555/120 4881/75
f 4897/37 5554/119 4915/75
f 5603/123 5615/126 5602/122
f 5606/123 5616/125 5605/124
f 5608/125 5603/123 5601/121
f 5610/126 5606/123 5604/121
f 5795/918 5792/918 5793/918
f 5791/918 5789/918 5788/918
f 5793/918 5794/918 5795/918
f 5789/918 5791/918 5790/918
f 5788/918 5789/918 5793/918
f 5788/918 5793/918 5792/918
f 5789/918 5790/918 5794/918
f 5789/918 5794/918 5793/918
f 5790/918 5791/918 5795/918
f 5790/918 5795/918 5794/918
f 5791/918 5788/918 5792/918
f 5791/918 5792/918 5795/918
f 5803/918 5800/918 5801/918
f 5799/918 5797/918 5796/918
f 5801/918 5802/918 5803/918
f 5797/918 5799/918 5798/918
f 5796/918 5797/918 5801/918
f 5796/918 5801/918 5800/918
f 5797/918 5798/918 5802/918
f 5797/918 5802/918 5801/918
f 5798/918 5799/918 5803/918
f 5798/918 5803/918 5802/918
f 5799/918 5796/918 5800/918
f 5799/918 5800/918 5803/918
f 5816/918 5804/918 5805/918
f 5816/918 5805/918 5817/918
f 5828/918 5840/918 5841/918
f 5828/918 5841/918 5829/918
f 5804/918 5828/918 5829/918
f 5804/918 5829/918 5805/918
f 5840/918 5816/918 5817/918
f 5840/918 5817/918 5841/918
f 5817/918 5805/918 5806/918
f 5817/918 5806/918 5818/918
f 5829/918 5841/918 5842/918
f 5829/918 5842/918 5830/918
f 5805/918 5829/918 5830/918
f 5805/918 5830/918 5806/918
f 5841/918 5817/918 5818/918
f 5841/918 5818/918 5842/918
f 5818/918 5806/918 5807/918
f 5818/918 5807/918 5819/918
f 5830/918 5842/918 5843/918
f 5830/918 5843/918 5831/918
f 5806/918 5830/918 5831/918
f 5806/918 5831/918 5807/918
f 5842/918 5818/918 5819/918
f 5842/918 5819/918 5843/918
f 5819/918 5807/918 5808/918
f 5819/918 5808/918 5820/918
f 5831/918 5843/918 5844/918
f 5831/918 5844/918 5832/918
f 5807/918 5831/918 5832/918
f 5807/918 5832/918 5808/918
f 5843/918 5819/918 5820/918
f 5843/918 5820/918 5844/918
f 5820/918 5808/918 5809/918
f 5820/918 5809/918 5821/918
f 5832/918 5844/918 5845/918
f 5832/918 5845/918 5833/918
f 5808/918 5832/918 5833/918
f 5808/918 5833/918 5809/918
f 5844/918 5820/918 5821/918
f 5844/918 5821/918 5845/918
f 5821/918 5809/918 5810/918
f 5821/918 5810/918 5822/918
f 5833/918 5845/918 5846/918
f 5833/918 5846/918 5834/918
f 5809/918 5833/918 5834/918
f 5809/918 5834/918 5810/918
f 5845/918 5821/918 5822/918
f 5845/918 5822/918 5846/918
f 5822/918 5810/918 5811/918
f 5822/918 5811/918 5823/918
f 5834/918 5846/918 5847/918
f 5834/918 5847/918 5835/918
f 5810/918 5834/918 5835/918
f 5810/918 5835/918 5811/918
f 5846/918 5822/918 5823/918
f 5846/918 5823/918 5847/918
f 5823/918 5811/918 5812/918
f 5823/918 5812/918 5824/918
f 5835/918 5847/918 5848/918
f 5835/918 5848/918 5836/918
f 5811/918 5835/918 5836/918
f 5811/918 5836/918 5812/918
f 5847/918 5823/918 5824/918
f 5847/918 5824/918 5848/918
f 5824/918 5812/918 5813/918
f 5824/918 5813/918 5825/918
f 5836/918 5848/918 5849/918
f 5836/918 5849/918 5837/918
f 5812/918 5836/918 5837/918
f 5812/918 5837/918 5813/918
f 5848/918 5824/918 5825/918
f 5848/918 5825/918 5849/918
f 5825/918 5813/918 5814/918
f 5825/918 5814/918 5826/918
f 5837/918 5849/918 5850/918
f 5837/918 5850/918 5838/918
f 5813/918 5837/918 5838/918
f 5813/918 5838/918 5814/918
f 5849/918 5825/918 5826/918
f 5849/918 5826/918 5850/918
f 5826/918 5814/918 5815/918
f 5826/918 5815/918 5827/918
f 5838/918 5850/918 5851/918
f 5838/918 5851/918 5839/918
f 5814/918 5838/918 5839/918
f 5814/918 5839/918 5815/918
f 5850/918 5826/918 5827/918
f 5850/918 5827/918 5851/918
f 5827/918 5815/918 5804/918
f 5827/918 5804/918 5816/918
f 5839/918 5851/918 5840/918
f 5839/918 5840/918 5828/918
f 5815/918 5839/918 5828/918
f 5815/918 5828/918 5804/918
f 5851/918 5827/918 5816/918
f 5851/918 5816/918 5840/918
f 5864/918 5852/918 5853/918
f 5864/918 5853/918 5865/918
f 5876/918 5888/918 5889/918
f 5876/918 5889/918 5877/918
f 5852/918 5876/918 5877/918
f 5852/918 5877/918 5853/918
f 5888/918 5864/918 5865/918
f 5888/918 5865/918 5889/918
f 5865/918 5853/918 5854/918
f 5865/918 5854/918 5866/918
f 5877/918 5889/918 5890/918
f 5877/918 5890/918 5878/918
f 5853/918 5877/918 5878/918
f 5853/918 5878/918 5854/918
f 5889/918 5865/918 5866/918
f 5889/918 5866/918 5890/918
f 5866/918 5854/918 5855/918
f 5866/918 5855/918 5867/918
f 5878/918 5890/918 5891/918
f 5878/918 5891/918 5879/918
f 5854/918 5878/918 5879/918
f 5854/918 5879/918 5855/918
f 5890/918 5866/918 5867/918
f 5890/918 5867/918 5891/918
f 5867/918 5855/918 5856/918
f 5867/918 5856/918 5868/918
f 5879/918 5891/918 5892/918
f 5879/918 5892/918 5880/918
f 5855/918 5879/918 5880/918
f 5855/918 5880/918 5856/918
f 5891/918 5867/918 5868/918
f 5891/918 5868/918 5892/918
f 5868/918 5856/918 5857/918
f 5868/918 5857/918 5869/918
f 5880/918 5892/918 5893/918
f 5880/918 5893/918 5881/918
f 5856/918 5880/918 5881/918
f 5856/918 5881/918 5857/918
f 5892/918 5868/918 5869/918
f 5892/918 5869/918 5893/918
f 5869/918 5857/918 5858/918
f 5869/918 5858/918 5870/918
f 5881/918 5893/918 5894/918
f 5881/918 5894/918 5882/918
f 5857/918 5881/918 5882/918
f 5857/918 5882/918 5858/918
f 5893/918 5869/918 5870/918
f 5893/918 5870/918 5894/918
f 5870/918 5858/918 5859/918
f 5870/918 5859/918 5871/918
f 5882/918 5894/918 5895/918
f 5882/918 5895/918 5883/918
f 5858/918 5882/918 5883/918
f 5858/918 5883/918 5859/918
f 5894/918 5870/918 5871/918
f 5894/918 5871/918 5895/918
f 5871/918 5859/918 5860/918
f 5871/918 5860/918 5872/918
f 5883/918 5895/918 5896/918
f 5883/918 5896/918 5884/918
f 5859/918 5883/918 5884/918
f 5859/918 5884/918 5860/918
f 5895/918 5871/918 5872/918
f 5895/918 5872/918 5896/918
f 5872/918 5860/918 5861/918
f 5872/918 5861/918 5873/918
f 5884/918 5896/918 5897/918
f 5884/918 5897/918 5885/918
f 5860/918 5884/918 5885/918
f 5860/918 5885/918 5861/918
f 5896/918 5872/918 5873/918
f 5896/918 5873/918 5897/918
f 5873/918 5861/918 5862/918
f 5873/918 5862/918 5874/918
f 5885/918 5897/918 5898/918
f 5885/918 5898/918 5886/918
f 5861/918 5885/918 5886/918
f 5861/918 5886/918 5862/918
f 5897/918 5873/918 5874/918
f 5897/918 5874/918 5898/918
f 5874/918 5862/918 5863/918
f 5874/918 5863/918 5875/918
f 5886/918 5898/918 5899/918
f 5886/918 5899/918 5887/918
f 5862/918 5886/918 5887/918
f 5862/918 5887/918 5863/918
f 5898/918 5874/918 5875/918
f 5898/918 5875/918 5899/918
f 5875/918 5863/918 5852/918
f 5875/918 5852/918 5864/918
f 5887/918 5899/918 5888/918
f 5887/918 5888/918 5876/918
f 5863/918 5887/918 5876/918
f 5863/918 5876/918 5852/918
f 5899/918 5875/918 5864/918
f 5899/918 5864/918 5888/918
f 5912/918 5900/918 5901/918
f 5912/918 5901/918 5913/918
f 5924/918 5936/918 5937/918
f 5924/918 5937/918 5925/918
f 5900/918 5924/918 5925/918
f 5900/918 5925/918 5901/918
f 5936/918 5912/918 5913/918
f 5936/918 5913/918 5937/918
f 5913/918 5901/918 5902/918
f 5913/918 5902/918 5914/918
f 5925/918 5937/918 5938/918
f 5925/918 5938/918 5926/918
f 5901/918 5925/918 5926/918
f 5901/918 5926/918 5902/918
f 5937/918 5913/918 5914/918
f 5937/918 5914/918 5938/918
f 5914/918 5902/918 5903/918
f 5914/918 5903/918 5915/918
f 5926/918 5938/918 5939/918
f 5926/918 5939/918 5927/918
f 5902/918 5926/918 5927/918
f 5902/918 5927/918 5903/918
f 5938/918 5914/918 5915/918
f 5938/918 5915/918 5939/918
f 5915/918 5903/918 5904/918
f 5915/918 5904/918 5916/918
f 5927/918 5939/918 5940/918
f 5927/918 5940/918 5928/918
f 5903/918 5927/918 5928/918
f 5903/918 5928/918 5904/918
f 5939/918 5915/918 5916/918
f 5939/918 5916/918 5940/918
f 5916/918 5904/918 5905/918
f 5916/918 5905/918 5917/918
f 5928/918 5940/918 5941/918
f 5928/918 5941/918 5929/918
f 5904/918 5928/918 5929/918
f 5904/918 5929/918 5905/918
f 5940/918 5916/918 5917/918
f 5940/918 5917/918 5941/918
f 5917/918 5905/918 5906/918
f 5917/918 5906/918 5918/918
f 5929/918 5941/918 5942/918
f 5929/918 5942/918 5930/918
f 5905/918 5929/918 5930/918
f 5905/918 5930/918 5906/918
f 5941/918 5917/918 5918/918
f 5941/918 5918/918 5942/918
f 5918/918 5906/918 5907/918
f 5918/918 5907/918 5919/918
f 5930/918 5942/918 5943/918
f 5930/918 5943/918 5931/918
f 5906/918 5930/918 5931/918
f 5906/918 5931/918 5907/918
f 5942/918 5918/918 5919/918
f 5942/918 5919/918 5943/918
f 5919/918 5907/918 5908/918
f 5919/918 5908/918 5920/918
f 5931/918 5943/918 5944/918
f 5931/918 5944/918 5932/918
f 5907/918 5931/918 5932/918
f 5907/918 5932/918 5908/918
f 5943/918 5919/918 5920/918
f 5943/918 5920/918 5944/918
f 5920/918 5908/918 5909/918
f 5920/918 5909/918 5921/918
f 5932/918 5944/918 5945/918
f 5932/918 5945/918 5933/918
f 5908/918 5932/918 5933/918
f 5908/918 5933/918 5909/918
f 5944/918 5920/918 5921/918
f 5944/918 5921/918 5945/918
f 5921/918 5909/918 5910/918
f 5921/918 5910/918 5922/918
f 5933/918 5945/918 5946/918
f 5933/918 5946/918 5934/918
f 5909/918 5933/918 5934/918
f 5909/918 5934/918 5910/918
f 5945/918 5921/918 5922/918
f 5945/918 5922/918 5946/918
f 5922/918 5910/918 5911/918
f 5922/918 5911/918 5923/918
f 5934/918 5946/918 5947/918
f 5934/918 5947/918 5935/918
f 5910/918 5934/918 5935/918
f 5910/918 5935/918 5911/918
f 5946/918 5922/918 5923/918
f 5946/918 5923/918 5947/918
f 5923/918 5911/918 5900/918
f 5923/918 5900/918 5912/918
f 5935/918 5947/918 5936/918
f 5935/918 5936/918 5924/918
f 5911/918 5935/918 5924/918
f 5911/918 5924/918 5900/918
f 5947/918 5923/918 5912/918
f 5947/918 5912/918 5936/918
f 5960/918 5948/918 5949/918
f 5960/918 5949/918 5961/918
f 5972/918 5984/918 5985/918
f 5972/918 5985/918 5973/918
f 5948/918 5972/918 5973/918
f 5948/918 5973/918 5949/918
f 5984/918 5960/918 5961/918
f 5984/918 5961/918 5985/918
f 5961/918 5949/918 5950/918
f 5961/918 5950/918 5962/918
f 5973/918 5985/918 5986/918
f 5973/918 5986/918 5974/918
f 5949/918 5973/918 5974/918
f 5949/918 5974/918 5950/918
f 5985/918 5961/918 5962/918
f 5985/918 5962/918 5986/918
f 5962/918 5950/918 5951/918
f 5962/918 5951/918 5963/918
f 5974/918 5986/918 5987/918
f 5974/918 5987/918 5975/918
f 5950/918 5974/918 5975/918
f 5950/918 5975/918 5951/918
f 5986/918 5962/918 5963/918
f 5986/918 5963/918 5987/918
f 5963/918 5951/918 5952/918
f 5963/918 5952/918 5964/918
f 5975/918 5987/918 5988/918
f 5975/918 5988/918 5976/918
f 5951/918 5975/918 5976/918
f 5951/918 5976/918 5952/918
f 5987/918 5963/918 5964/918
f 5987/918 5964/918 5988/918
f 5964/918 5952/918 5953/918
f 5964/918 5953/918 5965/918
f 5976/918 5988/918 5989/918
f 5976/918 5989/918 5977/918
f 5952/918 5976/918 5977/918
f 5952/918 5977/918 5953/918
f 5988/918 5964/918 5965/918
f 5988/918 5965/918 5989/918
f 5965/918 5953/918 5954/918
f 5965/918 5954/918 5966/918
f 5977/918 5989/918 5990/918
f 5977/918 5990/918 5978/918
f 5953/918 5977/918 5978/918
f 5953/918 5978/918 5954/918
f 5989/918 5965/918 5966/918
f 5989/918 5966/918 5990/918
f 5966/918 5954/918 5955/918
f 5966/918 5955/918 5967/918
f 5978/918 5990/918 5991/918
f 5978/918 5991/918 5979/918
f 5954/918 5978/918 5979/918
f 5954/918 5979/918 5955/918
f 5990/918 5966/918 5967/918
f 5990/918 5967/918 5991/918
f 5967/918 5955/918 5956/918
f 5967/918 5956/918 5968/918
f 5979/918 5991/918 5992/918
f 5979/918 5992/918 5980/918
f 5955/918 5979/918 5980/918
f 5955/918 5980/918 5956/918
f 5991/918 5967/918 5968/918
f 5991/918 5968/918 5992/918
f 5968/918 5956/918 5957/918
f 5968/918 5957/918 5969/918
f 5980/918 5992/918 5993/918
f 5980/918 5993/918 5981/918
f 5956/918 5980/918 5981/918
f 5956/918 5981/918 5957/918
f 5992/918 5968/918 5969/918
f 5992/918 5969/918 5993/918
f 5969/918 5957/918 5958/918
f 5969/918 5958/918 5970/918
f 5981/918 5993/918 5994/918
f 5981/918 5994/918 5982/918
f 5957/918 5981/918 5982/918
f 5957/918 5982/918 5958/918
f 5993/918 5969/918 5970/918
f 5993/918 5970/918 5994/918
f 5970/918 5958/918 5959/918
f 5970/918 5959/918 5971/918
f 5982/918 5994/918 5995/918
f 5982/918 5995/918 5983/918
f 5958/918 5982/918 5983/918
f 5958/918 5983/918 5959/918
f 5994/918 5970/918 5971/918
f 5994/918 5971/918 5995/918
f 5971/918 5959/918 5948/918
f 5971/918 5948/918 5960/918
f 5983/918 5995/918 5984/918
f 5983/918 5984/918 5972/918
f 5959/918 5983/918 5972/918
f 5959/918 5972/918 5948/918
f 5995/918 5971/918 5960/918
f 5995/918 5960/918 5984/918
f 6131/918 6128/918 6129/918
f 6127/918 6125/918 6124/918
f 6129/918 6130/918 6131/918
f 6125/918 6127/918 6126/918
f 6124/918 6125/918 6129/918
f 6124/918 6129/918 6128/918
f 6125/918 6126/918 6130/918
f 6125/918 6130/918 6129/918
f 6126/918 6127/918 6131/918
f 6126/918 6131/918 6130/918
f 6127/918 6124/918 6128/918
f 6127/918 6128/918 6131/918
f 6135/920 6136/920 6137/920
f 6132/920 6134/920 6133/920
f 6132/920 6133/920 6136/920
f 6132/920 6136/920 6135/920
f 6133/920 6134/920 6137/920
f 6133/920 6137/920 6136/920
f 6134/920 6132/920 6135/920
f 6134/920 6135/920 6137/920
f 6145/918 6142/918 6143/918
f 6141/918 6139/918 6138/918
f 6143/918 6144/918 6145/918
f 6139/918 6141/918 6140/918
f 6138/918 6139/918 6143/918
f 6138/918 6143/918 6142/918
f 6139/918 6140/918 6144/918
f 6139/918 6144/918 6143/918
f 6140/918 6141/918 6145/918
f 6140/918 6145/918 6144/918
f 6141/918 6138/918 6142/918
f 6141/918 6142/918 6145/918
f 6149/920 6150/920 6151/920
f 6146/920 6148/920 6147/920
f 6146/920 6147/920 6150/920
f 6146/920 6150/920 6149/920
f 6147/920 6148/920 6151/920
f 6147/920 6151/920 6150/920
f 6148/920 6146/920 6149/920
f 6148/920 6149/920 6151/920
f 6196/919 6184/919 6185/919
f 6196/919 6185/919 6197/919
f 6208/919 6220/919 6221/919
f 6208/919 6221/919 6209/919
f 6184/919 6208/919 6209/919
f 6184/919 6209/919 6185/919
f 6220/919 6196/919 6197/919
f 6220/919 6197/919 6221/919
f 6197/919 6185/919 6186/919
f 6197/919 6186/919 6198/919
f 6209/919 6221/919 6222/919
f 6209/919 6222/919 6210/919
f 6185/919 6209/919 6210/919
f 6185/919 6210/919 6186/919
f 6221/919 6197/919 6198/919
f 6221/919 6198/919 6222/919
f 6198/919 6186/919 6187/919
f 6198/919 6187/919 6199/919
f 6210/919 6222/919 6223/919
f 6210/919 6223/919 6211/919
f 6186/919 6210/919 6211/919
f 6186/919 6211/919 6187/919
f 6222/919 6198/919 6199/919
f 6222/919 6199/919 6223/919
f 6199/919 6187/919 6188/919
f 6199/919 6188/919 6200/919
f 6211/919 6223/919 6224/919
f 6211/919 6224/919 6212/919
f 6187/919 6211/919 6212/919
f 6187/919 6212/919 6188/919
f 6223/919 6199/919 6200/919
f 6223/919 6200/919 6224/919
f 6200/919 6188/919 6189/919
f 6200/919 6189/919 6201/919
f 6212/919 6224/919 6225/919
f 6212/919 6225/919 6213/919
f 6188/919 6212/919 6213/919
f 6188/919 6213/919 6189/919
f 6224/919 6200/919 6201/919
f 6224/919 6201/919 6225/919
f 6201/919 6189/919 6190/919
f 6201/919 6190/919 6202/919
f 6213/919 6225/919 6226/919
f 6213/919 6226/919 6214/919
f 6189/919 6213/919 6214/919
f 6189/919 6214/919 6190/919
f 6225/919 6201/919 6202/919
f 6225/919 6202/919 6226/919
f 6202/919 6190/919 6191/919
f 6202/919 6191/919 6203/919
f 6214/919 6226/919 6227/919
f 6214/919 6227/919 6215/919
f 6190/919 6214/919 6215/919
f 6190/919 6215/919 6191/919
f 6226/919 6202/919 6203/919
f 6226/919 6203/919 6227/919
f 6203/919 6191/919 6192/919
f 6203/919 6192/919 6204/919
f 6215/919 6227/919 6228/919
f 6215/919 6228/919 6216/919
f 6191/919 6215/919 6216/919
f 6191/919 6216/919 6192/919
f 6227/919 6203/919 6204/919
f 6227/919 6204/919 6228/919
f 6204/919 6192/919 6193/919
f 6204/919 6193/919 6205/919
f 6216/919 6228/919 6229/919
f 6216/919 6229/919 6217/919
f 6192/919 6216/919 6217/919
f 6192/919 6217/919 6193/919
f 6228/919 6204/919 6205/919
f 6228/919 6205/919 6229/919
f 6205/919 6193/919 6194/919
f 6205/919 6194/919 6206/919
f 6217/919 6229/919 6230/919
f 6217/919 6230/919 6218/919
f 6193/919 6217/919 6218/919
f 6193/919 6218/919 6194/919
f 6229/919 6205/919 6206/919
f 6229/919 6206/919 6230/919
f 6206/919 6194/919 6195/919
f 6206/919 6195/919 6207/919
f 6218/919 6230/919 6231/919
f 6218/919 6231/919 6219/919
f 6194/919 6218/919 6219/919
f 6194/919 6219/919 6195/919
f 6230/919 6206/919 6207/919
f 6230/919 6207/919 6231/919
f 6207/919 6195/919 6184/919
f 6207/919 6184/919 6196/919
f 6219/919 6231/919 6220/919
f 6219/919 6220/919 6208/919
f 6195/919 6219/919 6208/919
f 6195/919 6208/919 6184/919
f 6231/919 6207/919 6196/919
f 6231/919 6196/919 6220/919
f 6244/919 6232/919 6233/919
f 6244/919 6233/919 6245/919
f 6256/919 6268/919 6269/919
f 6256/919 6269/919 6257/919
f 6232/919 6256/919 6257/919
f 6232/919 6257/919 6233/919
f 6268/919 6244/919 6245/919
f 6268/919 6245/919 6269/919
f 6245/919 6233/919 6234/919
f 6245/919 6234/919 6246/919
f 6257/919 6269/919 6270/919
f 6257/919 6270/919 6258/919
f 6233/919 6257/919 6258/919
f 6233/919 6258/919 6234/919
f 6269/919 6245/919 6246/919
f 6269/919 6246/919 6270/919
f 6246/919 6234/919 6235/919
f 6246/919 6235/919 6247/919
f 6258/919 6270/919 6271/919
f 6258/919 6271/919 6259/919
f 6234/919 6258/919 6259/919
f 6234/919 6259/919 6235/919
f 6270/919 6246/919 6247/919
f 6270/919 6247/919 6271/919
f 6247/919 6235/919 6236/919
f 6247/919 6236/919 6248/919
f 6259/919 6271/919 6272/919
f 6259/919 6272/919 6260/919
f 6235/919 6259/919 6260/919
f 6235/919 6260/919 6236/919
f 6271/919 6247/919 6248/919
f 6271/919 6248/919 6272/919
f 6248/919 6236/919 6237/919
f 6248/919 6237/919 6249/919
f 6260/919 6272/919 6273/919
f 6260/919 6273/919 6261/919
f 6236/919 6260/919 6261/919
f 6236/919 6261/919 6237/919
f 6272/919 6248/919 6249/919
f 6272/919 6249/919 6273/919
f 6249/919 6237/919 6238/919
f 6249/919 6238/919 6250/919
f 6261/919 6273/919 6274/919
f 6261/919 6274/919 6262/919
f 6237/919 6261/919 6262/919
f 6237/919 6262/919 6238/919
f 6273/919 6249/919 6250/919
f 6273/919 6250/919 6274/919
f 6250/919 6238/919 6239/919
f 6250/919 6239/919 6251/919
f 6262/919 6274/919 6275/919
f 6262/919 6275/919 6263/919
f 6238/919 6262/919 6263/919
f 6238/919 6263/919 6239/919
f 6274/919 6250/919 6251/919
f 6274/919 6251/919 6275/919
f 6251/919 6239/919 6240/919
f 6251/919 6240/919 6252/919
f 6263/919 6275/919 6276/919
f 6263/919 6276/919 6264/919
f 6239/919 6263/919 6264/919
f 6239/919 6264/919 6240/919
f 6275/919 6251/919 6252/919
f 6275/919 6252/919 6276/919
f 6252/919 6240/919 6241/919
f 6252/919 6241/919 6253/919
f 6264/919 6276/919 6277/919
f 6264/919 6277/919 6265/919
f 6240/919 6264/919 6265/919
f 6240/919 6265/919 6241/919
f 6276/919 6252/919 6253/919
f 6276/919 6253/919 6277/919
f 6253/919 6241/919 6242/919
f 6253/919 6242/919 6254/919
f 6265/919 6277/919 6278/919
f 6265/919 6278/919 6266/919
f 6241/919 6265/919 6266/919
f 6241/919 6266/919 6242/919
f 6277/919 6253/919 6254/919
f 6277/919 6254/919 6278/919
f 6254/919 6242/919 6243/919
f 6254/919 6243/919 6255/919
f 6266/919 6278/919 6279/919
f 6266/919 6279/919 6267/919
f 6242/919 6266/919 6267/919
f 6242/919 6267/919 6243/919
f 6278/919 6254/919 6255/919
f 6278/919 6255/919 6279/919
f 6255/919 6243/919 6232/919
f 6255/919 6232/919 6244/919
f 6267/919 6279/919 6268/919
f 6267/919 6268/919 6256/919
f 6243/919 6267/919 6256/919
f 6243/919 6256/919 6232/919
f 6279/919 6255/919 6244/919
f 6279/919 6244/919 6268/919
f 6292/919 6280/919 6281/919
f 6292/919 6281/919 6293/919
f 6304/919 6316/919 6317/919
f 6304/919 6317/919 6305/919
f 6280/919 6304/919 6305/919
f 6280/919 6305/919 6281/919
f 6316/919 6292/919 6293/919
f 6316/919 6293/919 6317/919
f 6293/919 6281/919 6282/919
f 6293/919 6282/919 6294/919
f 6305/919 6317/919 6318/919
f 6305/919 6318/919 6306/919
f 6281/919 6305/919 6306/919
f 6281/919 6306/919 6282/919
f 6317/919 6293/919 6294/919
f 6317/919 6294/919 6318/919
f 6294/919 6282/919 6283/919
f 6294/919 6283/919 6295/919
f 6306/919 6318/919 6319/919
f 6306/919 6319/919 6307/919
f 6282/919 6306/919 6307/919
f 6282/919 6307/919 6283/919
f 6318/919 6294/919 6295/919
f 6318/919 6295/919 6319/919
f 6295/919 6283/919 6284/919
f 6295/919 6284/919 6296/919
f 6307/919 6319/919 6320/919
f 6307/919 6320/919 6308/919
f 6283/919 6307/919 6308/919
f 6283/919 6308/919 6284/919
f 6319/919 6295/919 6296/919
f 6319/919 6296/919 6320/919
f 6296/919 6284/919 6285/919
f 6296/919 6285/919 6297/919
f 6308/919 6320/919 6321/919
f 6308/919 6321/919 6309/919
f 6284/919 6308/919 6309/919
f 6284/919 6309/919 6285/919
f 6320/919 6296/919 6297/919
f 6320/919 6297/919 6321/919
f 6297/919 6285/919 6286/919
f 6297/919 6286/919 6298/919
f 6309/919 6321/919 6322/919
f 6309/919 6322/919 6310/919
f 6285/919 6309/919 6310/919
f 6285/919 6310/919 6286/919
f 6321/919 6297/919 6298/919
f 6321/919 6298/919 6322/919
f 6298/919 6286/919 6287/919
f 6298/919 6287/919 6299/919
f 6310/919 6322/919 6323/919
f 6310/919 6323/919 6311/919
f 6286/919 6310/919 6311/919
f 6286/919 6311/919 6287/919
f 6322/919 6298/919 6299/919
f 6322/919 6299/919 6323/919
f 6299/919 6287/919 6288/919
f 6299/919 6288/919 6300/919
f 6311/919 6323/919 6324/919
f 6311/919 6324/919 6312/919
f 6287/919 6311/919 6312/919
f 6287/919 6312/919 6288/919
f 6323/919 6299/919 6300/919
f 6323/919 6300/919 6324/919
f 6300/919 6288/919 6289/919
f 6300/919 6289/919 6301/919
f 6312/919 6324/919 6325/919
f 6312/919 6325/919 6313/919
f 6288/919 6312/919 6313/919
f 6288/919 6313/919 6289/919
f 6324/919 6300/919 6301/919
f 6324/919 6301/919 6325/919
f 6301/919 6289/919 6290/919
f 6301/919 6290/919 6302/919
f 6313/919 6325/919 6326/919
f 6313/919 6326/919 6314/919
f 6289/919 6313/919 6314/919
f 6289/919 6314/919 6290/919
f 6325/919 6301/919 6302/919
f 6325/919 6302/919 6326/919
f 6302/919 6290/919 6291/919
f 6302/919 6291/919 6303/919
f 6314/919 6326/919 6327/919
f 6314/919 6327/919 6315/919
f 6290/919 6314/919 6315/919
f 6290/919 6315/919 6291/919
f 6326/919 6302/919 6303/919
f 6326/919 6303/919 6327/919
f 6303/919 6291/919 6280/919
f 6303/919 6280/919 6292/919
f 6315/919 6327/919 6316/919
f 6315/919 6316/919 6304/919
f 6291/919 6315/919 6304/919
f 6291/919 6304/919 6280/919
f 6327/919 6303/919 6292/919
f 6327/919 6292/919 6316/919
f 6340/919 6328/919 6329/919
f 6340/919 6329/919 6341/919
f 6352/919 6364/919 6365/919
f 6352/919 6365/919 6353/919
f 6328/919 6352/919 6353/919
f 6328/919 6353/919 6329/919
f 6364/919 6340/919 6341/919
f 6364/919 6341/919 6365/919
f 6341/919 6329/919 6330/919
f 6341/919 6330/919 6342/919
f 6353/919 6365/919 6366/919
f 6353/919 6366/919 6354/919
f 6329/919 6353/919 6354/919
f 6329/919 6354/919 6330/919
f 6365/919 6341/919 6342/919
f 6365/919 6342/919 6366/919
f 6342/919 6330/919 6331/919
f 6342/919 6331/919 6343/919
f 6354/919 6366/919 6367/919
f 6354/919 6367/919 6355/919
f 6330/919 6354/919 6355/919
f 6330/919 6355/919 6331/919
f 6366/919 6342/919 6343/919
f 6366/919 6343/919 6367/919
f 6343/919 6331/919 6332/919
f 6343/919 6332/919 6344/919
f 6355/919 6367/919 6368/919
f 6355/919 6368/919 6356/919
f 6331/919 6355/919 6356/919
f 6331/919 6356/919 6332/919
f 6367/919 6343/919 6344/919
f 6367/919 6344/919 6368/919
f 6344/919 6332/919 6333/919
f 6344/919 6333/919 6345/919
f 6356/919 6368/919 6369/919
f 6356/919 6369/919 6357/919
f 6332/919 6356/919 6357/919
f 6332/919 6357/919 6333/919
f 6368/919 6344/919 6345/919
f 6368/919 6345/919 6369/919
f 6345/919 6333/919 6334/919
f 6345/919 6334/919 6346/919
f 6357/919 6369/919 6370/919
f 6357/919 6370/919 6358/919
f 6333/919 6357/919 6358/919
f 6333/919 6358/919 6334/919
f 6369/919 6345/919 6346/919
f 6369/919 6346/919 6370/919
f 6346/919 6334/919 6335/919
f 6346/919 6335/919 6347/919
f 6358/919 6370/919 6371/919
f 6358/919 6371/919 6359/919
f 6334/919 6358/919 6359/919
f 6334/919 6359/919 6335/919
f 6370/919 6346/919 6347/919
f 6370/919 6347/919 6371/919
f 6347/919 6335/919 6336/919
f 6347/919 6336/919 6348/919
f 6359/919 6371/919 6372/919
f 6359/919 6372/919 6360/919
f 6335/919 6359/919 6360/919
f 6335/919 6360/919 6336/919
f 6371/919 6347/919 6348/919
f 6371/919 6348/919 6372/919
f 6348/919 6336/919 6337/919
f 6348/919 6337/919 6349/919
f 6360/919 6372/919 6373/919
f 6360/919 6373/919 6361/919
f 6336/919 6360/919 6361/919
f 6336/919 6361/919 6337/919
f 6372/919 6348/919 6349/919
f 6372/919 6349/919 6373/919
f 6349/919 6337/919 6338/919
f 6349/919 6338/919 6350/919
f 6361/919 6373/919 6374/919
f 6361/919 6374/919 6362/919
f 6337/919 6361/919 6362/919
f 6337/919 6362/919 6338/919
f 6373/919 6349/919 6350/919
f 6373/919 6350/919 6374/919
f 6350/919 6338/919 6339/919
f 6350/919 6339/919 6351/919
f 6362/919 6374/919 6375/919
f 6362/919 6375/919 6363/919
f 6338/919 6362/919 6363/919
f 6338/919 6363/919 6339/919
f 6374/919 6350/919 6351/919
f 6374/919 6351/919 6375/919
f 6351/919 6339/919 6328/919
f 6351/919 6328/919 6340/919
f 6363/919 6375/919 6364/919
f 6363/919 6364/919 6352/919
f 6339/919 6363/919 6352/919
f 6339/919 6352/919 6328/919
f 6375/919 6351/919 6340/919
f 6375/919 6340/919 6364/919
f 6388/919 6376/919 6377/919
f 6388/919 6377/919 6389/919
f 6400/919 6412/919 6413/919
f 6400/919 6413/919 6401/919
f 6376/919 6400/919 6401/919
f 6376/919 6401/919 6377/919
f 6412/919 6388/919 6389/919
f 6412/919 6389/919 6413/919
f 6389/919 6377/919 6378/919
f 6389/919 6378/919 6390/919
f 6401/919 6413/919 6414/919
f 6401/919 6414/919 6402/919
f 6377/919 6401/919 6402/919
f 6377/919 6402/919 6378/919
f 6413/919 6389/919 6390/919
f 6413/919 6390/919 6414/919
f 6390/919 6378/919 6379/919
f 6390/919 6379/919 6391/919
f 6402/919 6414/919 6415/919
f 6402/919 6415/919 6403/919
f 6378/919 6402/919 6403/919
f 6378/919 6403/919 6379/919
f 6414/919 6390/919 6391/919
f 6414/919 6391/919 6415/919
f 6391/919 6379/919 6380/919
f 6391/919 6380/919 6392/919
f 6403/919 6415/919 6416/919
f 6403/919 6416/919 6404/919
f 6379/919 6403/919 6404/919
f 6379/919 6404/919 6380/919
f 6415/919 6391/919 6392/919
f 6415/919 6392/919 6416/919
f 6392/919 6380/919 6381/919
f 6392/919 6381/919 6393/919
f 6404/919 6416/919 6417/919
f 6404/919 6417/919 6405/919
f 6380/919 6404/919 6405/919
f 6380/919 6405/919 6381/919
f 6416/919 6392/919 6393/919
f 6416/919 6393/919 6417/919
f 6393/919 6381/919 6382/919
f 6393/919 6382/919 6394/919
f 6405/919 6417/919 6418/919
f 6405/919 6418/919 6406/919
f 6381/919 6405/919 6406/919
f 6381/919 6406/919 6382/919
f 6417/919 6393/919 6394/919
f 6417/919 6394/919 6418/919
f 6394/919 6382/919 6383/919
f 6394/919 6383/919 6395/919
f 6406/919 6418/919 6419/919
f 6406/919 6419/919 6407/919
f 6382/919 6406/919 6407/919
f 6382/919 6407/919 6383/919
f 6418/919 6394/919 6395/919
f 6418/919 6395/919 6419/919
f 6395/919 6383/919 6384/919
f 6395/919 6384/919 6396/919
f 6407/919 6419/919 6420/919
f 6407/919 6420/919 6408/919
f 6383/919 6407/919 6408/919
f 6383/919 6408/919 6384/919
f 6419/919 6395/919 6396/919
f 6419/919 6396/919 6420/919
f 6396/919 6384/919 6385/919
f 6396/919 6385/919 6397/919
f 6408/919 6420/919 6421/919
f 6408/919 6421/919 6409/919
f 6384/919 6408/919 6409/919
f 6384/919 6409/919 6385/919
f 6420/919 6396/919 6397/919
f 6420/919 6397/919 6421/919
f 6397/919 6385/919 6386/919
f 6397/919 6386/919 6398/919
f 6409/919 6421/919 6422/919
f 6409/919 6422/919 6410/919
f 6385/919 6409/919 6410/919
f 6385/919 6410/919 6386/919
f 6421/919 6397/919 6398/919
f 6421/919 6398/919 6422/919
f 6398/919 6386/919 6387/919
f 6398/919 6387/919 6399/919
f 6410/919 6422/919 6423/919
f 6410/919 6423/919 6411/919
f 6386/919 6410/919 6411/919
f 6386/919 6411/919 6387/919
f 6422/919 6398/919 6399/919
f 6422/919 6399/919 6423/919
f 6399/919 6387/919 6376/919
f 6399/919 6376/919 6388/919
f 6411/919 6423/919 6412/919
f 6411/919 6412/919 6400/919
f 6387/919 6411/919 6400/919
f 6387/919 6400/919 6376/919
f 6423/919 6399/919 6388/919
f 6423/919 6388/919 6412/919
f 6479/918 6476/918 6477/918
f 6475/918 6473/918 6472/918
f 6477/918 6478/918 6479/918
f 6473/918 6475/918 6474/918
f 6472/918 6473/918 6477/918
f 6472/918 6477/918 6476/918
f 6473/918 6474/918 6478/918
f 6473/918 6478/918 6477/918
f 6474/918 6475/918 6479/918
f 6474/918 6479/918 6478/918
f 6475/918 6472/918 6476/918
f 6475/918 6476/918 6479/918
f 6487/918 6484/918 6485/918
f 6483/918 6481/918 6480/918
f 6485/918 6486/918 6487/918
f 6481/918 6483/918 6482/918
f 6480/918 6481/918 6485/918
f 6480/918 6485/918 6484/918
f 6481/918 6482/918 6486/918
f 6481/918 6486/918 6485/918
f 6482/918 6483/918 6487/918
f 6482/918 6487/918 6486/918
f 6483/918 6480/918 6484/918
f 6483/918 6484/918 6487/918
f 6495/918 6492/918 6493/918
f 6491/918 6489/918 6488/918
f 6493/918 6494/918 6495/918
f 6489/918 6491/918 6490/918
f 6488/918 6489/918 6493/918
f 6488/918 6493/918 6492/918
f 6489/918 6490/918 6494/918
f 6489/918 6494/918 6493/918
f 6490/918 6491/918 6495/918
f 6490/918 6495/918 6494/918
f 6491/918 6488/918 6492/918
f 6491/918 6492/918 6495/918
f 6535/919 6532/919 6533/919
f 6531/919 6529/919 6528/919
f 6533/919 6534/919 6535/919
f 6529/919 6531/919 6530/919
f 6528/919 6529/919 6533/919
f 6528/919 6533/919 6532/919
f 6529/919 6530/919 6534/919
f 6529/919 6534/919 6533/919
f 6530/919 6531/919 6535/919
f 6530/919 6535/919 6534/919
f 6531/919 6528/919 6532/919
f 6531/919 6532/919 6535/919
f 6543/919 6540/919 6541/919
f 6539/919 6537/919 6536/919
f 6541/919 6542/919 6543/919
f 6537/919 6539/919 6538/919
f 6536/919 6537/919 6541/919
f 6536/919 6541/919 6540/919
f 6537/919 6538/919 6542/919
f 6537/919 6542/919 6541/919
f 6538/919 6539/919 6543/919
f 6538/919 6543/919 6542/919
f 6539/919 6536/919 6540/919
f 6539/919 6540/919 6543/919
f 6555/918 6550/918 6551/918
f 6549/918 6545/918 6544/918
f 6551/918 6552/918 6553/918
f 6545/918 6547/918 6546/918
f 6551/918 6553/918 6554/918
f 6545/918 6548/918 6547/918
f 6551/918 6554/918 6555/918
f 6545/918 6549/918 6548/918
f 6544/918 6545/918 6551/918
f 6544/918 6551/918 6550/918
f 6545/918 6546/918 6552/918
f 6545/918 6552/918 6551/918
f 6546/918 6547/918 6553/918
f 6546/918 6553/918 6552/918
f 6547/918 6548/918 6554/918
f 6547/918 6554/918 6553/918
f 6548/918 6549/918 6555/918
f 6548/918 6555/918 6554/918
f 6549/918 6544/918 6550/918
f 6549/918 6550/918 6555/918
f 6563/919 6560/919 6561/919
f 6559/919 6557/919 6556/919
f 6561/919 6562/919 6563/919
f 6557/919 6559/919 6558/919
f 6556/919 6557/919 6561/919
f 6556/919 6561/919 6560/919
f 6557/919 6558/919 6562/919
f 6557/919 6562/919 6561/919
f 6558/919 6559/919 6563/919
f 6558/919 6563/919 6562/919
f 6559/919 6556/919 6560/919
f 6559/919 6560/919 6563/919
f 6568/918 6569/918 6570/918
f 6564/918 6566/918 6565/918
f 6568/918 6570/918 6571/918
f 6564/918 6567/918 6566/918
f 6564/918 6565/918 6569/918
f 6564/918 6569/918 6568/918
f 6565/918 6566/918 6570/918
f 6565/918 6570/918 6569/918
f 6566/918 6567/918 6571/918
f 6566/918 6571/918 6570/918
f 6567/918 6564/918 6568/918
f 6567/918 6568/918 6571/918
f 6579/918 6576/918 6577/918
f 6575/918 6573/918 6572/918
f 6577/918 6578/918 6579/918
f 6573/918 6575/918 6574/918
f 6572/918 6573/918 6577/918
f 6572/918 6577/918 6576/918
f 6573/918 6574/918 6578/918
f 6573/918 6578/918 6577/918
f 6574/918 6575/918 6579/918
f 6574/918 6579/918 6578/918
f 6575/918 6572/918 6576/918
f 6575/918 6576/918 6579/918
g blade_fragment
f 5619/3 5618/2 5617/1
f 5621/4 5620/3 5619/1
f 5618/7 5622/6 5617/5
f 5621/2 5624/8 5623/4
f 5622/6 5625/6 5624/6
f 5620/3 5626/4 5619/1
f 5623/4 5628/10 5627/9
f 5631/6 5630/6 5629/6
f 5628/6 5633/6 5632/6
f 5636/12 5635/3 5634/11
f 5638/15 5629/14 5637/13
f 5627/9 5632/17 5639/16
f 5624/6 5640/6 5628/6
f 5643/12 5642/3 5641/11
f 5626/4 5645/11 5644/12
f 5645/3 5627/12 5646/11
f 5631/6 5648/6 5647/6
f 5649/19 5631/18 5638/15
f 5650/6 5633/6 5648/6
f 5641/3 5638/12 5635/11
f 5642/3 5649/12 5641/11
f 5639/16 5650/22 5649/19
f 5651/12 5641/3 5635/11
f 5652/12 5645/3 5646/11
f 5646/3 5639/12 5642/11
f 5622/2 5619/3 5617/1
f 5653/12 5646/3 5642/11
f 5635/3 5637/12 5634/11
f 5621/4 5645/11 5620/3
f 5630/14 5651/15 5636/13
f 5644/55 5640/54 5625/53
f 5633/58 5652/57 5653/56
f 5648/22 5653/56 5643/19
f 5647/18 5643/19 5651/15
f 5626/2 5625/53 5618/62
f 5619/3 5626/4 5618/2
f 5621/2 5622/62 5624/8
f 5622/6 5618/7 5625/6
f 5623/4 5624/8 5628/10
f 5631/6 5647/6 5630/6
f 5628/6 5640/6 5633/6
f 5636/12 5651/4 5635/3
f 5638/15 5631/18 5629/14
f 5627/9 5628/10 5632/17
f 5624/6 5625/6 5640/6
f 5643/12 5653/4 5642/3
f 5626/4 5620/3 5645/11
f 5645/3 5623/4 5627/12
f 5631/6 5650/6 5648/6
f 5649/19 5650/22 5631/18
f 5650/6 5632/6 5633/6
f 5641/3 5649/4 5638/12
f 5642/3 5639/4 5649/12
f 5639/16 5632/17 5650/22
f 5651/12 5643/4 5641/3
f 5652/12 5644/4 5645/3
f 5646/3 5627/4 5639/12
f 5622/2 5621/4 5619/3
f 5653/12 5652/4 5646/3
f 5635/3 5638/4 5637/12
f 5621/4 5623/12 5645/11
f 5630/14 5647/18 5651/15
f 5644/55 5652/57 5640/54
f 5633/58 5640/54 5652/57
f 5648/22 5633/58 5653/56
f 5647/18 5648/22 5643/19
f 5626/2 5644/55 5625/53
g effect
f 5656/758 5655/757 5654/756
f 5659/758 5658/757 5657/759
f 5662/762 5661/761 5660/760
f 5654/765 5663/764 5656/763
f 5666/768 5665/767 5664/766
f 5669/771 5668/770 5667/769
f 5657/759 5670/773 5666/772
f 5663/764 5671/775 5659/774
f 5674/759 5673/776 5672/772
f 5677/779 5676/778 5675/777
f 5679/761 5678/781 5667/780
f 5655/757 5680/782 5654/756
f 5682/783 5681/773 5678/781
f 5685/786 5684/785 5683/784
f 5688/789 5687/788 5686/787
f 5654/765 5690/791 5689/790
f 5660/760 5692/783 5691/782
f 5683/781 5661/761 5685/780
f 5691/782 5658/757 5671/756
f 5695/794 5694/793 5693/792
f 5697/796 5680/795 5696/769
f 5667/769 5684/785 5669/771
f 5683/784 5665/767 5670/797
f 5665/767 5678/798 5681/765
f 5700/801 5699/800 5698/799
f 5703/801 5702/800 5701/802
f 5701/802 5705/804 5704/803
f 5708/806 5707/799 5706/805
f 5704/809 5710/808 5709/807
f 5675/777 5705/810 5677/779
f 5712/813 5711/812 5698/811
f 5715/815 5714/806 5713/814
f 5718/804 5717/816 5716/803
f 5713/814 5699/800 5718/804
f 5698/799 5714/806 5712/805
f 5716/818 5710/808 5718/817
f 5698/811 5719/820 5700/819
f 5670/773 5692/783 5683/781
f 5706/822 5711/812 5720/821
f 5723/825 5722/824 5721/823
f 5724/826 5723/825 5721/823
f 5723/825 5726/828 5725/827
f 5722/824 5723/825 5725/827
f 5701/802 5727/829 5703/801
f 5728/830 5701/802 5704/803
f 5730/833 5727/832 5729/831
f 5726/828 5730/833 5725/827
f 5716/818 5731/834 5709/807
f 5733/836 5732/835 5729/831
f 5727/832 5733/836 5729/831
f 5733/836 5728/838 5734/837
f 5732/835 5733/836 5734/837
f 5717/816 5724/830 5716/803
f 5735/839 5724/826 5721/823
f 5700/819 5736/841 5726/840
f 5704/809 5731/834 5728/842
f 5737/843 5721/823 5722/824
f 5737/843 5725/827 5730/833
f 5737/843 5734/837 5735/839
f 5696/760 5682/783 5679/761
f 5679/761 5687/762 5696/760
f 5667/780 5738/844 5679/761
f 5740/793 5668/794 5739/792
f 5693/792 5741/845 5715/815
f 5739/792 5742/845 5740/793
f 5708/806 5743/815 5677/814
f 5706/805 5742/845 5708/806
f 5691/784 5697/796 5660/846
f 5696/769 5744/847 5697/796
f 5695/848 5669/771 5685/786
f 5693/850 5745/849 5695/848
f 5746/853 5743/852 5739/851
f 5749/856 5748/855 5747/854
f 5713/858 5676/778 5715/857
f 5720/821 5750/859 5706/822
f 5686/860 5738/844 5740/793
f 5715/857 5746/853 5693/850
f 5685/780 5751/844 5695/794
f 5749/860 5751/844 5662/762
f 5677/814 5702/800 5708/806
f 5747/861 5694/793 5749/860
f 5703/842 5736/841 5719/820
f 5741/845 5712/805 5714/806
f 5662/862 5688/789 5749/856
f 5660/846 5744/847 5662/862
f 5671/775 5690/791 5691/784
f 5739/851 5745/849 5746/853
f 5718/817 5675/777 5713/858
f 5686/787 5748/855 5688/789
f 5719/820 5707/863 5703/842
f 5747/854 5720/821 5712/813
f 5754/866 5753/865 5752/864
f 5757/869 5756/868 5755/867
f 5681/773 5674/759 5672/772
f 5758/776 5657/759 5666/772
f 5758/872 5760/871 5759/870
f 5761/873 5758/872 5759/870
f 5759/870 5760/871 5673/874
f 5762/875 5759/870 5673/874
f 5672/876 5665/767 5681/765
f 5672/876 5760/877 5664/766
f 5754/866 5762/875 5673/874
f 5659/758 5757/879 5755/878
f 5656/758 5754/879 5674/759
f 5765/882 5764/881 5763/880
f 5753/865 5765/882 5763/880
f 5763/880 5764/881 5755/867
f 5756/868 5763/880 5755/867
f 5666/768 5760/877 5758/883
f 5755/884 5663/764 5659/774
f 5766/885 5752/864 5753/865
f 5763/880 5766/885 5753/865
f 5766/885 5759/870 5762/875
f 5752/864 5766/885 5762/875
f 5766/885 5767/886 5761/873
f 5759/870 5766/885 5761/873
f 5766/885 5763/880 5756/868
f 5767/886 5766/885 5756/868
f 5757/869 5761/873 5767/886
f 5728/838 5735/839 5734/837
f 5740/793 5750/861 5686/860
f 5726/829 5717/816 5700/801
f 5737/843 5729/831 5732/835
f 5663/764 5765/887 5656/763
f 5679/890 5685/889 5667/888
f 5687/893 5744/892 5662/891
f 5708/896 5677/895 5713/894
f 5656/758 5674/759 5655/757
f 5659/758 5671/756 5658/757
f 5662/762 5751/844 5661/761
f 5654/765 5689/790 5663/764
f 5666/768 5670/797 5665/767
f 5669/771 5745/849 5668/770
f 5657/759 5658/757 5670/773
f 5663/764 5689/790 5671/775
f 5674/759 5754/879 5673/776
f 5677/779 5743/852 5676/778
f 5679/761 5682/783 5678/781
f 5655/757 5682/783 5680/782
f 5682/783 5655/757 5681/773
f 5685/786 5669/771 5684/785
f 5688/789 5744/847 5687/788
f 5654/765 5680/795 5690/791
f 5660/760 5661/761 5692/783
f 5683/781 5692/783 5661/761
f 5691/782 5692/783 5658/757
f 5695/794 5751/844 5694/793
f 5697/796 5690/791 5680/795
f 5667/769 5678/798 5684/785
f 5683/784 5684/785 5665/767
f 5665/767 5684/785 5678/798
f 5700/801 5717/816 5699/800
f 5703/801 5707/799 5702/800
f 5701/802 5702/800 5705/804
f 5708/806 5702/800 5707/799
f 5704/809 5705/810 5710/808
f 5675/777 5710/808 5705/810
f 5712/813 5720/821 5711/812
f 5715/815 5741/845 5714/806
f 5718/804 5699/800 5717/816
f 5713/814 5714/806 5699/800
f 5698/799 5699/800 5714/806
f 5716/818 5709/807 5710/808
f 5698/811 5711/812 5719/820
f 5670/773 5658/757 5692/783
f 5706/822 5707/863 5711/812
f 5701/802 5733/897 5727/829
f 5728/830 5733/897 5701/802
f 5730/833 5736/898 5727/832
f 5726/828 5736/898 5730/833
f 5716/818 5724/819 5731/834
f 5717/816 5723/897 5724/830
f 5735/839 5731/899 5724/826
f 5700/819 5719/820 5736/841
f 5704/809 5709/807 5731/834
f 5737/843 5735/839 5721/823
f 5737/843 5722/824 5725/827
f 5737/843 5732/835 5734/837
f 5696/760 5680/782 5682/783
f 5679/761 5738/844 5687/762
f 5667/780 5668/794 5738/844
f 5740/793 5738/844 5668/794
f 5693/792 5694/793 5741/845
f 5739/792 5743/815 5742/845
f 5708/806 5742/845 5743/815
f 5706/805 5750/861 5742/845
f 5691/784 5690/791 5697/796
f 5696/769 5687/788 5744/847
f 5695/848 5745/849 5669/771
f 5693/850 5746/853 5745/849
f 5746/853 5676/778 5743/852
f 5749/856 5688/789 5748/855
f 5713/858 5675/777 5676/778
f 5720/821 5748/855 5750/859
f 5686/860 5687/762 5738/844
f 5715/857 5676/778 5746/853
f 5685/780 5661/761 5751/844
f 5749/860 5694/793 5751/844
f 5677/814 5705/804 5702/800
f 5747/861 5741/845 5694/793
f 5703/842 5727/900 5736/841
f 5741/845 5747/861 5712/805
f 5662/862 5744/847 5688/789
f 5660/846 5697/796 5744/847
f 5671/775 5689/790 5690/791
f 5739/851 5668/770 5745/849
f 5718/817 5710/808 5675/777
f 5686/787 5750/859 5748/855
f 5719/820 5711/812 5707/863
f 5747/854 5748/855 5720/821
f 5754/866 5765/882 5753/865
f 5757/869 5767/886 5756/868
f 5681/773 5655/757 5674/759
f 5758/776 5757/879 5657/759
f 5672/876 5664/766 5665/767
f 5672/876 5673/901 5760/877
f 5754/866 5752/864 5762/875
f 5659/758 5657/759 5757/879
f 5656/758 5765/878 5754/879
f 5666/768 5664/766 5760/877
f 5755/884 5764/902 5663/764
f 5757/869 5758/872 5761/873
f 5728/838 5731/899 5735/839
f 5740/793 5742/845 5750/861
f 5726/829 5723/897 5717/816
f 5737/843 5730/833 5729/831
f 5663/764 5764/902 5765/887
f 5679/890 5696/904 5660/903
f 5696/904 5697/905 5660/903
f 5660/903 5661/906 5679/890
f 5661/906 5685/889 5679/890
f 5685/889 5669/907 5667/888
f 5662/891 5751/909 5738/908
f 5751/909 5695/911 5668/910
f 5695/911 5745/912 5668/910
f 5668/910 5738/908 5751/909
f 5738/908 5687/893 5662/891
f 5675/913 5713/894 5677/895
f 5713/894 5714/914 5708/896
f 5714/914 5712/915 5708/896
f 5712/915 5720/917 5706/916
f 5708/896 5712/915 5706/916
# 10137 elements

